{
    "error": {
        "full": 26.69999885559082,
        "partial": 26.0,
        "mip": 26.19999885559082,
        "adv_deb": 25.75,
        "eo_cal": 26.850000381469727,
        "re_weigh": 27.950000762939453,
        "dp_exp": 28.950000762939453,
        "eo_exp": 27.849998474121094,
        "tpr_exp": 27.549999237060547,
        "er_exp": 31.60000228881836,
        "opt_shap": 25.94999885559082,
        "opt_objBI": 26.30000114440918
    },
    "objBI": {
        "full": [
            0.010162635706365108,
            0.18027682602405548,
            0.01121325884014368
        ],
        "partial": [
            0.0016919556073844433,
            0.20471513271331787,
            0.0006281099049374461
        ],
        "mip": [
            0.007797236554324627,
            0.2036902755498886,
            0.007797413505613804
        ],
        "adv_deb": [
            0.02059554122388363,
            0.20359592139720917,
            0.033603522926568985
        ],
        "eo_cal": [
            0.00949181616306305,
            0.10678902268409729,
            0.053496353328228
        ],
        "re_weigh": [
            0.008704420179128647,
            0.19886794686317444,
            0.06729568541049957
        ],
        "dp_exp": [
            0.15900787711143494,
            0.2916179299354553,
            0.012988676317036152
        ],
        "eo_exp": [
            0.15594887733459473,
            0.2876477539539337,
            0.01615801267325878
        ],
        "tpr_exp": [
            0.13183137774467468,
            0.29775792360305786,
            0.0034242041874676943
        ],
        "er_exp": [
            0.12407282739877701,
            0.3104764223098755,
            0.002660298254340887
        ],
        "opt_shap": [
            0.008350567892193794,
            0.19946563243865967,
            0.007362509611994028
        ],
        "opt_objBI": [
            0.0025998984929174185,
            0.20538447797298431,
            0.0006368971662595868
        ]
    },
    "shap": {
        "full": [
            0.010119874030351639,
            0.1865837275981903,
            0.0
        ],
        "partial": [
            0.0015019071288406849,
            0.20447878539562225
        ],
        "mip": [
            0.0004073332529515028,
            0.20179122686386108
        ],
        "adv_deb": [
            0.03194033354520798,
            0.20414014160633087
        ],
        "eo_cal": [
            0.006746457889676094,
            0.11440177261829376
        ],
        "re_weigh": [
            0.008207762613892555,
            0.20355458557605743
        ],
        "dp_exp": [
            0.1625111997127533,
            0.2705414593219757
        ],
        "eo_exp": [
            0.16196209192276,
            0.2910057604312897
        ],
        "tpr_exp": [
            0.13794085383415222,
            0.29419904947280884
        ],
        "er_exp": [
            0.15498827397823334,
            0.347602903842926
        ],
        "opt_shap": [
            0.005395254585891962,
            0.2008891999721527
        ],
        "opt_objBI": [
            0.0024474547244608402,
            0.20085708796977997
        ]
    },
    "di": {
        "full": 0.7123218343317496,
        "partial": 0.7403870720490547,
        "mip": 0.7398713248888091,
        "adv_deb": 0.8106850598759984,
        "eo_cal": 0.6951456310679611,
        "re_weigh": 0.9550741894119802,
        "dp_exp": 0.9755371269327578,
        "eo_exp": 0.9682135467588276,
        "tpr_exp": 0.91028365621225,
        "er_exp": 0.9376999471444071,
        "opt_shap": 0.7591429236203652,
        "opt_objBI": 0.7359962009286619
    },
    "dd": {
        "full": -0.2787809028125313,
        "partial": -0.24408968071264137,
        "mip": -0.24645180662596333,
        "adv_deb": -0.17389650685617053,
        "eo_cal": -0.3048543689320389,
        "re_weigh": -0.03927534781303177,
        "dp_exp": -0.02767490741667511,
        "eo_exp": -0.03204884395956353,
        "tpr_exp": -0.061165048543689315,
        "er_exp": -0.037493744369933024,
        "opt_shap": -0.22794515063557197,
        "opt_objBI": -0.2503953558202382
    },
    "eqopp": {
        "full": -0.19033823319537613,
        "partial": -0.17080062794348505,
        "mip": -0.17025831311545592,
        "adv_deb": -0.10682174967889257,
        "eo_cal": -0.20251177394034536,
        "re_weigh": -0.00744969316397881,
        "dp_exp": -2.854288568576724e-05,
        "eo_exp": -0.0016554873697730565,
        "tpr_exp": -0.020979020979020935,
        "er_exp": -0.0010132724418437933,
        "opt_shap": -0.1529898672755815,
        "opt_objBI": -0.17339803054088765
    },
    "eqodd": {
        "full": 0.29058260260277713,
        "partial": 0.23204153534578834,
        "mip": 0.24045358403864397,
        "adv_deb": 0.15460680359262696,
        "eo_cal": 0.33662484371317525,
        "re_weigh": 0.007401691365704399,
        "dp_exp": 0.004271095135326294,
        "eo_exp": 0.0026447026256186668,
        "tpr_exp": 0.05277133353741857,
        "er_exp": 0.05100547489587834,
        "opt_shap": 0.22041350870140397,
        "opt_objBI": 0.24579570738240314
    }
}