{
    "error": {
        "full": 28.850000381469727,
        "partial": 28.650001525878906,
        "mip": 28.899999618530273,
        "adv_deb": 28.200000762939453,
        "eo_cal": 29.249998092651367,
        "re_weigh": 27.399999618530273,
        "dp_exp": 29.600000381469727,
        "eo_exp": 29.30000114440918,
        "tpr_exp": 29.19999885559082,
        "er_exp": 36.79999923706055,
        "opt_shap": 28.400001525878906,
        "opt_objBI": 28.650001525878906
    },
    "objBI": {
        "full": [
            0.01688898168504238,
            0.197797492146492,
            0.014504501596093178
        ],
        "partial": [
            0.002137234667316079,
            0.18618440628051758,
            0.0001881642238004133
        ],
        "mip": [
            0.01240420900285244,
            0.20117181539535522,
            0.0028898618184030056
        ],
        "adv_deb": [
            0.01165125984698534,
            0.19622044265270233,
            0.015555145218968391
        ],
        "eo_cal": [
            0.00915633887052536,
            0.11626128852367401,
            0.051658593118190765
        ],
        "re_weigh": [
            0.016306445002555847,
            0.20348164439201355,
            0.07791610807180405
        ],
        "dp_exp": [
            0.10578314960002899,
            0.08911340683698654,
            0.008302933536469936
        ],
        "eo_exp": [
            0.11683918535709381,
            0.10847781598567963,
            0.004312434699386358
        ],
        "tpr_exp": [
            0.09032189846038818,
            0.09804585576057434,
            0.024189118295907974
        ],
        "er_exp": [
            0.2376527190208435,
            0.1718258261680603,
            0.0018834364600479603
        ],
        "opt_shap": [
            0.006689594127237797,
            0.18447116017341614,
            0.0020183229353278875
        ],
        "opt_objBI": [
            0.0037522215861827135,
            0.18139296770095825,
            0.0033989278599619865
        ]
    },
    "shap": {
        "full": [
            0.011025182902812958,
            0.19907820224761963,
            0.0
        ],
        "partial": [
            0.002060018014162779,
            0.18128155171871185
        ],
        "mip": [
            0.011665369383990765,
            0.20621758699417114
        ],
        "adv_deb": [
            0.016185319051146507,
            0.20321300625801086
        ],
        "eo_cal": [
            0.007540905848145485,
            0.11209587007761002
        ],
        "re_weigh": [
            0.012815930880606174,
            0.20776650309562683
        ],
        "dp_exp": [
            0.10618492215871811,
            0.09334415197372437
        ],
        "eo_exp": [
            0.11927948892116547,
            0.11816515028476715
        ],
        "tpr_exp": [
            0.10259510576725006,
            0.11808627098798752
        ],
        "er_exp": [
            0.22909735143184662,
            0.15988218784332275
        ],
        "opt_shap": [
            0.006191567983478308,
            0.18436166644096375
        ],
        "opt_objBI": [
            0.002146808197721839,
            0.18598541617393494
        ]
    },
    "di": {
        "full": 0.7486142336308819,
        "partial": 0.797092926967835,
        "mip": 0.7559196473925156,
        "adv_deb": 0.8316543599705895,
        "eo_cal": 0.7350427350427351,
        "re_weigh": 0.9736423964856529,
        "dp_exp": 0.9967286795243784,
        "eo_exp": 0.9653703371652089,
        "tpr_exp": 0.9621034811728938,
        "er_exp": 0.9473709424253439,
        "opt_shap": 0.7890488607694107,
        "opt_objBI": 0.7848019527606092
    },
    "dd": {
        "full": -0.2391748421315475,
        "partial": -0.1941222895112371,
        "mip": -0.23273976600270163,
        "adv_deb": -0.15590192851720486,
        "eo_cal": -0.2649572649572649,
        "re_weigh": -0.022906343920071515,
        "dp_exp": -0.007746760650667817,
        "eo_exp": -0.040453634258632465,
        "tpr_exp": -0.035712315895350066,
        "er_exp": -0.02478562281448582,
        "opt_shap": -0.19981327549085381,
        "opt_objBI": -0.20519940512900736
    },
    "eqopp": {
        "full": -0.17603459699889012,
        "partial": -0.13562057008128792,
        "mip": -0.17147586968017836,
        "adv_deb": -0.10984839775679678,
        "eo_cal": -0.18479880774962743,
        "re_weigh": -0.00044521270925523826,
        "dp_exp": -0.014907310058253853,
        "eo_exp": -0.0328788540684708,
        "tpr_exp": -0.03691085085792278,
        "er_exp": -0.021324225632964988,
        "opt_shap": -0.14473802471871133,
        "opt_objBI": -0.14614054926289077
    },
    "eqodd": {
        "full": 0.24891137824169235,
        "partial": 0.20370100862770263,
        "mip": 0.24222426410128756,
        "adv_deb": 0.1518723350935503,
        "eo_cal": 0.2952789850266462,
        "re_weigh": 0.0028515945857101044,
        "dp_exp": 0.03828906434606481,
        "eo_exp": 0.030980606979807868,
        "tpr_exp": 0.02311282427469509,
        "er_exp": 0.06602360959477219,
        "opt_shap": 0.20377367517763106,
        "opt_objBI": 0.21384979760992126
    }
}