{
    "error": {
        "full": 27.900001525878906,
        "partial": 27.25,
        "mip": 27.25,
        "adv_deb": 27.399999618530273,
        "eo_cal": 26.94999885559082,
        "re_weigh": 28.150001525878906,
        "dp_exp": 30.149999618530273,
        "eo_exp": 30.399999618530273,
        "tpr_exp": 29.350000381469727,
        "er_exp": 34.20000076293945,
        "opt_shap": 27.5,
        "opt_objBI": 27.25
    },
    "objBI": {
        "full": [
            0.007805828005075455,
            0.18952521681785583,
            0.004115534946322441
        ],
        "partial": [
            0.011506062932312489,
            0.19579122960567474,
            0.010434928350150585
        ],
        "mip": [
            0.009662240743637085,
            0.2065766453742981,
            0.009556641802191734
        ],
        "adv_deb": [
            0.008068414404988289,
            0.1960650384426117,
            0.009334930218756199
        ],
        "eo_cal": [
            0.0026658899150788784,
            0.1020275428891182,
            0.03968321159482002
        ],
        "re_weigh": [
            0.006492142099887133,
            0.19967669248580933,
            0.07657454162836075
        ],
        "dp_exp": [
            0.11567814648151398,
            0.1526777297258377,
            0.0065666306763887405
        ],
        "eo_exp": [
            0.12247438728809357,
            0.16790121793746948,
            0.0029872891027480364
        ],
        "tpr_exp": [
            0.08504613488912582,
            0.18779228627681732,
            0.021109838038682938
        ],
        "er_exp": [
            0.15558262169361115,
            0.2319817692041397,
            0.00840120017528534
        ],
        "opt_shap": [
            0.011170022189617157,
            0.19588758051395416,
            0.01108598243445158
        ],
        "opt_objBI": [
            0.007155272178351879,
            0.19110706448554993,
            0.003272771602496505
        ]
    },
    "shap": {
        "full": [
            0.006873352453112602,
            0.19413109123706818,
            0.0
        ],
        "partial": [
            0.007026393432170153,
            0.1936781257390976
        ],
        "mip": [
            0.004103134851902723,
            0.2013126164674759
        ],
        "adv_deb": [
            0.013256051577627659,
            0.20134228467941284
        ],
        "eo_cal": [
            0.002301790053024888,
            0.10820060968399048
        ],
        "re_weigh": [
            0.005201974883675575,
            0.20197737216949463
        ],
        "dp_exp": [
            0.09119579195976257,
            0.1314004808664322
        ],
        "eo_exp": [
            0.11231664568185806,
            0.15650354325771332
        ],
        "tpr_exp": [
            0.08598321676254272,
            0.16952887177467346
        ],
        "er_exp": [
            0.17668835818767548,
            0.24346822500228882
        ],
        "opt_shap": [
            0.0067300512455403805,
            0.19379687309265137
        ],
        "opt_objBI": [
            0.006773451343178749,
            0.19466660916805267
        ]
    },
    "di": {
        "full": 0.7136234685088129,
        "partial": 0.7404651428680317,
        "mip": 0.7728211697784512,
        "adv_deb": 0.7812395162832697,
        "eo_cal": 0.7448478900883219,
        "re_weigh": 0.9649293187228133,
        "dp_exp": 0.9822298421768678,
        "eo_exp": 0.9835689611360318,
        "tpr_exp": 0.9333128572391733,
        "er_exp": 0.9040534480629627,
        "opt_shap": 0.74405245438921,
        "opt_objBI": 0.7355760039763966
    },
    "dd": {
        "full": -0.26740153195303507,
        "partial": -0.24524853472103425,
        "mip": -0.21837883475934816,
        "adv_deb": -0.2093945914475125,
        "eo_cal": -0.25515210991167814,
        "re_weigh": -0.030995189263324008,
        "dp_exp": -0.01897384955969106,
        "eo_exp": -0.01855569860719719,
        "tpr_exp": -0.069320024528855,
        "er_exp": -0.04167204360774246,
        "opt_shap": -0.24238049936026906,
        "opt_objBI": -0.24905991062773658
    },
    "eqopp": {
        "full": -0.17142406527316312,
        "partial": -0.14506666105900656,
        "mip": -0.12584640619085663,
        "adv_deb": -0.12454262522605875,
        "eo_cal": -0.15000000000000002,
        "re_weigh": 0.0053370904655759555,
        "dp_exp": 0.005551583463010545,
        "eo_exp": 0.009530218278168023,
        "tpr_exp": -0.010442864953526532,
        "er_exp": 0.012852756865878723,
        "opt_shap": -0.14637044202380445,
        "opt_objBI": -0.1502144929974345
    },
    "eqodd": {
        "full": 0.2770138853993296,
        "partial": 0.2581433836998122,
        "mip": 0.23247675988459748,
        "adv_deb": 0.21854985944740501,
        "eo_cal": 0.28427318295739346,
        "re_weigh": 0.009162584068194243,
        "dp_exp": 0.02770962163336272,
        "eo_exp": 0.015459782253409111,
        "tpr_exp": 0.07570758687848173,
        "er_exp": 0.11086886664557127,
        "opt_shap": 0.254866058619941,
        "opt_objBI": 0.2598038009690051
    }
}