{
    "error": {
        "full": 32.46073532104492,
        "partial": 32.251312255859375,
        "mip": 31.518325805664062,
        "adv_deb": 31.413612365722656,
        "eo_cal": 34.973819732666016,
        "re_weigh": 33.82198715209961,
        "dp_exp": 44.502620697021484,
        "eo_exp": 47.01570510864258,
        "tpr_exp": 37.06806182861328,
        "er_exp": 31.308900833129883,
        "opt_shap": 32.14659881591797,
        "opt_objBI": 32.77486801147461
    },
    "objBI": {
        "full": [
            0.019577356055378914,
            0.11298531293869019,
            0.017082732170820236,
            0.0072344206273555756,
            0.012470976449549198,
            0.1394743174314499,
            0.022267373278737068,
            0.05649152398109436
        ],
        "partial": [
            0.02102993056178093,
            0.12743808329105377,
            0.018379559740424156,
            0.006654670462012291,
            0.010160990990698338,
            0.15141107141971588,
            0.022933587431907654,
            0.005100686568766832
        ],
        "mip": [
            0.013329477049410343,
            0.10948377847671509,
            0.014575114473700523,
            0.006814206950366497,
            0.00921541079878807,
            0.1444282829761505,
            0.018172040581703186,
            0.003938537091016769
        ],
        "adv_deb": [
            0.01259880792349577,
            0.11364206671714783,
            0.0202344823628664,
            0.02084122598171234,
            0.013110406696796417,
            0.1557563990354538,
            0.022496161982417107,
            0.045495472848415375
        ],
        "eo_cal": [
            0.012523213401436806,
            0.06314493715763092,
            0.011388572864234447,
            0.013776912353932858,
            0.010868949815630913,
            0.06541857123374939,
            0.01628958061337471,
            0.079808309674263
        ],
        "re_weigh": [
            0.011584746651351452,
            0.11675545573234558,
            0.011337351985275745,
            0.004829138517379761,
            0.011331034824252129,
            0.13764236867427826,
            0.02088438905775547,
            0.054712869226932526
        ],
        "dp_exp": [
            0.13218967616558075,
            0.053744830191135406,
            0.04697554185986519,
            0.07886957377195358,
            0.0861813947558403,
            0.20868580043315887,
            0.08027839660644531,
            0.03497428819537163
        ],
        "eo_exp": [
            0.1405116319656372,
            0.08947082608938217,
            0.04165362939238548,
            0.11596199125051498,
            0.06052399054169655,
            0.1801796406507492,
            0.0902869924902916,
            0.0257700365036726
        ],
        "tpr_exp": [
            0.10732541978359222,
            0.0756295695900917,
            0.09203789383172989,
            0.07666207104921341,
            0.12168047577142715,
            0.3537561297416687,
            0.06820471584796906,
            0.05399489775300026
        ],
        "er_exp": [
            0.029540684074163437,
            0.23153147101402283,
            0.03066171146929264,
            0.029243605211377144,
            0.003991990815848112,
            0.340303510427475,
            0.05858771875500679,
            0.006687877234071493
        ],
        "opt_shap": [
            0.021607017144560814,
            0.1129017248749733,
            0.028809266164898872,
            0.015305763110518456,
            0.017211025580763817,
            0.15407629311084747,
            0.023979827761650085,
            0.012158656492829323
        ],
        "opt_objBI": [
            0.021924732252955437,
            0.11835756152868271,
            0.018173154443502426,
            0.011295313015580177,
            0.014693095348775387,
            0.13819237053394318,
            0.025448279455304146,
            0.010043870657682419
        ]
    },
    "shap": {
        "full": [
            0.016795814037322998,
            0.11388206481933594,
            0.00685851601883769,
            0.0023281124886125326,
            0.006128521170467138,
            0.13421210646629333,
            0.019455229863524437,
            0.051998965442180634
        ],
        "partial": [
            0.018646132200956345,
            0.1269119679927826,
            0.007427000906318426,
            0.0025133637245744467,
            0.005301807075738907,
            0.14401398599147797,
            0.021376153454184532
        ],
        "mip": [
            0.010975723154842854,
            0.11377283930778503,
            0.006662795785814524,
            0.0037826758343726397,
            0.007323456462472677,
            0.1372990906238556,
            0.017476098611950874
        ],
        "adv_deb": [
            0.014812943525612354,
            0.11346820741891861,
            0.007681457791477442,
            0.010289381258189678,
            0.005834441632032394,
            0.1480189561843872,
            0.02027145028114319,
            0.03927892819046974
        ],
        "eo_cal": [
            0.006038585677742958,
            0.05742742493748665,
            0.002658202312886715,
            0.004353977274149656,
            0.002560284221544862,
            0.07722614705562592,
            0.009336259216070175,
            0.09427990019321442
        ],
        "re_weigh": [
            0.011149467900395393,
            0.1154729574918747,
            0.006704441271722317,
            0.0034706664737313986,
            0.009106403216719627,
            0.1361573487520218,
            0.01742999069392681,
            0.05074382573366165
        ],
        "dp_exp": [
            0.13639870285987854,
            0.10093657672405243,
            0.012525500729680061,
            0.035326577723026276,
            0.043498072773218155,
            0.21627669036388397,
            0.0717848464846611,
            0.0
        ],
        "eo_exp": [
            0.1175512969493866,
            0.07894720882177353,
            0.00888082291930914,
            0.08324874192476273,
            0.03951564058661461,
            0.16976699233055115,
            0.06577663123607635,
            0.0
        ],
        "tpr_exp": [
            0.08524572849273682,
            0.11309058964252472,
            0.021125372499227524,
            0.01907322183251381,
            0.07306491583585739,
            0.34518885612487793,
            0.042426057159900665,
            0.0
        ],
        "er_exp": [
            0.027547307312488556,
            0.2575710117816925,
            0.014461534097790718,
            0.02113775722682476,
            0.005677359644323587,
            0.33345407247543335,
            0.051302626729011536,
            0.0
        ],
        "opt_shap": [
            0.017013976350426674,
            0.11329080164432526,
            0.009372995235025883,
            0.004025026224553585,
            0.006161924917250872,
            0.13480223715305328,
            0.020391877740621567
        ],
        "opt_objBI": [
            0.01818227767944336,
            0.11528972536325455,
            0.006740997079759836,
            0.002174763474613428,
            0.00619590375572443,
            0.13530924916267395,
            0.019879261031746864
        ]
    },
    "di": {
        "full": 0.2660958904109589,
        "partial": 0.511520737327189,
        "mip": 0.5193332883460422,
        "adv_deb": 0.3475538160469667,
        "eo_cal": 0.19960861056751467,
        "re_weigh": 0.9708454810495627,
        "dp_exp": 0.8307755690596353,
        "eo_exp": 0.8520129956491175,
        "tpr_exp": 0.7476448368452192,
        "er_exp": 0.6156996410103549,
        "opt_shap": 0.4864268151939385,
        "opt_objBI": 0.4806595328309114
    },
    "dd": {
        "full": -0.5289398988029125,