{
    "error": {
        "full": 26.499998092651367,
        "partial": 26.55000114440918,
        "mip": 26.30000114440918,
        "opt_shap": 26.55000114440918,
        "opt_objBI": 26.600000381469727
    },
    "objBI": {
        "full": [
            0.026099037379026413,
            0.1932414174079895,
            0.02597835846245289
        ],
        "partial": [
            0.011168944649398327,
            0.20716366171836853,
            0.011163846589624882
        ],
        "mip": [
            0.012899719178676605,
            0.19740714132785797,
            0.0128061817958951
        ],
        "opt_shap": [
            0.009019361808896065,
            0.2093660980463028,
            0.00901060365140438
        ],
        "opt_objBI": [
            0.00864617619663477,
            0.18834927678108215,
            0.008459015749394894
        ]
    },
    "shap": {
        "full": [
            3.429026719459216e-06,
            -2.87840043711185e-06,
            0.0
        ],
        "partial": [
            2.185441644542152e-06,
            -4.671215947382734e-07
        ],
        "mip": [
            -3.767430825973861e-06,
            3.0947328468755586e-06
        ],
        "opt_shap": [
            -3.0597336717619328e-06,
            3.727793682628544e-06
        ],
        "opt_objBI": [
            4.51968986681095e-07,
            -1.349687522633758e-06
        ]
    },
    "di": {
        "full": 0.7626896831084661,
        "partial": 0.7627741794173785,
        "mip": 0.7897685711173018,
        "opt_shap": 0.7713178294573643,
        "opt_objBI": 0.782926372322488
    },
    "dd": {
        "full": -0.22848571214280355,
        "partial": -0.2274506862671567,
        "mip": -0.20262506562664073,
        "opt_shap": -0.21742043551088786,
        "opt_objBI": -0.20856521413035323
    },
    "eqopp": {
        "full": -0.15733554149363915,
        "partial": -0.15508206446509798,
        "mip": -0.1316945158526136,
        "opt_shap": -0.14545020104146067,
        "opt_objBI": -0.14034177048315866
    },
    "eqodd": {
        "full": 0.228733689926277,
        "partial": 0.2279274758625791,
        "mip": 0.20378162903314426,
        "opt_shap": 0.2161991017544471,
        "opt_objBI": 0.2084257807989895
    }
}