{
    "error": {
        "full": 25.600000381469727,
        "partial": 25.700000762939453,
        "mip": 25.549999237060547,
        "opt_shap": 25.899999618530273,
        "opt_objBI": 25.899999618530273
    },
    "objBI": {
        "full": [
            0.006086577661335468,
            0.19372938573360443,
            0.005437412299215794
        ],
        "partial": [
            0.010775217786431313,
            0.19963274896144867,
            0.0020286072976887226
        ],
        "mip": [
            0.0056573026813566685,
            0.21016021072864532,
            0.0030346994753926992
        ],
        "opt_shap": [
            0.005477904342114925,
            0.20234505832195282,
            0.0032866739202290773
        ],
        "opt_objBI": [
            0.012152591720223427,
            0.19605368375778198,
            0.011877321638166904
        ]
    },
    "shap": {
        "full": [
            2.8215274596732343e-06,
            1.0524296158109792e-05,
            0.0
        ],
        "partial": [
            -7.92855007603066e-06,
            2.9195309252827428e-05
        ],
        "mip": [
            -1.2375220649119001e-05,
            5.668878657161258e-06
        ],
        "opt_shap": [
            -3.460548896327964e-06,
            4.909157723886892e-06
        ],
        "opt_objBI": [
            -6.964042768231593e-06,
            1.5959263691911474e-05
        ]
    },
    "di": {
        "full": 0.7475164441108714,
        "partial": 0.7442717328727692,
        "mip": 0.7339044899254324,
        "opt_shap": 0.7646212646212647,
        "opt_objBI": 0.7633014078609934
    },
    "dd": {
        "full": -0.24223422342234224,
        "partial": -0.24433443344334427,
        "mip": -0.25160516051605153,
        "opt_shap": -0.22419241924192412,
        "opt_objBI": -0.22615261526152608
    },
    "eqopp": {
        "full": -0.13803956091190128,
        "partial": -0.1391616657574104,
        "mip": -0.1443051629221842,
        "opt_shap": -0.1280790722280083,
        "opt_objBI": -0.12770503727950533
    },
    "eqodd": {
        "full": 0.2573473445429977,
        "partial": 0.25957260262526183,
        "mip": 0.263869073436595,
        "opt_shap": 0.23493227654633453,
        "opt_objBI": 0.23933241503538577
    }
}