{
    "error": {
        "full": 25.75,
        "partial": 25.450000762939453,
        "mip": 25.549999237060547,
        "opt_shap": 25.450000762939453,
        "opt_objBI": 25.600000381469727
    },
    "objBI": {
        "full": [
            0.02953091636300087,
            0.2050083726644516,
            0.005330496001988649
        ],
        "partial": [
            0.029924198985099792,
            0.2080649435520172,
            0.012140215374529362
        ],
        "mip": [
            0.019029464572668076,
            0.1991668939590454,
            0.006004138849675655
        ],
        "opt_shap": [
            0.01689954288303852,
            0.20811370015144348,
            0.0017262132605537772
        ],
        "opt_objBI": [
            0.030910931527614594,
            0.20891769230365753,
            0.004751547239720821
        ]
    },
    "shap": {
        "full": [
            -3.3923379305633716e-06,
            2.2864769562147558e-06,
            0.0
        ],
        "partial": [
            7.415026630042121e-06,
            -7.742333400528878e-05
        ],
        "mip": [
            2.7334050173521973e-05,
            1.7027616195264272e-05
        ],
        "opt_shap": [
            -5.406290028986405e-07,
            -3.572130299289711e-05
        ],
        "opt_objBI": [
            -6.465345359174535e-05,
            -5.800962298962986e-06
        ]
    },
    "di": {
        "full": 0.7941005690396005,
        "partial": 0.7779256006199948,
        "mip": 0.8141551640056824,
        "opt_shap": 0.7789381511003516,
        "opt_objBI": 0.7861821872970404
    },
    "dd": {
        "full": -0.19200317658949806,
        "partial": -0.20687539105741926,
        "mip": -0.1757752964014695,
        "opt_shap": -0.2065625451220099,
        "opt_objBI": -0.19938714283422376
    },
    "eqopp": {
        "full": -0.1288271967619793,
        "partial": -0.13727314270792523,
        "mip": -0.11315119467293377,
        "opt_shap": -0.13510249379814598,
        "opt_objBI": -0.1322055751403577
    },
    "eqodd": {
        "full": 0.17993326130233797,
        "partial": 0.19596903523839276,
        "mip": 0.16722969043438018,
        "opt_shap": 0.1979435021157664,
        "opt_objBI": 0.18864492240163952
    }
}