{
    "error": {
        "full": 28.099998474121094,
        "partial": 27.700000762939453,
        "mip": 27.200000762939453,
        "opt_shap": 27.599998474121094,
        "opt_objBI": 27.700000762939453
    },
    "objBI": {
        "full": [
            0.009524468332529068,
            0.18653348088264465,
            0.014109034091234207
        ],
        "partial": [
            0.011031290516257286,
            0.19331441819667816,
            0.007997063919901848
        ],
        "mip": [
            0.00884301122277975,
            0.1982552707195282,
            0.0033295140601694584
        ],
        "opt_shap": [
            0.008048622868955135,
            0.1935780793428421,
            0.008215202949941158
        ],
        "opt_objBI": [
            0.009216398000717163,
            0.19789262115955353,
            0.0021709329448640347
        ]
    },
    "shap": {
        "full": [
            -1.8295081645192113e-06,
            -5.626566235150676e-06,
            0.0
        ],
        "partial": [
            -6.700411631754832e-06,
            -1.0260820090479683e-05
        ],
        "mip": [
            -4.5853703340981156e-06,
            -1.4392257071449421e-05
        ],
        "opt_shap": [
            -1.233404532285931e-06,
            -8.906125913199503e-06
        ],
        "opt_objBI": [
            2.676840949789039e-06,
            -7.25543486623792e-06
        ]
    },
    "di": {
        "full": 0.7803989081208511,
        "partial": 0.8158914319496643,
        "mip": 0.7938414115304959,
        "opt_shap": 0.8086728003273151,
        "opt_objBI": 0.8188168877862114
    },
    "dd": {
        "full": -0.21239030975774398,
        "partial": -0.17439935998399958,
        "mip": -0.19261981549538743,
        "opt_shap": -0.1823795594889872,
        "opt_objBI": -0.17234930873271825
    },
    "eqopp": {
        "full": -0.13600897843476545,
        "partial": -0.1188345920133067,
        "mip": -0.1327158423766024,
        "opt_shap": -0.11975568641654033,
        "opt_objBI": -0.11634853139098666
    },
    "eqodd": {
        "full": 0.21019161097966788,
        "partial": 0.15520221491248729,
        "mip": 0.1689662484698311,
        "opt_shap": 0.16756968537723654,
        "opt_objBI": 0.15439794035054055
    }
}