{
    "error": {
        "full": 26.850000381469727,
        "partial": 27.000001907348633,
        "mip": 27.149999618530273,
        "opt_shap": 27.000001907348633,
        "opt_objBI": 27.100000381469727
    },
    "objBI": {
        "full": [
            0.010733240284025669,
            0.221155047416687,
            0.026341542601585388
        ],
        "partial": [
            0.005277308169752359,
            0.2003437876701355,
            0.00526305241510272
        ],
        "mip": [
            0.019556274637579918,
            0.20704635977745056,
            0.019773384556174278
        ],
        "opt_shap": [
            0.007500671781599522,
            0.1944921910762787,
            0.007504501845687628
        ],
        "opt_objBI": [
            0.01067117229104042,
            0.21450060606002808,
            0.008920417167246342
        ]
    },
    "shap": {
        "full": [
            -1.040782626660075e-05,
            -3.701208015627344e-06,
            0.0
        ],
        "partial": [
            1.0325638868380338e-06,
            2.956390332542469e-08
        ],
        "mip": [
            1.3863131243851967e-05,
            -1.1592149348871317e-05
        ],
        "opt_shap": [
            2.0330976440163795e-06,
            2.7557612156670075e-06
        ],
        "opt_objBI": [
            2.1625533008773346e-06,
            -7.195234502432868e-06
        ]
    },
    "di": {
        "full": 0.8057932722453092,
        "partial": 0.7606297264375983,
        "mip": 0.7408712791547893,
        "opt_shap": 0.7606297264375983,
        "opt_objBI": 0.7319031191681654
    },
    "dd": {
        "full": -0.17988826703757443,
        "partial": -0.22669334318682277,
        "mip": -0.24486722322859988,
        "opt_shap": -0.22669334318682277,
        "opt_objBI": -0.253620206062099
    },
    "eqopp": {
        "full": -0.1122404579346471,
        "partial": -0.14912025008977037,
        "mip": -0.16344971801533492,
        "opt_shap": -0.14912025008977037,
        "opt_objBI": -0.17392645164015796
    },
    "eqodd": {
        "full": 0.17396845996277852,
        "partial": 0.2295485396246909,
        "mip": 0.2494683756282895,
        "opt_shap": 0.2295485396246909,
        "opt_objBI": 0.2563498669394088
    }
}