{
    "error": {
        "full": 27.350000381469727,
        "partial": 27.5,
        "mip": 27.25,
        "opt_shap": 27.299999237060547,
        "opt_objBI": 27.200000762939453
    },
    "objBI": {
        "full": [
            0.010915536433458328,
            0.2201579064130783,
            0.005239668767899275
        ],
        "partial": [
            0.01686176285147667,
            0.21947546303272247,
            0.010222228243947029
        ],
        "mip": [
            0.00927852001041174,
            0.20548948645591736,
            0.009072785265743732
        ],
        "opt_shap": [
            0.014519845135509968,
            0.21017685532569885,
            0.013991654850542545
        ],
        "opt_objBI": [
            0.011787347495555878,
            0.2114044725894928,
            0.006850979290902615
        ]
    },
    "shap": {
        "full": [
            6.8140657276671845e-06,
            -1.2186789717816282e-05,
            0.0
        ],
        "partial": [
            3.107142401859164e-05,
            -6.467580988100963e-06
        ],
        "mip": [
            3.873158220812911e-06,
            -4.380464361020131e-06
        ],
        "opt_shap": [
            1.4608092897105962e-05,
            1.62124638336536e-06
        ],
        "opt_objBI": [
            1.1279709724476561e-05,
            -2.371072696405463e-06
        ]
    },
    "di": {
        "full": 0.7437060483067914,
        "partial": 0.7264997764195756,
        "mip": 0.7572282439856839,
        "opt_shap": 0.7415966566102883,
        "opt_objBI": 0.747006518935372
    },
    "dd": {
        "full": -0.24091135246283202,
        "partial": -0.2565553888184232,
        "mip": -0.2284357665497727,
        "opt_shap": -0.24214369448329232,
        "opt_objBI": -0.2378089739726562
    },
    "eqopp": {
        "full": -0.1552018094371953,
        "partial": -0.16788893977214336,
        "mip": -0.14759082123422707,
        "opt_shap": -0.15138986534570864,
        "opt_objBI": -0.1501256673052156
    },
    "eqodd": {
        "full": 0.24449460823010086,
        "partial": 0.2614764712699153,
        "mip": 0.22934808316511562,
        "opt_shap": 0.24790778512052775,
        "opt_objBI": 0.241956537164111
    }
}