{
    "error": {
        "full": 31.93717384338379,
        "partial": 31.623035430908203,
        "mip": 30.575916290283203,
        "adv_deb": 30.575916290283203,
        "eo_cal": 34.345550537109375,
        "re_weigh": 33.82198715209961,
        "dp_exp": 41.98952865600586,
        "eo_exp": 41.570682525634766,
        "tpr_exp": 41.151832580566406,
        "er_exp": 33.403141021728516,
        "opt_shap": 31.099477767944336,
        "opt_objBI": 31.518325805664062
    },
    "objBI": {
        "full": [
            0.044961508363485336,
            0.09291359037160873,
            0.015366285108029842,
            0.015727734193205833,
            0.01370658166706562,
            0.1382080614566803,
            0.021002542227506638,
            0.04542015120387077
        ],
        "partial": [
            0.039793673902750015,
            0.09957320988178253,
            0.006077581085264683,
            0.011221621185541153,
            0.006000610999763012,
            0.1584625244140625,
            0.020073942840099335,
            0.005421641282737255
        ],
        "mip": [
            0.03274313360452652,
            0.10480942577123642,
            0.007406729273498058,
            0.00809041503816843,
            0.010912937112152576,
            0.14113973081111908,
            0.0227186419069767,
            0.005399331916123629
        ],
        "adv_deb": [
            0.029685353860259056,
            0.11335990577936172,
            0.008346929214894772,
            0.010578393004834652,
            0.009280568920075893,
            0.15985265374183655,
            0.01924970932304859,
            0.04032955691218376
        ],
        "eo_cal": [
            0.021825887262821198,
            0.05739976093173027,
            0.013045833446085453,
            0.012294677086174488,
            0.014420760795474052,
            0.07929651439189911,
            0.018637897446751595,
            0.10589605569839478
        ],
        "re_weigh": [
            0.04247668758034706,
            0.10209488868713379,
            0.017494216561317444,
            0.01582912728190422,
            0.022111831232905388,
            0.1416773945093155,
            0.02977600134909153,
            0.051119156181812286
        ],
        "dp_exp": [
            0.15847496688365936,
            0.17939186096191406,
            0.017565136775374413,
            0.06628100574016571,
            0.0690809041261673,
            0.16822896897792816,
            0.0636274591088295,
            0.011446429416537285
        ],
        "eo_exp": [
            0.1853080540895462,
            0.04927545040845871,
            0.0340925008058548,
            0.08210597187280655,
            0.055329062044620514,
            0.17004190385341644,
            0.03900563344359398,
            0.022755203768610954
        ],
        "tpr_exp": [
            0.13256841897964478,
            0.10784468799829483,
            0.02943413332104683,
            0.030300572514533997,
            0.10310647636651993,
            0.28591689467430115,
            0.081013984978199,
            0.017176970839500427
        ],
        "er_exp": [
            0.09566249698400497,
            0.22486872971057892,
            0.01756250113248825,
            0.02058125101029873,
            0.01073750015348196,
            0.3696187734603882,
            0.035325001925230026,
            0.002499999711290002
        ],
        "opt_shap": [
            0.047549907118082047,
            0.0911700502038002,
            0.024281566962599754,
            0.026303328573703766,
            0.023562917485833168,
            0.13826069235801697,
            0.02970542386174202,
            0.023570407181978226
        ],
        "opt_objBI": [
            0.042126916348934174,
            0.09580405056476593,
            0.011116394773125648,
            0.010748193599283695,
            0.007664508651942015,
            0.13804638385772705,
            0.016203606501221657,
            0.007730336859822273
        ]
    },
    "shap": {
        "full": [
            0.03732827305793762,
            0.0898624137043953,
            0.0021645596716552973,
            0.0036423217970877886,
            2.0174689780105837e-05,
            0.13572269678115845,
            0.01240754034370184,
            0.04317678138613701
        ],
        "partial": [
            0.03908020630478859,
            0.1027180477976799,
            0.001086916890926659,
            0.004353978205472231,
            0.0010815648129209876,
            0.14879728853702545,
            0.014172157272696495
        ],
        "mip": [
            0.03078475408256054,
            0.10185784846544266,
            0.002706433879211545,
            0.002616411540657282,
            0.0058228797279298306,
            0.14053875207901,
            0.019104408100247383
        ],
        "adv_deb": [
            0.028064249083399773,
            0.10868311673402786,
            0.004773441702127457,
            0.006567416712641716,
            0.007081486750394106,
            0.15421321988105774,
            0.018862217664718628,
            0.04091385379433632
        ],
        "eo_cal": [
            0.01895088702440262,
            0.05761723220348358,
            0.0021751660387963057,
            3.5320354072609916e-05,
            0.0035195404198020697,
            0.08826819062232971,
            0.010300938040018082,
            0.10158996284008026
        ],
        "re_weigh": [
            0.031704727560281754,
            0.10531207919120789,
            0.002832010854035616,
            0.001659915316849947,
            0.007831506431102753,
            0.1408463567495346,
            0.02026081457734108,
            0.04473375156521797
        ],
        "dp_exp": [
            0.13913434743881226,
            0.2002633959054947,
            0.00879860669374466,
            0.03936908021569252,
            0.07057037949562073,
            0.15028640627861023,
            0.05077878385782242,
            0.0
        ],
        "eo_exp": [
            0.19386063516139984,
            0.09748052805662155,
            0.0065858857706189156,
            0.06985417753458023,
            0.03935054689645767,
            0.1611023098230362,
            0.031906187534332275,
            0.0
        ],
        "tpr_exp": [
            0.1276356279850006,
            0.162771537899971,
            0.007521873340010643,
            0.008035765029489994,
            0.0656697005033493,
            0.2697640061378479,
            0.07808001339435577,
            0.0
        ],
        "er_exp": [
            0.0737251341342926,
            0.22435376048088074,
            0.009732485748827457,
            0.01252169068902731,
            0.01005110889673233,
            0.38538599014282227,
            0.03233681991696358,
            0.0
        ],
        "opt_shap": [
            0.03790189325809479,
            0.08879318833351135,
            0.00265134172514081,
            0.003994520753622055,
            6.569160177605227e-05,
            0.13911280035972595,
            0.011885945685207844
        ],
        "opt_objBI": [
            0.03798828274011612,
            0.09076505154371262,
            0.0023150532506406307,
            0.0036942826118320227,
            0.00016121748194564134,
            0.13806070387363434,
            0.012666337192058563
        ]
    },
    "di": {
        "full": 0.24849119755429053,
        "partial": 0.479402218222653,
        "mip": 0.47332073604175107,
        "adv_deb": 0.32382500387001517,
        "eo_cal": 0.20967741935483872,
        "re_weigh": 0.8949537823052254,
        "dp_exp": 0.8672350533392716,
        "eo_exp": 0.8066661618456258,
        "tpr_exp": 0.7177379880946742,
        "er_exp": 0.5823416115001467,
        "opt_shap": 0.468771982715305,
        "opt_objBI": 0.4709250725379757
    },
    "dd": {
        "full": -0.5148876429854735,