{
    "error": {
        "full": 29.0,
        "partial": 29.499998092651367,
        "mip": 31.5,
        "adv_deb": 31.0,
        "eo_cal": 27.000001907348633,
        "re_weigh": 29.499998092651367,
        "dp_exp": 31.5,
        "eo_exp": 31.0,
        "tpr_exp": 30.5,
        "er_exp": 33.5,
        "opt_shap": 32.0,
        "opt_objBI": 32.0
    },
    "objBI": {
        "full": [
            0.006361240055412054,
            0.08526888489723206,
            0.024488015100359917,
            0.08535554260015488,
            0.011648985557258129,
            0.017082151025533676,
            0.005013313144445419,
            0.03580206260085106,
            0.05382445827126503
        ],
        "partial": [
            0.007021145895123482,
            0.081207774579525,
            0.016061222180724144,
            0.0747007504105568,
            0.014147345907986164,
            0.029808299615979195,
            0.008330270648002625,
            0.029899440705776215,
            0.0013672865461558104
        ],
        "mip": [
            0.013147195801138878,
            0.08765571564435959,
            0.024436285719275475,
            0.08600687235593796,
            0.011389143764972687,
            0.017918556928634644,
            0.006436592433601618,
            0.03954993560910225,
            0.0016722939908504486
        ],
        "adv_deb": [
            0.014254653826355934,
            0.05933189019560814,
            0.027635665610432625,
            0.05921107903122902,
            0.01586201600730419,
            0.03038106858730316,
            0.01894197426736355,
            0.017104752361774445,
            0.034403134137392044
        ],
        "eo_cal": [
            0.0030753808096051216,
            0.028123287484049797,
            0.0059345983900129795,
            0.03548939526081085,
            0.0011876835487782955,
            0.005241105332970619,
            0.0037784534506499767,
            0.015988968312740326,
            0.05698620155453682
        ],
        "re_weigh": [
            0.01245554443448782,
            0.0831448957324028,
            0.027055518701672554,
            0.09253478795289993,
            0.007943988777697086,
            0.01754049025475979,
            0.006624564994126558,
            0.04839622974395752,
            0.031051602214574814
        ],
        "dp_exp": [
            0.016455138102173805,
            0.11693821102380753,
            0.006949404254555702,
            0.047857046127319336,
            0.03226470574736595,
            0.05552046000957489,
            0.028435485437512398,
            0.035910118371248245,
            0.015317708253860474
        ],
        "eo_exp": [
            0.012584271840751171,
            0.08752914518117905,
            0.01293865405023098,
            0.07128823548555374,
            0.0275491401553154,
            0.06831509619951248,
            0.02526240609586239,
            0.03300812095403671,
            0.01044312585145235
        ],
        "tpr_exp": [
            0.009914962574839592,
            0.09855829179286957,
            0.009929265826940536,
            0.03390580788254738,
            0.008442244492471218,
            0.03652692958712578,
            0.010324648581445217,
            0.018451087176799774,
            0.008631729520857334
        ],
        "er_exp": [
            0.020035678520798683,
            0.09438174217939377,
            0.07029841095209122,
            0.10363571345806122,
            0.058030541986227036,
            0.07754001021385193,
            0.040710851550102234,
            0.15952779352664948,
            0.01819702424108982
        ],
        "opt_shap": [
            0.008059263229370117,
            0.0893077403306961,
            0.024110425263643265,
            0.08128819614648819,
            0.012079829350113869,
            0.024022648110985756,
            0.005714671220630407,
            0.04315745458006859,
            0.0007417571032419801
        ],
        "opt_objBI": [
            0.007046044338494539,
            0.08192399889230728,
            0.02150583453476429,
            0.07969699800014496,
            0.013844135217368603,
            0.02154051512479782,
            0.0024986891075968742,
            0.03742396458983421,
            0.00030330984736792743
        ]
    },
    "shap": {
        "full": [
            0.0067010438069701195,
            0.083533376455307,
            0.02356496825814247,
            0.08272163569927216,
            0.011388175189495087,
            0.016891034319996834,
            0.0043467129580676556,
            0.03798375651240349,
            0.05469166859984398
        ],
        "partial": [
            0.0066156648099422455,
            0.08315369486808777,
            0.015645556151866913,
            0.07510638982057571,
            0.013375219888985157,
            0.029761087149381638,
            0.008296455256640911,
            0.02765822596848011
        ],
        "mip": [
            0.007010898552834988,
            0.08192688226699829,
            0.02467355504631996,
            0.08235935121774673,
            0.01157733891159296,
            0.017519522458314896,
            0.005335950758308172,
            0.038787007331848145
        ],
        "adv_deb": [
            0.005659235641360283,
            0.057637739926576614,
            0.02446931041777134,
            0.05994405224919319,
            0.016001643612980843,
            0.03142959997057915,
            0.01823941245675087,
            0.015251684002578259,
            0.030270762741565704
        ],
        "eo_cal": [
            0.002439550356939435,
            0.024635393172502518,
            0.005352928768843412,
            0.03325515240430832,
            0.0006981512997299433,
            0.005776884965598583,
            0.003224398707970977,
            0.011313553899526596,
            0.06539977341890335
        ],
        "re_weigh": [
            0.007435877341777086,
            0.08024857193231583,
            0.02755088359117508,
            0.08624419569969177,
            0.006068267393857241,
            0.01657620444893837,
            0.003958236426115036,
            0.04012613371014595,
            0.026346800848841667
        ],
        "dp_exp": [
            0.0019079606281593442,
            0.10317420959472656,
            0.017761679366230965,
            0.05658597871661186,
            0.024668384343385696,
            0.05774980038404465,
            0.018629349768161774,
            0.02045309543609619,
            0.0
        ],
        "eo_exp": [
            0.001952091115526855,
            0.09092018008232117,
            0.019981449469923973,
            0.06754844635725021,
            0.024857617914676666,
            0.06599459052085876,
            0.024210553616285324,
            0.025266556069254875,
            0.0
        ],
        "tpr_exp": [
            0.0014468746958300471,
            0.08999895304441452,
            0.02031904272735119,
            0.03085516206920147,
            0.008040983229875565,
            0.03970804810523987,
            0.008069194853305817,
            0.011720896698534489,
            0.0
        ],
        "er_exp": [
            0.004867242649197578,
            0.10122930258512497,
            0.06604716181755066,
            0.10777774453163147,
            0.04375191032886505,
            0.08115410059690475,
            0.04011068865656853,
            0.11343289166688919,
            0.0
        ],
        "opt_shap": [
            0.00593149708583951,
            0.08660983294248581,
            0.023634925484657288,
            0.07906906306743622,
            0.011648830957710743,
            0.021572642028331757,
            0.004833879880607128,
            0.03414098918437958
        ],