{
    "error": {
        "full": 26.899999618530273,
        "partial": 28.400001525878906,
        "mip": 26.94999885559082,
        "adv_deb": 26.80000114440918,
        "eo_cal": 27.149999618530273,
        "re_weigh": 27.100000381469727,
        "dp_exp": 29.69999885559082,
        "eo_exp": 30.100000381469727,
        "tpr_exp": 30.05000114440918,
        "er_exp": 35.25,
        "opt_shap": 28.400001525878906,
        "opt_objBI": 28.400001525878906
    },
    "objBI": {
        "full": [
            0.021717576310038567,
            0.18444138765335083,
            0.019913485273718834
        ],
        "partial": [
            0.08366208523511887,
            0.09864897280931473,
            0.0019652042537927628
        ],
        "mip": [
            0.006467402447015047,
            0.19974066317081451,
            0.005286380182951689
        ],
        "adv_deb": [
            0.014404409565031528,
            0.18792453408241272,
            0.006466468796133995
        ],
        "eo_cal": [
            0.004597777035087347,
            0.09934321790933609,
            0.039905477315187454
        ],
        "re_weigh": [
            0.0045861005783081055,
            0.20305028557777405,
            0.06461869925260544
        ],
        "dp_exp": [
            0.12521754205226898,
            0.04454881697893143,
            0.014000000432133675
        ],
        "eo_exp": [
            0.12634095549583435,
            0.06431195139884949,
            0.0074613639153540134
        ],
        "tpr_exp": [
            0.11850056797266006,
            0.13119161128997803,
            0.014996749348938465
        ],
        "er_exp": [
            0.2118021696805954,
            0.15715880692005157,
            0.008398247882723808
        ],
        "opt_shap": [
            0.07772534340620041,
            0.10517566651105881,
            0.00814044289290905
        ],
        "opt_objBI": [
            0.07762757688760757,
            0.10185801982879639,
            0.005097261629998684
        ]
    },
    "shap": {
        "full": [
            0.02032739669084549,
            0.18019983172416687,
            0.0
        ],
        "partial": [
            0.08132287859916687,
            0.09706941246986389
        ],
        "mip": [
            0.004374619107693434,
            0.1989269107580185
        ],
        "adv_deb": [
            0.014719564467668533,
            0.19023947417736053
        ],
        "eo_cal": [
            0.002840845612809062,
            0.10175888240337372
        ],
        "re_weigh": [
            0.002250300021842122,
            0.2048073709011078
        ],
        "dp_exp": [
            0.13057786226272583,
            0.04576771333813667
        ],
        "eo_exp": [
            0.1467772275209427,
            0.07114757597446442
        ],
        "tpr_exp": [
            0.12862719595432281,
            0.14991448819637299
        ],
        "er_exp": [
            0.23098096251487732,
            0.17037491500377655
        ],
        "opt_shap": [
            0.07742435485124588,
            0.10237882286310196
        ],
        "opt_objBI": [
            0.07711423933506012,
            0.10198172181844711
        ]
    },
    "di": {
        "full": 0.7204008945060744,
        "partial": 0.8837844434975687,
        "mip": 0.7372622708722602,
        "adv_deb": 0.7666935832549149,
        "eo_cal": 0.6934306569343066,
        "re_weigh": 0.9176924160865767,
        "dp_exp": 0.957402573850867,
        "eo_exp": 0.9403907579166895,
        "tpr_exp": 0.9197796687070661,
        "er_exp": 0.9045881126173096,
        "opt_shap": 0.8746521031350103,
        "opt_objBI": 0.8746521031350103
    },
    "dd": {
        "full": -0.2675126888299231,
        "partial": -0.10873578485434021,
        "mip": -0.24860390316121395,
        "adv_deb": -0.22053171381091619,
        "eo_cal": -0.3065693430656934,
        "re_weigh": -0.0731359415176912,
        "dp_exp": -0.04337090649381603,
        "eo_exp": -0.05824090295787221,
        "tpr_exp": -0.07851398200374826,
        "er_exp": -0.08086793900546818,
        "opt_shap": -0.1171599458690058,
        "opt_objBI": -0.1171599458690058
    },
    "eqopp": {
        "full": -0.155876572327044,
        "partial": -0.04751048218029352,
        "mip": -0.15036687631027257,
        "adv_deb": -0.12905529350104827,
        "eo_cal": -0.18055555555555558,
        "re_weigh": -0.02013888888888893,
        "dp_exp": -0.018953092243186642,
        "eo_exp": -0.015533280922431891,
        "tpr_exp": -0.009473270440251591,
        "er_exp": -0.0048938679245282835,
        "opt_shap": -0.0561910377358491,
        "opt_objBI": -0.0561910377358491
    },
    "eqodd": {
        "full": 0.2811160229017249,
        "partial": 0.10550713563259087,
        "mip": 0.25296263109066874,
        "adv_deb": 0.22127051966228195,
        "eo_cal": 0.33831955323469687,
        "re_weigh": 0.04781700860415916,
        "dp_exp": 0.03529777255504464,
        "eo_exp": 0.055224372344159445,
        "tpr_exp": 0.06983385146797919,
        "er_exp": 0.06839521907476451,
        "opt_shap": 0.11303682520004792,
        "opt_objBI": 0.11303682520004792
    }
}