{
    "error": {
        "full": 27.299999237060547,
        "partial": 26.94999885559082,
        "mip": 27.200000762939453,
        "adv_deb": 27.149999618530273,
        "eo_cal": 27.599998474121094,
        "re_weigh": 27.900001525878906,
        "dp_exp": 29.100000381469727,
        "eo_exp": 29.049999237060547,
        "tpr_exp": 29.850000381469727,
        "er_exp": 39.849998474121094,
        "opt_shap": 26.69999885559082,
        "opt_objBI": 27.100000381469727
    },
    "objBI": {
        "full": [
            0.022377008572220802,
            0.18942825496196747,
            0.007538762874901295
        ],
        "partial": [
            0.01871795393526554,
            0.18244951963424683,
            0.0021382751874625683
        ],
        "mip": [
            0.01987599954009056,
            0.18636831641197205,
            0.0026034715119749308
        ],
        "adv_deb": [
            0.02080194093286991,
            0.19485130906105042,
            0.012464938685297966
        ],
        "eo_cal": [
            0.012015209533274174,
            0.09796835482120514,
            0.029959367588162422
        ],
        "re_weigh": [
            0.02171679027378559,
            0.19780345261096954,
            0.06369905173778534
        ],
        "dp_exp": [
            0.042975958436727524,
            0.04024168848991394,
            0.015663444995880127
        ],
        "eo_exp": [
            0.07529468089342117,
            0.0691530629992485,
            0.0031721629202365875
        ],
        "tpr_exp": [
            0.066073477268219,
            0.0850139632821083,
            0.004697137512266636
        ],
        "er_exp": [
            0.16883069276809692,
            0.15428215265274048,
            0.018878038972616196
        ],
        "opt_shap": [
            0.02222209982573986,
            0.18991735577583313,
            0.00022770331997890025
        ],
        "opt_objBI": [
            0.02268102765083313,
            0.18950864672660828,
            0.00236983853392303
        ]
    },
    "shap": {
        "full": [
            0.021957525983452797,
            0.18680772185325623,
            0.0
        ],
        "partial": [
            0.019783485680818558,
            0.18956327438354492
        ],
        "mip": [
            0.019562367349863052,
            0.1926577240228653
        ],
        "adv_deb": [
            0.02891397848725319,
            0.18960390985012054
        ],
        "eo_cal": [
            0.01091020554304123,
            0.10328315943479538
        ],
        "re_weigh": [
            0.021241672337055206,
            0.19559089839458466
        ],
        "dp_exp": [
            0.0524715892970562,
            0.05333537235856056
        ],
        "eo_exp": [
            0.07935580611228943,
            0.07029012590646744
        ],
        "tpr_exp": [
            0.06243201345205307,
            0.0850796177983284
        ],
        "er_exp": [
            0.1765090674161911,
            0.18384121358394623
        ],
        "opt_shap": [
            0.022523310035467148,
            0.19360308349132538
        ],
        "opt_objBI": [
            0.022800356149673462,
            0.18759720027446747
        ]
    },
    "di": {
        "full": 0.7826793020173605,
        "partial": 0.7674532209077586,
        "mip": 0.7899456578975083,
        "adv_deb": 0.7669018506103077,
        "eo_cal": 0.7309644670050761,
        "re_weigh": 0.9539999213001219,
        "dp_exp": 0.9736765772298767,
        "eo_exp": 0.9797963171420683,
        "tpr_exp": 0.9734482795163358,
        "er_exp": 0.9688932854842552,
        "opt_shap": 0.767384711348189,
        "opt_objBI": 0.7747309113136844
    },
    "dd": {
        "full": -0.20747168112825387,
        "partial": -0.21902928158835744,
        "mip": -0.19949988747468184,
        "adv_deb": -0.21908929509139552,
        "eo_cal": -0.2690355329949239,
        "re_weigh": -0.04092420794678808,
        "dp_exp": -0.02036958315621007,
        "eo_exp": -0.015178415143407231,
        "tpr_exp": -0.02712110224800579,
        "er_exp": -0.0002850641394314124,
        "opt_shap": -0.21634367732739868,
        "opt_objBI": -0.2119526893551048
    },
    "eqopp": {
        "full": -0.14148795999898645,
        "partial": -0.1488487883983547,
        "mip": -0.13268917286755577,
        "adv_deb": -0.15550436244161592,
        "eo_cal": -0.17138103161397666,
        "re_weigh": -0.008800898671419088,
        "dp_exp": -0.007586763178121014,
        "eo_exp": -0.019375490933047246,
        "tpr_exp": -0.014073414022314767,
        "er_exp": 0.026529388413557786,
        "opt_shap": -0.14749529126582595,
        "opt_objBI": -0.14425196584372912
    },
    "eqodd": {
        "full": 0.20348191135044771,
        "partial": 0.21127507334748866,
        "mip": 0.19467723144112004,
        "adv_deb": 0.20759340735884024,
        "eo_cal": 0.29662801580698833,
        "re_weigh": 0.012562848381230826,
        "dp_exp": 0.01144948301385143,
        "eo_exp": 0.009774872410506237,
        "tpr_exp": 0.04974825536566495,
        "er_exp": 0.032724260418236006,
        "opt_shap": 0.20299232257858113,
        "opt_objBI": 0.20376832873684253
    }
}