{
    "error": {
        "full": 27.64999771118164,
        "partial": 27.799999237060547,
        "mip": 27.64999771118164,
        "adv_deb": 27.399999618530273,
        "eo_cal": 28.400001525878906,
        "re_weigh": 28.75,
        "dp_exp": 30.05000114440918,
        "eo_exp": 35.25,
        "tpr_exp": 29.30000114440918,
        "er_exp": 38.150001525878906,
        "opt_shap": 27.75,
        "opt_objBI": 27.799999237060547
    },
    "objBI": {
        "full": [
            0.014124877750873566,
            0.20905187726020813,
            0.010374633595347404
        ],
        "partial": [
            0.012706479988992214,
            0.2070440649986267,
            0.0038588372990489006
        ],
        "mip": [
            0.013014724478125572,
            0.2091517597436905,
            0.0027668552938848734
        ],
        "adv_deb": [
            0.011112486012279987,
            0.2242596596479416,
            0.017764588817954063
        ],
        "eo_cal": [
            0.00614920211955905,
            0.1130567342042923,
            0.056087393313646317
        ],
        "re_weigh": [
            0.012000540271401405,
            0.2053195983171463,
            0.07250791043043137
        ],
        "dp_exp": [
            0.03580756112933159,
            0.046268437057733536,
            0.004585400223731995
        ],
        "eo_exp": [
            0.0773402601480484,
            0.06829184293746948,
            0.004035220481455326
        ],
        "tpr_exp": [
            0.04841352254152298,
            0.07894865423440933,
            0.007391997147351503
        ],
        "er_exp": [
            0.19447237253189087,
            0.19859172403812408,
            0.022830717265605927
        ],
        "opt_shap": [
            0.012548926286399364,
            0.22265253961086273,
            0.0020153429359197617
        ],
        "opt_objBI": [
            0.013061353005468845,
            0.20250865817070007,
            0.005402939394116402
        ]
    },
    "shap": {
        "full": [
            0.012243594974279404,
            0.2065998762845993,
            0.0
        ],
        "partial": [
            0.012211301364004612,
            0.21029628813266754
        ],
        "mip": [
            0.013414207845926285,
            0.21307051181793213
        ],
        "adv_deb": [
            0.014722277410328388,
            0.22499652206897736
        ],
        "eo_cal": [
            0.005637115798890591,
            0.11389762908220291
        ],
        "re_weigh": [
            0.01251265499740839,
            0.21788038313388824
        ],
        "dp_exp": [
            0.03742954879999161,
            0.04715229198336601
        ],
        "eo_exp": [
            0.0860435888171196,
            0.1217818409204483
        ],
        "tpr_exp": [
            0.042477402836084366,
            0.08240118622779846
        ],
        "er_exp": [
            0.20797479152679443,
            0.18942049145698547
        ],
        "opt_shap": [
            0.012437713332474232,
            0.21162545680999756
        ],
        "opt_objBI": [
            0.012307805940508842,
            0.20684921741485596
        ]
    },
    "di": {
        "full": 0.7134654461279014,
        "partial": 0.720710478072284,
        "mip": 0.7129278813302955,
        "adv_deb": 0.7375585058555321,
        "eo_cal": 0.6760847628657921,
        "re_weigh": 0.9412769848545376,
        "dp_exp": 0.9751857166762166,
        "eo_exp": 0.9998291950483524,
        "tpr_exp": 0.9429347937101933,
        "er_exp": 0.8625489669030004,
        "opt_shap": 0.7171969105598183,
        "opt_objBI": 0.7416383245253063
    },
    "dd": {
        "full": -0.2694958291621621,
        "partial": -0.26434241173535056,
        "mip": -0.27142398534281276,
        "adv_deb": -0.2387723405595853,
        "eo_cal": -0.3239152371342079,
        "re_weigh": -0.05086612015573255,
        "dp_exp": -0.028488307552911762,
        "eo_exp": 0.005751465868735317,
        "tpr_exp": -0.052976291079577464,
        "er_exp": -0.0844328390599639,
        "opt_shap": -0.2673876584003304,
        "opt_objBI": -0.24607093174547134
    },
    "eqopp": {
        "full": -0.19789963987665227,
        "partial": -0.1978521984775623,
        "mip": -0.19999353071830583,
        "adv_deb": -0.18144394367412064,
        "eo_cal": -0.22657580919931852,
        "re_weigh": -0.02509434369137209,
        "dp_exp": -0.01070666120371766,
        "eo_exp": -0.0066288573092101455,
        "tpr_exp": -0.02477303603389902,
        "er_exp": -0.12581027753218466,
        "opt_shap": -0.198289953205529,
        "opt_objBI": -0.1841761369762578
    },
    "eqodd": {
        "full": 0.25438180149264594,
        "partial": 0.24902330073975318,
        "mip": 0.25751970943438235,
        "adv_deb": 0.20505806298042123,
        "eo_cal": 0.345961171926392,
        "re_weigh": 0.01843012315451556,
        "dp_exp": 0.022513625777720724,
        "eo_exp": 0.018471616074582017,
        "tpr_exp": 0.053493305239119784,
        "er_exp": 0.05260718818221877,
        "opt_shap": 0.2529550493908652,
        "opt_objBI": 0.23066237112387192
    }
}