{
    "error": {
        "full": 26.249998092651367,
        "partial": 26.249998092651367,
        "mip": 26.55000114440918,
        "opt_shap": 26.19999885559082,
        "opt_objBI": 26.399999618530273
    },
    "objBI": {
        "full": [
            0.006415736861526966,
            0.20897048711776733,
            0.008472869172692299
        ],
        "partial": [
            0.004327684175223112,
            0.20257243514060974,
            0.0032219961285591125
        ],
        "mip": [
            0.0019131962908431888,
            0.20244461297988892,
            0.00021335663041099906
        ],
        "opt_shap": [
            0.013041902333498001,
            0.20190300047397614,
            0.012946831993758678
        ],
        "opt_objBI": [
            0.012830411083996296,
            0.2053280621767044,
            0.012789544649422169
        ]
    },
    "shap": {
        "full": [
            -4.2852087744904566e-07,
            1.943138840942993e-06,
            0.0
        ],
        "partial": [
            1.4446517297983519e-06,
            5.358219368645223e-06
        ],
        "mip": [
            3.18651268571557e-06,
            -8.130073325673948e-08
        ],
        "opt_shap": [
            -3.0408277780225035e-06,
            8.302927057002307e-08
        ],
        "opt_objBI": [
            7.402138066936459e-07,
            -7.131695838324958e-07
        ]
    },
    "di": {
        "full": 0.7761838175081194,
        "partial": 0.7584345694120447,
        "mip": 0.774169978492984,
        "opt_shap": 0.7568220673679819,
        "opt_objBI": 0.7611100110924464
    },
    "dd": {
        "full": -0.20936925909369564,
        "partial": -0.22741214319501657,
        "mip": -0.21327145030106476,
        "opt_shap": -0.22844719391250168,
        "opt_objBI": -0.22441899653082997
    },
    "eqopp": {
        "full": -0.13362500080660256,
        "partial": -0.147466300146479,
        "mip": -0.13881306825147932,
        "opt_shap": -0.14782765807796294,
        "opt_objBI": -0.14782765807796294
    },
    "eqodd": {
        "full": 0.1979511357792248,
        "partial": 0.21892002534486055,
        "mip": 0.2047281334303898,
        "opt_shap": 0.21954616280690847,
        "opt_objBI": 0.2144179576787033
    }
}