{
    "error": {
        "full": 26.0,
        "partial": 26.30000114440918,
        "mip": 26.649999618530273,
        "opt_shap": 26.350000381469727,
        "opt_objBI": 26.399999618530273
    },
    "objBI": {
        "full": [
            0.001113688456825912,
            0.18079203367233276,
            0.010399055667221546
        ],
        "partial": [
            0.009263246320188046,
            0.1848512440919876,
            0.009513854049146175
        ],
        "mip": [
            0.009911078959703445,
            0.19462379813194275,
            0.009882773272693157
        ],
        "opt_shap": [
            0.01110830157995224,
            0.17643924057483673,
            0.011100096628069878
        ],
        "opt_objBI": [
            0.0012845449382439256,
            0.18551474809646606,
            0.0007471265271306038
        ]
    },
    "shap": {
        "full": [
            7.449831400663243e-07,
            6.255735911508964e-07,
            0.0
        ],
        "partial": [
            7.309150987566682e-06,
            -4.416227511683246e-06
        ],
        "mip": [
            -1.8116249123067973e-07,
            8.070468879850523e-07
        ],
        "opt_shap": [
            7.585981052216084e-07,
            1.5814304106243071e-06
        ],
        "opt_objBI": [
            -2.3304671685764333e-06,
            -2.263784381284495e-06
        ]
    },
    "di": {
        "full": 0.8215884087552148,
        "partial": 0.8120570796989138,
        "mip": 0.7813347053111778,
        "opt_shap": 0.8072486333994658,
        "opt_objBI": 0.7975116340346822
    },
    "dd": {
        "full": -0.16929966115056738,
        "partial": -0.17930407309623542,
        "mip": -0.2074975064003226,
        "opt_shap": -0.18428526980398363,
        "opt_objBI": -0.19297410157879624
    },
    "eqopp": {
        "full": -0.08320318310278141,
        "partial": -0.0935966086568496,
        "mip": -0.12332663989290493,
        "opt_shap": -0.09802171649561209,
        "opt_objBI": -0.10748549754573855
    },
    "eqodd": {
        "full": 0.1850101151716181,
        "partial": 0.19667234519003152,
        "mip": 0.22249811702512493,
        "opt_shap": 0.20238055409693242,
        "opt_objBI": 0.20950451266304215
    }
}