{
    "error": {
        "full": 26.850000381469727,
        "partial": 26.649999618530273,
        "mip": 26.80000114440918,
        "opt_shap": 26.850000381469727,
        "opt_objBI": 26.750001907348633
    },
    "objBI": {
        "full": [
            0.0076365782879292965,
            0.1964861899614334,
            0.0022394186817109585
        ],
        "partial": [
            0.014931796118617058,
            0.2002202868461609,
            0.014244225807487965
        ],
        "mip": [
            0.005408409982919693,
            0.20153740048408508,
            0.001679425360634923
        ],
        "opt_shap": [
            0.0030232672579586506,
            0.19907166063785553,
            0.0006064291810616851
        ],
        "opt_objBI": [
            0.008282057009637356,
            0.20055115222930908,
            0.003989737015217543
        ]
    },
    "shap": {
        "full": [
            9.258907084586099e-06,
            6.159165423014201e-06,
            0.0
        ],
        "partial": [
            1.567728872942098e-06,
            3.165006546623772e-06
        ],
        "mip": [
            -2.867115654225927e-06,
            -3.6387443742569303e-06
        ],
        "opt_shap": [
            3.934486812795512e-06,
            -3.104210009041708e-06
        ],
        "opt_objBI": [
            1.7551292330608703e-05,
            -4.9977302296611015e-06
        ]
    },
    "di": {
        "full": 0.794382542748324,
        "partial": 0.7821269733120388,
        "mip": 0.7688189383377791,
        "opt_shap": 0.7900100744885762,
        "opt_objBI": 0.7864985419524309
    },
    "dd": {
        "full": -0.19716177445597016,
        "partial": -0.20913188218693968,
        "mip": -0.2200509804588241,
        "opt_shap": -0.20114381029429262,
        "opt_objBI": -0.2051498463486171
    },
    "eqopp": {
        "full": -0.1186379928315413,
        "partial": -0.12339989759344605,
        "mip": -0.13282130056323604,
        "opt_shap": -0.11764464925755247,
        "opt_objBI": -0.12022529441884289
    },
    "eqodd": {
        "full": 0.2104131200300015,
        "partial": 0.22577018525301845,
        "mip": 0.2357884731446956,
        "opt_shap": 0.2175306307901655,
        "opt_objBI": 0.2224136881967895
    }
}