{
    "error": {
        "full": 27.299999237060547,
        "partial": 27.200000762939453,
        "mip": 26.850000381469727,
        "opt_shap": 27.200000762939453,
        "opt_objBI": 27.05000114440918
    },
    "objBI": {
        "full": [
            0.0058254399336874485,
            0.23106051981449127,
            0.010470901615917683
        ],
        "partial": [
            0.017676591873168945,
            0.22405995428562164,
            0.017716707661747932
        ],
        "mip": [
            0.0070445602759718895,
            0.2093506157398224,
            0.006911533419042826
        ],
        "opt_shap": [
            0.007043951191008091,
            0.22513502836227417,
            0.00704373512417078
        ],
        "opt_objBI": [
            0.006774068344384432,
            0.22499392926692963,
            0.006828025449067354
        ]
    },
    "shap": {
        "full": [
            1.471616315029678e-06,
            -3.297910211585986e-08,
            0.0
        ],
        "partial": [
            5.933742386332597e-07,
            -2.737045292633411e-07
        ],
        "mip": [
            3.9665728763793595e-06,
            -3.299713171145413e-06
        ],
        "opt_shap": [
            -1.1419596290807021e-07,
            7.426739045968134e-08
        ],
        "opt_objBI": [
            -1.3424972848952166e-06,
            2.0294189653213834e-06
        ]
    },
    "di": {
        "full": 0.723848207255478,
        "partial": 0.7561686510980259,
        "mip": 0.7882621434337644,
        "opt_shap": 0.7561686510980259,
        "opt_objBI": 0.7467165429593006
    },
    "dd": {
        "full": -0.2589451948309205,
        "partial": -0.2273932804366725,
        "mip": -0.20178898894412445,
        "opt_shap": -0.2273932804366725,
        "opt_objBI": -0.2362081678020006
    },
    "eqopp": {
        "full": -0.1596852263387013,
        "partial": -0.137177474417573,
        "mip": -0.10951844587571702,
        "opt_shap": -0.137177474417573,
        "opt_objBI": -0.14206346790291502
    },
    "eqodd": {
        "full": 0.26240323703432233,
        "partial": 0.22525469170082796,
        "mip": 0.2051918690226785,
        "opt_shap": 0.22525469170082796,
        "opt_objBI": 0.23506869581450635
    }
}