{
    "error": {
        "full": 32.77486801147461,
        "partial": 32.67015838623047,
        "mip": 33.403141021728516,
        "adv_deb": 31.413612365722656,
        "eo_cal": 35.60209655761719,
        "re_weigh": 34.345550537109375,
        "dp_exp": 47.539268493652344,
        "eo_exp": 48.062828063964844,
        "tpr_exp": 40.10470962524414,
        "er_exp": 33.71727752685547,
        "opt_shap": 33.298431396484375,
        "opt_objBI": 33.19371795654297
    },
    "objBI": {
        "full": [
            0.02215297520160675,
            0.10991424322128296,
            0.007455563638359308,
            0.010653269477188587,
            0.010194866918027401,
            0.1436527967453003,
            0.027956347912549973,
            0.044890858232975006
        ],
        "partial": [
            0.02089139074087143,
            0.10968182235956192,
            0.0040271952748298645,
            0.005809330381453037,
            0.005992957390844822,
            0.15356317162513733,
            0.030510427430272102,
            0.002497534966096282
        ],
        "mip": [
            0.023645006120204926,
            0.10349754989147186,
            0.005054844543337822,
            0.005909716710448265,
            0.00952084269374609,
            0.1346559077501297,
            0.017842121422290802,
            0.0023206472396850586
        ],
        "adv_deb": [
            0.02333756536245346,
            0.11696237325668335,
            0.008729303255677223,
            0.008856983855366707,
            0.011462471447885036,
            0.14673155546188354,
            0.02279873564839363,
            0.03320643678307533
        ],
        "eo_cal": [
            0.016286110505461693,
            0.06337723881006241,
            0.003996565472334623,
            0.004868987947702408,
            0.007036246825009584,
            0.07882386445999146,
            0.014604080468416214,
            0.09509025514125824
        ],
        "re_weigh": [
            0.021162834018468857,
            0.11112827062606812,
            0.003206126391887665,
            0.003294917056336999,
            0.009687495417892933,
            0.14549686014652252,
            0.01877363584935665,
            0.04961070045828819
        ],
        "dp_exp": [
            0.12937554717063904,
            0.13323718309402466,
            0.022667374461889267,
            0.04761995002627373,
            0.051564909517765045,
            0.189109668135643,
            0.0846327692270279,
            0.019258806481957436
        ],
        "eo_exp": [
            0.25268253684043884,
            0.06741324067115784,
            0.07148195058107376,
            0.1222791001200676,
            0.07284107804298401,
            0.09115185588598251,
            0.1237729862332344,
            0.0672849640250206
        ],
        "tpr_exp": [
            0.05553622171282768,
            0.08609949797391891,
            0.03733378276228905,
            0.032677844166755676,
            0.09830140322446823,
            0.2761211693286896,
            0.03409774228930473,
            0.03075214847922325
        ],
        "er_exp": [
            0.07350364327430725,
            0.20869296789169312,
            0.01095393393188715,
            0.02238745614886284,
            0.034880075603723526,
            0.38548198342323303,
            0.03183525428175926,
            0.008265829645097256
        ],
        "opt_shap": [
            0.023288937285542488,
            0.10215851664543152,
            0.008090988732874393,
            0.009276960045099258,
            0.011729049496352673,
            0.14692673087120056,
            0.026932300999760628,
            0.0064555625431239605
        ],
        "opt_objBI": [
            0.02830672450363636,
            0.1017787903547287,
            0.01625138707458973,
            0.017790084704756737,
            0.017606880515813828,
            0.15237313508987427,
            0.033005740493535995,
            0.016188904643058777
        ]
    },
    "shap": {
        "full": [
            0.019147098064422607,
            0.09935259819030762,
            0.0010407051304355264,
            0.0030419828835874796,
            0.00414460152387619,
            0.14736631512641907,
            0.022869618609547615,
            0.0427355132997036
        ],
        "partial": [
            0.019634217023849487,
            0.10912519693374634,
            0.0014649435179308057,
            0.002626927336677909,
            0.0030426091980189085,
            0.1585310846567154,
            0.024623962119221687
        ],
        "mip": [
            0.022202663123607635,
            0.11132720112800598,
            0.002094911178573966,
            0.002755912486463785,
            0.005898962263017893,
            0.14592094719409943,
            0.016994519159197807
        ],
        "adv_deb": [
            0.021028485149145126,
            0.12452470511198044,
            0.004032474476844072,
            0.006639166735112667,
            0.008676819503307343,
            0.1519240140914917,
            0.020257705822587013,
            0.029251106083393097
        ],
        "eo_cal": [
            0.013598471879959106,
            0.05913379043340683,
            0.0005251706461422145,
            0.001684098388068378,
            0.004350805655121803,
            0.08874428272247314,
            0.010692272335290909,
            0.09739073365926743
        ],
        "re_weigh": [
            0.023369330912828445,
            0.11417065560817719,
            0.0020061430986970663,
            0.00236164010129869,
            0.0075895776972174644,
            0.1458531618118286,
            0.01613275334239006,
            0.0506199412047863
        ],
        "dp_exp": [
            0.12033620476722717,
            0.1849813461303711,
            0.006348891649395227,
            0.0301936287432909,
            0.06130513176321983,
            0.20594355463981628,
            0.07357489317655563,
            0.0
        ],
        "eo_exp": [
            0.2355044186115265,
            0.09428263455629349,
            0.014462531544268131,
            0.07571905106306076,
            0.023980237543582916,
            0.09064821898937225,
            0.07066918909549713,
            0.0
        ],
        "tpr_exp": [
            0.044031497091054916,
            0.17858712375164032,
            0.007997198030352592,
            0.007209084928035736,
            0.06812354922294617,
            0.2666979432106018,
            0.04080018773674965,
            0.0
        ],
        "er_exp": [
            0.06145768240094185,
            0.21489018201828003,
            0.0038375980220735073,
            0.016140401363372803,
            0.02226812019944191,
            0.38941049575805664,
            0.020269326865673065,
            0.0
        ],
        "opt_shap": [
            0.01852544955909252,
            0.10216090083122253,
            0.0018151717958971858,
            0.003130553523078561,
            0.0050376830622553825,
            0.1473451554775238,
            0.022872919216752052
        ],
        "opt_objBI": [
            0.018441874533891678,
            0.10035856068134308,
            0.0009298729128204286,
            0.002681027166545391,
            0.004039433319121599,
            0.14891675114631653,
            0.022747594863176346
        ]
    },
    "di": {
        "full": 0.3348407582026364,
        "partial": 0.5791922885158717,
        "mip": 0.5433001557316,
        "adv_deb": 0.41523586950375996,
        "eo_cal": 0.22120658135283364,
        "re_weigh": 0.9515094619299372,
        "dp_exp": 0.8890968921389395,
        "eo_exp": 0.8219975375890759,
        "tpr_exp": 0.7427394534052252,
        "er_exp": 0.6584211184488683,
        "opt_shap": 0.5586214944182972,
        "opt_objBI": 0.5578989610737058
    },
    "dd": {
        "full": -0.5265843997562462,