{
    "error": {
        "full": 32.56544494628906,
        "partial": 32.356021881103516,
        "mip": 31.832460403442383,
        "adv_deb": 31.623035430908203,
        "eo_cal": 32.251312255859375,
        "re_weigh": 32.356021881103516,
        "dp_exp": 44.083770751953125,
        "eo_exp": 45.654449462890625,
        "tpr_exp": 39.16230392456055,
        "er_exp": 31.308900833129883,
        "opt_shap": 34.55497360229492,
        "opt_objBI": 34.345550537109375
    },
    "objBI": {
        "full": [
            0.02739240974187851,
            0.13584628701210022,
            0.02818838320672512,
            0.0307035930454731,
            0.04493924230337143,
            0.12563619017601013,
            0.029547279700636864,
            0.07304910570383072
        ],
        "partial": [
            0.01494249701499939,
            0.14726190268993378,
            0.00484114047139883,
            0.0069267284125089645,
            0.022392485290765762,
            0.13650953769683838,
            0.013977122493088245,
            0.00438703503459692
        ],
        "mip": [
            0.011834179051220417,
            0.13072703778743744,
            0.0022839074954390526,
            0.0020267758518457413,
            0.02758651413023472,
            0.13288332521915436,
            0.01459224708378315,
            0.0006023462628945708
        ],
        "adv_deb": [
            0.01617068238556385,
            0.12851575016975403,
            0.010857871733605862,
            0.008540056645870209,
            0.020025217905640602,
            0.15204662084579468,
            0.02040264382958412,
            0.045857857912778854
        ],
        "eo_cal": [
            0.06504194438457489,
            0.12023666501045227,
            0.06661590188741684,
            0.06717438250780106,
            0.07205187529325485,
            0.1376926302909851,
            0.0648646354675293,
            0.08491948992013931
        ],
        "re_weigh": [
            0.01958562806248665,
            0.1263161301612854,
            0.01446269080042839,
            0.012373817153275013,
            0.03217101842164993,
            0.12901335954666138,
            0.026470579206943512,
            0.04928211867809296
        ],
        "dp_exp": [
            0.2535519301891327,
            0.020522229373455048,
            0.024591073393821716,
            0.0334080345928669,
            0.0533212311565876,
            0.2717345058917999,
            0.025076834484934807,
            0.005424997769296169
        ],
        "eo_exp": [
            0.09569992125034332,
            0.07655147463083267,
            0.009659964591264725,
            0.06200331822037697,
            0.04993195831775665,
            0.1779514104127884,
            0.07002361863851547,
            0.004472114611417055
        ],
        "tpr_exp": [
            0.13988028466701508,
            0.12036166340112686,
            0.025660064071416855,
            0.01441044919192791,
            0.07678434252738953,
            0.2425585389137268,
            0.09211239218711853,
            0.0039184545166790485
        ],
        "er_exp": [
            0.0414084829390049,
            0.21023434400558472,
            0.016128873452544212,
            0.018244033679366112,
            0.03729798644781113,
            0.37415561079978943,
            0.019449299201369286,
            0.01763479970395565
        ],
        "opt_shap": [
            0.012612078338861465,
            0.1344711035490036,
            0.013348925858736038,
            0.012163457460701466,
            0.036378610879182816,
            0.11697768419981003,
            0.017630046233534813,
            0.01093408465385437
        ],
        "opt_objBI": [
            0.017372963950037956,
            0.14123302698135376,
            0.018604345619678497,
            0.01986207440495491,
            0.042360205203294754,
            0.12502944469451904,
            0.022238925099372864,
            0.018567536026239395
        ]
    },
    "shap": {
        "full": [
            0.0068213543854653835,
            0.13127143681049347,
            0.00031178531935438514,
            0.0033478825353085995,
            0.018589967861771584,
            0.12537570297718048,
            0.010407183319330215,
            0.0622263066470623
        ],
        "partial": [
            0.012362253852188587,
            0.14699119329452515,
            0.0006113943527452648,
            0.0035711415112018585,
            0.017797688022255898,
            0.13861745595932007,
            0.011814328841865063
        ],
        "mip": [
            0.011376905255019665,
            0.1286667436361313,
            0.0017765508964657784,
            0.001652493723668158,
            0.017937172204256058,
            0.13265635073184967,
            0.014675292186439037
        ],
        "adv_deb": [
            0.016172125935554504,
            0.1336817741394043,
            0.0035799008328467607,
            0.007697818335145712,
            0.01639488898217678,
            0.14813785254955292,
            0.02297443524003029,
            0.045708734542131424
        ],
        "eo_cal": [
            0.006697984412312508,
            0.12309375405311584,
            0.003518605837598443,
            0.0018849234329536557,
            0.021260250359773636,
            0.13189741969108582,
            0.013946103863418102,
            0.05883252993226051
        ],
        "re_weigh": [
            0.01271893735975027,
            0.13018813729286194,
            0.002864767797291279,
            0.000555328035261482,
            0.019515741616487503,
            0.13137128949165344,
            0.015048721805214882,
            0.04374333843588829
        ],
        "dp_exp": [
            0.25124791264533997,
            0.034177809953689575,
            0.012609084136784077,
            0.01535250898450613,
            0.046319179236888885,
            0.28097960352897644,
            0.022989293560385704,
            0.0
        ],
        "eo_exp": [
            0.09663843363523483,
            0.13879238069057465,
            0.008176252245903015,
            0.06283330172300339,
            0.04267256334424019,
            0.18018192052841187,
            0.06942374259233475,
            0.0
        ],
        "tpr_exp": [
            0.1421220600605011,
            0.13060437142848969,
            0.014221136458218098,
            0.00915567483752966,
            0.04861278086900711,
            0.24953164160251617,
            0.10123873502016068,
            0.0
        ],
        "er_exp": [
            0.04268389940261841,
            0.22592157125473022,
            0.004658240359276533,
            0.009218737483024597,
            0.02603045292198658,
            0.3965873420238495,
            0.001768460962921381,
            0.0
        ],
        "opt_shap": [
            0.007277961820363998,
            0.13620595633983612,
            0.002082811202853918,
            0.0022642009425908327,
            0.020565146580338478,
            0.12671968340873718,
            0.010162295773625374
        ],
        "opt_objBI": [
            0.00723640900105238,
            0.13376258313655853,
            0.0009569594985805452,
            0.0034121409989893436,
            0.019177641719579697,
            0.12822622060775757,
            0.010134153068065643
        ]
    },
    "di": {
        "full": 0.1878582290326354,
        "partial": 0.43938973647711516,
        "mip": 0.4472087378640777,
        "adv_deb": 0.31309172043659167,
        "eo_cal": 0.20294393986846224,
        "re_weigh": 0.8064196552407371,
        "dp_exp": 0.8543689320388349,
        "eo_exp": 0.9548829240434038,
        "tpr_exp": 0.6892388023170434,
        "er_exp": 0.5862285287528006,
        "opt_shap": 0.4082824984964344,
        "opt_objBI": 0.4007217114872411
    },