{
    "error": {
        "full": 34.0,
        "partial": 33.5,
        "mip": 33.5,
        "adv_deb": 35.5,
        "eo_cal": 31.5,
        "re_weigh": 33.5,
        "dp_exp": 34.0,
        "eo_exp": 33.5,
        "tpr_exp": 34.5,
        "er_exp": 34.0,
        "opt_shap": 33.5,
        "opt_objBI": 33.5
    },
    "objBI": {
        "full": [
            0.019101185724139214,
            0.10275962203741074,
            0.017831556499004364,
            0.059970784932374954,
            0.008704367093741894,
            0.03038046509027481,
            0.015416348353028297,
            0.02553599514067173,
            0.05873626098036766
        ],
        "partial": [
            0.019136331975460052,
            0.11164046078920364,
            0.015897877514362335,
            0.05818801745772362,
            0.008191997185349464,
            0.03930237144231796,
            0.01787889190018177,
            0.017477529123425484,
            0.008274546824395657
        ],
        "mip": [
            0.018186669796705246,
            0.11182799935340881,
            0.01623792201280594,
            0.05716967582702637,
            0.0017973872600123286,
            0.026985907927155495,
            0.01239766739308834,
            0.021099787205457687,
            0.000655893178191036
        ],
        "adv_deb": [
            0.010828572325408459,
            0.08064676076173782,
            0.03566086292266846,
            0.04522772133350372,
            0.011042553931474686,
            0.0286711435765028,
            0.018527748063206673,
            0.004830349702388048,
            0.029972653836011887
        ],
        "eo_cal": [
            0.004815139342099428,
            0.03438199311494827,
            0.007165372837334871,
            0.020657803863286972,
            0.0025913622230291367,
            0.007219476159662008,
            0.005822930485010147,
            0.008512284606695175,
            0.05264952778816223
        ],
        "re_weigh": [
            0.012927629053592682,
            0.11587300151586533,
            0.023031538352370262,
            0.05778026208281517,
            0.004164206795394421,
            0.022937078028917313,
            0.023009538650512695,
            0.013973575085401535,
            0.01804313436150551
        ],
        "dp_exp": [
            0.027447879314422607,
            0.13682350516319275,
            0.024216804653406143,
            0.05034330487251282,
            0.021281233057379723,
            0.03978867456316948,
            0.02845911495387554,
            0.02216341346502304,
            0.02377217449247837
        ],
        "eo_exp": [
            0.039774488657712936,
            0.1555478721857071,
            0.03232625126838684,
            0.024547526612877846,
            0.03218520060181618,
            0.035921987146139145,
            0.04653189703822136,
            0.0358051098883152,
            0.037512414157390594
        ],
        "tpr_exp": [
            0.008568122051656246,
            0.1499912291765213,
            0.015566481277346611,
            0.027419155463576317,
            0.00914663728326559,
            0.03445788472890854,
            0.030314460396766663,
            0.018536848947405815,
            0.004166224505752325
        ],
        "er_exp": [
            0.029822910204529762,
            0.10538069903850555,
            0.03444283828139305,
            0.053822919726371765,
            0.019990824162960052,
            0.048345960676670074,
            0.023494146764278412,
            0.030405480414628983,
            0.02113126963376999
        ],
        "opt_shap": [
            0.019717281684279442,
            0.11747357249259949,
            0.017416881397366524,
            0.06892072409391403,
            0.006218208000063896,
            0.0323115698993206,
            0.01404119748622179,
            0.021272506564855576,
            0.00632977019995451
        ],
        "opt_objBI": [
            0.014985505491495132,
            0.11576423794031143,
            0.018240733072161674,
            0.06532704085111618,
            0.004007976036518812,
            0.03293570503592491,
            0.015216388739645481,
            0.01998632401227951,
            0.0040535693988204
        ]
    },
    "shap": {
        "full": [
            0.011561066843569279,
            0.11104757338762283,
            0.016780808568000793,
            0.06324032694101334,
            0.0006818200927227736,
            0.029334211722016335,
            0.011422513984143734,
            0.0197434201836586,
            0.04933243617415428
        ],
        "partial": [
            0.011215107515454292,
            0.10693814605474472,
            0.015720471739768982,
            0.05569081753492355,
            0.00418555922806263,
            0.03798189386725426,
            0.014070077799260616,
            0.011085188016295433
        ],
        "mip": [
            0.011660789139568806,
            0.10972486436367035,
            0.016737962141633034,
            0.06287756562232971,
            0.0016620701644569635,
            0.029171204194426537,
            0.012742199003696442,
            0.019201049581170082
        ],
        "adv_deb": [
            0.01155939232558012,
            0.07797062397003174,
            0.03190743550658226,
            0.04451547563076019,
            0.014809966087341309,
            0.029898248612880707,
            0.021638359874486923,
            0.006222688127309084,
            0.02851150929927826
        ],
        "eo_cal": [
            0.0033466173335909843,
            0.03511238470673561,
            0.007557265926152468,
            0.02176906354725361,
            0.00022918074682820588,
            0.007432842627167702,
            0.004892344120889902,
            0.005202895496040583,
            0.06089658662676811
        ],
        "re_weigh": [
            0.010316443629562855,
            0.11304755508899689,
            0.021915007382631302,
            0.058773793280124664,
            0.0033976947888731956,
            0.022044209763407707,
            0.020949363708496094,
            0.01502729207277298,
            0.015139996074140072
        ],
        "dp_exp": [
            0.004261424764990807,
            0.13687264919281006,
            0.016074378043413162,
            0.03471473604440689,
            0.010616076178848743,
            0.041044630110263824,
            0.01932370848953724,
            0.006270966492593288,
            0.0
        ],
        "eo_exp": [
            0.003620835253968835,
            0.15332554280757904,
            0.031271860003471375,
            0.03528957441449165,
            0.009821418672800064,
            0.039325810968875885,
            0.029080849140882492,
            0.015596318989992142,
            0.0
        ],
        "tpr_exp": [
            0.0033780676312744617,
            0.15251527726650238,
            0.03223324939608574,
            0.035476792603731155,
            0.009745714254677296,
            0.0390097014605999,
            0.029053201898932457,
            0.01575447805225849,
            0.0
        ],
        "er_exp": [
            0.005075710825622082,
            0.13716132938861847,
            0.029880933463573456,
            0.05263072997331619,
            0.004644453525543213,
            0.038228388875722885,
            0.01649307645857334,
            0.0127140823751688,
            0.0
        ],
        "opt_shap": [
            0.013366031460464,
            0.11399223655462265,
            0.015523549169301987,
            0.06309125572443008,
            0.0011198767460882664,
            0.031108781695365906,
            0.009885398671030998,
            0.01659969426691532
        ],