{
    "error": {
        "full": 29.842931747436523,
        "partial": 32.46073532104492,
        "mip": 31.72774887084961,
        "adv_deb": 29.633506774902344,
        "eo_cal": 32.251312255859375,
        "re_weigh": 33.82198715209961,
        "dp_exp": 42.82722473144531,
        "eo_exp": 43.664920806884766,
        "tpr_exp": 38.848167419433594,
        "er_exp": 30.68062973022461,
        "opt_shap": 32.46073532104492,
        "opt_objBI": 32.04188537597656
    },
    "objBI": {
        "full": [
            0.005807252135127783,
            0.12359749525785446,
            0.0047343759797513485,
            0.007356544025242329,
            0.010344082489609718,
            0.13766860961914062,
            0.033226922154426575,
            0.047506678849458694
        ],
        "partial": [
            0.005610219668596983,
            0.13674388825893402,
            0.0073819709941744804,
            0.009716317988932133,
            0.012054076418280602,
            0.15286031365394592,
            0.04624054953455925,
            0.005519208498299122
        ],
        "mip": [
            0.0247489120811224,
            0.11633957922458649,
            0.026894330978393555,
            0.025997590273618698,
            0.02921644039452076,
            0.13450869917869568,
            0.03963688760995865,
            0.024587290361523628
        ],
        "adv_deb": [
            0.024685392156243324,
            0.13980813324451447,
            0.026823485270142555,
            0.024208417162299156,
            0.0264945887029171,
            0.14884765446186066,
            0.04428762570023537,
            0.05652746558189392
        ],
        "eo_cal": [
            0.007844802923500538,
            0.0725066140294075,
            0.008993241935968399,
            0.008966054767370224,
            0.010564153082668781,
            0.072957843542099,
            0.02104862965643406,
            0.08676844835281372
        ],
        "re_weigh": [
            0.007381904870271683,
            0.11716809868812561,
            0.005382166709750891,
            0.005996584892272949,
            0.01043353695422411,
            0.12386130541563034,
            0.02812565304338932,
            0.05711924657225609
        ],
        "dp_exp": [
            0.23804733157157898,
            0.07886822521686554,
            0.00722142867743969,
            0.014934590086340904,
            0.058506499975919724,
            0.2580944895744324,
            0.08443668484687805,
            0.002727698301896453
        ],
        "eo_exp": [
            0.2212211787700653,
            0.04696674644947052,
            0.02495248056948185,
            0.033779729157686234,
            0.06044502183794975,
            0.20751851797103882,
            0.03228920325636864,
            0.01726433075964451
        ],
        "tpr_exp": [
            0.20253747701644897,
            0.03133801743388176,
            0.029230372980237007,
            0.050752006471157074,
            0.11126632988452911,
            0.23449359834194183,
            0.1502494066953659,
            0.024128524586558342
        ],
        "er_exp": [
            0.016373682767152786,
            0.21710534393787384,
            0.017967205494642258,
            0.008853444829583168,
            0.009905618615448475,
            0.37087035179138184,
            0.03764588013291359,
            0.0002672052651178092
        ],
        "opt_shap": [
            0.02028116211295128,
            0.12864549458026886,
            0.02353956736624241,
            0.025185270234942436,
            0.023463808000087738,
            0.12481655180454254,
            0.049018457531929016,
            0.02001979574561119
        ],
        "opt_objBI": [
            0.005224664229899645,
            0.13037997484207153,
            0.0075014503672719,
            0.007862336002290249,
            0.013601820915937424,
            0.1443173736333847,
            0.03692610189318657,
            0.003483245614916086
        ]
    },
    "shap": {
        "full": [
            0.003889505984261632,
            0.12329638749361038,
            0.0020845704711973667,
            0.00407538004219532,
            0.006706944666802883,
            0.13409174978733063,
            0.0323067232966423,
            0.048651356250047684
        ],
        "partial": [
            0.000773529231082648,
            0.13832372426986694,
            0.002658182755112648,
            0.0041810632683336735,
            0.00538849039003253,
            0.146449476480484,
            0.034618742763996124
        ],
        "mip": [
            0.0035708388313651085,
            0.12090916931629181,
            0.0023246912751346827,
            0.002263840986415744,
            0.006589068565517664,
            0.13595718145370483,
            0.02621433511376381
        ],
        "adv_deb": [
            0.011746341362595558,
            0.13300864398479462,
            0.004048675298690796,
            0.004477224312722683,
            0.005598111543804407,
            0.15326426923274994,
            0.024325186386704445,
            0.04459453746676445
        ],
        "eo_cal": [
            4.068638008902781e-05,
            0.06653792411088943,
            0.0018910325597971678,
            0.0021735040936619043,
            0.0032191865611821413,
            0.08142640441656113,
            0.015039509162306786,
            0.09644747525453568
        ],
        "re_weigh": [
            0.0055207060649991035,
            0.12300925701856613,
            0.002173477550968528,
            0.0019402499310672283,
            0.007525969296693802,
            0.13480322062969208,
            0.025658536702394485,
            0.052462268620729446
        ],
        "dp_exp": [
            0.23427370190620422,
            0.07205174118280411,
            0.0023010852746665478,
            0.010967237874865532,
            0.05224081128835678,
            0.25806376338005066,
            0.09112069010734558,
            0.0
        ],
        "eo_exp": [
            0.22639361023902893,
            0.10039079934358597,
            0.006767893675714731,
            0.01688971184194088,
            0.054567575454711914,
            0.20691069960594177,
            0.0770392045378685,
            0.0
        ],
        "tpr_exp": [
            0.17392845451831818,
            0.10884159058332443,
            0.006530816666781902,
            0.020907172933220863,
            0.05506822094321251,
            0.21905162930488586,
            0.15577232837677002,
            0.0
        ],
        "er_exp": [
            0.01770278625190258,
            0.22902646660804749,
            0.009285843931138515,
            0.009061497636139393,
            0.006514125037938356,
            0.37366461753845215,
            0.035862166434526443,
            0.0
        ],
        "opt_shap": [
            0.003720356384292245,
            0.12601067125797272,
            0.0037910700775682926,
            0.005797965917736292,
            0.006269266363233328,
            0.13558654487133026,
            0.03336738049983978
        ],
        "opt_objBI": [
            0.003304937155917287,
            0.12526166439056396,
            0.0035047729033976793,
            0.004109725821763277,
            0.008093920536339283,
            0.135930135846138,
            0.03379077464342117
        ]
    },
    "di": {
        "full": 0.29317453046266606,
        "partial": 0.5097780707536805,
        "mip": 0.507909484287437,
        "adv_deb": 0.386439070649597,
        "eo_cal": 0.21981981981981982,
        "re_weigh": 0.9954706087302773,
        "dp_exp": 0.8630286337292706,
        "eo_exp": 0.9576699987658891,
        "tpr_exp": 0.7547169811320755,
        "er_exp": 0.6092690628773103,
        "opt_shap": 0.4815295644989968,
        "opt_objBI": 0.4886242174377768
    },