{
    "error": {
        "full": 28.049999237060547,
        "partial": 27.900001525878906,
        "mip": 27.75,
        "adv_deb": 27.599998474121094,
        "eo_cal": 28.899999618530273,
        "re_weigh": 29.399999618530273,
        "dp_exp": 30.5,
        "eo_exp": 30.05000114440918,
        "tpr_exp": 30.000001907348633,
        "er_exp": 31.799999237060547,
        "opt_shap": 28.049999237060547,
        "opt_objBI": 28.0
    },
    "objBI": {
        "full": [
            0.030276449397206306,
            0.1534522920846939,
            0.006907776929438114
        ],
        "partial": [
            0.0029393909499049187,
            0.2093353122472763,
            0.0027692154981195927
        ],
        "mip": [
            0.014194474555552006,
            0.20930179953575134,
            0.014454110525548458
        ],
        "adv_deb": [
            0.009423010982573032,
            0.21186111867427826,
            0.01226065680384636
        ],
        "eo_cal": [
            0.006521436385810375,
            0.10496436804533005,
            0.04269753396511078
        ],
        "re_weigh": [
            0.003612689208239317,
            0.20865562558174133,
            0.06876914948225021
        ],
        "dp_exp": [
            0.15836456418037415,
            0.286929726600647,
            0.0010213564382866025
        ],
        "eo_exp": [
            0.1492214947938919,
            0.27736204862594604,
            0.000592131051234901
        ],
        "tpr_exp": [
            0.12726296484470367,
            0.29970911145210266,
            0.014018942601978779
        ],
        "er_exp": [
            0.13625198602676392,
            0.2874913513660431,
            0.022606132552027702
        ],
        "opt_shap": [
            0.006755396723747253,
            0.19838333129882812,
            0.0035079349763691425
        ],
        "opt_objBI": [
            0.01608867757022381,
            0.19931262731552124,
            0.016200991347432137
        ]
    },
    "shap": {
        "full": [
            0.029729200527071953,
            0.1564749926328659,
            0.0
        ],
        "partial": [
            0.0017256767023354769,
            0.20561978220939636
        ],
        "mip": [
            0.0041693225502967834,
            0.20511771738529205
        ],
        "adv_deb": [
            0.01909586787223816,
            0.20809997618198395
        ],
        "eo_cal": [
            0.0001952002348843962,
            0.10865937918424606
        ],
        "re_weigh": [
            0.003458851482719183,
            0.2088898867368698
        ],
        "dp_exp": [
            0.16181232035160065,
            0.27732497453689575
        ],
        "eo_exp": [
            0.1552339345216751,
            0.29486945271492004
        ],
        "tpr_exp": [
            0.13262997567653656,
            0.29494509100914
        ],
        "er_exp": [
            0.16250263154506683,
            0.32812270522117615
        ],
        "opt_shap": [
            0.005773349665105343,
            0.20112094283103943
        ],
        "opt_objBI": [
            0.0023722094483673573,
            0.19958914816379547
        ]
    },
    "di": {
        "full": 0.7795232100319671,
        "partial": 0.7694806510578304,
        "mip": 0.7695010071502897,
        "adv_deb": 0.7834509781507695,
        "eo_cal": 0.7345132743362832,
        "re_weigh": 0.9665683382497542,
        "dp_exp": 0.9863615465415579,
        "eo_exp": 0.9588091887454556,
        "tpr_exp": 0.954319200322626,
        "er_exp": 0.9934174587566917,
        "opt_shap": 0.7861839558147946,
        "opt_objBI": 0.772838046316075
    },
    "dd": {
        "full": -0.21442096765965357,
        "partial": -0.2162144859864501,
        "mip": -0.21736781929977766,
        "adv_deb": -0.20465314475883534,
        "eo_cal": -0.2654867256637168,
        "re_weigh": -0.02897637417213572,
        "dp_exp": -0.009177652341526676,
        "eo_exp": -0.02653666909736918,
        "tpr_exp": -0.04026863763627686,
        "er_exp": -0.031846203552826746,
        "opt_shap": -0.20163527259377967,
        "opt_objBI": -0.2144519766212435
    },
    "eqopp": {
        "full": -0.12553643466502318,
        "partial": -0.14354664300823305,
        "mip": -0.14250368534283286,
        "adv_deb": -0.12866530766122386,
        "eo_cal": -0.15851602023608768,
        "re_weigh": -0.016443514360985345,
        "dp_exp": -0.009594307528032253,
        "eo_exp": -0.02511902585045067,
        "tpr_exp": -0.04838014226664955,
        "er_exp": 0.03935020576967796,
        "opt_shap": -0.13709701086527104,
        "opt_objBI": -0.14250368534283286
    },
    "eqodd": {
        "full": 0.21615005295771147,
        "partial": 0.19953155623388946,
        "mip": 0.20206812025376372,
        "adv_deb": 0.19019210378264262,
        "eo_cal": 0.2868051799293646,
        "re_weigh": 0.03528443706536635,
        "dp_exp": 0.03875542047332217,
        "eo_exp": 0.038135269388320306,
        "tpr_exp": 0.023889816179189727,
        "er_exp": 0.015228570715178025,
        "opt_shap": 0.1830951955509598,
        "opt_objBI": 0.19946978318948488
    }
}