{
    "error": {
        "full": 26.0,
        "partial": 26.399999618530273,
        "mip": 25.600000381469727,
        "adv_deb": 25.799999237060547,
        "eo_cal": 26.69999885559082,
        "re_weigh": 27.350000381469727,
        "dp_exp": 28.25,
        "eo_exp": 27.350000381469727,
        "tpr_exp": 27.299999237060547,
        "er_exp": 32.79999923706055,
        "opt_shap": 26.350000381469727,
        "opt_objBI": 26.350000381469727
    },
    "objBI": {
        "full": [
            0.037847429513931274,
            0.16603292524814606,
            0.029955627396702766
        ],
        "partial": [
            0.03985024243593216,
            0.1283649504184723,
            0.009267391636967659
        ],
        "mip": [
            0.007591835223138332,
            0.21318311989307404,
            0.007407004479318857
        ],
        "adv_deb": [
            0.011692539788782597,
            0.2044532299041748,
            0.011203617788851261
        ],
        "eo_cal": [
            0.010602923110127449,
            0.10305188596248627,
            0.040056295692920685
        ],
        "re_weigh": [
            0.0022741712164133787,
            0.21758310496807098,
            0.07505331188440323
        ],
        "dp_exp": [
            0.11305912584066391,
            0.11056993901729584,
            0.007564781233668327
        ],
        "eo_exp": [
            0.12156471610069275,
            0.13469235599040985,
            0.018068697303533554
        ],
        "tpr_exp": [
            0.10655924677848816,
            0.12665624916553497,
            0.017889829352498055
        ],
        "er_exp": [
            0.2203606516122818,
            0.16671417653560638,
            0.004487034399062395
        ],
        "opt_shap": [
            0.035638999193906784,
            0.13563446700572968,
            0.006438782438635826
        ],
        "opt_objBI": [
            0.03643084317445755,
            0.1363440603017807,
            0.004337236750870943
        ]
    },
    "shap": {
        "full": [
            0.036083102226257324,
            0.16657701134681702,
            0.0
        ],
        "partial": [
            0.039552781730890274,
            0.1285286247730255
        ],
        "mip": [
            0.0037810944486409426,
            0.206550732254982
        ],
        "adv_deb": [
            0.010568451136350632,
            0.20938608050346375
        ],
        "eo_cal": [
            0.0038294761907309294,
            0.11748103052377701
        ],
        "re_weigh": [
            1.9326214442116907e-06,
            0.2114357352256775
        ],
        "dp_exp": [
            0.12415986508131027,
            0.10898543149232864
        ],
        "eo_exp": [
            0.13030873239040375,
            0.13707853853702545
        ],
        "tpr_exp": [
            0.1146528497338295,
            0.14080645143985748
        ],
        "er_exp": [
            0.2110106498003006,
            0.17155821621418
        ],
        "opt_shap": [
            0.035671111196279526,
            0.13345715403556824
        ],
        "opt_objBI": [
            0.03555465489625931,
            0.1332995891571045
        ]
    },
    "di": {
        "full": 0.7825044687293176,
        "partial": 0.8952330436862659,
        "mip": 0.7779949571997627,
        "adv_deb": 0.8124317781452302,
        "eo_cal": 0.7342995169082126,
        "re_weigh": 0.968531693749085,
        "dp_exp": 0.9930348752564357,
        "eo_exp": 0.9645918208330551,
        "tpr_exp": 0.9567635598203933,
        "er_exp": 0.9751600787459769,
        "opt_shap": 0.8861506746626686,
        "opt_objBI": 0.8861506746626686
    },
    "dd": {
        "full": -0.20893094040199234,
        "partial": -0.10085855172586422,
        "mip": -0.20981201972416208,
        "adv_deb": -0.17376786563540336,
        "eo_cal": -0.2657004830917874,
        "re_weigh": -0.0269029561212486,
        "dp_exp": -0.013086030387224445,
        "eo_exp": -0.030812745613376324,
        "tpr_exp": -0.045110260068584096,
        "er_exp": 0.006573051988686185,
        "opt_shap": -0.10948411804460467,
        "opt_objBI": -0.10948411804460467
    },
    "eqopp": {
        "full": -0.12764987462958743,
        "partial": -0.04247329773030706,
        "mip": -0.13164503891367352,
        "adv_deb": -0.1003797746588947,
        "eo_cal": -0.16310975609756095,
        "re_weigh": 0.017248607899964186,
        "dp_exp": 0.019499576671334173,
        "eo_exp": 0.004066397473053596,
        "tpr_exp": -0.001274056465531248,
        "er_exp": 0.051684766680777594,
        "opt_shap": -0.050095248949819204,
        "opt_objBI": -0.050095248949819204
    },
    "eqodd": {
        "full": 0.22067043716820914,
        "partial": 0.10719018155351473,
        "mip": 0.2127124832993072,
        "adv_deb": 0.17263687257326638,
        "eo_cal": 0.3031907619537937,
        "re_weigh": 0.02473639229162189,
        "dp_exp": 0.01840074931598716,
        "eo_exp": 0.01657989978761716,
        "tpr_exp": 0.03923148793981408,
        "er_exp": 0.018812754817538246,
        "opt_shap": 0.11528264841705754,
        "opt_objBI": 0.11528264841705754
    }
}