{
    "error": {
        "full": 27.849998474121094,
        "partial": 27.299999237060547,
        "mip": 26.850000381469727,
        "adv_deb": 27.05000114440918,
        "eo_cal": 27.25,
        "re_weigh": 27.849998474121094,
        "dp_exp": 28.60000228881836,
        "eo_exp": 27.799999237060547,
        "tpr_exp": 28.150001525878906,
        "er_exp": 35.29999923706055,
        "opt_shap": 27.350000381469727,
        "opt_objBI": 27.25
    },
    "objBI": {
        "full": [
            0.014503947459161282,
            0.18772779405117035,
            0.012294217944145203
        ],
        "partial": [
            0.011728660203516483,
            0.18038436770439148,
            0.007445014547556639
        ],
        "mip": [
            0.008027284406125546,
            0.19406670331954956,
            0.0016845130594447255
        ],
        "adv_deb": [
            0.019848128780722618,
            0.18156081438064575,
            0.01735515519976616
        ],
        "eo_cal": [
            0.006930176168680191,
            0.10029859095811844,
            0.04293985664844513
        ],
        "re_weigh": [
            0.010528204031288624,
            0.18324582278728485,
            0.06518319994211197
        ],
        "dp_exp": [
            0.1036837100982666,
            0.04636020213365555,
            0.02214105986058712
        ],
        "eo_exp": [
            0.10613074898719788,
            0.0703253522515297,
            0.0020183506421744823
        ],
        "tpr_exp": [
            0.09706978499889374,
            0.06079213693737984,
            0.009000000543892384
        ],
        "er_exp": [
            0.14179885387420654,
            0.17862515151500702,
            0.005279869772493839
        ],
        "opt_shap": [
            0.011229966767132282,
            0.18378396332263947,
            0.00035252416273579
        ],
        "opt_objBI": [
            0.01087957713752985,
            0.1832929402589798,
            0.005088940262794495
        ]
    },
    "shap": {
        "full": [
            0.010860059410333633,
            0.18350672721862793,
            0.0
        ],
        "partial": [
            0.009989414364099503,
            0.18524599075317383
        ],
        "mip": [
            0.0076684365049004555,
            0.1895594745874405
        ],
        "adv_deb": [
            0.015168077312409878,
            0.1845964938402176
        ],
        "eo_cal": [
            0.003453513840213418,
            0.10337643325328827
        ],
        "re_weigh": [
            0.007942168042063713,
            0.1939476877450943
        ],
        "dp_exp": [
            0.11085502803325653,
            0.04939205199480057
        ],
        "eo_exp": [
            0.12080013006925583,
            0.07648663222789764
        ],
        "tpr_exp": [
            0.10857919603586197,
            0.06543809175491333
        ],
        "er_exp": [
            0.16714459657669067,
            0.19018802046775818
        ],
        "opt_shap": [
            0.011737313121557236,
            0.1837710589170456
        ],
        "opt_objBI": [
            0.010804201476275921,
            0.18365737795829773
        ]
    },
    "di": {
        "full": 0.7352901147756657,
        "partial": 0.7727498842320258,
        "mip": 0.7956556989036453,
        "adv_deb": 0.8286764981800443,
        "eo_cal": 0.7304964539007093,
        "re_weigh": 0.9597564762494079,
        "dp_exp": 0.9710695215199923,
        "eo_exp": 0.9580664518569733,
        "tpr_exp": 0.9685357037879253,
        "er_exp": 0.9448428493702111,
        "opt_shap": 0.7743726647475381,
        "opt_objBI": 0.7733015923261701
    },
    "dd": {
        "full": -0.24511142383062734,
        "partial": -0.21154675140098678,
        "mip": -0.19385476145468594,
        "adv_deb": -0.15982301008870503,
        "eo_cal": -0.2695035460992907,
        "re_weigh": -0.035516002204372565,
        "dp_exp": -0.02013540288308724,
        "eo_exp": -0.03655417765602387,
        "tpr_exp": -0.02525326780225856,
        "er_exp": -0.011515946194906923,
        "opt_shap": -0.21048157138556423,
        "opt_objBI": -0.21058558896453494
    },
    "eqopp": {
        "full": -0.1632774542969847,
        "partial": -0.1304752442873851,
        "mip": -0.1144409371580919,
        "adv_deb": -0.08689127272574837,
        "eo_cal": -0.16803953871499178,
        "re_weigh": 0.0027226882301897293,
        "dp_exp": 0.00513726624495392,
        "eo_exp": -0.006019677134029955,
        "tpr_exp": -0.004894131653189526,
        "er_exp": 0.040660068496883195,
        "opt_shap": -0.13010006246043826,
        "opt_objBI": -0.12920297965634187
    },
    "eqodd": {
        "full": 0.24796726876685543,
        "partial": 0.21403196482859865,
        "mip": 0.19817803871584166,
        "adv_deb": 0.15934524220567503,
        "eo_cal": 0.2998092430417064,
        "re_weigh": 0.014855431757107393,
        "dp_exp": 0.009026596893373928,
        "eo_exp": 0.016378509934928523,
        "tpr_exp": 0.01558883178377335,
        "er_exp": 0.0416975051941014,
        "opt_shap": 0.21341543813956299,
        "opt_objBI": 0.21250897881495506
    }
}