{
    "error": {
        "full": 27.100000381469727,
        "partial": 27.200000762939453,
        "mip": 26.94999885559082,
        "adv_deb": 27.450000762939453,
        "eo_cal": 27.299999237060547,
        "re_weigh": 29.30000114440918,
        "dp_exp": 29.149999618530273,
        "eo_exp": 29.19999885559082,
        "tpr_exp": 29.0,
        "er_exp": 33.54999923706055,
        "opt_shap": 27.5,
        "opt_objBI": 27.200000762939453
    },
    "objBI": {
        "full": [
            0.013942531310021877,
            0.19442510604858398,
            0.013276196084916592
        ],
        "partial": [
            0.009034600108861923,
            0.19770629703998566,
            0.0036436121445149183
        ],
        "mip": [
            0.014845127239823341,
            0.20684991776943207,
            0.014762062579393387
        ],
        "adv_deb": [
            0.012367225252091885,
            0.20782892405986786,
            0.012471701018512249
        ],
        "eo_cal": [
            0.004779424052685499,
            0.11475581675767899,
            0.045728933066129684
        ],
        "re_weigh": [
            0.006433915812522173,
            0.20720967650413513,
            0.06921107321977615
        ],
        "dp_exp": [
            0.13652004301548004,
            0.27697327733039856,
            0.01185150258243084
        ],
        "eo_exp": [
            0.1375211626291275,
            0.29372307658195496,
            0.0152865806594491
        ],
        "tpr_exp": [
            0.13225778937339783,
            0.2669984996318817,
            0.0057218302972614765
        ],
        "er_exp": [
            0.14555153250694275,
            0.2869289219379425,
            0.01658458821475506
        ],
        "opt_shap": [
            0.008294913917779922,
            0.19915585219860077,
            0.000922681821975857
        ],
        "opt_objBI": [
            0.010614144615828991,
            0.19882889091968536,
            0.008791634812951088
        ]
    },
    "shap": {
        "full": [
            0.008077447302639484,
            0.19969463348388672,
            0.0
        ],
        "partial": [
            0.00846394058316946,
            0.19666101038455963
        ],
        "mip": [
            0.0077780685387551785,
            0.20268064737319946
        ],
        "adv_deb": [
            0.013680498115718365,
            0.21228903532028198
        ],
        "eo_cal": [
            0.004183947574347258,
            0.11461999267339706
        ],
        "re_weigh": [
            0.005298133008182049,
            0.206272155046463
        ],
        "dp_exp": [
            0.1533098816871643,
            0.25261253118515015
        ],
        "eo_exp": [
            0.1483076512813568,
            0.27982720732688904
        ],
        "tpr_exp": [
            0.13905563950538635,
            0.26379022002220154
        ],
        "er_exp": [
            0.17751014232635498,
            0.3248752951622009
        ],
        "opt_shap": [
            0.0084017189219594,
            0.19901742041110992
        ],
        "opt_objBI": [
            0.00813363678753376,
            0.1989130824804306
        ]
    },
    "di": {
        "full": 0.7427116032638601,
        "partial": 0.7165270470044032,
        "mip": 0.7400894187779434,
        "adv_deb": 0.7525433695971773,
        "eo_cal": 0.7253588516746412,
        "re_weigh": 0.923450546145234,
        "dp_exp": 0.9746609016285501,
        "eo_exp": 0.9456073896863371,
        "tpr_exp": 0.9442682498573373,
        "er_exp": 0.9625279680561769,
        "opt_shap": 0.7100032393565895,
        "opt_objBI": 0.7165270470044032
    },
    "dd": {
        "full": -0.24597309551842483,
        "partial": -0.26803777649740723,
        "mip": -0.24902427415516415,
        "adv_deb": -0.23190961697437318,
        "eo_cal": -0.2746411483253588,
        "re_weigh": -0.06885443022119786,
        "dp_exp": -0.024364337784012702,
        "eo_exp": -0.049209649540319145,
        "tpr_exp": -0.050978230917608114,
        "er_exp": -0.04247100378265989,
        "opt_shap": -0.2735990380520553,
        "opt_objBI": -0.26803777649740723
    },
    "eqopp": {
        "full": -0.1683351787243822,
        "partial": -0.18430024860551109,
        "mip": -0.17098418534689874,
        "adv_deb": -0.14846762905550803,
        "eo_cal": -0.17507886435331232,
        "re_weigh": -0.03598512545177257,
        "dp_exp": -0.01957507259698743,
        "eo_exp": -0.03106106503436601,
        "tpr_exp": -0.035095159504460294,
        "er_exp": 0.027691311341842995,
        "opt_shap": -0.19111496438047093,
        "opt_objBI": -0.18430024860551109
    },
    "eqodd": {
        "full": 0.24307878157630303,
        "partial": 0.2654591267358456,
        "mip": 0.24561982989972675,
        "adv_deb": 0.23172773180269318,
        "eo_cal": 0.30165135431777534,
        "re_weigh": 0.04687942403975491,
        "dp_exp": 0.02922759506940789,
        "eo_exp": 0.01568073936821189,
        "tpr_exp": 0.023092398356211796,
        "er_exp": 0.020917042568833116,
        "opt_shap": 0.2712995746476564,
        "opt_objBI": 0.2654591267358456
    }
}