{
    "error": {
        "full": 27.75,
        "partial": 28.150001525878906,
        "mip": 27.399999618530273,
        "adv_deb": 27.450000762939453,
        "eo_cal": 27.75,
        "re_weigh": 28.349998474121094,
        "dp_exp": 30.05000114440918,
        "eo_exp": 30.05000114440918,
        "tpr_exp": 29.100000381469727,
        "er_exp": 36.25,
        "opt_shap": 28.049999237060547,
        "opt_objBI": 28.049999237060547
    },
    "objBI": {
        "full": [
            0.01085055060684681,
            0.19043514132499695,
            0.013116437941789627
        ],
        "partial": [
            0.019457703456282616,
            0.18955427408218384,
            0.00834630522876978
        ],
        "mip": [
            0.020073451101779938,
            0.20110906660556793,
            0.020009566098451614
        ],
        "adv_deb": [
            0.010036065243184566,
            0.18929752707481384,
            0.00952963437885046
        ],
        "eo_cal": [
            0.007724734488874674,
            0.10570099204778671,
            0.05192386731505394
        ],
        "re_weigh": [
            0.00844382680952549,
            0.19837406277656555,
            0.0705857053399086
        ],
        "dp_exp": [
            0.10272986441850662,
            0.15363678336143494,
            0.0004631075426004827
        ],
        "eo_exp": [
            0.12166635692119598,
            0.18420733511447906,
            0.007034493610262871
        ],
        "tpr_exp": [
            0.09021551162004471,
            0.17073361575603485,
            0.0007716966792941093
        ],
        "er_exp": [
            0.1713968962430954,
            0.2420467734336853,
            0.010034458711743355
        ],
        "opt_shap": [
            0.016649194061756134,
            0.17613813281059265,
            0.011875350028276443
        ],
        "opt_objBI": [
            0.015542874112725258,
            0.18883159756660461,
            0.010120972990989685
        ]
    },
    "shap": {
        "full": [
            0.009680168703198433,
            0.1880679428577423,
            0.0
        ],
        "partial": [
            0.017338035628199577,
            0.18185830116271973
        ],
        "mip": [
            0.0036557051353156567,
            0.19535768032073975
        ],
        "adv_deb": [
            0.011802121065557003,
            0.18812091648578644
        ],
        "eo_cal": [
            0.00035698531428352,
            0.10495816916227341
        ],
        "re_weigh": [
            0.0015234744641929865,
            0.19569507241249084
        ],
        "dp_exp": [
            0.09892123192548752,
            0.1274385005235672
        ],
        "eo_exp": [
            0.1197887435555458,
            0.15328821539878845
        ],
        "tpr_exp": [
            0.09456203877925873,
            0.16720522940158844
        ],
        "er_exp": [
            0.19347213208675385,
            0.2444826066493988
        ],
        "opt_shap": [
            0.01322013046592474,
            0.1860845535993576
        ],
        "opt_objBI": [
            0.013244563713669777,
            0.18563693761825562
        ]
    },
    "di": {
        "full": 0.7227266535117775,
        "partial": 0.7621480686496166,
        "mip": 0.7778392263303814,
        "adv_deb": 0.7696806299290772,
        "eo_cal": 0.7312687312687313,
        "re_weigh": 0.9567438148443734,
        "dp_exp": 0.9854353411541239,
        "eo_exp": 0.9801053377002744,
        "tpr_exp": 0.9490072360936822,
        "er_exp": 0.9305694305694305,
        "opt_shap": 0.7591020378585146,
        "opt_objBI": 0.7591020378585146
    },
    "dd": {
        "full": -0.26866926866926866,
        "partial": -0.23070923070923077,
        "mip": -0.2137102137102137,
        "adv_deb": -0.22271122271122268,
        "eo_cal": -0.26873126873126874,
        "re_weigh": -0.038753038753038815,
        "dp_exp": -0.013888013888013861,
        "eo_exp": -0.018875018875018856,
        "tpr_exp": -0.04183804183804185,
        "er_exp": -0.04537604537604534,
        "opt_shap": -0.23269923269923265,
        "opt_objBI": -0.23269923269923265
    },
    "eqopp": {
        "full": -0.1901737242128121,
        "partial": -0.16411509229098797,
        "mip": -0.14235362899858006,
        "adv_deb": -0.14817506055291063,
        "eo_cal": -0.17752442996742668,
        "re_weigh": 0.0023511233608952686,
        "dp_exp": -0.0015618474901862855,
        "eo_exp": -0.0029483003424372045,
        "tpr_exp": -0.03039338511651224,
        "er_exp": -0.017794203624822535,
        "opt_shap": -0.16480831871711343,
        "opt_objBI": -0.16480831871711343
    },
    "eqodd": {
        "full": 0.277505183581752,
        "partial": 0.23704321036976925,
        "mip": 0.2173309329375754,
        "adv_deb": 0.22967494311139922,
        "eo_cal": 0.29548056123694333,
        "re_weigh": 0.025050822733153733,
        "dp_exp": 0.006647488884253858,
        "eo_exp": 0.006451305506768333,
        "tpr_exp": 0.045328335388371346,
        "er_exp": 0.025180088218561852,
        "opt_shap": 0.23799157219350062,
        "opt_objBI": 0.23799157219350062
    }
}