{
    "error": {
        "full": 26.94999885559082,
        "partial": 27.450000762939453,
        "mip": 27.25,
        "adv_deb": 27.350000381469727,
        "eo_cal": 27.900001525878906,
        "re_weigh": 28.700000762939453,
        "dp_exp": 31.049999237060547,
        "eo_exp": 30.599998474121094,
        "tpr_exp": 28.950000762939453,
        "er_exp": 35.79999923706055,
        "opt_shap": 27.350000381469727,
        "opt_objBI": 27.399999618530273
    },
    "objBI": {
        "full": [
            0.009991958737373352,
            0.18854093551635742,
            0.0088394396007061
        ],
        "partial": [
            0.008997160941362381,
            0.18959827721118927,
            0.00858717318624258
        ],
        "mip": [
            0.005546802654862404,
            0.1985025256872177,
            0.00475262850522995
        ],
        "adv_deb": [
            0.012961125001311302,
            0.19498497247695923,
            0.004674295429140329
        ],
        "eo_cal": [
            0.005929214414209127,
            0.10020197182893753,
            0.04874125123023987
        ],
        "re_weigh": [
            0.01588447391986847,
            0.19701267778873444,
            0.07876622676849365
        ],
        "dp_exp": [
            0.10098937153816223,
            0.027416156604886055,
            0.0019232503836974502
        ],
        "eo_exp": [
            0.08033551275730133,
            0.03545420616865158,
            0.015313491225242615
        ],
        "tpr_exp": [
            0.08572331070899963,
            0.13201937079429626,
            0.009875645861029625
        ],
        "er_exp": [
            0.26364845037460327,
            0.12427571415901184,
            0.003010940970852971
        ],
        "opt_shap": [
            0.005796231795102358,
            0.19181877374649048,
            0.002915281569585204
        ],
        "opt_objBI": [
            0.006050961557775736,
            0.19578561186790466,
            0.004452426452189684
        ]
    },
    "shap": {
        "full": [
            0.00495562981814146,
            0.19105243682861328,
            0.0
        ],
        "partial": [
            0.005167970433831215,
            0.19247613847255707
        ],
        "mip": [
            0.003734802594408393,
            0.19465413689613342
        ],
        "adv_deb": [
            0.012216946110129356,
            0.19114436209201813
        ],
        "eo_cal": [
            0.00027194261201657355,
            0.11106289178133011
        ],
        "re_weigh": [
            0.0011898507364094257,
            0.1958378553390503
        ],
        "dp_exp": [
            0.10733591765165329,
            0.05235108360648155
        ],
        "eo_exp": [
            0.11537278443574905,
            0.050298646092414856
        ],
        "tpr_exp": [
            0.09807168692350388,
            0.14192834496498108
        ],
        "er_exp": [
            0.29153957962989807,
            0.13095974922180176
        ],
        "opt_shap": [
            0.005178563762456179,
            0.18745025992393494
        ],
        "opt_objBI": [
            0.004818290006369352,
            0.1894446760416031
        ]
    },
    "di": {
        "full": 0.7259939746712233,
        "partial": 0.7581839629672216,
        "mip": 0.7897816605826942,
        "adv_deb": 0.7950644810548192,
        "eo_cal": 0.7502374169040835,
        "re_weigh": 0.9787203257578106,
        "dp_exp": 0.9811848437316603,
        "eo_exp": 0.9855728577189765,
        "tpr_exp": 0.9355153857069566,
        "er_exp": 1.018063859743172,
        "opt_shap": 0.7750124134367911,
        "opt_objBI": 0.7588772581281945
    },
    "dd": {
        "full": -0.2551988535797054,
        "partial": -0.22777181101714716,
        "mip": -0.20045106704733595,
        "adv_deb": -0.1941152697928481,
        "eo_cal": -0.24976258309591648,
        "re_weigh": -0.018583200209388195,
        "dp_exp": -0.012714715636222174,
        "eo_exp": -0.030552822879468478,
        "tpr_exp": -0.0602973753272944,
        "er_exp": 1.2033802952449157e-05,
        "opt_shap": -0.21310862211953374,
        "opt_objBI": -0.2266095462153188
    },
    "eqopp": {
        "full": -0.17117569892839501,
        "partial": -0.14831464981174503,
        "mip": -0.1303644138542004,
        "adv_deb": -0.11912448677104448,
        "eo_cal": -0.15506329113924056,
        "re_weigh": 0.011770192684464331,
        "dp_exp": -0.010256060786752341,
        "eo_exp": -0.010256060786752341,
        "tpr_exp": -0.017911903504438054,
        "er_exp": 0.036584067328824244,
        "opt_shap": -0.13494727158117104,
        "opt_objBI": -0.1498969282927577
    },
    "eqodd": {
        "full": 0.24312010227030806,
        "partial": 0.22153052596776995,
        "mip": 0.1913291027400572,
        "adv_deb": 0.18808443611059325,
        "eo_cal": 0.27349364081902644,
        "re_weigh": 0.017249261960973733,
        "dp_exp": 0.0022645231567686858,
        "eo_exp": 0.01160377727241893,
        "tpr_exp": 0.049896021859647186,
        "er_exp": 0.06245976638703135,
        "opt_shap": 0.2078723130762266,
        "opt_objBI": 0.21741970442396255
    }
}