{
    "error": {
        "full": 27.450000762939453,
        "partial": 26.399999618530273,
        "mip": 26.899999618530273,
        "adv_deb": 26.44999885559082,
        "eo_cal": 27.900001525878906,
        "re_weigh": 28.049999237060547,
        "dp_exp": 29.100000381469727,
        "eo_exp": 28.299999237060547,
        "tpr_exp": 28.650001525878906,
        "er_exp": 36.70000076293945,
        "opt_shap": 27.000001907348633,
        "opt_objBI": 27.000001907348633
    },
    "objBI": {
        "full": [
            0.014928333461284637,
            0.1900711953639984,
            0.013273720629513264
        ],
        "partial": [
            0.011152350343763828,
            0.18087264895439148,
            0.008410686627030373
        ],
        "mip": [
            0.016910750418901443,
            0.19984132051467896,
            0.007059931755065918
        ],
        "adv_deb": [
            0.007420722395181656,
            0.1908358335494995,
            0.006031904835253954
        ],
        "eo_cal": [
            0.010856504552066326,
            0.0998803973197937,
            0.05672752484679222
        ],
        "re_weigh": [
            0.015331601724028587,
            0.19974008202552795,
            0.07515615969896317
        ],
        "dp_exp": [
            0.05726177245378494,
            0.053822245448827744,
            0.0091188233345747
        ],
        "eo_exp": [
            0.07357961684465408,
            0.06626198440790176,
            0.006133303977549076
        ],
        "tpr_exp": [
            0.048732832074165344,
            0.0892321839928627,
            0.00876397080719471
        ],
        "er_exp": [
            0.28012773394584656,
            0.1356191188097,
            0.015375558286905289
        ],
        "opt_shap": [
            0.012549076229333878,
            0.18239209055900574,
            0.0007755131809972227
        ],
        "opt_objBI": [
            0.019913924857974052,
            0.1874741166830063,
            0.016017021611332893
        ]
    },
    "shap": {
        "full": [
            0.01494455523788929,
            0.19195732474327087,
            0.0
        ],
        "partial": [
            0.008823787793517113,
            0.18074670433998108
        ],
        "mip": [
            0.01564915105700493,
            0.19800081849098206
        ],
        "adv_deb": [
            0.014805570244789124,
            0.1918954998254776
        ],
        "eo_cal": [
            0.009022415615618229,
            0.10367312282323837
        ],
        "re_weigh": [
            0.014613322913646698,
            0.19823749363422394
        ],
        "dp_exp": [
            0.06421805173158646,
            0.06289072334766388
        ],
        "eo_exp": [
            0.08615462481975555,
            0.08402616530656815
        ],
        "tpr_exp": [
            0.05718914791941643,
            0.09496636688709259
        ],
        "er_exp": [
            0.29315418004989624,
            0.1303483545780182
        ],
        "opt_shap": [
            0.012928063981235027,
            0.18625840544700623
        ],
        "opt_objBI": [
            0.012920412234961987,
            0.18535275757312775
        ]
    },
    "di": {
        "full": 0.7384424951348989,
        "partial": 0.808611897779112,
        "mip": 0.7843671235076258,
        "adv_deb": 0.8047072812330681,
        "eo_cal": 0.7375745526838966,
        "re_weigh": 0.9846683389901693,
        "dp_exp": 0.9776598575040798,
        "eo_exp": 0.966913721099527,
        "tpr_exp": 0.9526717461301737,
        "er_exp": 1.0191919350041483,
        "opt_shap": 0.7892012332782964,
        "opt_objBI": 0.7892012332782964
    },
    "dd": {
        "full": -0.24892696137060932,
        "partial": -0.18233856418831074,
        "mip": -0.20413534887255946,
        "adv_deb": -0.18527266981611346,
        "eo_cal": -0.2624254473161034,
        "re_weigh": -0.013434483641411088,
        "dp_exp": -0.0233048389742031,
        "eo_exp": -0.032107155857610814,
        "tpr_exp": -0.04318555467996854,
        "er_exp": -0.014734530443096028,
        "opt_shap": -0.20019520702745297,
        "opt_objBI": -0.20019520702745297
    },
    "eqopp": {
        "full": -0.17537695798565367,
        "partial": -0.10584101888449715,
        "mip": -0.13541209193383108,
        "adv_deb": -0.11257502561850397,
        "eo_cal": -0.1626409017713365,
        "re_weigh": 0.004245352071439057,
        "dp_exp": -0.0026350461133070047,
        "eo_exp": -0.015371102327624064,
        "tpr_exp": -0.033816425120772986,
        "er_exp": 0.07641633728590247,
        "opt_shap": -0.12897086810130287,
        "opt_objBI": -0.12897086810130287
    },
    "eqodd": {
        "full": 0.24947350247997796,
        "partial": 0.18353670176056858,
        "mip": 0.20020121037697355,
        "adv_deb": 0.18311812900157032,
        "eo_cal": 0.2930087625739799,
        "re_weigh": 0.020470285872691077,
        "dp_exp": 0.005842398256829313,
        "eo_exp": 0.012761018403941629,
        "tpr_exp": 0.038462284623246704,
        "er_exp": 0.03502653511904205,
        "opt_shap": 0.19946747328800984,
        "opt_objBI": 0.19946747328800984
    }
}