{
    "error": {
        "full": 26.249998092651367,
        "partial": 25.650001525878906,
        "mip": 26.05000114440918,
        "adv_deb": 26.30000114440918,
        "eo_cal": 26.850000381469727,
        "re_weigh": 27.450000762939453,
        "dp_exp": 28.75,
        "eo_exp": 28.450000762939453,
        "tpr_exp": 28.650001525878906,
        "er_exp": 32.400001525878906,
        "opt_shap": 25.899999618530273,
        "opt_objBI": 25.899999618530273
    },
    "objBI": {
        "full": [
            0.014022128656506538,
            0.19604086875915527,
            0.00906544178724289
        ],
        "partial": [
            0.015984144061803818,
            0.19668060541152954,
            0.008358241058886051
        ],
        "mip": [
            0.00885527953505516,
            0.21520039439201355,
            0.0009069404331967235
        ],
        "adv_deb": [
            0.01104714721441269,
            0.21117794513702393,
            0.011514675803482533
        ],
        "eo_cal": [
            0.01301854383200407,
            0.09962423145771027,
            0.026278594508767128
        ],
        "re_weigh": [
            0.01442402321845293,
            0.20284654200077057,
            0.07218960672616959
        ],
        "dp_exp": [
            0.11399096250534058,
            0.11393361538648605,
            0.006492523942142725
        ],
        "eo_exp": [
            0.11823450028896332,
            0.12895797193050385,
            0.01558136846870184
        ],
        "tpr_exp": [
            0.10904562473297119,
            0.1711145043373108,
            0.0023505003191530704
        ],
        "er_exp": [
            0.16673436760902405,
            0.18514925241470337,
            1.4305113760215704e-09
        ],
        "opt_shap": [
            0.011525052599608898,
            0.21086423099040985,
            0.001537985634058714
        ],
        "opt_objBI": [
            0.013241882435977459,
            0.2105962038040161,
            0.008600936271250248
        ]
    },
    "shap": {
        "full": [
            0.012112589552998543,
            0.20188063383102417,
            0.0
        ],
        "partial": [
            0.014447156339883804,
            0.19987967610359192
        ],
        "mip": [
            0.00913681648671627,
            0.20858846604824066
        ],
        "adv_deb": [
            0.011588039807975292,
            0.21093621850013733
        ],
        "eo_cal": [
            0.004339082632213831,
            0.10744534432888031
        ],
        "re_weigh": [
            0.008575927466154099,
            0.2098153978586197
        ],
        "dp_exp": [
            0.12817777693271637,
            0.1219499483704567
        ],
        "eo_exp": [
            0.13353092968463898,
            0.13663464784622192
        ],
        "tpr_exp": [
            0.11531396955251694,
            0.1650131493806839
        ],
        "er_exp": [
            0.170771524310112,
            0.19310663640499115
        ],
        "opt_shap": [
            0.011430041864514351,
            0.20220501720905304
        ],
        "opt_objBI": [
            0.011353924870491028,
            0.20238271355628967
        ]
    },
    "di": {
        "full": 0.7465058932450237,
        "partial": 0.7553813400343777,
        "mip": 0.7657963591827646,
        "adv_deb": 0.7616703012130298,
        "eo_cal": 0.7480237154150198,
        "re_weigh": 0.9821376100700466,
        "dp_exp": 0.9962995309137728,
        "eo_exp": 0.980747600225861,
        "tpr_exp": 0.9375431331953071,
        "er_exp": 0.9035958739034031,
        "opt_shap": 0.7497434105649335,
        "opt_objBI": 0.7494928119206689
    },
    "dd": {
        "full": -0.2278368085004241,
        "partial": -0.22431630154742288,
        "mip": -0.21879550655294366,
        "adv_deb": -0.2238562352978829,
        "eo_cal": -0.2519762845849802,
        "re_weigh": -0.015078171256661,
        "dp_exp": -0.0052887615816678,
        "eo_exp": -0.021991166728008826,
        "tpr_exp": -0.05669616424765167,
        "er_exp": -0.06880590805075926,
        "opt_shap": -0.22923300955337567,
        "opt_objBI": -0.2292090060968779
    },
    "eqopp": {
        "full": -0.1303873221348949,
        "partial": -0.12066574202496527,
        "mip": -0.12124364308830327,
        "adv_deb": -0.12712539168849857,
        "eo_cal": -0.13430420711974111,
        "re_weigh": 0.03594544613962081,
        "dp_exp": 0.022589510453588146,
        "eo_exp": 0.017735141521549314,
        "tpr_exp": 0.009490419684594409,
        "er_exp": 0.008206195099398905,
        "opt_shap": -0.12743360558894534,
        "opt_objBI": -0.12905172856629166
    },
    "eqodd": {
        "full": 0.22254312719732666,
        "partial": 0.2238852953079491,
        "mip": 0.22111105662204417,
        "adv_deb": 0.22797937709753127,
        "eo_cal": 0.28542621523499745,
        "re_weigh": 0.024350720619259025,
        "dp_exp": 0.01919838539543385,
        "eo_exp": 0.009182825642241974,
        "tpr_exp": 0.04062283912298101,
        "er_exp": 0.06921376844130095,
        "opt_shap": 0.22853826262293409,
        "opt_objBI": 0.22719215169781415
    }
}