{
    "error": {
        "full": 27.000001907348633,
        "partial": 26.850000381469727,
        "mip": 26.499998092651367,
        "adv_deb": 26.649999618530273,
        "eo_cal": 26.750001907348633,
        "re_weigh": 28.25,
        "dp_exp": 28.049999237060547,
        "eo_exp": 29.850000381469727,
        "tpr_exp": 27.700000762939453,
        "er_exp": 34.54999923706055,
        "opt_shap": 26.69999885559082,
        "opt_objBI": 26.850000381469727
    },
    "objBI": {
        "full": [
            0.004503088537603617,
            0.19174785912036896,
            0.007494714576750994
        ],
        "partial": [
            0.0069623906165361404,
            0.19038571417331696,
            0.006939263083040714
        ],
        "mip": [
            0.005525515414774418,
            0.19709369540214539,
            0.003133487654849887
        ],
        "adv_deb": [
            0.009986655786633492,
            0.19790546596050262,
            0.008128495886921883
        ],
        "eo_cal": [
            0.016893215477466583,
            0.2084801346063614,
            0.012952198274433613
        ],
        "re_weigh": [
            0.010396869853138924,
            0.19394749402999878,
            0.07051922380924225
        ],
        "dp_exp": [
            0.1486097127199173,
            0.25540396571159363,
            0.0004763305187225342
        ],
        "eo_exp": [
            0.17193187773227692,
            0.2624565064907074,
            0.01450200006365776
        ],
        "tpr_exp": [
            0.13205015659332275,
            0.2543550729751587,
            0.008412644267082214
        ],
        "er_exp": [
            0.18562960624694824,
            0.2861311137676239,
            0.00039793731411919
        ],
        "opt_shap": [
            0.010833445005118847,
            0.18456806242465973,
            0.010415444150567055
        ],
        "opt_objBI": [
            0.0035795760340988636,
            0.18441757559776306,
            0.0028802293818444014
        ]
    },
    "shap": {
        "full": [
            0.003962729126214981,
            0.18675747513771057,
            0.0
        ],
        "partial": [
            0.0015343124978244305,
            0.1858748346567154
        ],
        "mip": [
            0.004758750554174185,
            0.19533073902130127
        ],
        "adv_deb": [
            0.012760662473738194,
            0.19198967516422272
        ],
        "eo_cal": [
            0.011872749775648117,
            0.20601433515548706
        ],
        "re_weigh": [
            0.008699382655322552,
            0.19968624413013458
        ],
        "dp_exp": [
            0.15679208934307098,
            0.22829608619213104
        ],
        "eo_exp": [
            0.1779719889163971,
            0.23426266014575958
        ],
        "tpr_exp": [
            0.13168469071388245,
            0.2334781140089035
        ],
        "er_exp": [
            0.2195989489555359,
            0.32508862018585205
        ],
        "opt_shap": [
            0.004722061567008495,
            0.18196508288383484
        ],
        "opt_objBI": [
            0.002488338854163885,
            0.18694724142551422
        ]
    },
    "di": {
        "full": 0.7497980197339018,
        "partial": 0.765520176757862,
        "mip": 0.7900100744885762,
        "adv_deb": 0.7833857508892945,
        "eo_cal": 0.8000890718037783,
        "re_weigh": 1.006514171770403,
        "dp_exp": 0.9864547661363735,
        "eo_exp": 1.0007494446682526,
        "tpr_exp": 0.9440512686539312,
        "er_exp": 1.0533201531768333,
        "opt_shap": 0.7754600890773767,
        "opt_objBI": 0.7484122394217136
    },
    "dd": {
        "full": -0.23288609597486376,
        "partial": -0.22201499813498327,
        "mip": -0.20114381029429262,
        "adv_deb": -0.20814087326785946,
        "eo_cal": -0.18808069272623462,
        "re_weigh": 0.005717051453463018,
        "dp_exp": -0.02355021195190754,
        "eo_exp": 0.0026600239402154724,
        "tpr_exp": -0.044493400440604014,
        "er_exp": 0.011662104958944597,
        "opt_shap": -0.21305391748525737,
        "opt_objBI": -0.23796114165027482
    },
    "eqopp": {
        "full": -0.1773293423567618,
        "partial": -0.17444510153375414,
        "mip": -0.1482568407370255,
        "adv_deb": -0.1572304829337311,
        "eo_cal": -0.14066577724134166,
        "re_weigh": 0.01623571251243816,
        "dp_exp": -0.0024260724067567407,
        "eo_exp": 0.013113304847502616,
        "tpr_exp": -0.030592329009326957,
        "er_exp": 0.04722364068293328,
        "opt_shap": -0.16434521274555913,
        "opt_objBI": -0.18616573586489882
    },
    "eqodd": {
        "full": 0.21221576353455845,
        "partial": 0.20035753287253383,
        "mip": 0.1871832785491655,
        "adv_deb": 0.19424741923514716,
        "eo_cal": 0.16664184647548627,
        "re_weigh": 0.048860872120756224,
        "dp_exp": 0.002418363604265422,
        "eo_exp": 0.005353699545452409,
        "tpr_exp": 0.014705759346485797,
        "er_exp": 0.03548341057030338,
        "opt_shap": 0.1927035609158061,
        "opt_objBI": 0.21787588112618905
    }
}