{
    "error": {
        "full": 27.599998474121094,
        "partial": 27.100000381469727,
        "mip": 27.299999237060547,
        "adv_deb": 26.850000381469727,
        "eo_cal": 28.25,
        "re_weigh": 26.94999885559082,
        "dp_exp": 28.950000762939453,
        "eo_exp": 28.450000762939453,
        "tpr_exp": 28.150001525878906,
        "er_exp": 31.650001525878906,
        "opt_shap": 27.05000114440918,
        "opt_objBI": 26.899999618530273
    },
    "objBI": {
        "full": [
            0.0063943215645849705,
            0.19869700074195862,
            0.009354623034596443
        ],
        "partial": [
            0.01656944677233696,
            0.19993427395820618,
            0.010563941672444344
        ],
        "mip": [
            0.013923115096986294,
            0.21273672580718994,
            0.014191522262990475
        ],
        "adv_deb": [
            0.006334968376904726,
            0.21226900815963745,
            0.009237438440322876
        ],
        "eo_cal": [
            0.006835893262177706,
            0.11136964708566666,
            0.05508444458246231
        ],
        "re_weigh": [
            0.011247752234339714,
            0.2069244682788849,
            0.07663509249687195
        ],
        "dp_exp": [
            0.15391424298286438,
            0.2672469913959503,
            0.00776973832398653
        ],
        "eo_exp": [
            0.14676716923713684,
            0.30280640721321106,
            0.010857334360480309
        ],
        "tpr_exp": [
            0.13124118745326996,
            0.29853931069374084,
            0.0018285732949152589
        ],
        "er_exp": [
            0.2257736474275589,
            0.3811279833316803,
            0.0007513970485888422
        ],
        "opt_shap": [
            0.012941188178956509,
            0.20321571826934814,
            0.010811698623001575
        ],
        "opt_objBI": [
            0.01174937468022108,
            0.1986730694770813,
            0.007280334830284119
        ]
    },
    "shap": {
        "full": [
            0.003510791342705488,
            0.20308217406272888,
            0.0
        ],
        "partial": [
            0.013862047344446182,
            0.19704227149486542
        ],
        "mip": [
            0.0017351858550682664,
            0.20852403342723846
        ],
        "adv_deb": [
            0.014044266194105148,
            0.21116656064987183
        ],
        "eo_cal": [
            0.005733051337301731,
            0.11756384372711182
        ],
        "re_weigh": [
            0.00021685466344933957,
            0.21313250064849854
        ],
        "dp_exp": [
            0.15938036143779755,
            0.26201504468917847
        ],
        "eo_exp": [
            0.1571551263332367,
            0.28380998969078064
        ],
        "tpr_exp": [
            0.13624003529548645,
            0.2801986634731293
        ],
        "er_exp": [
            0.24571320414543152,
            0.45041221380233765
        ],
        "opt_shap": [
            0.009847857058048248,
            0.2020719051361084
        ],
        "opt_objBI": [
            0.009729128330945969,
            0.19938991963863373
        ]
    },
    "di": {
        "full": 0.7366125249336928,
        "partial": 0.7184165297372844,
        "mip": 0.7459931135323805,
        "adv_deb": 0.7749941722544462,
        "eo_cal": 0.6906906906906907,
        "re_weigh": 0.9533721079996474,
        "dp_exp": 0.979833816117002,
        "eo_exp": 0.9562025793909852,
        "tpr_exp": 0.9357904159666274,
        "er_exp": 0.96284997008586,
        "opt_shap": 0.7131460922379612,
        "opt_objBI": 0.726240946829182
    },
    "dd": {
        "full": -0.25233625233625234,
        "partial": -0.2683622683622684,
        "mip": -0.2423342423342424,
        "adv_deb": -0.21331721331721332,
        "eo_cal": -0.30930930930930933,
        "re_weigh": -0.04127104127104131,
        "dp_exp": -0.026210026210026216,
        "eo_exp": -0.037243037243037236,
        "tpr_exp": -0.062244062244062204,
        "er_exp": -0.03464003464003462,
        "opt_shap": -0.2713792713792714,
        "opt_objBI": -0.2603582603582604
    },
    "eqopp": {
        "full": -0.16657329598506065,
        "partial": -0.1800186741363211,
        "mip": -0.15985060690943043,
        "adv_deb": -0.13501400560224086,
        "eo_cal": -0.19663865546218484,
        "re_weigh": -0.011391223155928998,
        "dp_exp": -0.018487394957983128,
        "eo_exp": -0.025023342670401405,
        "tpr_exp": -0.03286647992530345,
        "er_exp": 0.012885154061624715,
        "opt_shap": -0.18748832866479925,
        "opt_objBI": -0.17329598506069088
    },
    "eqodd": {
        "full": 0.25168738637145294,
        "partial": 0.26390596401899125,
        "mip": 0.23737621803769893,
        "adv_deb": 0.20322608318373497,
        "eo_cal": 0.33594309010733003,
        "re_weigh": 0.013792607718256494,
        "dp_exp": 0.03789070866921471,
        "eo_exp": 0.029719179723128236,
        "tpr_exp": 0.023215341403104828,
        "er_exp": 0.020906528410995273,
        "opt_shap": 0.2619980659937522,
        "opt_objBI": 0.25383208382083045
    }
}