{
    "error": {
        "full": 28.299999237060547,
        "partial": 28.349998474121094,
        "mip": 28.299999237060547,
        "adv_deb": 27.799999237060547,
        "eo_cal": 28.850000381469727,
        "re_weigh": 27.25,
        "dp_exp": 30.25,
        "eo_exp": 29.649999618530273,
        "tpr_exp": 29.149999618530273,
        "er_exp": 37.70000076293945,
        "opt_shap": 28.0,
        "opt_objBI": 28.150001525878906
    },
    "objBI": {
        "full": [
            0.01286394614726305,
            0.1898946464061737,
            0.011892768554389477
        ],
        "partial": [
            0.0041899895295500755,
            0.18829774856567383,
            0.002250057179480791
        ],
        "mip": [
            0.005571197718381882,
            0.19559800624847412,
            0.0054513211362063885
        ],
        "adv_deb": [
            0.0019359299913048744,
            0.196596160531044,
            0.0012549875536933541
        ],
        "eo_cal": [
            0.0034070888068526983,
            0.09648419171571732,
            0.042843252420425415
        ],
        "re_weigh": [
            0.0032374151051044464,
            0.19890104234218597,
            0.0649682953953743
        ],
        "dp_exp": [
            0.039634156972169876,
            0.03336086869239807,
            0.008650249801576138
        ],
        "eo_exp": [
            0.05576634034514427,
            0.045364223420619965,
            0.0002687021915335208
        ],
        "tpr_exp": [
            0.026744375005364418,
            0.048059768974781036,
            0.007423704955726862
        ],
        "er_exp": [
            0.15670901536941528,
            0.17350052297115326,
            0.021526629105210304
        ],
        "opt_shap": [
            0.007552602794021368,
            0.18894515931606293,
            0.0006964606582187116
        ],
        "opt_objBI": [
            0.011813340708613396,
            0.17844808101654053,
            0.011090454645454884
        ]
    },
    "shap": {
        "full": [
            0.006584680639207363,
            0.18656954169273376,
            0.0
        ],
        "partial": [
            0.0036593214608728886,
            0.18920908868312836
        ],
        "mip": [
            0.0022495666053146124,
            0.19359545409679413
        ],
        "adv_deb": [
            0.01672341488301754,
            0.1906294822692871
        ],
        "eo_cal": [
            0.001953196944668889,
            0.10477648675441742
        ],
        "re_weigh": [
            0.0031673244666308165,
            0.19467277824878693
        ],
        "dp_exp": [
            0.04370962083339691,
            0.033668048679828644
        ],
        "eo_exp": [
            0.0583447590470314,
            0.050606619566679
        ],
        "tpr_exp": [
            0.02475583739578724,
            0.05576667562127113
        ],
        "er_exp": [
            0.16487927734851837,
            0.1659698635339737
        ],
        "opt_shap": [
            0.007171873934566975,
            0.1844208836555481
        ],
        "opt_objBI": [
            0.0072271935641765594,
            0.18564707040786743
        ]
    },
    "di": {
        "full": 0.7910769691786167,
        "partial": 0.7772920453740333,
        "mip": 0.7941579957105995,
        "adv_deb": 0.8338857903409811,
        "eo_cal": 0.7667638483965015,
        "re_weigh": 0.9783829362749539,
        "dp_exp": 0.9875710223620817,
        "eo_exp": 0.9953267174600391,
        "tpr_exp": 0.9633346926602433,
        "er_exp": 0.9899981462444599,
        "opt_shap": 0.7913035512920538,
        "opt_objBI": 0.787899028077184
    },
    "dd": {
        "full": -0.2009620090496107,
        "partial": -0.21078126704558542,
        "mip": -0.19672644694187813,
        "adv_deb": -0.1573893644555071,
        "eo_cal": -0.23323615160349853,
        "re_weigh": -0.019346270213249306,
        "dp_exp": -0.009238769805406277,
        "eo_exp": -0.0046549147833327975,
        "tpr_exp": -0.04280299732074677,
        "er_exp": -0.011754885859007413,
        "opt_shap": -0.1983798374432898,
        "opt_objBI": -0.20117919170021992
    },
    "eqopp": {
        "full": -0.14394682358069077,
        "partial": -0.15623926035825342,
        "mip": -0.1414510356157953,
        "adv_deb": -0.11215119739147195,
        "eo_cal": -0.156832298136646,
        "re_weigh": 0.0005762734595686769,
        "dp_exp": -0.003992003419921009,
        "eo_exp": -0.004601805517137403,
        "tpr_exp": -0.016747554504991657,
        "er_exp": 0.036099865047233504,
        "opt_shap": -0.14320709801259002,
        "opt_objBI": -0.14806875047149648
    },
    "eqodd": {
        "full": 0.20421508316245154,
        "partial": 0.20855441278782239,
        "mip": 0.19774415134827034,
        "adv_deb": 0.14969502274994262,
        "eo_cal": 0.25893562958780353,
        "re_weigh": 0.01036718811318356,
        "dp_exp": 0.008475391885002865,
        "eo_exp": 0.0029276596782317893,
        "tpr_exp": 0.05077637846516567,
        "er_exp": 0.023994198021658003,
        "opt_shap": 0.19642003686626114,
        "opt_objBI": 0.19797565135093742
    }
}