{
    "error": {
        "full": 26.350000381469727,
        "partial": 26.80000114440918,
        "mip": 26.05000114440918,
        "adv_deb": 25.899999618530273,
        "eo_cal": 25.94999885559082,
        "re_weigh": 27.25,
        "dp_exp": 28.5,
        "eo_exp": 28.049999237060547,
        "tpr_exp": 27.5,
        "er_exp": 31.650001525878906,
        "opt_shap": 26.899999618530273,
        "opt_objBI": 26.899999618530273
    },
    "objBI": {
        "full": [
            0.011581702157855034,
            0.19762371480464935,
            0.007358476519584656
        ],
        "partial": [
            0.03438987955451012,
            0.11609119921922684,
            0.0031442728359252214
        ],
        "mip": [
            0.0038574894424527884,
            0.2046501487493515,
            0.003863867139443755
        ],
        "adv_deb": [
            0.010750913992524147,
            0.20182810723781586,
            0.02046622335910797
        ],
        "eo_cal": [
            0.013805355876684189,
            0.19717299938201904,
            0.01419875305145979
        ],
        "re_weigh": [
            0.006545859854668379,
            0.20404046773910522,
            0.07608960568904877
        ],
        "dp_exp": [
            0.10105746984481812,
            0.08810625970363617,
            0.0028734435327351093
        ],
        "eo_exp": [
            0.11084701865911484,
            0.08502031117677689,
            1.848411739047151e-05
        ],
        "tpr_exp": [
            0.08542123436927795,
            0.13026058673858643,
            0.012546166777610779
        ],
        "er_exp": [
            0.21931424736976624,
            0.16453304886817932,
            0.012689149007201195
        ],
        "opt_shap": [
            0.03132040426135063,
            0.12812194228172302,
            0.005301311146467924
        ],
        "opt_objBI": [
            0.03110249899327755,
            0.13096201419830322,
            0.0056513347662985325
        ]
    },
    "shap": {
        "full": [
            0.011386717669665813,
            0.1866052746772766,
            0.0
        ],
        "partial": [
            0.03540267050266266,
            0.12067403644323349
        ],
        "mip": [
            0.0001336777932010591,
            0.19909030199050903
        ],
        "adv_deb": [
            0.013062532059848309,
            0.20382803678512573
        ],
        "eo_cal": [
            0.0011726189404726028,
            0.20019398629665375
        ],
        "re_weigh": [
            0.002386596519500017,
            0.20154809951782227
        ],
        "dp_exp": [
            0.1113872081041336,
            0.09160209447145462
        ],
        "eo_exp": [
            0.11769586056470871,
            0.09589707106351852
        ],
        "tpr_exp": [
            0.09591639041900635,
            0.13256439566612244
        ],
        "er_exp": [
            0.21120095252990723,
            0.15963752567768097
        ],
        "opt_shap": [
            0.03090795874595642,
            0.12645146250724792
        ],
        "opt_objBI": [
            0.03097636066377163,
            0.12637488543987274
        ]
    },
    "di": {
        "full": 0.7755986461265935,
        "partial": 0.9010835045768728,
        "mip": 0.7658781955365954,
        "adv_deb": 0.8100544770634269,
        "eo_cal": 0.787128712871287,
        "re_weigh": 0.9733274729342093,
        "dp_exp": 0.9910289371478584,
        "eo_exp": 0.9801980198019802,
        "tpr_exp": 0.9374412904758306,
        "er_exp": 0.9815352613023921,
        "opt_shap": 0.8904325169359041,
        "opt_objBI": 0.8904325169359041
    },
    "dd": {
        "full": -0.21284128412841286,
        "partial": -0.09531953195319531,
        "mip": -0.22064206420642063,
        "adv_deb": -0.1757475747574757,
        "eo_cal": -0.1986798679867987,
        "re_weigh": -0.02306230623062311,
        "dp_exp": -0.02016201620162017,
        "eo_exp": -0.01812181218121811,
        "tpr_exp": -0.05691569156915688,
        "er_exp": -0.03567356735673566,
        "opt_shap": -0.10514051405140512,
        "opt_objBI": -0.10514051405140512
    },
    "eqopp": {
        "full": -0.13111888111888115,
        "partial": -0.035762556770960185,
        "mip": -0.1362943778910165,
        "adv_deb": -0.0991445529260655,
        "eo_cal": -0.11995777331911783,
        "re_weigh": 0.021835307549593286,
        "dp_exp": 0.010856790268555017,
        "eo_exp": 0.008182993477111156,
        "tpr_exp": -0.006816712699065697,
        "er_exp": -0.029879784081464744,
        "opt_shap": -0.042740872572805344,
        "opt_objBI": -0.042740872572805344
    },
    "eqodd": {
        "full": 0.22185306163492857,
        "partial": 0.10234275889863012,
        "mip": 0.22824069037461775,
        "adv_deb": 0.17705106138758908,
        "eo_cal": 0.2016989141339125,
        "re_weigh": 0.030049995963439102,
        "dp_exp": 0.02287877470900962,
        "eo_exp": 0.012992965730202491,
        "tpr_exp": 0.07023044522353289,
        "er_exp": 0.04059431695927432,
        "opt_shap": 0.11314917911315917,
        "opt_objBI": 0.11314917911315917
    }
}