{
    "error": {
        "full": 27.149999618530273,
        "partial": 27.100000381469727,
        "mip": 26.850000381469727,
        "adv_deb": 27.599998474121094,
        "eo_cal": 27.599998474121094,
        "re_weigh": 28.450000762939453,
        "dp_exp": 30.599998474121094,
        "eo_exp": 30.19999885559082,
        "tpr_exp": 29.249998092651367,
        "er_exp": 35.650001525878906,
        "opt_shap": 27.350000381469727,
        "opt_objBI": 26.899999618530273
    },
    "objBI": {
        "full": [
            0.004133452195674181,
            0.1927337795495987,
            0.010159372352063656
        ],
        "partial": [
            0.010411263443529606,
            0.19075444340705872,
            0.010251173749566078
        ],
        "mip": [
            0.016957808285951614,
            0.19030724465847015,
            0.016913916915655136
        ],
        "adv_deb": [
            0.0071913134306669235,
            0.1957227736711502,
            0.005133211612701416
        ],
        "eo_cal": [
            0.003082495415583253,
            0.09737034142017365,
            0.039508044719696045
        ],
        "re_weigh": [
            0.008583919145166874,
            0.1884525865316391,
            0.06708832085132599
        ],
        "dp_exp": [
            0.08351408690214157,
            0.10017239302396774,
            0.012093717232346535
        ],
        "eo_exp": [
            0.1013835221529007,
            0.11703387647867203,
            0.004925705026835203
        ],
        "tpr_exp": [
            0.09669716656208038,
            0.14507976174354553,
            0.004370775539427996
        ],
        "er_exp": [
            0.2331155687570572,
            0.22418364882469177,
            0.012641074135899544
        ],
        "opt_shap": [
            0.010180700570344925,
            0.19336849451065063,
            0.00998008344322443
        ],
        "opt_objBI": [
            0.009925494901835918,
            0.1905229538679123,
            0.009880950674414635
        ]
    },
    "shap": {
        "full": [
            0.003793303854763508,
            0.18865367770195007,
            0.0
        ],
        "partial": [
            0.0016448658425360918,
            0.19095416367053986
        ],
        "mip": [
            0.0006438802229240537,
            0.19265812635421753
        ],
        "adv_deb": [
            0.007870611734688282,
            0.18840272724628448
        ],
        "eo_cal": [
            0.0029086365830153227,
            0.10537987947463989
        ],
        "re_weigh": [
            0.002129213884472847,
            0.1938437670469284
        ],
        "dp_exp": [
            0.0881049782037735,
            0.10209387540817261
        ],
        "eo_exp": [
            0.09991692751646042,
            0.10790737718343735
        ],
        "tpr_exp": [
            0.09651205688714981,
            0.1302472949028015
        ],
        "er_exp": [
            0.23960818350315094,
            0.2329520881175995
        ],
        "opt_shap": [
            0.004669681657105684,
            0.19295687973499298
        ],
        "opt_objBI": [
            0.002418805379420519,
            0.1891842633485794
        ]
    },
    "di": {
        "full": 0.7735573654952104,
        "partial": 0.773037296866792,
        "mip": 0.7847272055830427,
        "adv_deb": 0.7873632247386256,
        "eo_cal": 0.7560240963855421,
        "re_weigh": 0.9541506784375811,
        "dp_exp": 0.997296962076207,
        "eo_exp": 0.9803564840141982,
        "tpr_exp": 0.9536879017125584,
        "er_exp": 0.950390123954675,
        "opt_shap": 0.7568224322845765,
        "opt_objBI": 0.7801384296386387
    },
    "dd": {
        "full": -0.21719547512760207,
        "partial": -0.21430342885486175,
        "mip": -0.20519528312453006,
        "adv_deb": -0.20607129714075423,
        "eo_cal": -0.24397590361445787,
        "re_weigh": -0.041008656138498245,
        "dp_exp": -0.00958015328245243,
        "eo_exp": -0.017524280388486302,
        "tpr_exp": -0.04264068225091611,
        "er_exp": -0.023444375110001747,
        "opt_shap": -0.2293716699467192,
        "opt_objBI": -0.20825533208531344
    },
    "eqopp": {
        "full": -0.12258100568264862,
        "partial": -0.12622185541485054,
        "mip": -0.1147039606599094,
        "adv_deb": -0.11337141825497121,
        "eo_cal": -0.13793103448275867,
        "re_weigh": -0.008779735038987657,
        "dp_exp": 0.010662488501448686,
        "eo_exp": -0.004734824061417231,
        "tpr_exp": -0.006400502067590019,
        "er_exp": 0.020400794367214314,
        "opt_shap": -0.14133331613923783,
        "opt_objBI": -0.12193837636155747
    },
    "eqodd": {
        "full": 0.23042809974054912,
        "partial": 0.2199584729270635,
        "mip": 0.21348893123434748,
        "adv_deb": 0.22361077372696883,
        "eo_cal": 0.27439187383052666,
        "re_weigh": 0.019005500594429223,
        "dp_exp": 0.00683691095477814,
        "eo_exp": 0.00942490557076029,
        "tpr_exp": 0.03579407664741262,
        "er_exp": 0.0359613400424961,
        "opt_shap": 0.23526614127375328,
        "opt_objBI": 0.21264877474408622
    }
}