{
    "error": {
        "full": 28.299999237060547,
        "partial": 28.60000228881836,
        "mip": 28.549999237060547,
        "adv_deb": 28.099998474121094,
        "eo_cal": 29.0,
        "re_weigh": 27.950000762939453,
        "dp_exp": 29.30000114440918,
        "eo_exp": 29.049999237060547,
        "tpr_exp": 29.499998092651367,
        "er_exp": 32.70000076293945,
        "opt_shap": 28.650001525878906,
        "opt_objBI": 28.650001525878906
    },
    "objBI": {
        "full": [
            0.0029437891207635403,
            0.198233962059021,
            0.0062266625463962555
        ],
        "partial": [
            0.01456143707036972,
            0.21366971731185913,
            0.0015387239400297403
        ],
        "mip": [
            0.01284544076770544,
            0.2186795473098755,
            0.0070822834968566895
        ],
        "adv_deb": [
            0.01712329126894474,
            0.19664107263088226,
            0.01642586849629879
        ],
        "eo_cal": [
            0.012907222844660282,
            0.10554983466863632,
            0.039874326437711716
        ],
        "re_weigh": [
            0.011172911152243614,
            0.21057958900928497,
            0.06983792036771774
        ],
        "dp_exp": [
            0.16582128405570984,
            0.2965291142463684,
            0.001943817944265902
        ],
        "eo_exp": [
            0.1991959810256958,
            0.312622606754303,
            0.0023946971632540226
        ],
        "tpr_exp": [
            0.1356026828289032,
            0.2995092272758484,
            0.002248496050015092
        ],
        "er_exp": [
            0.11877612769603729,
            0.3013795018196106,
            0.02219264581799507
        ],
        "opt_shap": [
            0.009878170676529408,
            0.20752964913845062,
            0.0007243678555823863
        ],
        "opt_objBI": [
            0.011407491751015186,
            0.20004279911518097,
            0.0073023573495447636
        ]
    },
    "shap": {
        "full": [
            0.00265396386384964,
            0.19879253208637238,
            0.0
        ],
        "partial": [
            0.01360301859676838,
            0.2130841612815857
        ],
        "mip": [
            0.010482335463166237,
            0.2113601714372635
        ],
        "adv_deb": [
            0.025830993428826332,
            0.20740221440792084
        ],
        "eo_cal": [
            0.010402307845652103,
            0.11860489100217819
        ],
        "re_weigh": [
            0.009914976544678211,
            0.21408981084823608
        ],
        "dp_exp": [
            0.1895567625761032,
            0.30501317977905273
        ],
        "eo_exp": [
            0.201724573969841,
            0.31922730803489685
        ],
        "tpr_exp": [
            0.143128901720047,
            0.3165377080440521
        ],
        "er_exp": [
            0.14756494760513306,
            0.3243238925933838
        ],
        "opt_shap": [
            0.009725982323288918,
            0.2066406011581421
        ],
        "opt_objBI": [
            0.009617133997380733,
            0.20640380680561066
        ]
    },
    "di": {
        "full": 0.7634105025409373,
        "partial": 0.766857475502086,
        "mip": 0.7653653484390522,
        "adv_deb": 0.7372159757132319,
        "eo_cal": 0.7223320158102767,
        "re_weigh": 0.9513098630388822,
        "dp_exp": 0.9532745105867635,
        "eo_exp": 0.9499873571019816,
        "tpr_exp": 0.8899831852029786,
        "er_exp": 0.8913902732428253,
        "opt_shap": 0.7702031907093555,
        "opt_objBI": 0.7702031907093555
    },
    "dd": {
        "full": -0.222940103374886,
        "partial": -0.22110783952889213,
        "mip": -0.2220479749083868,
        "adv_deb": -0.24655950456865783,
        "eo_cal": -0.27766798418972327,
        "re_weigh": -0.042382103022835294,
        "dp_exp": -0.030256356915395854,
        "eo_exp": -0.036137203757341085,
        "tpr_exp": -0.09969035541117921,
        "er_exp": -0.08203581315709463,
        "opt_shap": -0.21816741610791957,
        "opt_objBI": -0.21816741610791957
    },
    "eqopp": {
        "full": -0.1572269471315112,
        "partial": -0.15090783180765655,
        "mip": -0.15406738946958387,
        "adv_deb": -0.1763942089203402,
        "eo_cal": -0.17693522906793047,
        "re_weigh": -0.008805643922179751,
        "dp_exp": 0.0037222186154213244,
        "eo_exp": -0.002596896708433327,
        "tpr_exp": -0.05168040857841538,
        "er_exp": -0.02402995087537063,
        "opt_shap": -0.14774827414572922,
        "opt_objBI": -0.14774827414572922
    },
    "eqodd": {
        "full": 0.2266059466180556,
        "partial": 0.2297972510779912,
        "mip": 0.2288203221304271,
        "adv_deb": 0.25016454222990275,
        "eo_cal": 0.3114227596526987,
        "re_weigh": 0.02379800716900135,
        "dp_exp": 0.03024109800496083,
        "eo_exp": 0.02613960677098047,
        "tpr_exp": 0.10285013483767755,
        "er_exp": 0.0719251084224361,
        "opt_shap": 0.22751693431571093,
        "opt_objBI": 0.22751693431571093
    }
}