{
    "error": {
        "full": 27.64999771118164,
        "partial": 28.799999237060547,
        "mip": 28.0,
        "adv_deb": 28.200000762939453,
        "eo_cal": 28.099998474121094,
        "re_weigh": 28.799999237060547,
        "dp_exp": 29.44999885559082,
        "eo_exp": 28.850000381469727,
        "tpr_exp": 28.850000381469727,
        "er_exp": 34.400001525878906,
        "opt_shap": 28.850000381469727,
        "opt_objBI": 28.75
    },
    "objBI": {
        "full": [
            0.012928883545100689,
            0.19814932346343994,
            0.012742921710014343
        ],
        "partial": [
            0.10001658648252487,
            0.0808577686548233,
            0.0025881307665258646
        ],
        "mip": [
            0.003275263821706176,
            0.20724338293075562,
            0.002174070570617914
        ],
        "adv_deb": [
            0.011878975667059422,
            0.192416250705719,
            0.008453359827399254
        ],
        "eo_cal": [
            0.006037320010364056,
            0.09930390119552612,
            0.039001550525426865
        ],
        "re_weigh": [
            0.009358387440443039,
            0.2040775865316391,
            0.08049077540636063
        ],
        "dp_exp": [
            0.16551658511161804,
            0.25955915451049805,
            0.012040238827466965
        ],
        "eo_exp": [
            0.17827150225639343,
            0.28316107392311096,
            0.00374774937517941
        ],
        "tpr_exp": [
            0.13858449459075928,
            0.2594388425350189,
            0.010334460996091366
        ],
        "er_exp": [
            0.16245369613170624,
            0.27027809619903564,
            0.0031935307197272778
        ],
        "opt_shap": [
            0.09544731676578522,
            0.08478674292564392,
            0.013457510620355606
        ],
        "opt_objBI": [
            0.09750914573669434,
            0.0843619853258133,
            0.0008080535917542875
        ]
    },
    "shap": {
        "full": [
            0.006244285963475704,
            0.19043591618537903,
            0.0
        ],
        "partial": [
            0.09727448970079422,
            0.0787501409649849
        ],
        "mip": [
            0.002670122543349862,
            0.20095941424369812
        ],
        "adv_deb": [
            0.01984517276287079,
            0.19445815682411194
        ],
        "eo_cal": [
            0.0034259743988513947,
            0.10539976507425308
        ],
        "re_weigh": [
            0.0018427405739203095,
            0.2050483375787735
        ],
        "dp_exp": [
            0.15762940049171448,
            0.23828065395355225
        ],
        "eo_exp": [
            0.17015427350997925,
            0.2677188515663147
        ],
        "tpr_exp": [
            0.1325036883354187,
            0.2367531806230545
        ],
        "er_exp": [
            0.19964870810508728,
            0.29836171865463257
        ],
        "opt_shap": [
            0.09325015544891357,
            0.0830843597650528
        ],
        "opt_objBI": [
            0.09360383450984955,
            0.08353464305400848
        ]
    },
    "di": {
        "full": 0.799575063372356,
        "partial": 0.7996172210448262,
        "mip": 0.7863401542394636,
        "adv_deb": 0.8179136713839011,
        "eo_cal": 0.764179104477612,
        "re_weigh": 1.0097580015612801,
        "dp_exp": 0.9878974691758599,
        "eo_exp": 0.9878496406854615,
        "tpr_exp": 0.9654056557041631,
        "er_exp": 1.082957645788652,
        "opt_shap": 0.7966261341830625,
        "opt_objBI": 0.7924390146043974
    },
    "dd": {
        "full": -0.19055476386909675,
        "partial": -0.19997999949998746,
        "mip": -0.2014200355008876,
        "adv_deb": -0.1694592364809121,
        "eo_cal": -0.23582089552238805,
        "re_weigh": 0.008375209380234505,
        "dp_exp": -0.009160229005725107,
        "eo_exp": -0.010980274506862675,
        "tpr_exp": -0.03711092777319436,
        "er_exp": 0.04483112077801943,
        "opt_shap": -0.20296507412685316,
        "opt_objBI": -0.20693517337933454
    },
    "eqopp": {
        "full": -0.12772532079462773,
        "partial": -0.13237636504963235,
        "mip": -0.13815512825413812,
        "adv_deb": -0.1113574677931114,
        "eo_cal": -0.15016501650165015,
        "re_weigh": 0.03309249843903306,
        "dp_exp": 0.000490589599500435,
        "eo_exp": -0.004791212712004778,
        "tpr_exp": -0.01785873568051788,
        "er_exp": 0.09980631267759976,
        "opt_shap": -0.1356766950826357,
        "opt_objBI": -0.13897702511563892
    },
    "eqodd": {
        "full": 0.18281255807729363,
        "partial": 0.21677681005694927,
        "mip": 0.19346536850038765,
        "adv_deb": 0.15836089802246678,
        "eo_cal": 0.25803990173453434,
        "re_weigh": 0.04554075382966577,
        "dp_exp": 0.020593711092154965,
        "eo_exp": 0.02299078798330606,
        "tpr_exp": 0.008781465229777824,
        "er_exp": 0.06503346633431595,
        "opt_shap": 0.2196801079055311,
        "opt_objBI": 0.22279609343662196
    }
}