{
    "error": {
        "full": 30.000001907348633,
        "partial": 30.000001907348633,
        "mip": 31.0,
        "adv_deb": 30.5,
        "eo_cal": 31.0,
        "re_weigh": 29.0,
        "dp_exp": 32.0,
        "eo_exp": 31.0,
        "tpr_exp": 31.5,
        "er_exp": 30.5,
        "opt_shap": 31.0,
        "opt_objBI": 30.5
    },
    "objBI": {
        "full": [
            0.01811084896326065,
            0.0626925602555275,
            0.03564893826842308,
            0.03826265409588814,
            0.005038589704781771,
            0.022538909688591957,
            0.006207805126905441,
            0.03173764795064926,
            0.047199372202157974
        ],
        "partial": [
            0.018754182383418083,
            0.0538790188729763,
            0.031428053975105286,
            0.02880355343222618,
            0.003381910268217325,
            0.0275874026119709,
            0.0033316249027848244,
            0.022036893293261528,
            0.001911717001348734
        ],
        "mip": [
            0.020322775468230247,
            0.06073946878314018,
            0.035179413855075836,
            0.03707709163427353,
            0.00789752509444952,
            0.022298675030469894,
            0.008190371096134186,
            0.03624412789940834,
            0.007912653498351574
        ],
        "adv_deb": [
            0.018898800015449524,
            0.04680655524134636,
            0.028654348105192184,
            0.019257107749581337,
            0.014140866696834564,
            0.029060015454888344,
            0.012966749258339405,
            0.01758505217730999,
            0.030427318066358566
        ],
        "eo_cal": [
            0.016774902120232582,
            0.04667898640036583,
            0.03688473626971245,
            0.03248380497097969,
            0.00847537536174059,
            0.019846858456730843,
            0.008852029219269753,
            0.027286307886242867,
            0.039861176162958145
        ],
        "re_weigh": [
            0.022852716967463493,
            0.04837838560342789,
            0.03938305005431175,
            0.03879483416676521,
            0.007523381616920233,
            0.023565949872136116,
            0.007612892426550388,
            0.03333062678575516,
            0.020640918985009193
        ],
        "dp_exp": [
            0.004519011825323105,
            0.01977691240608692,
            0.023911049589514732,
            0.004401226993650198,
            0.012917283922433853,
            0.02917495183646679,
            0.006902451626956463,
            0.0200527124106884,
            0.0021089271176606417
        ],
        "eo_exp": [
            0.013232426717877388,
            0.016747962683439255,
            0.01511242613196373,
            0.007422516122460365,
            0.010888349264860153,
            0.03372722491621971,
            0.010230861604213715,
            0.01248218398541212,
            0.011732176877558231
        ],
        "tpr_exp": [
            0.01299993321299553,
            0.020489607006311417,
            0.026190180331468582,
            0.015153187327086926,
            0.017154648900032043,
            0.024437222629785538,
            0.011490562930703163,
            0.028789475560188293,
            0.01111829187721014
        ],
        "er_exp": [
            0.012169096618890762,
            0.03617448732256889,
            0.03998865932226181,
            0.025589140132069588,
            0.011861221864819527,
            0.03824995830655098,
            0.011846537701785564,
            0.040998101234436035,
            0.01220138929784298
        ],
        "opt_shap": [
            0.0330561101436615,
            0.05995194986462593,
            0.027721652761101723,
            0.03287765011191368,
            0.0040817284025251865,
            0.021065812557935715,
            0.005758187733590603,
            0.031686123460531235,
            0.004125766456127167
        ],
        "opt_objBI": [
            0.0164256040006876,
            0.05951528623700142,
            0.03282296285033226,
            0.03124968335032463,
            0.004041327629238367,
            0.023759620264172554,
            0.0074053071439266205,
            0.033093005418777466,
            0.003979455679655075
        ]
    },
    "shap": {
        "full": [
            0.014892501756548882,
            0.05754118040204048,
            0.03327523544430733,
            0.033683910965919495,
            0.0003240404766984284,
            0.022332634776830673,
            0.004014596808701754,
            0.028996601700782776,
            0.041636642068624496
        ],
        "partial": [
            0.01574741117656231,
            0.05438356474041939,
            0.030521083623170853,
            0.02829582989215851,
            0.002748641185462475,
            0.028603777289390564,
            0.0023346454836428165,
            0.02143751084804535
        ],
        "mip": [
            0.014946777373552322,
            0.05729566141963005,
            0.03365354239940643,
            0.03357728570699692,
            7.642833224963397e-05,
            0.023137902840971947,
            0.0033175977878272533,
            0.030327629297971725
        ],
        "adv_deb": [
            0.012360415421426296,
            0.04663103073835373,
            0.026551980525255203,
            0.020666759461164474,
            0.01624116115272045,
            0.027185263112187386,
            0.013010617345571518,
            0.013286382891237736,
            0.027400678023695946
        ],
        "eo_cal": [
            0.01304551586508751,
            0.04753442108631134,
            0.038081102073192596,
            0.031825385987758636,
            0.007461911998689175,
            0.019166268408298492,
            0.007226068992167711,
            0.026515766978263855,
            0.041052140295505524
        ],
        "re_weigh": [
            0.013978727161884308,
            0.04910743609070778,
            0.038571037352085114,
            0.03677387535572052,
            0.0033493333030492067,
            0.02288130484521389,
            0.00131224375218153,
            0.030439326539635658,
            0.01630316488444805
        ],
        "dp_exp": [
            0.002185363555327058,
            0.03273981064558029,
            0.0384153351187706,
            0.024274537339806557,
            0.010907838121056557,
            0.029968082904815674,
            0.006386380176991224,
            0.018758974969387054,
            0.0
        ],
        "eo_exp": [
            0.0015017566038295627,
            0.03064650483429432,
            0.03038691356778145,
            0.01716058887541294,
            0.009143532253801823,
            0.02579641155898571,
            0.004573463927954435,
            0.006444577127695084,
            0.0
        ],
        "tpr_exp": [
            0.0022361173760145903,
            0.029152292758226395,
            0.03650803864002228,
            0.02838810160756111,
            0.01215972751379013,
            0.019093431532382965,
            0.005225415341556072,
            0.01837819069623947,
            0.0
        ],
        "er_exp": [
            0.003319445764645934,
            0.04472273215651512,
            0.04573909938335419,
            0.018097566440701485,
            0.00536849070340395,
            0.03138379007577896,
            0.0031290408223867416,
            0.021941548213362694,
            0.0
        ],
        "opt_shap": [
            0.017511174082756042,
            0.05940132215619087,
            0.029021350666880608,
            0.03330431878566742,
            0.0005734558217227459,
            0.021565932780504227,
            0.0036551214288920164,
            0.028253847733139992
        ],