{
    "error": {
        "full": 32.879581451416016,
        "partial": 32.984291076660156,
        "mip": 33.298431396484375,
        "adv_deb": 31.72774887084961,
        "eo_cal": 35.811519622802734,
        "re_weigh": 37.06806182861328,
        "dp_exp": 46.91099548339844,
        "eo_exp": 44.607330322265625,
        "tpr_exp": 42.617801666259766,
        "er_exp": 34.345550537109375,
        "opt_shap": 31.308900833129883,
        "opt_objBI": 31.832460403442383
    },
    "objBI": {
        "full": [
            0.02931646816432476,
            0.11977353692054749,
            0.016274474561214447,
            0.012536056339740753,
            0.021940965205430984,
            0.12366896867752075,
            0.024383800104260445,
            0.05661237612366676
        ],
        "partial": [
            0.03378235176205635,
            0.12363338470458984,
            0.01453495305031538,
            0.013258648104965687,
            0.023382563143968582,
            0.13623672723770142,
            0.026036417111754417,
            0.011889120563864708
        ],
        "mip": [
            0.030258145183324814,
            0.10289472341537476,
            0.008746960200369358,
            0.013144714757800102,
            0.017663395032286644,
            0.11853998899459839,
            0.024473538622260094,
            0.006686606910079718
        ],
        "adv_deb": [
            0.024693027138710022,
            0.11282818019390106,
            0.008227471262216568,
            0.006779200863093138,
            0.01161071378737688,
            0.14020590484142303,
            0.021744830533862114,
            0.049470990896224976
        ],
        "eo_cal": [
            0.015668155625462532,
            0.06753281503915787,
            0.005345859099179506,
            0.008686769753694534,
            0.006537041161209345,
            0.07765958458185196,
            0.012549381703138351,
            0.0909377858042717
        ],
        "re_weigh": [
            0.029372259974479675,
            0.1119222342967987,
            0.0047777872532606125,
            0.008873965591192245,
            0.015969598665833473,
            0.10966412723064423,
            0.020958680659532547,
            0.04852265864610672
        ],
        "dp_exp": [
            0.03980649635195732,
            0.19967980682849884,
            0.022172698751091957,
            0.05123010650277138,
            0.08711719512939453,
            0.28808489441871643,
            0.07272559404373169,
            0.0034508921671658754
        ],
        "eo_exp": [
            0.05054565519094467,
            0.022677244618535042,
            0.029716424643993378,
            0.10721754282712936,
            0.03720177710056305,
            0.13502497971057892,
            0.05359329655766487,
            0.022480107843875885
        ],
        "tpr_exp": [
            0.05658859759569168,
            0.06547766923904419,
            0.01940866746008396,
            0.02429950051009655,
            0.08370763808488846,
            0.31525322794914246,
            0.05458950996398926,
            0.011863947845995426
        ],
        "er_exp": [
            0.11597499996423721,
            0.2088562548160553,
            0.04127500206232071,
            0.035725001245737076,
            0.023537497967481613,
            0.3576187789440155,
            0.05509999766945839,
            0.017499998211860657
        ],
        "opt_shap": [
            0.027884626761078835,
            0.11337980628013611,
            0.010556677356362343,
            0.008570092730224133,
            0.014825347810983658,
            0.12208501994609833,
            0.020188607275485992,
            0.007233709096908569
        ],
        "opt_objBI": [
            0.03205518424510956,
            0.10792455822229385,
            0.016269775107502937,
            0.014907700940966606,
            0.018360374495387077,
            0.11946936696767807,
            0.025343360379338264,
            0.012926645576953888
        ]
    },
    "shap": {
        "full": [
            0.02382185310125351,
            0.10642805695533752,
            0.004336358513683081,
            0.003628572216257453,
            0.012283281423151493,
            0.12545929849147797,
            0.015896178781986237,
            0.0533289797604084
        ],
        "partial": [
            0.02681080624461174,
            0.12339431047439575,
            0.0045127952471375465,
            0.0037308954633772373,
            0.012062374502420425,
            0.1363442987203598,
            0.017141127958893776
        ],
        "mip": [
            0.02710725925862789,
            0.11047620326280594,
            0.003295097965747118,
            0.005943832453340292,
            0.011219371110200882,
            0.1281198412179947,
            0.02116076461970806
        ],
        "adv_deb": [
            0.023883020505309105,
            0.11373024433851242,
            0.006130956578999758,
            0.006402072962373495,
            0.009924178011715412,
            0.1491062045097351,
            0.020065484568476677,
            0.04483987018465996
        ],
        "eo_cal": [
            0.012318541295826435,
            0.0610358789563179,
            0.003091256832703948,
            0.004369622096419334,
            0.005134243983775377,
            0.08476755768060684,
            0.010339305736124516,
            0.09811814874410629
        ],
        "re_weigh": [
            0.028260326012969017,
            0.11144926398992538,
            0.002957595745101571,
            0.0056364089250564575,
            0.012756572104990482,
            0.12738919258117676,
            0.02160467393696308,
            0.046925194561481476
        ],
        "dp_exp": [
            0.049394868314266205,
            0.20554113388061523,
            0.009356120601296425,
            0.03746617212891579,
            0.0651201382279396,
            0.2710398733615875,
            0.07264441251754761,
            0.0
        ],
        "eo_exp": [
            0.037500057369470596,
            0.0290851853787899,
            0.004578577820211649,
            0.09644036740064621,
            0.020139604806900024,
            0.12994195520877838,
            0.04269520938396454,
            0.0
        ],
        "tpr_exp": [
            0.05707421526312828,
            0.16931211948394775,
            0.006000940687954426,
            0.01259367074817419,
            0.0682900920510292,
            0.2824358642101288,
            0.05561186745762825,
            0.0
        ],
        "er_exp": [
            0.08350425213575363,
            0.2608529031276703,
            0.013298430480062962,
            0.01618025451898575,
            0.005816629622131586,
            0.35671427845954895,
            0.04516567289829254,
            0.0
        ],
        "opt_shap": [
            0.02448691800236702,
            0.11416325718164444,
            0.004790055099874735,
            0.0015664660604670644,
            0.01115852314978838,
            0.12476083636283875,
            0.015771597623825073
        ],
        "opt_objBI": [
            0.02426837384700775,
            0.10897810012102127,
            0.004526684060692787,
            0.003605109639465809,
            0.012393428012728691,
            0.12740910053253174,
            0.016066696494817734
        ]
    },
    "di": {
        "full": 0.2469959569114196,
        "partial": 0.5478297513695743,
        "mip": 0.5573045118235892,
        "adv_deb": 0.37133093840357484,
        "eo_cal": 0.20707964601769913,
        "re_weigh": 0.9924898349677111,
        "dp_exp": 1.0985322685085257,
        "eo_exp": 0.8584070796460177,
        "tpr_exp": 0.8561662045653081,
        "er_exp": 0.5967920353982301,
        "opt_shap": 0.5000589970501476,
        "opt_objBI": 0.552212389380531
    },