{
    "error": {
        "full": 26.80000114440918,
        "partial": 27.05000114440918,
        "mip": 27.000001907348633,
        "adv_deb": 26.249998092651367,
        "eo_cal": 27.000001907348633,
        "re_weigh": 26.649999618530273,
        "dp_exp": 28.349998474121094,
        "eo_exp": 28.850000381469727,
        "tpr_exp": 28.700000762939453,
        "er_exp": 35.35000228881836,
        "opt_shap": 26.80000114440918,
        "opt_objBI": 26.80000114440918
    },
    "objBI": {
        "full": [
            0.010217133909463882,
            0.19179800152778625,
            0.013239949010312557
        ],
        "partial": [
            0.016083573922514915,
            0.16853244602680206,
            0.0015562361804768443
        ],
        "mip": [
            0.005823508836328983,
            0.1918771117925644,
            0.005519120953977108
        ],
        "adv_deb": [
            0.01305907778441906,
            0.1904200166463852,
            0.015213754028081894
        ],
        "eo_cal": [
            0.006942543666809797,
            0.08923064917325974,
            0.03382029011845589
        ],
        "re_weigh": [
            0.003983146045356989,
            0.1959085762500763,
            0.0633382722735405
        ],
        "dp_exp": [
            0.08039949834346771,
            0.0340794175863266,
            0.0004979496588930488
        ],
        "eo_exp": [
            0.08497688174247742,
            0.04359829053282738,
            0.009450485929846764
        ],
        "tpr_exp": [
            0.08046869188547134,
            0.046736832708120346,
            0.004518815316259861
        ],
        "er_exp": [
            0.20660394430160522,
            0.1578962355852127,
            0.010292542167007923
        ],
        "opt_shap": [
            0.01162394043058157,
            0.17557944357395172,
            0.002484636614099145
        ],
        "opt_objBI": [
            0.011541761457920074,
            0.17515790462493896,
            0.002572366502135992
        ]
    },
    "shap": {
        "full": [
            0.007874783128499985,
            0.1901543289422989,
            0.0
        ],
        "partial": [
            0.01544469129294157,
            0.16684284806251526
        ],
        "mip": [
            0.003814367577433586,
            0.1898251324892044
        ],
        "adv_deb": [
            0.017642712220549583,
            0.18566396832466125
        ],
        "eo_cal": [
            0.001574476482346654,
            0.09717997163534164
        ],
        "re_weigh": [
            0.0010028388351202011,
            0.19402994215488434
        ],
        "dp_exp": [
            0.09127487242221832,
            0.04935237020254135
        ],
        "eo_exp": [
            0.1000153198838234,
            0.05610460042953491
        ],
        "tpr_exp": [
            0.08623071759939194,
            0.054522063583135605
        ],
        "er_exp": [
            0.2465439736843109,
            0.16453316807746887
        ],
        "opt_shap": [
            0.011183933354914188,
            0.1715591996908188
        ],
        "opt_objBI": [
            0.011146795004606247,
            0.17022565007209778
        ]
    },
    "di": {
        "full": 0.7460247902842119,
        "partial": 0.8171698431438691,
        "mip": 0.783811475409836,
        "adv_deb": 0.7961753431697968,
        "eo_cal": 0.7275510204081632,
        "re_weigh": 0.9488104634118841,
        "dp_exp": 0.9746811224489796,
        "eo_exp": 0.9699011680143755,
        "tpr_exp": 0.9653166966268373,
        "er_exp": 1.0053842813721234,
        "opt_shap": 0.8029462043348881,
        "opt_objBI": 0.8029462043348881
    },
    "dd": {
        "full": -0.24351740696278512,
        "partial": -0.1735094037615046,
        "mip": -0.20686274509803926,
        "adv_deb": -0.1904361744697879,
        "eo_cal": -0.2724489795918368,
        "re_weigh": -0.04541816726690673,
        "dp_exp": -0.0257102841136454,
        "eo_exp": -0.026070428171268478,
        "tpr_exp": -0.028731492597038777,
        "er_exp": -0.01934773909563825,
        "opt_shap": -0.18681472589035608,
        "opt_objBI": -0.18681472589035608
    },
    "eqopp": {
        "full": -0.14484366242633195,
        "partial": -0.10272762784694034,
        "mip": -0.12177941201447029,
        "adv_deb": -0.10688658095416026,
        "eo_cal": -0.15650741350906094,
        "re_weigh": -0.0005349954992441841,
        "dp_exp": -0.0007324343144414769,
        "eo_exp": -0.01040481326109477,
        "tpr_exp": -0.009899539734030793,
        "er_exp": 0.049714244467467195,
        "opt_shap": -0.11096486013689089,
        "opt_objBI": -0.11096486013689089
    },
    "eqodd": {
        "full": 0.26050691889391137,
        "partial": 0.1761385689008358,
        "mip": 0.218066781557712,
        "adv_deb": 0.1926557020272054,
        "eo_cal": 0.3088167094354956,
        "re_weigh": 0.02398415049871011,
        "dp_exp": 0.004906984780990983,
        "eo_exp": 0.014011364813965366,
        "tpr_exp": 0.015591567668214165,
        "er_exp": 0.06483631368639192,
        "opt_shap": 0.19027234788148106,
        "opt_objBI": 0.19027234788148106
    }
}