{
    "error": {
        "full": 25.94999885559082,
        "partial": 26.249998092651367,
        "mip": 26.149999618530273,
        "adv_deb": 26.0,
        "eo_cal": 26.30000114440918,
        "re_weigh": 26.850000381469727,
        "dp_exp": 28.850000381469727,
        "eo_exp": 28.549999237060547,
        "tpr_exp": 28.700000762939453,
        "er_exp": 37.400001525878906,
        "opt_shap": 26.100000381469727,
        "opt_objBI": 26.100000381469727
    },
    "objBI": {
        "full": [
            0.01613941416144371,
            0.1898650825023651,
            0.014680298045277596
        ],
        "partial": [
            0.008898384869098663,
            0.19968688488006592,
            0.0029413963202387094
        ],
        "mip": [
            0.014383030124008656,
            0.20089049637317657,
            0.014605088159441948
        ],
        "adv_deb": [
            0.01233724132180214,
            0.2061643898487091,
            0.014110332354903221
        ],
        "eo_cal": [
            0.017757654190063477,
            0.1955307424068451,
            0.016253570094704628
        ],
        "re_weigh": [
            0.006103802006691694,
            0.1981281191110611,
            0.07058356702327728
        ],
        "dp_exp": [
            0.029971687123179436,
            0.042383674532175064,
            0.0025080430787056684
        ],
        "eo_exp": [
            0.0575517937541008,
            0.06752918660640717,
            0.017919020727276802
        ],
        "tpr_exp": [
            0.04728896543383598,
            0.08615369349718094,
            0.0025037461891770363
        ],
        "er_exp": [
            0.1337001919746399,
            0.17820744216442108,
            0.0009682012023404241
        ],
        "opt_shap": [
            0.014022761024534702,
            0.1867181658744812,
            0.008627921342849731
        ],
        "opt_objBI": [
            0.016196144744753838,
            0.19710199534893036,
            0.012073690071702003
        ]
    },
    "shap": {
        "full": [
            0.015641670674085617,
            0.182135209441185,
            0.0
        ],
        "partial": [
            0.008960645645856857,
            0.19861851632595062
        ],
        "mip": [
            0.007216253317892551,
            0.1996515691280365
        ],
        "adv_deb": [
            0.009582199156284332,
            0.20471523702144623
        ],
        "eo_cal": [
            0.010442839935421944,
            0.19717708230018616
        ],
        "re_weigh": [
            0.005605738610029221,
            0.20600196719169617
        ],
        "dp_exp": [
            0.03209691494703293,
            0.04342081397771835
        ],
        "eo_exp": [
            0.06948964297771454,
            0.07528692483901978
        ],
        "tpr_exp": [
            0.04452911391854286,
            0.0927627682685852
        ],
        "er_exp": [
            0.14879757165908813,
            0.18260952830314636
        ],
        "opt_shap": [
            0.012795745395123959,
            0.19234800338745117
        ],
        "opt_objBI": [
            0.012818467803299427,
            0.19265639781951904
        ]
    },
    "di": {
        "full": 0.7789055954940217,
        "partial": 0.782793045358013,
        "mip": 0.7870531435640429,
        "adv_deb": 0.8304634529630555,
        "eo_cal": 0.7942741215441592,
        "re_weigh": 0.9869952017133795,
        "dp_exp": 0.9767326077115196,
        "eo_exp": 0.9601935013464868,
        "tpr_exp": 0.9423539883772984,
        "er_exp": 0.9372880749439996,
        "opt_shap": 0.7971008386543611,
        "opt_objBI": 0.7971008386543611
    },
    "dd": {
        "full": -0.211672145443781,
        "partial": -0.20579766961123847,
        "mip": -0.20176134266875623,
        "adv_deb": -0.1567666981025463,
        "eo_cal": -0.1947157719775302,
        "re_weigh": -0.011367920801584996,
        "dp_exp": -0.021550745610394495,
        "eo_exp": -0.03811008691704032,
        "tpr_exp": -0.05418338885449714,
        "er_exp": -0.023635914509075207,
        "opt_shap": -0.1926436041319347,
        "opt_objBI": -0.1926436041319347
    },
    "eqopp": {
        "full": -0.12379249678270643,
        "partial": -0.12248928926319902,
        "mip": -0.1177122191995047,
        "adv_deb": -0.07879518464821544,
        "eo_cal": -0.11324873344519193,
        "re_weigh": 0.03091045335331588,
        "dp_exp": -0.01459592421848277,
        "eo_exp": -0.025379966442406365,
        "tpr_exp": -0.021519214165865774,
        "er_exp": 0.04858113281313636,
        "opt_shap": -0.1123079805170476,
        "opt_objBI": -0.1123079805170476
    },
    "eqodd": {
        "full": 0.2280410767308151,
        "partial": 0.21857890028383672,
        "mip": 0.21481295478367002,
        "adv_deb": 0.16230872204340724,
        "eo_cal": 0.2070715700332354,
        "re_weigh": 0.025442969543856164,
        "dp_exp": 0.011384175224363528,
        "eo_exp": 0.02814489274900018,
        "tpr_exp": 0.06763555054556365,
        "er_exp": 0.05245094246477086,
        "opt_shap": 0.20384637263252411,
        "opt_objBI": 0.20384637263252411
    }
}