{
    "error": {
        "full": 27.350000381469727,
        "partial": 27.399999618530273,
        "mip": 27.05000114440918,
        "adv_deb": 27.25,
        "eo_cal": 28.049999237060547,
        "re_weigh": 27.5,
        "dp_exp": 30.649999618530273,
        "eo_exp": 29.850000381469727,
        "tpr_exp": 29.0,
        "er_exp": 34.0,
        "opt_shap": 27.299999237060547,
        "opt_objBI": 27.25
    },
    "objBI": {
        "full": [
            0.014896374195814133,
            0.19848281145095825,
            0.01465755794197321
        ],
        "partial": [
            0.018786506727337837,
            0.1975339651107788,
            0.018780570477247238
        ],
        "mip": [
            0.010338664054870605,
            0.19964778423309326,
            0.010287284851074219
        ],
        "adv_deb": [
            0.010546950623393059,
            0.19807155430316925,
            0.01593918167054653
        ],
        "eo_cal": [
            0.006309363525360823,
            0.10010813176631927,
            0.03416118398308754
        ],
        "re_weigh": [
            0.007922880351543427,
            0.2006996124982834,
            0.06875229626893997
        ],
        "dp_exp": [
            0.08661212027072906,
            0.0788998082280159,
            0.0083626639097929
        ],
        "eo_exp": [
            0.0919540673494339,
            0.09973353892564774,
            0.007091953419148922
        ],
        "tpr_exp": [
            0.07493235915899277,
            0.10533098131418228,
            0.006933830212801695
        ],
        "er_exp": [
            0.19569982588291168,
            0.1675001084804535,
            0.002088641980662942
        ],
        "opt_shap": [
            0.0026592270005494356,
            0.20061437785625458,
            0.00270084198564291
        ],
        "opt_objBI": [
            0.003342602401971817,
            0.19400817155838013,
            0.0033752971794456244
        ]
    },
    "shap": {
        "full": [
            0.0010900672059506178,
            0.19422614574432373,
            0.0
        ],
        "partial": [
            0.00023367488756775856,
            0.19593872129917145
        ],
        "mip": [
            0.001625842065550387,
            0.20004840195178986
        ],
        "adv_deb": [
            0.009655231609940529,
            0.19638337194919586
        ],
        "eo_cal": [
            3.9357411878881976e-05,
            0.10415510833263397
        ],
        "re_weigh": [
            0.0005586178158409894,
            0.2046499401330948
        ],
        "dp_exp": [
            0.09026668965816498,
            0.08590114861726761
        ],
        "eo_exp": [
            0.10736200213432312,
            0.10685744881629944
        ],
        "tpr_exp": [
            0.08818693459033966,
            0.12371516972780228
        ],
        "er_exp": [
            0.1977357119321823,
            0.16624440252780914
        ],
        "opt_shap": [
            0.0008709359099157155,
            0.1960674673318863
        ],
        "opt_objBI": [
            0.0013590366579592228,
            0.19272677600383759
        ]
    },
    "di": {
        "full": 0.7433757304017047,
        "partial": 0.7825914935707221,
        "mip": 0.8051743656883239,
        "adv_deb": 0.8341000886242663,
        "eo_cal": 0.7626112759643917,
        "re_weigh": 0.9634863370672028,
        "dp_exp": 0.9857725634086654,
        "eo_exp": 0.9814929347027487,
        "tpr_exp": 0.9535958779818492,
        "er_exp": 1.0002841977682118,
        "opt_shap": 0.7802368692738737,
        "opt_objBI": 0.78516580769431
    },
    "dd": {
        "full": -0.23560650838751485,
        "partial": -0.20114133810191026,
        "mip": -0.1826120960636236,
        "adv_deb": -0.1548287342768475,
        "eo_cal": -0.2373887240356083,
        "re_weigh": -0.031824850806947635,
        "dp_exp": -0.004262515764407504,
        "eo_exp": -0.01885728173108947,
        "tpr_exp": -0.04286018608251596,
        "er_exp": 0.04282518184700346,
        "opt_shap": -0.20309757480655155,
        "opt_objBI": -0.19810797106449873
    },
    "eqopp": {
        "full": -0.15037767706389416,
        "partial": -0.11670221274326853,
        "mip": -0.10235270594508139,
        "adv_deb": -0.08013862969874708,
        "eo_cal": -0.12396694214876036,
        "re_weigh": 0.0004709855149738207,
        "dp_exp": 0.006029503243579426,
        "eo_exp": -0.0021260997067449328,
        "tpr_exp": -0.013914067359815152,
        "er_exp": 0.03347107438016528,
        "opt_shap": -0.11835510530525195,
        "opt_objBI": -0.11670221274326853
    },
    "eqodd": {
        "full": 0.22642036562554316,
        "partial": 0.1951561732259622,
        "mip": 0.17563096240251957,
        "adv_deb": 0.14647325573607303,
        "eo_cal": 0.26518544151772994,
        "re_weigh": 0.005513466015755725,
        "dp_exp": 0.01116927268062004,
        "eo_exp": 0.013297790227242867,
        "tpr_exp": 0.023340279952244206,
        "er_exp": 0.03897655597415797,
        "opt_shap": 0.19640485736761543,
        "opt_objBI": 0.18903372424637038
    }
}