{
    "error": {
        "full": 27.399999618530273,
        "partial": 27.149999618530273,
        "mip": 27.64999771118164,
        "adv_deb": 27.5,
        "eo_cal": 28.450000762939453,
        "re_weigh": 29.249998092651367,
        "dp_exp": 31.25,
        "eo_exp": 34.70000076293945,
        "tpr_exp": 30.75,
        "er_exp": 37.95000076293945,
        "opt_shap": 27.05000114440918,
        "opt_objBI": 27.25
    },
    "objBI": {
        "full": [
            0.007928772829473019,
            0.1945393979549408,
            0.009929444640874863
        ],
        "partial": [
            0.01082217413932085,
            0.19446800649166107,
            0.0066232141107320786
        ],
        "mip": [
            0.00786891020834446,
            0.18949143588542938,
            0.0006484776386059821
        ],
        "adv_deb": [
            0.007216728292405605,
            0.20277716219425201,
            0.010651728138327599
        ],
        "eo_cal": [
            0.008192733861505985,
            0.10241332650184631,
            0.04241253435611725
        ],
        "re_weigh": [
            0.008213287219405174,
            0.19648133218288422,
            0.07563383877277374
        ],
        "dp_exp": [
            0.03391565755009651,
            0.03813762217760086,
            0.00025110694696195424
        ],
        "eo_exp": [
            0.059390030801296234,
            0.039475563913583755,
            0.0030026109889149666
        ],
        "tpr_exp": [
            0.05336761847138405,
            0.15493923425674438,
            0.002334872493520379
        ],
        "er_exp": [
            0.1927853226661682,
            0.21490469574928284,
            0.024328354746103287
        ],
        "opt_shap": [
            0.006508149206638336,
            0.18284554779529572,
            0.0033708265982568264
        ],
        "opt_objBI": [
            0.005952468141913414,
            0.19325095415115356,
            0.0006571129197254777
        ]
    },
    "shap": {
        "full": [
            0.006803005002439022,
            0.19347384572029114,
            0.0
        ],
        "partial": [
            0.009109568782150745,
            0.19492453336715698
        ],
        "mip": [
            0.00781499408185482,
            0.19789525866508484
        ],
        "adv_deb": [
            0.014781463891267776,
            0.20382803678512573
        ],
        "eo_cal": [
            0.0014042053371667862,
            0.10931428521871567
        ],
        "re_weigh": [
            0.00794144906103611,
            0.1976049840450287
        ],
        "dp_exp": [
            0.03574101999402046,
            0.0387006513774395
        ],
        "eo_exp": [
            0.06698580086231232,
            0.07995689660310745
        ],
        "tpr_exp": [
            0.05455721169710159,
            0.15350675582885742
        ],
        "er_exp": [
            0.20202164351940155,
            0.21455179154872894
        ],
        "opt_shap": [
            0.005770963151007891,
            0.19075725972652435
        ],
        "opt_objBI": [
            0.005898564588278532,
            0.19286184012889862
        ]
    },
    "di": {
        "full": 0.7314868586978165,
        "partial": 0.7045334861206487,
        "mip": 0.7529699307501101,
        "adv_deb": 0.7570387266743542,
        "eo_cal": 0.7004048582995951,
        "re_weigh": 0.9450645312814547,
        "dp_exp": 0.977268135793191,
        "eo_exp": 0.9969162240877163,
        "tpr_exp": 0.9172113941746576,
        "er_exp": 0.8647946790052052,
        "opt_shap": 0.7143504436659605,
        "opt_objBI": 0.7058589079314468
    },
    "dd": {
        "full": -0.2589612904258213,
        "partial": -0.28057640300203224,
        "mip": -0.2377542366100719,
        "adv_deb": -0.23095725784512966,
        "eo_cal": -0.2995951417004049,
        "re_weigh": -0.049127074298699114,
        "dp_exp": -0.02455553599718352,
        "eo_exp": -0.01575026803859747,
        "tpr_exp": -0.07159030900449659,
        "er_exp": -0.10258277191915632,
        "opt_shap": -0.27238322318413855,
        "opt_objBI": -0.28048038917604134
    },
    "eqopp": {
        "full": -0.1776217009052169,
        "partial": -0.18941425608179063,
        "mip": -0.16460107098532384,
        "adv_deb": -0.15256333480875883,
        "eo_cal": -0.1959798994974874,
        "re_weigh": -0.009917896911153301,
        "dp_exp": -0.01438322875170317,
        "eo_exp": 0.012571493043802784,
        "tpr_exp": -0.02226807613195514,
        "er_exp": -0.07967080653700276,
        "opt_shap": -0.1802796365245919,
        "opt_objBI": -0.19032988778087334
    },
    "eqodd": {
        "full": 0.26018233382856754,
        "partial": 0.2817116037442201,
        "mip": 0.23624341699308815,
        "adv_deb": 0.2295638498425721,
        "eo_cal": 0.3268902055032194,
        "re_weigh": 0.032505836776122246,
        "dp_exp": 0.024907940036550648,
        "eo_exp": 0.013469026114409609,
        "tpr_exp": 0.0816314143856671,
        "er_exp": 0.10142233378106627,
        "opt_shap": 0.27491709873970427,
        "opt_objBI": 0.2824997691248783
    }
}