{
    "error": {
        "full": 26.249998092651367,
        "partial": 26.149999618530273,
        "mip": 26.30000114440918,
        "adv_deb": 26.399999618530273,
        "eo_cal": 26.69999885559082,
        "re_weigh": 27.5,
        "dp_exp": 28.850000381469727,
        "eo_exp": 28.60000228881836,
        "tpr_exp": 28.25,
        "er_exp": 33.099998474121094,
        "opt_shap": 26.249998092651367,
        "opt_objBI": 26.249998092651367
    },
    "objBI": {
        "full": [
            0.009063773788511753,
            0.19795353710651398,
            0.003020131029188633
        ],
        "partial": [
            0.015221978537738323,
            0.20566177368164062,
            0.014723237603902817
        ],
        "mip": [
            0.006572769954800606,
            0.211247980594635,
            0.005924464203417301
        ],
        "adv_deb": [
            0.016005195677280426,
            0.21918223798274994,
            0.008162088692188263
        ],
        "eo_cal": [
            0.006013600155711174,
            0.10899839550256729,
            0.04081975668668747
        ],
        "re_weigh": [
            0.0038743033073842525,
            0.2088107168674469,
            0.0679922103881836
        ],
        "dp_exp": [
            0.11253254860639572,
            0.16321054100990295,
            0.007393738720566034
        ],
        "eo_exp": [
            0.12250038236379623,
            0.1701131910085678,
            0.00803227536380291
        ],
        "tpr_exp": [
            0.09492824971675873,
            0.19645483791828156,
            0.019263338297605515
        ],
        "er_exp": [
            0.1968134492635727,
            0.22982698678970337,
            0.014217810705304146
        ],
        "opt_shap": [
            0.012937820516526699,
            0.20063406229019165,
            0.009080605581402779
        ],
        "opt_objBI": [
            0.013211691752076149,
            0.1948448121547699,
            0.01065637543797493
        ]
    },
    "shap": {
        "full": [
            0.009188922122120857,
            0.19561922550201416,
            0.0
        ],
        "partial": [
            0.008820842951536179,
            0.2033909261226654
        ],
        "mip": [
            0.004033489618450403,
            0.20879311859607697
        ],
        "adv_deb": [
            0.017293136566877365,
            0.22067849338054657
        ],
        "eo_cal": [
            0.0004495048488024622,
            0.11189962923526764
        ],
        "re_weigh": [
            0.0034040207974612713,
            0.21087539196014404
        ],
        "dp_exp": [
            0.11093056946992874,
            0.13701032102108002
        ],
        "eo_exp": [
            0.12378077954053879,
            0.15631206333637238
        ],
        "tpr_exp": [
            0.10451588034629822,
            0.16703329980373383
        ],
        "er_exp": [
            0.19997796416282654,
            0.2400672733783722
        ],
        "opt_shap": [
            0.00959805678576231,
            0.19915616512298584
        ],
        "opt_objBI": [
            0.009004064835608006,
            0.19987335801124573
        ]
    },
    "di": {
        "full": 0.7764235391804244,
        "partial": 0.7669304552269319,
        "mip": 0.7656514490621709,
        "adv_deb": 0.7238529906317559,
        "eo_cal": 0.7154150197628458,
        "re_weigh": 0.935416858167111,
        "dp_exp": 0.9699587669350088,
        "eo_exp": 0.9762845849802372,
        "tpr_exp": 0.9487836107554417,
        "er_exp": 0.9545289396324881,
        "opt_shap": 0.7843833185448091,
        "opt_objBI": 0.7864806001451965
    },
    "dd": {
        "full": -0.211130402778,
        "partial": -0.21891552383543234,
        "mip": -0.21987966267142467,
        "adv_deb": -0.2529484245731386,
        "eo_cal": -0.2845849802371542,
        "re_weigh": -0.056216095117696985,
        "dp_exp": -0.029144196764334107,
        "eo_exp": -0.02572370421340675,
        "tpr_exp": -0.05281160487110148,
        "er_exp": -0.03405690419420393,
        "opt_shap": -0.20317725752508364,
        "opt_objBI": -0.2012009729401033
    },
    "eqopp": {
        "full": -0.13188915581737115,
        "partial": -0.13592693851916182,
        "mip": -0.1378028077928377,
        "adv_deb": -0.16377893346986072,
        "eo_cal": -0.17329093799682038,
        "re_weigh": -0.008608270821630737,
        "dp_exp": -0.0007586388443816539,
        "eo_exp": -0.0066722908198482145,
        "tpr_exp": -0.017388582692670407,
        "er_exp": -0.02942316501638531,
        "opt_shap": -0.12292229341082783,
        "opt_objBI": -0.12133246829159094
    },
    "eqodd": {
        "full": 0.21191057627830856,
        "partial": 0.21984844498114087,
        "mip": 0.2207863796179788,
        "adv_deb": 0.2512714593391623,
        "eo_cal": 0.32032693113940236,
        "re_weigh": 0.035310834133686714,
        "dp_exp": 0.021395755303692067,
        "eo_exp": 0.01154284550310572,
        "tpr_exp": 0.04122288416663776,
        "er_exp": 0.06533966601414384,
        "opt_shap": 0.2048161790175957,
        "opt_objBI": 0.2027157834292566
    }
}