{
    "error": {
        "full": 27.399999618530273,
        "partial": 27.350000381469727,
        "mip": 27.450000762939453,
        "adv_deb": 27.350000381469727,
        "eo_cal": 27.700000762939453,
        "re_weigh": 28.25,
        "dp_exp": 29.899999618530273,
        "eo_exp": 29.850000381469727,
        "tpr_exp": 29.600000381469727,
        "er_exp": 33.849998474121094,
        "opt_shap": 27.450000762939453,
        "opt_objBI": 27.450000762939453
    },
    "objBI": {
        "full": [
            0.012017738074064255,
            0.21136228740215302,
            0.005442042835056782
        ],
        "partial": [
            0.013719387352466583,
            0.21214786171913147,
            0.009404006414115429
        ],
        "mip": [
            0.016903767362236977,
            0.2097899466753006,
            0.005256992764770985
        ],
        "adv_deb": [
            0.009443582966923714,
            0.21163314580917358,
            0.0106291389092803
        ],
        "eo_cal": [
            0.023414168506860733,
            0.21868817508220673,
            0.014419195242226124
        ],
        "re_weigh": [
            0.01994258537888527,
            0.22301919758319855,
            0.06283345073461533
        ],
        "dp_exp": [
            0.18832167983055115,
            0.29900503158569336,
            0.008818871341645718
        ],
        "eo_exp": [
            0.20452946424484253,
            0.32358288764953613,
            0.024202415719628334
        ],
        "tpr_exp": [
            0.1551896333694458,
            0.3011317849159241,
            0.008552296087145805
        ],
        "er_exp": [
            0.15958333015441895,
            0.3179548680782318,
            0.02439543977379799
        ],
        "opt_shap": [
            0.012650469318032265,
            0.22120575606822968,
            0.003619690192863345
        ],
        "opt_objBI": [
            0.012242533266544342,
            0.2148429900407791,
            0.003058290807530284
        ]
    },
    "shap": {
        "full": [
            0.011611837893724442,
            0.21750947833061218,
            0.0
        ],
        "partial": [
            0.011252589523792267,
            0.2133273035287857
        ],
        "mip": [
            0.016512878239154816,
            0.22278738021850586
        ],
        "adv_deb": [
            0.017565082758665085,
            0.22026143968105316
        ],
        "eo_cal": [
            0.019677860662341118,
            0.22483907639980316
        ],
        "re_weigh": [
            0.019056953489780426,
            0.22640034556388855
        ],
        "dp_exp": [
            0.1931980848312378,
            0.30917009711265564
        ],
        "eo_exp": [
            0.20182494819164276,
            0.33355799317359924
        ],
        "tpr_exp": [
            0.1662261188030243,
            0.31908392906188965
        ],
        "er_exp": [
            0.19515857100486755,
            0.3591512441635132
        ],
        "opt_shap": [
            0.012169980444014072,
            0.2178632915019989
        ],
        "opt_objBI": [
            0.011639776639640331,
            0.2160768061876297
        ]
    },
    "di": {
        "full": 0.762408303753899,
        "partial": 0.7351359924743357,
        "mip": 0.7557287261242777,
        "adv_deb": 0.7427239353326602,
        "eo_cal": 0.7755427398104698,
        "re_weigh": 0.9406197879611379,
        "dp_exp": 0.966270718755187,
        "eo_exp": 0.9624159187106517,
        "tpr_exp": 0.936108422071636,
        "er_exp": 0.9622932730386748,
        "opt_shap": 0.722628736308435,
        "opt_objBI": 0.7393669909921736
    },
    "dd": {
        "full": -0.2211298103634859,
        "partial": -0.24240397793196788,
        "mip": -0.22810440569780488,
        "adv_deb": -0.23439525643425685,
        "eo_cal": -0.2070484757901354,
        "re_weigh": -0.050967503611432874,
        "dp_exp": -0.03735167597513689,
        "eo_exp": -0.029187785498407726,
        "tpr_exp": -0.06302663600661118,
        "er_exp": -0.02744088312171955,
        "opt_shap": -0.2515559444234772,
        "opt_objBI": -0.2385317610878246
    },
    "eqopp": {
        "full": -0.13219108784586286,
        "partial": -0.14639290898693536,
        "mip": -0.13673734218976819,
        "adv_deb": -0.14639290898693536,
        "eo_cal": -0.12363304447279277,
        "re_weigh": -0.014195222803853436,
        "dp_exp": -0.001033739497646624,
        "eo_exp": 0.01204196542471303,
        "tpr_exp": -0.03250120969515691,
        "er_exp": 0.014193023358113677,
        "opt_shap": -0.15655434830422732,
        "opt_objBI": -0.14481810583732901
    },
    "eqodd": {
        "full": 0.226884548707812,
        "partial": 0.2484151775910272,
        "mip": 0.23565430243885493,
        "adv_deb": 0.2354219244728466,
        "eo_cal": 0.2103480243685712,
        "re_weigh": 0.027293210913428456,
        "dp_exp": 0.018974609985702717,
        "eo_exp": 0.02388810860160552,
        "tpr_exp": 0.054395011988901315,
        "er_exp": 0.05361111105949365,
        "opt_shap": 0.2555780210159147,
        "opt_objBI": 0.2438589317951185
    }
}