{
    "error": {
        "full": 28.650001525878906,
        "partial": 28.799999237060547,
        "mip": 28.5,
        "adv_deb": 28.75,
        "eo_cal": 28.650001525878906,
        "re_weigh": 29.649999618530273,
        "dp_exp": 31.0,
        "eo_exp": 31.75,
        "tpr_exp": 31.099998474121094,
        "er_exp": 35.70000076293945,
        "opt_shap": 28.60000228881836,
        "opt_objBI": 28.60000228881836
    },
    "objBI": {
        "full": [
            0.03670106455683708,
            0.1848621815443039,
            0.01719238981604576
        ],
        "partial": [
            0.03546687215566635,
            0.1706608086824417,
            0.008203117176890373
        ],
        "mip": [
            0.013411148451268673,
            0.19948697090148926,
            0.004197798203676939
        ],
        "adv_deb": [
            0.01694086194038391,
            0.20460118353366852,
            0.019924424588680267
        ],
        "eo_cal": [
            0.00956730917096138,
            0.2168152779340744,
            0.011207802221179008
        ],
        "re_weigh": [
            0.012814871966838837,
            0.19968661665916443,
            0.08487924188375473
        ],
        "dp_exp": [
            0.1630955934524536,
            0.27720528841018677,
            0.017514264211058617
        ],
        "eo_exp": [
            0.17042821645736694,
            0.27740827202796936,
            0.004458419978618622
        ],
        "tpr_exp": [
            0.1539342850446701,
            0.2575852870941162,
            0.0008934556390158832
        ],
        "er_exp": [
            0.15157656371593475,
            0.28843358159065247,
            0.011736039072275162
        ],
        "opt_shap": [
            0.03542230278253555,
            0.18203234672546387,
            0.007575140800327063
        ],
        "opt_objBI": [
            0.03509880229830742,
            0.17818522453308105,
            0.006871265824884176
        ]
    },
    "shap": {
        "full": [
            0.03410261869430542,
            0.18516123294830322,
            0.0
        ],
        "partial": [
            0.03522806614637375,
            0.1715732365846634
        ],
        "mip": [
            0.012813156470656395,
            0.2025265395641327
        ],
        "adv_deb": [
            0.02878686971962452,
            0.20064403116703033
        ],
        "eo_cal": [
            0.009282429702579975,
            0.20784898102283478
        ],
        "re_weigh": [
            0.006663726642727852,
            0.20649582147598267
        ],
        "dp_exp": [
            0.16228170692920685,
            0.24335840344429016
        ],
        "eo_exp": [
            0.17546425759792328,
            0.2778436243534088
        ],
        "tpr_exp": [
            0.15785646438598633,
            0.24661995470523834
        ],
        "er_exp": [
            0.2019440233707428,
            0.3025304079055786
        ],
        "opt_shap": [
            0.03296363353729248,
            0.1767076700925827
        ],
        "opt_objBI": [
            0.03363076597452164,
            0.1773727834224701
        ]
    },
    "di": {
        "full": 0.7140601214050647,
        "partial": 0.7088846822147827,
        "mip": 0.707923718952645,
        "adv_deb": 0.7743110294394205,
        "eo_cal": 0.7366818145579208,
        "re_weigh": 0.9665683382497543,
        "dp_exp": 0.9676305012588199,
        "eo_exp": 0.9622388048197441,
        "tpr_exp": 0.9740116587863309,
        "er_exp": 0.9411323293484448,
        "opt_shap": 0.7019370490249272,
        "opt_objBI": 0.7019370490249272
    },
    "dd": {
        "full": -0.27168651740352956,
        "partial": -0.2810462223582616,
        "mip": -0.27870554590276597,
        "adv_deb": -0.21007671216981705,
        "eo_cal": -0.2477816088849677,
        "re_weigh": -0.029316472460541032,
        "dp_exp": -0.01901349490002613,
        "eo_exp": -0.035457247144424775,
        "tpr_exp": -0.029050395564317988,
        "er_exp": -0.009765822322651219,
        "opt_shap": -0.28684389788648923,
        "opt_objBI": -0.28684389788648923
    },
    "eqopp": {
        "full": -0.19659714695290376,
        "partial": -0.20227439600013986,
        "mip": -0.1962016188245166,
        "adv_deb": -0.1422218628719275,
        "eo_cal": -0.17064962763539737,
        "re_weigh": -0.003749868885703278,
        "dp_exp": 0.010736075661690214,
        "eo_exp": -0.013308101115345639,
        "tpr_exp": 0.0029741092968778027,
        "er_exp": 0.02019378693052687,
        "opt_shap": -0.20306545225691408,
        "opt_objBI": -0.20306545225691408
    },
    "eqodd": {
        "full": 0.26345263510110173,
        "partial": 0.28063299631939764,
        "mip": 0.2751036105327065,
        "adv_deb": 0.19606891462924106,
        "eo_cal": 0.23983461773926734,
        "re_weigh": 0.014031797187949682,
        "dp_exp": 0.02234797340145106,
        "eo_exp": 0.016847556161725563,
        "tpr_exp": 0.027020834171926154,
        "er_exp": 0.041268709434754636,
        "opt_shap": 0.28688286618447945,
        "opt_objBI": 0.28688286618447945
    }
}