{
    "error": {
        "full": 26.0,
        "partial": 26.44999885559082,
        "mip": 26.350000381469727,
        "adv_deb": 26.30000114440918,
        "eo_cal": 26.499998092651367,
        "re_weigh": 27.450000762939453,
        "dp_exp": 28.75,
        "eo_exp": 28.349998474121094,
        "tpr_exp": 27.950000762939453,
        "er_exp": 32.400001525878906,
        "opt_shap": 26.44999885559082,
        "opt_objBI": 26.399999618530273
    },
    "objBI": {
        "full": [
            0.007239472586661577,
            0.20438770949840546,
            0.013375985436141491
        ],
        "partial": [
            0.015704302117228508,
            0.20207209885120392,
            0.0024584042839705944
        ],
        "mip": [
            0.0024199415929615498,
            0.21324250102043152,
            0.0018408853793516755
        ],
        "adv_deb": [
            0.015972740948200226,
            0.21638911962509155,
            0.015178629197180271
        ],
        "eo_cal": [
            0.001894896849989891,
            0.10273869335651398,
            0.041287850588560104
        ],
        "re_weigh": [
            0.0025025943759828806,
            0.2204166054725647,
            0.06428871303796768
        ],
        "dp_exp": [
            0.14778345823287964,
            0.25829923152923584,
            0.016625646501779556
        ],
        "eo_exp": [
            0.14840364456176758,
            0.29078325629234314,
            0.009434276260435581
        ],
        "tpr_exp": [
            0.13313548266887665,
            0.30766576528549194,
            0.009069748222827911
        ],
        "er_exp": [
            0.12917308509349823,
            0.327450692653656,
            0.028620237484574318
        ],
        "opt_shap": [
            0.012096640653908253,
            0.20814351737499237,
            0.002786410739645362
        ],
        "opt_objBI": [
            0.01422693021595478,
            0.20460733771324158,
            0.009985116310417652
        ]
    },
    "shap": {
        "full": [
            0.004527559503912926,
            0.20560868084430695,
            0.0
        ],
        "partial": [
            0.015536355786025524,
            0.19875386357307434
        ],
        "mip": [
            0.001916709472425282,
            0.21171161532402039
        ],
        "adv_deb": [
            0.024638358503580093,
            0.21254345774650574
        ],
        "eo_cal": [
            0.0017784645315259695,
            0.11413067579269409
        ],
        "re_weigh": [
            0.0016302450094372034,
            0.21367588639259338
        ],
        "dp_exp": [
            0.15500187873840332,
            0.2778749465942383
        ],
        "eo_exp": [
            0.14524313807487488,
            0.30024731159210205
        ],
        "tpr_exp": [
            0.13370396196842194,
            0.29881367087364197
        ],
        "er_exp": [
            0.1554061621427536,
            0.35646694898605347
        ],
        "opt_shap": [
            0.011591491289436817,
            0.20430627465248108
        ],
        "opt_objBI": [
            0.011472424492239952,
            0.20383593440055847
        ]
    },
    "di": {
        "full": 0.7197194496897761,
        "partial": 0.7153506291606039,
        "mip": 0.7368149078089731,
        "adv_deb": 0.7229555107718837,
        "eo_cal": 0.6973293768545994,
        "re_weigh": 0.8934145569902247,
        "dp_exp": 0.9507915732775608,
        "eo_exp": 0.914631874492688,
        "tpr_exp": 0.9065018133860864,
        "er_exp": 0.8940466345608146,
        "opt_shap": 0.7108749097547555,
        "opt_objBI": 0.7182143262271499
    },
    "dd": {
        "full": -0.2680944394271707,
        "partial": -0.2688195271627867,
        "mip": -0.24908113881779692,
        "adv_deb": -0.2619176920407369,
        "eo_cal": -0.3026706231454006,
        "re_weigh": -0.09570057977015223,
        "dp_exp": -0.0432772365456221,
        "eo_exp": -0.057058904127399446,
        "tpr_exp": -0.09200813298409105,
        "er_exp": -0.08145385591656595,
        "opt_shap": -0.27275400323439136,
        "opt_objBI": -0.26583016545001936
    },
    "eqopp": {
        "full": -0.16777157087091132,
        "partial": -0.16942051420110382,
        "mip": -0.15388595369497904,
        "adv_deb": -0.16247560236909409,
        "eo_cal": -0.1858552631578947,
        "re_weigh": -0.05119296002153728,
        "dp_exp": 0.004904765109705167,
        "eo_exp": -0.014466112531969277,
        "tpr_exp": -0.03437962713689591,
        "er_exp": -0.011959045631982801,
        "opt_shap": -0.17143121550679774,
        "opt_objBI": -0.16485226813837672
    },
    "eqodd": {
        "full": 0.27039757503279926,
        "partial": 0.2701791438317107,
        "mip": 0.2487642208987476,
        "adv_deb": 0.2629846035484602,
        "eo_cal": 0.3323817258717513,
        "re_weigh": 0.06369839679431234,
        "dp_exp": 0.022620641939169142,
        "eo_exp": 0.047309891951870964,
        "tpr_exp": 0.05877689445471165,
        "er_exp": 0.0623412268204066,
        "opt_shap": 0.27490657885180336,
        "opt_objBI": 0.2678950208003472
    }
}