{
    "error": {
        "full": 28.60000228881836,
        "partial": 28.400001525878906,
        "mip": 28.450000762939453,
        "adv_deb": 28.150001525878906,
        "eo_cal": 29.55000114440918,
        "re_weigh": 27.549999237060547,
        "dp_exp": 30.75,
        "eo_exp": 30.700000762939453,
        "tpr_exp": 30.30000114440918,
        "er_exp": 34.150001525878906,
        "opt_shap": 27.849998474121094,
        "opt_objBI": 28.049999237060547
    },
    "objBI": {
        "full": [
            0.018334930762648582,
            0.1659104973077774,
            0.018862957134842873
        ],
        "partial": [
            0.010224532335996628,
            0.19750121235847473,
            0.010223248042166233
        ],
        "mip": [
            0.004236836452037096,
            0.19535735249519348,
            0.004111651796847582
        ],
        "adv_deb": [
            0.004675187170505524,
            0.1919800043106079,
            0.008667918853461742
        ],
        "eo_cal": [
            0.000753419182728976,
            0.09893494844436646,
            0.03572671487927437
        ],
        "re_weigh": [
            0.014150040224194527,
            0.19929176568984985,
            0.07462405413389206
        ],
        "dp_exp": [
            0.06993239372968674,
            0.06312940269708633,
            0.004951423965394497
        ],
        "eo_exp": [
            0.09080252051353455,
            0.09071604907512665,
            0.009459221735596657
        ],
        "tpr_exp": [
            0.08397859334945679,
            0.10046208649873734,
            0.01721438579261303
        ],
        "er_exp": [
            0.19588324427604675,
            0.14746685326099396,
            0.0011326619423925877
        ],
        "opt_shap": [
            0.004519975744187832,
            0.18636547029018402,
            0.0012611650163307786
        ],
        "opt_objBI": [
            0.003984456416219473,
            0.1860506385564804,
            0.000609228212852031
        ]
    },
    "shap": {
        "full": [
            0.017736736685037613,
            0.16472390294075012,
            0.0
        ],
        "partial": [
            0.00029558141250163317,
            0.19260676205158234
        ],
        "mip": [
            0.0012185557279735804,
            0.19463641941547394
        ],
        "adv_deb": [
            0.009309999644756317,
            0.1923033446073532
        ],
        "eo_cal": [
            0.0006661047809757292,
            0.1040203794836998
        ],
        "re_weigh": [
            0.0008003951516002417,
            0.19815297424793243
        ],
        "dp_exp": [
            0.09599529951810837,
            0.07398149371147156
        ],
        "eo_exp": [
            0.10771434009075165,
            0.09668765217065811
        ],
        "tpr_exp": [
            0.09002691507339478,
            0.11547725647687912
        ],
        "er_exp": [
            0.20252661406993866,
            0.15508809685707092
        ],
        "opt_shap": [
            0.0044797612354159355,
            0.18794815242290497
        ],
        "opt_objBI": [
            0.0038834300357848406,
            0.18650491535663605
        ]
    },
    "di": {
        "full": 0.7711833620924531,
        "partial": 0.804533390338475,
        "mip": 0.803476184832117,
        "adv_deb": 0.8125232739805074,
        "eo_cal": 0.7602397602397603,
        "re_weigh": 0.9771861973484222,
        "dp_exp": 0.9787065780621097,
        "eo_exp": 0.9687128089302002,
        "tpr_exp": 0.9454190970320002,
        "er_exp": 0.9784333313745078,
        "opt_shap": 0.8134974269428051,
        "opt_objBI": 0.8102172668768863
    },
    "dd": {
        "full": -0.21667721667721662,
        "partial": -0.1847051847051847,
        "mip": -0.18570418570418568,
        "adv_deb": -0.17771817771817766,
        "eo_cal": -0.23976023976023975,
        "re_weigh": -0.01970801970801972,
        "dp_exp": -0.012845012845012937,
        "eo_exp": -0.03081103081103087,
        "tpr_exp": -0.052811052811052805,
        "er_exp": -0.022451022451022484,
        "opt_shap": -0.17772817772817773,
        "opt_objBI": -0.1797141797141797
    },
    "eqopp": {
        "full": -0.1631209331511041,
        "partial": -0.13764322614473468,
        "mip": -0.13923558283263282,
        "adv_deb": -0.1291957846600824,
        "eo_cal": -0.15923566878980888,
        "re_weigh": -0.009928053843575091,
        "dp_exp": 0.0008122953144743539,
        "eo_exp": -0.02369409560157132,
        "tpr_exp": -0.03054918039832555,
        "er_exp": 0.00541100423768881,
        "opt_shap": -0.12528258421654326,
        "opt_objBI": -0.12784625699476526
    },
    "eqodd": {
        "full": 0.2162893565728503,
        "partial": 0.18090777804524594,
        "mip": 0.181703956389195,
        "adv_deb": 0.1746005940778642,
        "eo_cal": 0.2672853947166203,
        "re_weigh": 0.02446856793639776,
        "dp_exp": 0.005397182839327136,
        "eo_exp": 0.017557529380417644,
        "tpr_exp": 0.048413260674389946,
        "er_exp": 0.035467392879451914,
        "opt_shap": 0.1765199628483427,
        "opt_objBI": 0.17794727796638526
    }
}