{
    "error": {
        "full": 27.64999771118164,
        "partial": 29.100000381469727,
        "mip": 27.599998474121094,
        "adv_deb": 27.64999771118164,
        "eo_cal": 28.049999237060547,
        "re_weigh": 28.700000762939453,
        "dp_exp": 30.450000762939453,
        "eo_exp": 29.94999885559082,
        "tpr_exp": 29.0,
        "er_exp": 31.950000762939453,
        "opt_shap": 29.149999618530273,
        "opt_objBI": 29.149999618530273
    },
    "objBI": {
        "full": [
            0.011187353171408176,
            0.19330145418643951,
            0.005278308410197496
        ],
        "partial": [
            0.03703884780406952,
            0.12832842767238617,
            0.0034856507554650307
        ],
        "mip": [
            0.011724608018994331,
            0.2102164477109909,
            0.011835946701467037
        ],
        "adv_deb": [
            0.004088711924850941,
            0.20836827158927917,
            0.013728790916502476
        ],
        "eo_cal": [
            0.006150685250759125,
            0.11147366464138031,
            0.01863926649093628
        ],
        "re_weigh": [
            0.004524928517639637,
            0.20985105633735657,
            0.07250718027353287
        ],
        "dp_exp": [
            0.09358000010251999,
            0.08455139398574829,
            0.003984577022492886
        ],
        "eo_exp": [
            0.10906579345464706,
            0.09807582199573517,
            0.01818837784230709
        ],
        "tpr_exp": [
            0.09507057815790176,
            0.13667786121368408,
            0.0005836090422235429
        ],
        "er_exp": [
            0.1089598760008812,
            0.22064346075057983,
            0.009699561633169651
        ],
        "opt_shap": [
            0.033665429800748825,
            0.12711097300052643,
            0.0021891440264880657
        ],
        "opt_objBI": [
            0.0343586727976799,
            0.12904304265975952,
            0.0034851650707423687
        ]
    },
    "shap": {
        "full": [
            0.011331791058182716,
            0.1986980438232422,
            0.0
        ],
        "partial": [
            0.037357039749622345,
            0.12361820042133331
        ],
        "mip": [
            0.002437944058328867,
            0.21472838521003723
        ],
        "adv_deb": [
            0.006760965567082167,
            0.21237912774085999
        ],
        "eo_cal": [
            0.0017407474806532264,
            0.11632365733385086
        ],
        "re_weigh": [
            0.004408054519444704,
            0.21853426098823547
        ],
        "dp_exp": [
            0.11248556524515152,
            0.10761559009552002
        ],
        "eo_exp": [
            0.1234540343284607,
            0.12476121634244919
        ],
        "tpr_exp": [
            0.10306264460086823,
            0.15105856955051422
        ],
        "er_exp": [
            0.10827106237411499,
            0.22911319136619568
        ],
        "opt_shap": [
            0.03325473144650459,
            0.12923361361026764
        ],
        "opt_objBI": [
            0.033448655158281326,
            0.12950237095355988
        ]
    },
    "di": {
        "full": 0.7647230663224642,
        "partial": 0.900295192694655,
        "mip": 0.7311487966374214,
        "adv_deb": 0.7606472574921979,
        "eo_cal": 0.7207472959685349,
        "re_weigh": 0.9654107713775988,
        "dp_exp": 0.9601530616684505,
        "eo_exp": 0.9492889042698703,
        "tpr_exp": 0.917220787129345,
        "er_exp": 0.8774780747494613,
        "opt_shap": 0.8846557672116394,
        "opt_objBI": 0.8846557672116394
    },
    "dd": {
        "full": -0.22235225980308315,
        "partial": -0.09615478873394412,
        "mip": -0.2549026668707256,
        "adv_deb": -0.22401273968176805,
        "eo_cal": -0.27925270403146507,
        "re_weigh": -0.02938149125097156,
        "dp_exp": -0.03867917828252365,
        "eo_exp": -0.04718863751624225,
        "tpr_exp": -0.07075344774639869,
        "er_exp": -0.10451320431604738,
        "opt_shap": -0.11076801195545516,
        "opt_objBI": -0.11076801195545516
    },
    "eqopp": {
        "full": -0.14416445394668775,
        "partial": -0.05593727369909307,
        "mip": -0.16818467878202692,
        "adv_deb": -0.15152031104520847,
        "eo_cal": -0.17341977309562395,
        "re_weigh": -0.003702713886685749,
        "dp_exp": -0.01708248560295189,
        "eo_exp": -0.018537277147487874,
        "tpr_exp": -0.049372392151453504,
        "er_exp": -0.05265914341873856,
        "opt_shap": -0.06358408910652091,
        "opt_objBI": -0.06358408910652091
    },
    "eqodd": {
        "full": 0.22156815770927463,
        "partial": 0.09251409139500108,
        "mip": 0.2579072744559485,
        "adv_deb": 0.217259073271522,
        "eo_cal": 0.307959886547812,
        "re_weigh": 0.012024517116503042,
        "dp_exp": 0.02154295886303885,
        "eo_exp": 0.02689518682462401,
        "tpr_exp": 0.07158949334571774,
        "er_exp": 0.07117926256301715,
        "opt_shap": 0.110087499098715,
        "opt_objBI": 0.110087499098715
    }
}