{
    "error": {
        "full": 24.600000381469727,
        "partial": 24.25,
        "mip": 24.69999885559082,
        "adv_deb": 24.149999618530273,
        "eo_cal": 25.5,
        "re_weigh": 26.350000381469727,
        "dp_exp": 28.049999237060547,
        "eo_exp": 28.049999237060547,
        "tpr_exp": 28.049999237060547,
        "er_exp": 34.349998474121094,
        "opt_shap": 24.69999885559082,
        "opt_objBI": 24.600000381469727
    },
    "objBI": {
        "full": [
            0.015147403813898563,
            0.18212461471557617,
            0.012799677439033985
        ],
        "partial": [
            0.011052011512219906,
            0.18383772671222687,
            0.008616255596280098
        ],
        "mip": [
            0.010569765232503414,
            0.1971418410539627,
            0.0005654201959259808
        ],
        "adv_deb": [
            0.014495582319796085,
            0.18775220215320587,
            0.01581207662820816
        ],
        "eo_cal": [
            0.0048763686791062355,
            0.09391278028488159,
            0.03179149329662323
        ],
        "re_weigh": [
            0.00897050928324461,
            0.19451101124286652,
            0.06403902173042297
        ],
        "dp_exp": [
            0.11057690531015396,
            0.11022660881280899,
            0.01779032126069069
        ],
        "eo_exp": [
            0.11705804616212845,
            0.13938266038894653,
            0.00510462885722518
        ],
        "tpr_exp": [
            0.10980323702096939,
            0.1445552408695221,
            0.007408795412629843
        ],
        "er_exp": [
            0.23808254301548004,
            0.21214601397514343,
            0.034000005573034286
        ],
        "opt_shap": [
            0.013275100849568844,
            0.1870906800031662,
            0.001606432837434113
        ],
        "opt_objBI": [
            0.01308128610253334,
            0.18783026933670044,
            0.003370598191395402
        ]
    },
    "shap": {
        "full": [
            0.013363908976316452,
            0.1857001930475235,
            0.0
        ],
        "partial": [
            0.008697394281625748,
            0.18700845539569855
        ],
        "mip": [
            0.010767792351543903,
            0.18981240689754486
        ],
        "adv_deb": [
            0.012572066858410835,
            0.19044427573680878
        ],
        "eo_cal": [
            0.004535643849521875,
            0.09732843935489655
        ],
        "re_weigh": [
            0.008640891872346401,
            0.19251324236392975
        ],
        "dp_exp": [
            0.10548100620508194,
            0.11106964200735092
        ],
        "eo_exp": [
            0.12044520676136017,
            0.1363191306591034
        ],
        "tpr_exp": [
            0.10946018993854523,
            0.13542643189430237
        ],
        "er_exp": [
            0.26133978366851807,
            0.22360685467720032
        ],
        "opt_shap": [
            0.01275304239243269,
            0.1831170618534088
        ],
        "opt_objBI": [
            0.012745775282382965,
            0.1856376826763153
        ]
    },
    "di": {
        "full": 0.8050444162436549,
        "partial": 0.8011041144595088,
        "mip": 0.8209090231884983,
        "adv_deb": 0.7889435279187818,
        "eo_cal": 0.7746192893401015,
        "re_weigh": 1.0033705583756345,
        "dp_exp": 0.9978130242979433,
        "eo_exp": 0.9927842366683042,
        "tpr_exp": 0.9885773229457911,
        "er_exp": 1.0799547802185623,
        "opt_shap": 0.8187487362853707,
        "opt_objBI": 0.8115795822724676
    },
    "dd": {
        "full": -0.1843914880848191,
        "partial": -0.18576679752944403,
        "mip": -0.16832787377159864,
        "adv_deb": -0.1996199144807581,
        "eo_cal": -0.2253807106598985,
        "re_weigh": 0.0029056537720987263,
        "dp_exp": -0.0010852441799404922,
        "eo_exp": -0.005506238903753347,
        "tpr_exp": -0.017448926008351906,
        "er_exp": 0.06898552174239203,
        "opt_shap": -0.17035833062439054,
        "opt_objBI": -0.17653972143732344
    },
    "eqopp": {
        "full": -0.10583719290677307,
        "partial": -0.10299119438070081,
        "mip": -0.09572541007343671,
        "adv_deb": -0.11057652939966411,
        "eo_cal": -0.12322274881516593,
        "re_weigh": 0.033520869657261865,
        "dp_exp": 0.0012782028467973605,
        "eo_exp": -0.011042474281160675,
        "tpr_exp": -0.004723358957306023,
        "er_exp": 0.0904528233303975,
        "opt_shap": -0.09730518890440043,
        "opt_objBI": -0.09951608039097026
    },
    "eqodd": {
        "full": 0.19070268736247745,
        "partial": 0.1900913764111296,
        "mip": 0.17042764010165343,
        "adv_deb": 0.2101178101543775,
        "eo_cal": 0.2661568289530375,
        "re_weigh": 0.029138681581877685,
        "dp_exp": 0.02577964018952989,
        "eo_exp": 0.0224058212789182,
        "tpr_exp": 0.016480027944346623,
        "er_exp": 0.05655588015976812,
        "opt_shap": 0.17263798406258982,
        "opt_objBI": 0.18003401422145915
    }
}