{
    "error": {
        "full": 26.149999618530273,
        "partial": 25.75,
        "mip": 26.0,
        "adv_deb": 25.94999885559082,
        "eo_cal": 26.69999885559082,
        "re_weigh": 26.44999885559082,
        "dp_exp": 29.350000381469727,
        "eo_exp": 29.19999885559082,
        "tpr_exp": 28.150001525878906,
        "er_exp": 33.349998474121094,
        "opt_shap": 25.75,
        "opt_objBI": 25.650001525878906
    },
    "objBI": {
        "full": [
            0.005405267234891653,
            0.17960195243358612,
            0.013146239332854748
        ],
        "partial": [
            0.00887315720319748,
            0.19689077138900757,
            0.009028695523738861
        ],
        "mip": [
            0.00972739513963461,
            0.19277749955654144,
            0.009624773636460304
        ],
        "adv_deb": [
            0.012907170690596104,
            0.20070986449718475,
            0.01593301072716713
        ],
        "eo_cal": [
            0.008720958605408669,
            0.0973735824227333,
            0.054757364094257355
        ],
        "re_weigh": [
            0.0061426348984241486,
            0.1996976137161255,
            0.07107821851968765
        ],
        "dp_exp": [
            0.12739641964435577,
            0.16094659268856049,
            0.02151886187493801
        ],
        "eo_exp": [
            0.13446882367134094,
            0.18213042616844177,
            0.006392686627805233
        ],
        "tpr_exp": [
            0.10821735858917236,
            0.2098265141248703,
            0.0015184913063421845
        ],
        "er_exp": [
            0.15468177199363708,
            0.2703147232532501,
            0.0040000006556510925
        ],
        "opt_shap": [
            0.01010850165039301,
            0.19115397334098816,
            0.008669747039675713
        ],
        "opt_objBI": [
            0.005807592999190092,
            0.18367204070091248,
            0.0036061559803783894
        ]
    },
    "shap": {
        "full": [
            0.004895922727882862,
            0.18118378520011902,
            0.0
        ],
        "partial": [
            0.003909850027412176,
            0.19593767821788788
        ],
        "mip": [
            0.0014819371281191707,
            0.20049387216567993
        ],
        "adv_deb": [
            0.017069190740585327,
            0.2054784893989563
        ],
        "eo_cal": [
            0.0013010124675929546,
            0.10809702426195145
        ],
        "re_weigh": [
            0.0010447624372318387,
            0.1994071900844574
        ],
        "dp_exp": [
            0.11772970855236053,
            0.1445678323507309
        ],
        "eo_exp": [
            0.12498646974563599,
            0.14982080459594727
        ],
        "tpr_exp": [
            0.10633905231952667,
            0.1916552186012268
        ],
        "er_exp": [
            0.17345896363258362,
            0.2689887583255768
        ],
        "opt_shap": [
            0.006426176987588406,
            0.19157510995864868
        ],
        "opt_objBI": [
            0.004788750782608986,
            0.19137349724769592
        ]
    },
    "di": {
        "full": 0.6961242347060175,
        "partial": 0.7551129790048559,
        "mip": 0.7650513796880705,
        "adv_deb": 0.7658762625730131,
        "eo_cal": 0.7185332011892963,
        "re_weigh": 0.9697138198608832,
        "dp_exp": 1.0080636905215696,
        "eo_exp": 1.0012522288603432,
        "tpr_exp": 0.9227000241073581,
        "er_exp": 0.9117267303432455,
        "opt_shap": 0.760151346217377,
        "opt_objBI": 0.762426403781162
    },
    "dd": {
        "full": -0.2937567943003383,
        "partial": -0.23623813528895843,
        "mip": -0.22522824348772252,
        "adv_deb": -0.22207498807403392,
        "eo_cal": -0.2814667988107037,
        "re_weigh": -0.02652714869904471,
        "dp_exp": -0.019786602714819912,
        "eo_exp": -0.007857636468553975,
        "tpr_exp": -0.06114195249815235,
        "er_exp": -0.0600458637149609,
        "opt_shap": -0.2323458200114209,
        "opt_objBI": -0.23038166091453416
    },
    "eqopp": {
        "full": -0.19036980297033912,
        "partial": -0.13530788544193373,
        "mip": -0.1312864377207541,
        "adv_deb": -0.126418145452998,
        "eo_cal": -0.15396825396825398,
        "re_weigh": 0.009387633516319882,
        "dp_exp": 0.030162985658964248,
        "eo_exp": 0.006774756372611601,
        "tpr_exp": -0.00987276054300179,
        "er_exp": 5.106600280868623e-05,
        "opt_shap": -0.13163964424018038,
        "opt_objBI": -0.12980552363930375
    },
    "eqodd": {
        "full": 0.3105314094815079,
        "partial": 0.25265744280173796,
        "mip": 0.23792796389295473,
        "adv_deb": 0.2339268585215558,
        "eo_cal": 0.32368597394982623,
        "re_weigh": 0.010191635938602589,
        "dp_exp": 0.024866713257416698,
        "eo_exp": 0.012667640924387033,
        "tpr_exp": 0.07164997694121991,
        "er_exp": 0.10544236374062288,
        "opt_shap": 0.24962790999904125,
        "opt_objBI": 0.2473915884848826
    }
}