{
    "error": {
        "full": 28.349998474121094,
        "partial": 28.349998474121094,
        "mip": 28.25,
        "adv_deb": 27.950000762939453,
        "eo_cal": 29.049999237060547,
        "re_weigh": 28.0,
        "dp_exp": 30.25,
        "eo_exp": 29.399999618530273,
        "tpr_exp": 30.549999237060547,
        "er_exp": 32.20000076293945,
        "opt_shap": 28.400001525878906,
        "opt_objBI": 28.400001525878906
    },
    "objBI": {
        "full": [
            0.009213491342961788,
            0.18836519122123718,
            0.00890645943582058
        ],
        "partial": [
            0.009536043740808964,
            0.19942821562290192,
            0.0048723467625677586
        ],
        "mip": [
            0.0091001708060503,
            0.20238995552062988,
            0.004709408152848482
        ],
        "adv_deb": [
            0.010994041338562965,
            0.215549036860466,
            0.005762851797044277
        ],
        "eo_cal": [
            0.006538780871778727,
            0.09645545482635498,
            0.037483099848032
        ],
        "re_weigh": [
            0.010635437443852425,
            0.19892267882823944,
            0.06951989233493805
        ],
        "dp_exp": [
            0.18686902523040771,
            0.2984088361263275,
            0.005999999586492777
        ],
        "eo_exp": [
            0.17575938999652863,
            0.29207417368888855,
            0.008411912247538567
        ],
        "tpr_exp": [
            0.15342769026756287,
            0.3106909990310669,
            0.005550161469727755
        ],
        "er_exp": [
            0.13399715721607208,
            0.31570589542388916,
            0.017862685024738312
        ],
        "opt_shap": [
            0.005065225530415773,
            0.21064436435699463,
            0.001981983194127679
        ],
        "opt_objBI": [
            0.008317607454955578,
            0.2055296152830124,
            0.007972556166350842
        ]
    },
    "shap": {
        "full": [
            0.004007234703749418,
            0.19571083784103394,
            0.0
        ],
        "partial": [
            0.008304453454911709,
            0.20871181786060333
        ],
        "mip": [
            0.008116580545902252,
            0.20700262486934662
        ],
        "adv_deb": [
            0.012692192569375038,
            0.21132566034793854
        ],
        "eo_cal": [
            0.005126222502440214,
            0.11186233162879944
        ],
        "re_weigh": [
            0.009447827935218811,
            0.21180620789527893
        ],
        "dp_exp": [
            0.1885565221309662,
            0.2935771644115448
        ],
        "eo_exp": [
            0.1900160163640976,
            0.3158371150493622
        ],
        "tpr_exp": [
            0.15977245569229126,
            0.30589547753334045
        ],
        "er_exp": [
            0.1695132851600647,
            0.3362249732017517
        ],
        "opt_shap": [
            0.004536663647741079,
            0.20449256896972656
        ],
        "opt_objBI": [
            0.004341788124293089,
            0.20290809869766235
        ]
    },
    "di": {
        "full": 0.7515151515151516,
        "partial": 0.7627508714928758,
        "mip": 0.7632218844984802,
        "adv_deb": 0.7686169757367168,
        "eo_cal": 0.7013888888888888,
        "re_weigh": 0.9496767979848493,
        "dp_exp": 0.9667472581379866,
        "eo_exp": 0.9521676531754919,
        "tpr_exp": 0.9221432956239586,
        "er_exp": 0.924119241192412,
        "opt_shap": 0.767055496641923,
        "opt_objBI": 0.767055496641923
    },
    "dd": {
        "full": -0.23420698924731176,
        "partial": -0.22433435739887353,
        "mip": -0.22436635944700467,
        "adv_deb": -0.21622183819764462,
        "eo_cal": -0.29861111111111116,
        "re_weigh": -0.04347478238607272,
        "dp_exp": -0.02931387608806968,
        "eo_exp": -0.04305875576036866,
        "tpr_exp": -0.05715565796210964,
        "er_exp": -0.05353942652329746,
        "opt_shap": -0.22143817204301075,
        "opt_objBI": -0.22143817204301075
    },
    "eqopp": {
        "full": -0.15491424562761558,
        "partial": -0.14194828128401749,
        "mip": -0.1400636423012388,
        "adv_deb": -0.14085532262072575,
        "eo_cal": -0.19124797406807126,
        "re_weigh": -0.013685073967132144,
        "dp_exp": 0.004596144077021691,
        "eo_exp": -0.0007564945275098101,
        "tpr_exp": -0.015380589318033322,
        "er_exp": 0.024491510328129573,
        "opt_shap": -0.14115660096453053,
        "opt_objBI": -0.14115660096453053
    },
    "eqodd": {
        "full": 0.23900869996640794,
        "partial": 0.23201420884320226,
        "mip": 0.2330326736655384,
        "adv_deb": 0.21637821544506025,
        "eo_cal": 0.3296393323025778,
        "re_weigh": 0.014429919762764726,
        "dp_exp": 0.048569084035750415,
        "eo_exp": 0.02672000231302339,
        "tpr_exp": 0.06945189825613547,
        "er_exp": 0.07004481240943786,
        "opt_shap": 0.22914607541832666,
        "opt_objBI": 0.22914607541832666
    }
}