{
    "error": {
        "full": 28.25,
        "partial": 28.650001525878906,
        "mip": 28.099998474121094,
        "adv_deb": 28.400001525878906,
        "eo_cal": 28.200000762939453,
        "re_weigh": 28.450000762939453,
        "dp_exp": 29.55000114440918,
        "eo_exp": 29.0,
        "tpr_exp": 28.850000381469727,
        "er_exp": 35.20000076293945,
        "opt_shap": 28.650001525878906,
        "opt_objBI": 28.650001525878906
    },
    "objBI": {
        "full": [
            0.008703744038939476,
            0.1949940323829651,
            0.0052972957491874695
        ],
        "partial": [
            0.10050921887159348,
            0.08075779676437378,
            0.00274827191606164
        ],
        "mip": [
            0.00667652627453208,
            0.19498229026794434,
            0.003418580861762166
        ],
        "adv_deb": [
            0.014578022994101048,
            0.19465650618076324,
            0.01187308318912983
        ],
        "eo_cal": [
            0.0102345896884799,
            0.10479633510112762,
            0.05495309457182884
        ],
        "re_weigh": [
            0.007840939797461033,
            0.19892339408397675,
            0.07676931470632553
        ],
        "dp_exp": [
            0.15688705444335938,
            0.25938689708709717,
            0.02002970688045025
        ],
        "eo_exp": [
            0.17653344571590424,
            0.28153783082962036,
            0.014075624756515026
        ],
        "tpr_exp": [
            0.14012768864631653,
            0.267621248960495,
            0.010454689152538776
        ],
        "er_exp": [
            0.1692291498184204,
            0.30751362442970276,
            0.01594502106308937
        ],
        "opt_shap": [
            0.09954216331243515,
            0.08087773621082306,
            0.0012316340580582619
        ],
        "opt_objBI": [
            0.10015371441841125,
            0.0839919000864029,
            0.0033564569894224405
        ]
    },
    "shap": {
        "full": [
            0.007584801409393549,
            0.18916413187980652,
            0.0
        ],
        "partial": [
            0.10150197148323059,
            0.07917706668376923
        ],
        "mip": [
            0.006083330605179071,
            0.19975951313972473
        ],
        "adv_deb": [
            0.012813401408493519,
            0.1965576708316803
        ],
        "eo_cal": [
            0.0024499979335814714,
            0.10800264775753021
        ],
        "re_weigh": [
            0.007398182991892099,
            0.20285677909851074
        ],
        "dp_exp": [
            0.16398711502552032,
            0.24390529096126556
        ],
        "eo_exp": [
            0.1769634634256363,
            0.2585001289844513
        ],
        "tpr_exp": [
            0.1441480964422226,
            0.2571081519126892
        ],
        "er_exp": [
            0.20933976769447327,
            0.3315465748310089
        ],
        "opt_shap": [
            0.09631992876529694,
            0.0840827077627182
        ],
        "opt_objBI": [
            0.09568128734827042,
            0.08329174667596817
        ]
    },
    "di": {
        "full": 0.7228587663047211,
        "partial": 0.7703264166530986,
        "mip": 0.7198040893003909,
        "adv_deb": 0.7557755353753539,
        "eo_cal": 0.6846307385229541,
        "re_weigh": 0.9652388586671052,
        "dp_exp": 0.9659236004797309,
        "eo_exp": 0.964474980170663,
        "tpr_exp": 0.9181615356011744,
        "er_exp": 0.9510541681094792,
        "opt_shap": 0.7723324750297994,
        "opt_objBI": 0.7763445917832009
    },
    "dd": {
        "full": -0.26631106524426096,
        "partial": -0.22852291409165637,
        "mip": -0.2672810691242764,
        "adv_deb": -0.22929691718766876,
        "eo_cal": -0.3153692614770459,
        "re_weigh": -0.03044212176848704,
        "dp_exp": -0.03763615054460223,
        "eo_exp": -0.03162412649650603,
        "tpr_exp": -0.07259829039316157,
        "er_exp": -0.00977003908015639,
        "opt_shap": -0.2265269061076245,
        "opt_objBI": -0.22253489013956063
    },
    "eqopp": {
        "full": -0.20071183476018195,
        "partial": -0.16603525489487858,
        "mip": -0.20162496372848826,
        "adv_deb": -0.17425341560963536,
        "eo_cal": -0.23137876386687795,
        "re_weigh": -0.019784460979969998,
        "dp_exp": -0.024244588696275104,
        "eo_exp": -0.009855705331252684,
        "tpr_exp": -0.03308164793399504,
        "er_exp": 0.004835525181053124,
        "opt_shap": -0.1644504688409958,
        "opt_objBI": -0.16128089673323043
    },
    "eqodd": {
        "full": 0.27529722683144303,
        "partial": 0.25052480073671846,
        "mip": 0.27327574592823856,
        "adv_deb": 0.2282448714427622,
        "eo_cal": 0.344799894062819,
        "re_weigh": 0.024543130411730923,
        "dp_exp": 0.03044314286186317,
        "eo_exp": 0.022602261464365114,
        "tpr_exp": 0.06856385475200269,
        "er_exp": 0.018648771282257254,
        "opt_shap": 0.24838469881489839,
        "opt_objBI": 0.2441044949712583
    }
}