{
    "error": {
        "full": 25.5,
        "partial": 26.0,
        "mip": 27.000001907348633,
        "adv_deb": 27.000001907348633,
        "eo_cal": 28.0,
        "re_weigh": 26.499998092651367,
        "dp_exp": 26.0,
        "eo_exp": 26.0,
        "tpr_exp": 25.0,
        "er_exp": 26.499998092651367,
        "opt_shap": 27.000001907348633,
        "opt_objBI": 26.0
    },
    "objBI": {
        "full": [
            0.024683814495801926,
            0.04850194603204727,
            0.06581073999404907,
            0.05893424525856972,
            0.048838354647159576,
            0.0502716526389122,
            0.009812111034989357,
            0.009860160760581493,
            0.030444717034697533
        ],
        "partial": [
            0.015698101371526718,
            0.046567220240831375,
            0.06697136163711548,
            0.05680111050605774,
            0.05050995200872421,
            0.05160665512084961,
            0.005770527292042971,
            0.007469629868865013,
            0.0047591691836714745
        ],
        "mip": [
            0.016938092187047005,
            0.04461033642292023,
            0.07156207412481308,
            0.059567466378211975,
            0.0470573715865612,
            0.046406690031290054,
            0.006632044445723295,
            0.006558207795023918,
            0.006550292484462261
        ],
        "adv_deb": [
            0.016667502000927925,
            0.05434687063097954,
            0.047027915716171265,
            0.037694867700338364,
            0.04651191830635071,
            0.03913472965359688,
            0.007534599397331476,
            0.010026130825281143,
            0.025104550644755363
        ],
        "eo_cal": [
            0.014570948667824268,
            0.024970190599560738,
            0.023440122604370117,
            0.0277840755879879,
            0.021287022158503532,
            0.02224883995950222,
            0.00813052523881197,
            0.008072594180703163,
            0.007962142117321491
        ],
        "re_weigh": [
            0.020149419084191322,
            0.04076702892780304,
            0.06786306202411652,
            0.05641723796725273,
            0.048059526830911636,
            0.055798374116420746,
            0.005603293888270855,
            0.005901319440454245,
            0.006119058933109045
        ],
        "dp_exp": [
            0.012987500056624413,
            0.04401250183582306,
            0.08261875063180923,
            0.054506249725818634,
            0.04094374552369118,
            0.04038749635219574,
            0.01009999867528677,
            0.011556250043213367,
            0.009999998845160007
        ],
        "eo_exp": [
            0.03623603656888008,
            0.047773826867341995,
            0.07107991725206375,
            0.049907051026821136,
            0.051035694777965546,
            0.05148257315158844,
            0.031893305480480194,
            0.03674665465950966,
            0.033118635416030884
        ],
        "tpr_exp": [
            0.027870481833815575,
            0.044386960566043854,
            0.0839102566242218,
            0.05688156187534332,
            0.05283278599381447,
            0.041325248777866364,
            0.024290792644023895,
            0.027162712067365646,
            0.0256299190223217
        ],
        "er_exp": [
            0.012824999168515205,
            0.03466249629855156,
            0.08567499369382858,
            0.03765624389052391,
            0.039500001817941666,
            0.032975003123283386,
            0.009937498718500137,
            0.011562501080334187,
            0.009999998845160007
        ],
        "opt_shap": [
            0.013586505316197872,
            0.04174872860312462,
            0.05603652819991112,
            0.053809814155101776,
            0.04900983348488808,
            0.04838993400335312,
            0.002479558577761054,
            0.0013150068698450923,
            0.0012975020799785852
        ],
        "opt_objBI": [
            0.0171260517090559,
            0.04904884472489357,
            0.06542348116636276,
            0.06089014559984207,
            0.04628916084766388,
            0.0433962456882,
            0.0018534819828346372,
            0.0011071998160332441,
            0.0006731999455951154
        ]
    },
    "shap": {
        "full": [
            0.011873969808220863,
            0.04778064787387848,
            0.06672020256519318,
            0.05804654583334923,
            0.047195788472890854,
            0.04806103557348251,
            0.0017794172745198011,
            8.558122499380261e-05,
            0.02577890455722809
        ],
        "partial": [
            0.010565537959337234,
            0.04696904495358467,
            0.06628362834453583,
            0.056848809123039246,
            0.05257059633731842,
            0.053940173238515854,
            0.0030424254946410656,
            0.00399671820923686
        ],
        "mip": [
            0.012252376414835453,
            0.04605638608336449,
            0.06948444247245789,
            0.05843399092555046,
            0.04658307880163193,
            0.048107415437698364,
            0.0010973595781251788,
            0.00010106802801601589
        ],
        "adv_deb": [
            0.010809976607561111,
            0.05415777117013931,
            0.04521815478801727,
            0.038961321115493774,
            0.04425732046365738,
            0.0371258445084095,
            0.01632154919207096,
            0.009567614644765854,
            0.022106751799583435
        ],
        "eo_cal": [
            0.004607007373124361,
            0.024739492684602737,
            0.021939044818282127,
            0.02947716973721981,
            0.02097799815237522,
            0.02175852470099926,
            0.0003994980070274323,
            0.0008066996815614402,
            0.05674754083156586
        ],
        "re_weigh": [
            0.01245161797851324,
            0.041351400315761566,
            0.07005273550748825,
            0.0576971061527729,
            0.0454314760863781,
            0.05362805724143982,
            0.0007456376333720982,
            0.0015910676447674632,
            0.0027843904681503773
        ],
        "dp_exp": [
            0.0016031746054068208,
            0.047243256121873856,
            0.09218869358301163,
            0.04000178724527359,
            0.03654306009411812,
            0.03746547922492027,
            0.0013942461227998137,
            0.0038333339616656303,
            0.0
        ],
        "eo_exp": [
            0.001481883809901774,
            0.05267058685421944,
            0.08743665367364883,
            0.03756415471434593,
            0.04224889725446701,
            0.04339802637696266,
            0.004191240761429071,
            0.006148629356175661,
            0.0
        ],
        "tpr_exp": [
            0.0018290567677468061,
            0.049806464463472366,
            0.09029881656169891,
            0.03751575946807861,
            0.04232725501060486,
            0.04379069432616234,
            0.003605111036449671,
            0.005588528700172901,
            0.0
        ],
        "er_exp": [
            0.0014047619188204408,
            0.04834384843707085,
            0.09200774133205414,
            0.03686785697937012,
            0.03368888795375824,
            0.03270476311445236,
            0.0004402777412906289,
            0.0028363096062093973,
            0.0
        ],
        "opt_shap": [
            0.0099535146728158,
            0.04239271581172943,
            0.05939708650112152,
            0.05548008903861046,
            0.047418203204870224,
            0.0472787469625473,
            0.001899317605420947,
            0.0003985187504440546
        ],