{
    "error": {
        "full": 35.18324661254883,
        "partial": 34.45026397705078,
        "mip": 33.82198715209961,
        "adv_deb": 33.82198715209961,
        "eo_cal": 36.858638763427734,
        "re_weigh": 36.963348388671875,
        "dp_exp": 44.81675338745117,
        "eo_exp": 43.45549774169922,
        "tpr_exp": 39.05759048461914,
        "er_exp": 34.65968704223633,
        "opt_shap": 34.76439666748047,
        "opt_objBI": 34.45026397705078
    },
    "objBI": {
        "full": [
            0.025969617068767548,
            0.1264057755470276,
            0.011013425886631012,
            0.005887310951948166,
            0.01846400462090969,
            0.1433205008506775,
            0.011152560822665691,
            0.06290335953235626
        ],
        "partial": [
            0.029609771445393562,
            0.1414642632007599,
            0.015671052038669586,
            0.013544240035116673,
            0.025096911936998367,
            0.1432674527168274,
            0.019658397883176804,
            0.011330767534673214
        ],
        "mip": [
            0.020886575803160667,
            0.11727650463581085,
            0.006992849055677652,
            0.007177193649113178,
            0.021446533501148224,
            0.1323724389076233,
            0.013852348551154137,
            0.0038156320806592703
        ],
        "adv_deb": [
            0.02604571543633938,
            0.12547072768211365,
            0.025474930182099342,
            0.018284788355231285,
            0.03144170716404915,
            0.15189450979232788,
            0.023454060778021812,
            0.06791442632675171
        ],
        "eo_cal": [
            0.012885003350675106,
            0.062428105622529984,
            0.002415706869214773,
            0.003905289573594928,
            0.013701535761356354,
            0.08723018318414688,
            0.010009185411036015,
            0.10012602061033249
        ],
        "re_weigh": [
            0.024819135665893555,
            0.12978395819664001,
            0.014463650062680244,
            0.01745377853512764,
            0.035963788628578186,
            0.13183346390724182,
            0.0204465389251709,
            0.05050842463970184
        ],
        "dp_exp": [
            0.09648194909095764,
            0.12647777795791626,
            0.05232008919119835,
            0.09389474242925644,
            0.08389930427074432,
            0.2543430030345917,
            0.07934164255857468,
            0.052724435925483704
        ],
        "eo_exp": [
            0.10077586770057678,
            0.0666448324918747,
            0.04036123678088188,
            0.10288497805595398,
            0.08881286531686783,
            0.29709592461586,
            0.125952810049057,
            0.03995206952095032
        ],
        "tpr_exp": [
            0.05977911129593849,
            0.11416751891374588,
            0.02185850217938423,
            0.02416609227657318,
            0.09044826775789261,
            0.286490797996521,
            0.026899540796875954,
            0.013851433992385864
        ],
        "er_exp": [
            0.05667499080300331,
            0.22971874475479126,
            0.026781249791383743,
            0.019843747839331627,
            0.04268750175833702,
            0.33476248383522034,
            0.03204374760389328,
            0.01250000111758709
        ],
        "opt_shap": [
            0.025895433500409126,
            0.1274249404668808,
            0.013865252956748009,
            0.007967530749738216,
            0.02545924484729767,
            0.12500348687171936,
            0.01347402948886156,
            0.007897960022091866
        ],
        "opt_objBI": [
            0.03299543261528015,
            0.1323264092206955,
            0.012008709833025932,
            0.010205323807895184,
            0.02305043861269951,
            0.12596245110034943,
            0.012894442304968834,
            0.00909487809985876
        ]
    },
    "shap": {
        "full": [
            0.02361280843615532,
            0.12266162037849426,
            0.00428924523293972,
            0.0027832991909235716,
            0.01636587455868721,
            0.13089053332805634,
            0.008048047311604023,
            0.06243806332349777
        ],
        "partial": [
            0.02448439411818981,
            0.14108189940452576,
            0.004474141635000706,
            0.002831950318068266,
            0.01605217717587948,
            0.1453036069869995,
            0.01131573598831892
        ],
        "mip": [
            0.02010832168161869,
            0.11926855891942978,
            0.002415349707007408,
            0.0039298273622989655,
            0.01697906292974949,
            0.1387435346841812,
            0.011092430911958218
        ],
        "adv_deb": [
            0.015209841541945934,
            0.1206212192773819,
            0.005537721328437328,
            0.003349926322698593,
            0.015037749893963337,
            0.14984239637851715,
            0.012424848042428493,
            0.05816897004842758
        ],
        "eo_cal": [
            0.0107598677277565,
            0.06564083695411682,
            0.00019192953186575323,
            0.0024399072863161564,
            0.009661485441029072,
            0.08535555005073547,
            0.00860767625272274,
            0.10752234607934952
        ],
        "re_weigh": [
            0.019272062927484512,
            0.12037084996700287,
            0.0022139919456094503,
            0.0040413388051092625,
            0.019027402624487877,
            0.140028715133667,
            0.011193306185305119,
            0.04781067371368408
        ],
        "dp_exp": [
            0.06888296455144882,
            0.16820576786994934,
            0.00016846363723743707,
            0.05030246824026108,
            0.04754196107387543,
            0.2692773640155792,
            0.046963587403297424,
            0.0
        ],
        "eo_exp": [
            0.07652657479047775,
            0.07152961939573288,
            0.0018647717079147696,
            0.0641554668545723,
            0.048634063452482224,
            0.30577677488327026,
            0.08538076281547546,
            0.0
        ],
        "tpr_exp": [
            0.04513798654079437,
            0.1621798723936081,
            0.005873896647244692,
            0.01233587134629488,
            0.06945601850748062,
            0.28128355741500854,
            0.019221020862460136,
            0.0
        ],
        "er_exp": [
            0.04968038201332092,
            0.26465335488319397,
            0.007978559471666813,
            0.007187733892351389,
            0.025979433208703995,
            0.35321417450904846,
            0.03371715545654297,
            0.0
        ],
        "opt_shap": [
            0.023530444130301476,
            0.1280023604631424,
            0.00720486743375659,
            0.00032424528035335243,
            0.015554755926132202,
            0.13477355241775513,
            0.007957370020449162
        ],
        "opt_objBI": [
            0.025045709684491158,
            0.12748561799526215,
            0.004363778047263622,
            0.0025517018511891365,
            0.016446128487586975,
            0.13496403396129608,
            0.006898145191371441
        ]
    },
    "di": {
        "full": 0.248371911941672,
        "partial": 0.5784292087714596,
        "mip": 0.5877225462063007,
        "adv_deb": 0.3392937725631769,
        "eo_cal": 0.21299638989169675,
        "re_weigh": 1.1186412865113227,
        "dp_exp": 1.0694376687156468,
        "eo_exp": 0.9469612659808366,
        "tpr_exp": 0.8366308781471237,
        "er_exp": 0.6669546157813305,
        "opt_shap": 0.5292129282746406,
        "opt_objBI": 0.5335248555109235
    },
    "dd": {
        "full": -0.5735615834061056,