{
    "error": {
        "full": 31.413612365722656,
        "partial": 33.298431396484375,
        "mip": 32.67015838623047,
        "adv_deb": 32.04188537597656,
        "eo_cal": 31.93717384338379,
        "re_weigh": 35.392669677734375,
        "dp_exp": 44.607330322265625,
        "eo_exp": 40.94240951538086,
        "tpr_exp": 39.68586349487305,
        "er_exp": 32.56544494628906,
        "opt_shap": 33.926700592041016,
        "opt_objBI": 33.926700592041016
    },
    "objBI": {
        "full": [
            0.04215649515390396,
            0.1149226576089859,
            0.005333408247679472,
            0.006507696583867073,
            0.017739785835146904,
            0.13930298388004303,
            0.016607508063316345,
            0.056019291281700134
        ],
        "partial": [
            0.049356091767549515,
            0.13379351794719696,
            0.01786385290324688,
            0.01619584858417511,
            0.025791974738240242,
            0.15883444249629974,
            0.025347044691443443,
            0.01615559495985508
        ],
        "mip": [
            0.03637227788567543,
            0.11310502141714096,
            0.011879216879606247,
            0.009397033601999283,
            0.01735103689134121,
            0.14989110827445984,
            0.01876135729253292,
            0.009114709682762623
        ],
        "adv_deb": [
            0.031063633039593697,
            0.11370193213224411,
            0.022491401061415672,
            0.016901299357414246,
            0.020205549895763397,
            0.17249926924705505,
            0.021537156775593758,
            0.045781124383211136
        ],
        "eo_cal": [
            0.024333681911230087,
            0.07191059738397598,
            0.0051642777398228645,
            0.006504150107502937,
            0.010992629453539848,
            0.08582912385463715,
            0.013726657256484032,
            0.09999058395624161
        ],
        "re_weigh": [
            0.033924177289009094,
            0.11965154856443405,
            0.010183391161262989,
            0.0065035130828619,
            0.02091365121304989,
            0.16560082137584686,
            0.017910394817590714,
            0.05098344013094902
        ],
        "dp_exp": [
            0.04583842307329178,
            0.1754130870103836,
            0.05945265293121338,
            0.06575053930282593,
            0.11212196201086044,
            0.282255083322525,
            0.04774177446961403,
            0.044379450380802155
        ],
        "eo_exp": [
            0.06143767759203911,
            0.06265338510274887,
            0.0354018360376358,
            0.04678709805011749,
            0.09313362836837769,
            0.3745620846748352,
            0.11229658126831055,
            0.005447417963296175
        ],
        "tpr_exp": [
            0.04336679354310036,
            0.05494034290313721,
            0.008770417422056198,
            0.011254735291004181,
            0.09577935189008713,
            0.32730916142463684,
            0.017569150775671005,
            0.003531210357323289
        ],
        "er_exp": [
            0.09408125281333923,
            0.24768123030662537,
            0.012956247664988041,
            0.005612499546259642,
            0.024962499737739563,
            0.3324749767780304,
            0.040168751031160355,
            0.004999999422580004
        ],
        "opt_shap": [
            0.04384741932153702,
            0.11520817875862122,
            0.005429190583527088,
            0.0060373335145413876,
            0.014753306284546852,
            0.1503772735595703,
            0.012380423955619335,
            0.0016374903498217463
        ],
        "opt_objBI": [
            0.04361109435558319,
            0.12476298213005066,
            0.003228784305974841,
            0.004125860054045916,
            0.013530660420656204,
            0.14249496161937714,
            0.01565217785537243,
            0.002851121360436082
        ]
    },
    "shap": {
        "full": [
            0.0407128632068634,
            0.11859085410833359,
            0.001000789343379438,
            0.0013424222124740481,
            0.010032462887465954,
            0.14159907400608063,
            0.012991306371986866,
            0.05460840091109276
        ],
        "partial": [
            0.04233543574810028,
            0.13300469517707825,
            0.002107134321704507,
            0.001001211698167026,
            0.00883142463862896,
            0.1562507599592209,
            0.01409045048058033
        ],
        "mip": [
            0.02978007309138775,
            0.11221112310886383,
            0.0032126586884260178,
            0.0009252317249774933,
            0.010684825479984283,
            0.15411274135112762,
            0.014448514208197594
        ],
        "adv_deb": [
            0.02366248518228531,
            0.11253626644611359,
            0.006681758910417557,
            0.005340214353054762,
            0.014725755900144577,
            0.1723862588405609,
            0.012099266052246094,
            0.04227670282125473
        ],
        "eo_cal": [
            0.019218062981963158,
            0.06569018214941025,
            0.0006017920095473528,
            0.0017981313867494464,
            0.007256760727614164,
            0.09228108823299408,
            0.009252569638192654,
            0.1081584021449089
        ],
        "re_weigh": [
            0.029253967106342316,
            0.11284205317497253,
            0.0033490529749542475,
            0.0006972060073167086,
            0.01318360585719347,
            0.15623657405376434,
            0.014301173388957977,
            0.04905787482857704
        ],
        "dp_exp": [
            0.024019455537199974,
            0.1825641542673111,
            0.015782779082655907,
            0.021027956157922745,
            0.08699633181095123,
            0.27314043045043945,
            0.02259887009859085,
            0.0
        ],
        "eo_exp": [
            0.06821069866418839,
            0.09420929849147797,
            0.03213121369481087,
            0.05756891518831253,
            0.06828942894935608,
            0.3336361348628998,
            0.09566891938447952,
            0.0
        ],
        "tpr_exp": [
            0.03289404511451721,
            0.12794630229473114,
            0.006374269258230925,
            0.005934745538979769,
            0.07942632585763931,
            0.3258202075958252,
            0.013248778879642487,
            0.0
        ],
        "er_exp": [
            0.07950249314308167,
            0.259782612323761,
            0.00784118752926588,
            0.0009998754831030965,
            0.021833956241607666,
            0.33874186873435974,
            0.044432058930397034,
            0.0
        ],
        "opt_shap": [
            0.04139133170247078,
            0.11973821371793747,
            0.003437106031924486,
            0.0031362033914774656,
            0.011658374220132828,
            0.14774483442306519,
            0.012590720318257809
        ],
        "opt_objBI": [
            0.03987763449549675,
            0.12130928039550781,
            0.0011109462939202785,
            0.001183185027912259,
            0.010241786949336529,
            0.14653804898262024,
            0.01347624696791172
        ]
    },
    "di": {
        "full": 0.3260548331987498,
        "partial": 0.5332972492316019,
        "mip": 0.5602314537382485,
        "adv_deb": 0.4196787148594377,
        "eo_cal": 0.260707635009311,
        "re_weigh": 0.9633990530350478,
        "dp_exp": 0.894851830672004,
        "eo_exp": 0.8959525709725231,
        "tpr_exp": 0.8259984191417815,
        "er_exp": 0.5606646612233204,
        "opt_shap": 0.587716995988152,
        "opt_objBI": 0.5624728960995893
    },
    "dd": {
        "full": -0.5465727548938368,