{
    "error": {
        "full": 27.05000114440918,
        "partial": 27.149999618530273,
        "mip": 27.350000381469727,
        "adv_deb": 27.299999237060547,
        "eo_cal": 27.450000762939453,
        "re_weigh": 27.900001525878906,
        "dp_exp": 29.399999618530273,
        "eo_exp": 28.850000381469727,
        "tpr_exp": 28.049999237060547,
        "er_exp": 35.04999923706055,
        "opt_shap": 27.149999618530273,
        "opt_objBI": 27.25
    },
    "objBI": {
        "full": [
            0.044717032462358475,
            0.13683132827281952,
            0.03695743530988693
        ],
        "partial": [
            0.0026725998613983393,
            0.2048754096031189,
            0.002410717075690627
        ],
        "mip": [
            0.013070798479020596,
            0.20326469838619232,
            0.013067084364593029
        ],
        "adv_deb": [
            0.0083435894921422,
            0.20260931551456451,
            0.006554451771080494
        ],
        "eo_cal": [
            0.02268045023083687,
            0.11488991230726242,
            0.046903520822525024
        ],
        "re_weigh": [
            0.0064636943861842155,
            0.21682573854923248,
            0.07185909897089005
        ],
        "dp_exp": [
            0.08762456476688385,
            0.02090047299861908,
            0.00040575501043349504
        ],
        "eo_exp": [
            0.07933354377746582,
            0.04581642523407936,
            0.008911934681236744
        ],
        "tpr_exp": [
            0.05706234276294708,
            0.046948082745075226,
            0.012163431383669376
        ],
        "er_exp": [
            0.1850271373987198,
            0.16113968193531036,
            0.015117020346224308
        ],
        "opt_shap": [
            0.006849808152765036,
            0.19514544308185577,
            0.005349035374820232
        ],
        "opt_objBI": [
            0.0072167785838246346,
            0.201863631606102,
            0.007112144958227873
        ]
    },
    "shap": {
        "full": [
            0.04434692859649658,
            0.1374852955341339,
            0.0
        ],
        "partial": [
            0.0016526728868484497,
            0.20331962406635284
        ],
        "mip": [
            0.002188347280025482,
            0.19872821867465973
        ],
        "adv_deb": [
            0.009660285897552967,
            0.2062670886516571
        ],
        "eo_cal": [
            0.0035365712828934193,
            0.11657630652189255
        ],
        "re_weigh": [
            0.006186492741107941,
            0.21127499639987946
        ],
        "dp_exp": [
            0.08588781952857971,
            0.034064680337905884
        ],
        "eo_exp": [
            0.09702799469232559,
            0.05451377481222153
        ],
        "tpr_exp": [
            0.07287058979272842,
            0.0645190104842186
        ],
        "er_exp": [
            0.22690555453300476,
            0.16401809453964233
        ],
        "opt_shap": [
            0.005544183775782585,
            0.1990276277065277
        ],
        "opt_objBI": [
            0.0022387192584574223,
            0.1974988579750061
        ]
    },
    "di": {
        "full": 0.7603459130259819,
        "partial": 0.7867018451934924,
        "mip": 0.8011223598701308,
        "adv_deb": 0.8131541491438549,
        "eo_cal": 0.7473275024295433,
        "re_weigh": 0.9622661740986422,
        "dp_exp": 0.9740417265571258,
        "eo_exp": 0.968331685377064,
        "tpr_exp": 0.9497094975329188,
        "er_exp": 0.9793683051260976,
        "opt_shap": 0.7956532313708051,
        "opt_objBI": 0.799086470772621
    },
    "dd": {
        "full": -0.23126249175556646,
        "partial": -0.2034130703921998,
        "mip": -0.18986567703438595,
        "adv_deb": -0.17395329472086019,
        "eo_cal": -0.25267249757045673,
        "re_weigh": -0.033459139136013394,
        "dp_exp": -0.029689969264151128,
        "eo_exp": -0.036825970641309436,
        "tpr_exp": -0.04838669320898881,
        "er_exp": 0.02294029278623322,
        "opt_shap": -0.1959287761007007,
        "opt_objBI": -0.19180931163108172
    },
    "eqopp": {
        "full": -0.1550757992695252,
        "partial": -0.13451243308150296,
        "mip": -0.12791856373309318,
        "adv_deb": -0.11105551942095704,
        "eo_cal": -0.15822784810126578,
        "re_weigh": -0.006650155934690871,
        "dp_exp": -0.01847659311886063,
        "eo_exp": -0.02244167041910572,
        "tpr_exp": -0.025593719250846414,
        "er_exp": 0.07362493954403693,
        "opt_shap": -0.13187113290305363,
        "opt_objBI": -0.12791856373309318
    },
    "eqodd": {
        "full": 0.23471911725749917,
        "partial": 0.20130996873884094,
        "mip": 0.1854185756263489,
        "adv_deb": 0.16457675928274218,
        "eo_cal": 0.28062525906322733,
        "re_weigh": 0.005838028872720641,
        "dp_exp": 0.014889976424808854,
        "eo_exp": 0.012122153614477951,
        "tpr_exp": 0.03428002448894667,
        "er_exp": 0.04492757836951858,
        "opt_shap": 0.19227224246502428,
        "opt_objBI": 0.1879374673140063
    }
}