{
    "error": {
        "full": 27.700000762939453,
        "partial": 28.099998474121094,
        "mip": 27.399999618530273,
        "adv_deb": 27.299999237060547,
        "eo_cal": 28.049999237060547,
        "re_weigh": 27.700000762939453,
        "dp_exp": 29.94999885559082,
        "eo_exp": 30.450000762939453,
        "tpr_exp": 29.350000381469727,
        "er_exp": 34.099998474121094,
        "opt_shap": 28.5,
        "opt_objBI": 28.5
    },
    "objBI": {
        "full": [
            0.018971910700201988,
            0.172409787774086,
            0.017624875530600548
        ],
        "partial": [
            0.030753113329410553,
            0.12989626824855804,
            0.002773437649011612
        ],
        "mip": [
            0.005967185832560062,
            0.2046992927789688,
            0.0054639289155602455
        ],
        "adv_deb": [
            0.007857492193579674,
            0.2177116721868515,
            0.019722148776054382
        ],
        "eo_cal": [
            0.006550564896315336,
            0.09951849281787872,
            0.033763106912374496
        ],
        "re_weigh": [
            0.007537034340202808,
            0.20307780802249908,
            0.0750446692109108
        ],
        "dp_exp": [
            0.06358559429645538,
            0.05435211956501007,
            0.0003256490163039416
        ],
        "eo_exp": [
            0.08981925249099731,
            0.07591594010591507,
            0.002799104666337371
        ],
        "tpr_exp": [
            0.08459202945232391,
            0.1105990782380104,
            0.005845912266522646
        ],
        "er_exp": [
            0.2560843229293823,
            0.13742879033088684,
            0.01721428520977497
        ],
        "opt_shap": [
            0.02655130624771118,
            0.13598622381687164,
            0.010236694477498531
        ],
        "opt_objBI": [
            0.024796631187200546,
            0.13166707754135132,
            5.381226947065443e-05
        ]
    },
    "shap": {
        "full": [
            0.01884753629565239,
            0.170141339302063,
            0.0
        ],
        "partial": [
            0.03054921329021454,
            0.1290951669216156
        ],
        "mip": [
            0.0037796818651258945,
            0.2044304758310318
        ],
        "adv_deb": [
            0.014935033395886421,
            0.2107902318239212
        ],
        "eo_cal": [
            0.0032151094637811184,
            0.1063777282834053
        ],
        "re_weigh": [
            0.0066179814748466015,
            0.2052215039730072
        ],
        "dp_exp": [
            0.07645124942064285,
            0.06543849408626556
        ],
        "eo_exp": [
            0.09818713366985321,
            0.07811374217271805
        ],
        "tpr_exp": [
            0.08352745324373245,
            0.11465805768966675
        ],
        "er_exp": [
            0.2343326359987259,
            0.13468725979328156
        ],
        "opt_shap": [
            0.026176471263170242,
            0.13441964983940125
        ],
        "opt_objBI": [
            0.026190467178821564,
            0.1337963491678238
        ]
    },
    "di": {
        "full": 0.7981934645125469,
        "partial": 0.896650499759308,
        "mip": 0.7806780956886665,
        "adv_deb": 0.7867618342780329,
        "eo_cal": 0.7452547452547452,
        "re_weigh": 0.9663193948908234,
        "dp_exp": 0.9676961781673823,
        "eo_exp": 0.9851383847087392,
        "tpr_exp": 0.9495552990698622,
        "er_exp": 1.0117485819965157,
        "opt_shap": 0.8857267732267733,
        "opt_objBI": 0.8857267732267733
    },
    "dd": {
        "full": -0.1937261937261937,
        "partial": -0.09983209983209984,
        "mip": -0.2076862076862077,
        "adv_deb": -0.19765619765619769,
        "eo_cal": -0.2547452547452548,
        "re_weigh": -0.029736029736029734,
        "dp_exp": -0.022881022881022894,
        "eo_exp": -0.023840023840023816,
        "tpr_exp": -0.045810045810045774,
        "er_exp": -0.013456013456013438,
        "opt_shap": -0.10981210981210976,
        "opt_objBI": -0.10981210981210976
    },
    "eqopp": {
        "full": -0.13246157657266622,
        "partial": -0.05812582177119352,
        "mip": -0.14270288353027616,
        "adv_deb": -0.13338259549484122,
        "eo_cal": -0.16366612111292966,
        "re_weigh": -0.021716990999422037,
        "dp_exp": -0.018659631634776797,
        "eo_exp": -0.006752021477737791,
        "tpr_exp": -0.0244906341903397,
        "er_exp": 0.02233735546884097,
        "opt_shap": -0.07517843418314085,
        "opt_objBI": -0.07517843418314085
    },
    "eqodd": {
        "full": 0.19075994644380984,
        "partial": 0.09449290861647944,
        "mip": 0.20090669477171852,
        "adv_deb": 0.18530940530358125,
        "eo_cal": 0.28055100927441357,
        "re_weigh": 0.03950610158094543,
        "dp_exp": 0.00965988991230362,
        "eo_exp": 0.0014920384748511317,
        "tpr_exp": 0.043911377587547734,
        "er_exp": 0.030957047678451144,
        "opt_shap": 0.10022820052701403,
        "opt_objBI": 0.10022820052701403
    }
}