{
    "error": {
        "full": 26.850000381469727,
        "partial": 26.499998092651367,
        "mip": 26.899999618530273,
        "opt_shap": 26.600000381469727,
        "opt_objBI": 26.899999618530273
    },
    "objBI": {
        "full": [
            0.013343396596610546,
            0.2120521515607834,
            0.005521032027900219
        ],
        "partial": [
            0.015955816954374313,
            0.22628666460514069,
            0.012267655692994595
        ],
        "mip": [
            0.011029699817299843,
            0.2107599824666977,
            0.0046456800773739815
        ],
        "opt_shap": [
            0.006525266449898481,
            0.21389777958393097,
            0.00401394022628665
        ],
        "opt_objBI": [
            0.013120582327246666,
            0.2090608775615692,
            0.004510402679443359
        ]
    },
    "shap": {
        "full": [
            -6.780978310416685e-06,
            2.5775709673325764e-06,
            0.0
        ],
        "partial": [
            1.2506574421422556e-05,
            -6.739616310369456e-06
        ],
        "mip": [
            -1.0650768672348931e-05,
            -7.2689058470132295e-06
        ],
        "opt_shap": [
            -3.217600351490546e-06,
            -1.0883331015065778e-05
        ],
        "opt_objBI": [
            -1.2034177416353486e-05,
            -6.408691319848003e-07
        ]
    },
    "di": {
        "full": 0.7870846285188915,
        "partial": 0.7683384110616358,
        "mip": 0.778841437704904,
        "opt_shap": 0.7772733242852765,
        "opt_objBI": 0.7693088816102186
    },
    "dd": {
        "full": -0.19453111249779997,
        "partial": -0.21351941631066096,
        "mip": -0.2056152898446375,
        "opt_shap": -0.2034952559240948,
        "opt_objBI": -0.2135514168226691
    },
    "eqopp": {
        "full": -0.1412875909238953,
        "partial": -0.15282814026707192,
        "mip": -0.145641081315818,
        "opt_shap": -0.14456627944848544,
        "opt_objBI": -0.15282814026707192
    },
    "eqodd": {
        "full": 0.16904933919891502,
        "partial": 0.1911959645245042,
        "mip": 0.18736021249901097,
        "opt_shap": 0.17957193219217454,
        "opt_objBI": 0.19441857757924652
    }
}