{
    "error": {
        "full": 26.100000381469727,
        "partial": 26.249998092651367,
        "mip": 26.19999885559082,
        "opt_shap": 26.19999885559082,
        "opt_objBI": 26.149999618530273
    },
    "objBI": {
        "full": [
            0.00794996414333582,
            0.1808113306760788,
            0.003545000683516264
        ],
        "partial": [
            0.006692174822092056,
            0.17875894904136658,
            0.0005577681004069746
        ],
        "mip": [
            0.0007345376070588827,
            0.18701210618019104,
            0.0007397165754809976
        ],
        "opt_shap": [
            0.003877181326970458,
            0.17407561838626862,
            0.0027292247395962477
        ],
        "opt_objBI": [
            0.007790333591401577,
            0.1780240833759308,
            0.002377222292125225
        ]
    },
    "shap": {
        "full": [
            7.064888450258877e-06,
            9.433814739168156e-06,
            0.0
        ],
        "partial": [
            9.451733603782486e-06,
            -5.6574940572318155e-06
        ],
        "mip": [
            4.8946589004117413e-08,
            3.290176309178605e-08
        ],
        "opt_shap": [
            -7.752227247692645e-06,
            -9.123683071265987e-07
        ],
        "opt_objBI": [
            2.7849468096974306e-05,
            -3.3830434404080734e-05
        ]
    },
    "di": {
        "full": 0.8364272229143559,
        "partial": 0.8434663343714104,
        "mip": 0.8195097624563641,
        "opt_shap": 0.8442050892076136,
        "opt_objBI": 0.8414116051768394
    },
    "dd": {
        "full": -0.15796079482438086,
        "partial": -0.15100523142374533,
        "mip": -0.17156589683764378,
        "opt_shap": -0.14997814823000666,
        "opt_objBI": -0.15298739197875022
    },
    "eqopp": {
        "full": -0.07814882912159171,
        "partial": -0.07371209483494079,
        "mip": -0.09992120164438112,
        "opt_shap": -0.07528195354765665,
        "opt_objBI": -0.07371209483494079
    },
    "eqodd": {
        "full": 0.17424059246890927,
        "partial": 0.16664588123956225,
        "mip": 0.17718445223959037,
        "opt_shap": 0.16288535605046567,
        "opt_objBI": 0.16933405328257306
    }
}