{
    "error": {
        "full": 28.5,
        "partial": 28.349998474121094,
        "mip": 28.400001525878906,
        "opt_shap": 28.0,
        "opt_objBI": 28.400001525878906
    },
    "objBI": {
        "full": [
            0.004001003224402666,
            0.20012636482715607,
            0.009197263978421688
        ],
        "partial": [
            0.016269568353891373,
            0.21441049873828888,
            0.015558212995529175
        ],
        "mip": [
            0.002888553310185671,
            0.200800359249115,
            0.0027749042492359877
        ],
        "opt_shap": [
            0.005574016831815243,
            0.198711097240448,
            0.004865322727710009
        ],
        "opt_objBI": [
            0.006571554113179445,
            0.19119331240653992,
            0.006376462988555431
        ]
    },
    "shap": {
        "full": [
            2.7887999749509618e-06,
            -1.7550271422805963e-06,
            0.0
        ],
        "partial": [
            3.924511474906467e-06,
            -1.5336871683757636e-06
        ],
        "mip": [
            1.7763934465619968e-06,
            -5.134344291946036e-07
        ],
        "opt_shap": [
            1.0365743037255015e-05,
            1.9140243239235133e-06
        ],
        "opt_objBI": [
            -6.191469765326474e-06,
            -4.5615433919010684e-07
        ]
    },
    "di": {
        "full": 0.7830929832113646,
        "partial": 0.7473216004105809,
        "mip": 0.7704567230916639,
        "opt_shap": 0.7433787799148278,
        "opt_objBI": 0.757089301163126
    },
    "dd": {
        "full": -0.20157015701570158,
        "partial": -0.23634363436343642,
        "mip": -0.2156315631563157,
        "opt_shap": -0.2392539253925393,
        "opt_objBI": -0.22745274527452752
    },
    "eqopp": {
        "full": -0.13092682842898984,
        "partial": -0.15921301095573404,
        "mip": -0.1450075490040046,
        "opt_shap": -0.15790752792701335,
        "opt_objBI": -0.1509757786657835
    },
    "eqodd": {
        "full": 0.19676658684831272,
        "partial": 0.2339843856621988,
        "mip": 0.21174407049633054,
        "opt_shap": 0.2363115271680441,
        "opt_objBI": 0.22589443842895696
    }
}