{
    "error": {
        "full": 25.600000381469727,
        "partial": 25.099998474121094,
        "mip": 25.799999237060547,
        "opt_shap": 25.799999237060547,
        "opt_objBI": 25.150001525878906
    },
    "objBI": {
        "full": [
            0.029666488990187645,
            0.1899714469909668,
            0.009521985426545143
        ],
        "partial": [
            0.028877081349492073,
            0.19304944574832916,
            0.003943252377212048
        ],
        "mip": [
            0.01693454012274742,
            0.20143097639083862,
            0.013487112708389759
        ],
        "opt_shap": [
            0.019726229831576347,
            0.1882283240556717,
            0.012904142029583454
        ],
        "opt_objBI": [
            0.028584498912096024,
            0.18903928995132446,
            0.0010162841062992811
        ]
    },
    "shap": {
        "full": [
            -1.373405393678695e-05,
            -1.913954838528298e-05,
            0.0
        ],
        "partial": [
            5.795332617708482e-05,
            -1.601344411028549e-05
        ],
        "mip": [
            -3.57535645889584e-05,
            2.8407514037098736e-05
        ],
        "opt_shap": [
            5.647234502248466e-05,
            -5.7253241720900405e-06
        ],
        "opt_objBI": [
            4.723230085801333e-05,
            -5.30540944509994e-07
        ]
    },
    "di": {
        "full": 0.8091908091908092,
        "partial": 0.7911122175354184,
        "mip": 0.7556452031531565,
        "opt_shap": 0.7878407306978735,
        "opt_objBI": 0.7921841853098567
    },
    "dd": {
        "full": -0.17667517667517663,
        "partial": -0.19466919466919463,
        "mip": -0.23065723065723065,
        "opt_shap": -0.20069120069120072,
        "opt_objBI": -0.19367019367019367
    },
    "eqopp": {
        "full": -0.09395592154308874,
        "partial": -0.10246484605958817,
        "mip": -0.12963256527364797,
        "opt_shap": -0.10475488641913955,
        "opt_objBI": -0.10246484605958817
    },
    "eqodd": {
        "full": 0.16749078128436487,
        "partial": 0.1888210755120636,
        "mip": 0.23521999240223587,
        "opt_shap": 0.20439599203662925,
        "opt_objBI": 0.1875390242300123
    }
}