{
    "error": {
        "full": 28.950000762939453,
        "partial": 29.049999237060547,
        "mip": 28.299999237060547,
        "opt_shap": 29.19999885559082,
        "opt_objBI": 29.049999237060547
    },
    "objBI": {
        "full": [
            0.021902967244386673,
            0.17352376878261566,
            0.00631025992333889
        ],
        "partial": [
            0.022743893787264824,
            0.18442772328853607,
            0.003482192987576127
        ],
        "mip": [
            0.013960770331323147,
            0.18983450531959534,
            0.009755410254001617
        ],
        "opt_shap": [
            0.014166300185024738,
            0.18578070402145386,
            0.0014445331180468202
        ],
        "opt_objBI": [
            0.02267373912036419,
            0.18231160938739777,
            0.004561450332403183
        ]
    },
    "shap": {
        "full": [
            -8.906839866540395e-06,
            7.102795279934071e-06,
            0.0
        ],
        "partial": [
            9.934857189364266e-06,
            -3.807900793617591e-05
        ],
        "mip": [
            -2.3903943656478077e-05,
            -1.2054681974404957e-05
        ],
        "opt_shap": [
            1.4575123259419343e-06,
            -5.059689101472031e-06
        ],
        "opt_objBI": [
            8.785608224570751e-05,
            3.2138050301000476e-05
        ]
    },
    "di": {
        "full": 0.8464523953911461,
        "partial": 0.8485019169296235,
        "mip": 0.7927110588486377,
        "opt_shap": 0.8435332519434487,
        "opt_objBI": 0.8485019169296235
    },
    "dd": {
        "full": -0.14938934450410057,
        "partial": -0.14739532655793897,
        "mip": -0.19814078326704943,
        "opt_shap": -0.15238637147734335,
        "opt_objBI": -0.14739532655793897
    },
    "eqopp": {
        "full": -0.07995796171107195,
        "partial": -0.07995796171107195,
        "mip": -0.12275005571602748,
        "opt_shap": -0.08490030108504232,
        "opt_objBI": -0.07995796171107195
    },
    "eqodd": {
        "full": 0.16016229548329503,
        "partial": 0.1576370429580425,
        "mip": 0.2023215299156269,
        "opt_shap": 0.16342845207637824,
        "opt_objBI": 0.1576370429580425
    }
}