{
    "error": {
        "full": 29.0,
        "partial": 29.0,
        "mip": 29.0,
        "adv_deb": 29.499998092651367,
        "eo_cal": 28.0,
        "re_weigh": 29.499998092651367,
        "dp_exp": 28.5,
        "eo_exp": 29.499998092651367,
        "tpr_exp": 27.5,
        "er_exp": 28.5,
        "opt_shap": 28.5,
        "opt_objBI": 29.0
    },
    "objBI": {
        "full": [
            0.026783781126141548,
            0.021081790328025818,
            0.07904806733131409,
            0.05883307754993439,
            0.016738133504986763,
            0.036106109619140625,
            0.050498586148023605,
            0.0201911348849535,
            0.03872063010931015
        ],
        "partial": [
            0.010331674478948116,
            0.019592078402638435,
            0.0756881907582283,
            0.05801168456673622,
            0.010275190696120262,
            0.03638407588005066,
            0.03960508853197098,
            0.005399154499173164,
            0.00016798070282675326
        ],
        "mip": [
            0.022496026009321213,
            0.020191235467791557,
            0.076005719602108,
            0.06357444822788239,
            0.018558444455266,
            0.036995016038417816,
            0.04807199910283089,
            0.018078524619340897,
            0.014894484542310238
        ],
        "adv_deb": [
            0.00937163271009922,
            0.039272602647542953,
            0.04513062536716461,
            0.03839521110057831,
            0.01610219106078148,
            0.02774558961391449,
            0.030282221734523773,
            0.0021020863205194473,
            0.024749135598540306
        ],
        "eo_cal": [
            0.016056599095463753,
            0.031242376193404198,
            0.0744200274348259,
            0.04708094522356987,
            0.0322415716946125,
            0.03362622112035751,
            0.03725152462720871,
            0.009451545774936676,
            0.0166203361004591
        ],
        "re_weigh": [
            0.012005558237433434,
            0.02315218187868595,
            0.08012394607067108,
            0.059733811765909195,
            0.017340462654829025,
            0.03713251277804375,
            0.03479365259408951,
            0.009552818723022938,
            0.007655350957065821
        ],
        "dp_exp": [
            0.019218748435378075,
            0.025556251406669617,
            0.09046874940395355,
            0.04285624623298645,
            0.023649999871850014,
            0.025868749246001244,
            0.021412499248981476,
            0.017606249079108238,
            0.017499998211860657
        ],
        "eo_exp": [
            0.02577296458184719,
            0.02455698698759079,
            0.06302079558372498,
            0.04356229305267334,
            0.030044149607419968,
            0.022164514288306236,
            0.02938477322459221,
            0.022445226088166237,
            0.02401779405772686
        ],
        "tpr_exp": [
            0.005017150659114122,
            0.05019928142428398,
            0.06920231133699417,
            0.015080149285495281,
            0.015254169702529907,
            0.026563288643956184,
            0.02039938233792782,
            0.00450014928355813,
            0.0015531928511336446
        ],
        "er_exp": [
            0.029375001788139343,
            0.008156251162290573,
            0.10134374350309372,
            0.05808749794960022,
            0.018456248566508293,
            0.024306248873472214,
            0.02067500166594982,
            0.027943752706050873,
            0.027500001713633537
        ],
        "opt_shap": [
            0.016892148181796074,
            0.0177064910531044,
            0.07776341587305069,
            0.06186734512448311,
            0.013788780197501183,
            0.036703530699014664,
            0.04294511675834656,
            0.01363031379878521,
            0.008469263091683388
        ],
        "opt_objBI": [
            0.01982155255973339,
            0.015403573401272297,
            0.07822959870100021,
            0.06468036025762558,
            0.014989340677857399,
            0.032217565923929214,
            0.04479619488120079,
            0.01615944691002369,
            0.009381142444908619
        ]
    },
    "shap": {
        "full": [
            0.009517524391412735,
            0.016228923574090004,
            0.07735973596572876,
            0.059086769819259644,
            0.011016040109097958,
            0.03340680152177811,
            0.03971846401691437,
            0.007792017422616482,
            0.028809890151023865
        ],
        "partial": [
            0.009931799955666065,
            0.018681781366467476,
            0.07270205765962601,
            0.05462874844670296,
            0.009957682341337204,
            0.035559386014938354,
            0.03995901718735695,
            0.004571530502289534
        ],
        "mip": [
            0.009899783879518509,
            0.016288090497255325,
            0.07806608080863953,
            0.057602912187576294,
            0.012349624186754227,
            0.03475049138069153,
            0.03988645598292351,
            0.00762215256690979
        ],
        "adv_deb": [
            0.008119473233819008,
            0.038339532911777496,
            0.044178787618875504,
            0.03721944987773895,
            0.018127216026186943,
            0.029112383723258972,
            0.028237484395503998,
            0.0035147410817444324,
            0.025571908801794052
        ],
        "eo_cal": [
            0.00848793052136898,
            0.031535517424345016,
            0.07344617694616318,
            0.0454196035861969,
            0.03136953338980675,
            0.03430398553609848,
            0.03201804310083389,
            0.004598089959472418,
            0.012513893656432629
        ],
        "re_weigh": [
            0.009952457621693611,
            0.023058652877807617,
            0.07299931347370148,
            0.05642060190439224,
            0.015576925128698349,
            0.03733908012509346,
            0.03476749733090401,
            0.006256579887121916,
            0.005126359406858683
        ],
        "dp_exp": [
            0.002075992291793227,
            0.021755754947662354,
            0.0883946493268013,
            0.04019841179251671,
            0.011689684353768826,
            0.020534327253699303,
            0.017076188698410988,
            0.0030537701677531004,
            0.0
        ],
        "eo_exp": [
            0.0016622155671939254,
            0.03747688606381416,
            0.05955110862851143,
            0.026896774768829346,
            0.020509682595729828,
            0.013648992404341698,
            0.0174159724265337,
            0.006965256296098232,
            0.0
        ],
        "tpr_exp": [
            0.0022803940810263157,
            0.05493733286857605,
            0.06895539909601212,
            0.042412709444761276,
            0.011810354888439178,
            0.02594984695315361,
            0.022136764600872993,
            0.005599428899586201,
            0.0
        ],
        "er_exp": [
            0.0020668653305619955,
            0.022426391020417213,
            0.08896348625421524,
            0.03950774297118187,
            0.011674601584672928,
            0.02079623192548752,
            0.01720396801829338,
            0.002973015885800123,
            0.0
        ],
        "opt_shap": [
            0.008523648604750633,
            0.015908116474747658,
            0.08034579455852509,
            0.05943147838115692,
            0.011075356975197792,
            0.03390542045235634,
            0.03947971761226654,
            0.006543731316924095
        ],