{
    "error": {
        "full": 26.850000381469727,
        "partial": 26.649999618530273,
        "mip": 26.94999885559082,
        "opt_shap": 26.899999618530273,
        "opt_objBI": 26.600000381469727
    },
    "objBI": {
        "full": [
            0.008002105168998241,
            0.1893552541732788,
            0.011276512406766415
        ],
        "partial": [
            0.010059227235615253,
            0.19946488738059998,
            0.008903222158551216
        ],
        "mip": [
            0.012861466035246849,
            0.2080913633108139,
            0.01281881146132946
        ],
        "opt_shap": [
            0.004787188954651356,
            0.19612084329128265,
            0.004164352081716061
        ],
        "opt_objBI": [
            0.013113073073327541,
            0.19787658751010895,
            0.013250485993921757
        ]
    },
    "shap": {
        "full": [
            -2.8087597456760705e-06,
            -1.8196036535300664e-06,
            0.0
        ],
        "partial": [
            -1.6183133993763477e-05,
            -1.0911702702287585e-05
        ],
        "mip": [
            8.33205888284283e-07,
            -7.570326488348655e-06
        ],
        "opt_shap": [
            -7.5604207268042956e-06,
            -9.021758842209238e-07
        ],
        "opt_objBI": [
            -4.633508524420904e-06,
            -2.4321675482497085e-06
        ]
    },
    "di": {
        "full": 0.7703639082751745,
        "partial": 0.7879283615123217,
        "mip": 0.7819887749633886,
        "opt_shap": 0.7801945684457645,
        "opt_objBI": 0.7910509309767034
    },
    "dd": {
        "full": -0.22111399002591015,
        "partial": -0.20313782824045412,
        "mip": -0.2070778637007733,
        "opt_shap": -0.21010489094401852,
        "opt_objBI": -0.20014680132121188
    },
    "eqopp": {
        "full": -0.1255586533181261,
        "partial": -0.10981497909010263,
        "mip": -0.11072529886368443,
        "opt_shap": -0.11713555527394082,
        "opt_objBI": -0.10652008617412245
    },
    "eqodd": {
        "full": 0.23342588440239498,
        "partial": 0.21232847357893858,
        "mip": 0.21805524357604925,
        "opt_shap": 0.21977664045873646,
        "opt_objBI": 0.20941840085832225
    }
}