{
    "error": {
        "full": 27.149999618530273,
        "partial": 26.850000381469727,
        "mip": 26.850000381469727,
        "opt_shap": 26.69999885559082,
        "opt_objBI": 26.80000114440918
    },
    "objBI": {
        "full": [
            0.00674720574170351,
            0.2125522941350937,
            0.008363381959497929
        ],
        "partial": [
            0.012187676504254341,
            0.20318228006362915,
            0.012110183015465736
        ],
        "mip": [
            0.0065210070461034775,
            0.19744060933589935,
            0.004796900320798159
        ],
        "opt_shap": [
            0.016370926052331924,
            0.20312069356441498,
            0.016303423792123795
        ],
        "opt_objBI": [
            0.008142417296767235,
            0.20519861578941345,
            0.00661780871450901
        ]
    },
    "shap": {
        "full": [
            -6.970215054025175e-07,
            4.885467205895111e-06,
            0.0
        ],
        "partial": [
            3.917440608347533e-06,
            -7.942199772514869e-06
        ],
        "mip": [
            -5.168056759430328e-06,
            4.229724254400935e-06
        ],
        "opt_shap": [
            3.007412487932015e-06,
            1.4421939340536483e-06
        ],
        "opt_objBI": [
            1.0797829418152105e-05,
            -9.682715244707651e-06
        ]
    },
    "di": {
        "full": 0.7692189235746041,
        "partial": 0.7515820246538332,
        "mip": 0.7518679356082769,
        "opt_shap": 0.7532201361988596,
        "opt_objBI": 0.7505129179331307
    },
    "dd": {
        "full": -0.21733973041444,
        "partial": -0.2354207861128531,
        "mip": -0.23539478171811046,
        "opt_shap": -0.23435560609743045,
        "opt_objBI": -0.23643395733879025
    },
    "eqopp": {
        "full": -0.13719070378185294,
        "partial": -0.14904314435227317,
        "mip": -0.14737369527047017,
        "opt_shap": -0.14532845816766626,
        "opt_objBI": -0.14904314435227317
    },
    "eqodd": {
        "full": 0.21524483642700892,
        "partial": 0.2356470017294012,
        "mip": 0.23689561052183303,
        "opt_shap": 0.23587299197043107,
        "opt_objBI": 0.23693566152321563
    }
}