{
    "error": {
        "full": 23.5,
        "partial": 24.399999618530273,
        "mip": 24.549999237060547,
        "opt_shap": 24.5,
        "opt_objBI": 24.649999618530273
    },
    "objBI": {
        "full": [
            0.010210785083472729,
            0.21736158430576324,
            0.026012305170297623
        ],
        "partial": [
            0.002996601862832904,
            0.20879854261875153,
            0.0006374549702741206
        ],
        "mip": [
            0.022696200758218765,
            0.21685391664505005,
            0.009512859396636486
        ],
        "opt_shap": [
            0.002844788134098053,
            0.20857657492160797,
            0.0027681963983923197
        ],
        "opt_objBI": [
            0.013200769200921059,
            0.2152547538280487,
            0.009781179949641228
        ]
    },
    "shap": {
        "full": [
            -7.2143457146012224e-06,
            -1.1918541531485971e-05,
            0.0
        ],
        "partial": [
            -2.1583828129223548e-06,
            2.3446082195732743e-06
        ],
        "mip": [
            -3.454957186477259e-05,
            1.80301667569438e-05
        ],
        "opt_shap": [
            -4.279668246454094e-06,
            -1.2583732313942164e-06
        ],
        "opt_objBI": [
            -1.374550151922449e-06,
            -2.2852420897834236e-06
        ]
    },
    "di": {
        "full": 0.8324934467447707,
        "partial": 0.7765506505527332,
        "mip": 0.7258276129899028,
        "opt_shap": 0.7765506505527332,
        "opt_objBI": 0.7524796735140366
    },
    "dd": {
        "full": -0.15656391409785253,
        "partial": -0.21244531113277831,
        "mip": -0.26122153053826347,
        "opt_shap": -0.21244531113277831,
        "opt_objBI": -0.23533088327208185
    },
    "eqopp": {
        "full": -0.09030461379601673,
        "partial": -0.1341622729477291,
        "mip": -0.1742415945679553,
        "opt_shap": -0.13571506797878496,
        "opt_objBI": -0.15590140338251168
    },
    "eqodd": {
        "full": 0.14178824080189611,
        "partial": 0.21434343991510707,
        "mip": 0.26734157704169875,
        "opt_shap": 0.21373479587938848,
        "opt_objBI": 0.2376783790937172
    }
}