{
    "error": {
        "full": 26.69999885559082,
        "partial": 26.850000381469727,
        "mip": 26.499998092651367,
        "opt_shap": 26.750001907348633,
        "opt_objBI": 26.80000114440918
    },
    "objBI": {
        "full": [
            0.011276683770120144,
            0.1990327388048172,
            0.010973100550472736
        ],
        "partial": [
            0.006847731303423643,
            0.19758376479148865,
            0.006750399712473154
        ],
        "mip": [
            0.01198050007224083,
            0.21050429344177246,
            0.0117770591750741
        ],
        "opt_shap": [
            0.00386658008210361,
            0.19642409682273865,
            0.0039641703478991985
        ],
        "opt_objBI": [
            0.006058834958821535,
            0.1963423788547516,
            0.003971967846155167
        ]
    },
    "shap": {
        "full": [
            1.0076889338961337e-05,
            2.2866563540446805e-06,
            0.0
        ],
        "partial": [
            4.5750812205369584e-06,
            4.982590780855389e-06
        ],
        "mip": [
            2.678161536096013e-06,
            3.3335686566715594e-06
        ],
        "opt_shap": [
            -1.115061309064913e-06,
            3.2023192488850327e-06
        ],
        "opt_objBI": [
            -1.7950851542991586e-06,
            3.519058111578488e-07
        ]
    },
    "di": {
        "full": 0.7807028711319444,
        "partial": 0.7712186026105078,
        "mip": 0.7677832714328293,
        "opt_shap": 0.771003438352268,
        "opt_objBI": 0.777000262411436
    },
    "dd": {
        "full": -0.21018752169116584,
        "partial": -0.21904601877717345,
        "mip": -0.219747137266198,
        "opt_shap": -0.21902001438243057,
        "opt_objBI": -0.2141881978054292
    },
    "eqopp": {
        "full": -0.1347212491242118,
        "partial": -0.14604810996563566,
        "mip": -0.1473659626997631,
        "opt_shap": -0.14604810996563566,
        "opt_objBI": -0.136339372101558
    },
    "eqodd": {
        "full": 0.20938474118577857,
        "partial": 0.2164759717144754,
        "mip": 0.21067380263490165,
        "opt_shap": 0.21537212625284002,
        "opt_objBI": 0.2161989619521528
    }
}