{
    "error": {
        "full": 26.850000381469727,
        "partial": 27.05000114440918,
        "mip": 26.850000381469727,
        "adv_deb": 26.399999618530273,
        "eo_cal": 26.899999618530273,
        "re_weigh": 26.69999885559082,
        "dp_exp": 26.94999885559082,
        "eo_exp": 27.100000381469727,
        "tpr_exp": 27.350000381469727,
        "er_exp": 32.60000228881836,
        "opt_shap": 26.899999618530273,
        "opt_objBI": 26.750001907348633
    },
    "objBI": {
        "full": [
            0.021929893642663956,
            0.1644037663936615,
            0.018204517662525177
        ],
        "partial": [
            0.009904546663165092,
            0.2067609280347824,
            0.009678328409790993
        ],
        "mip": [
            0.012058652937412262,
            0.2283862829208374,
            0.002733452245593071
        ],
        "adv_deb": [
            0.020248424261808395,
            0.22194772958755493,
            0.027429644018411636
        ],
        "eo_cal": [
            0.015872914344072342,
            0.10604803264141083,
            0.014443950727581978
        ],
        "re_weigh": [
            0.016101466491818428,
            0.22002455592155457,
            0.08142848312854767
        ],
        "dp_exp": [
            0.10686080902814865,
            0.10141006112098694,
            0.011999999172985554
        ],
        "eo_exp": [
            0.12161474674940109,
            0.13404642045497894,
            0.03338256850838661
        ],
        "tpr_exp": [
            0.11311198025941849,
            0.12441962957382202,
            0.008231358602643013
        ],
        "er_exp": [
            0.24231970310211182,
            0.20220358669757843,
            0.0008095617522485554
        ],
        "opt_shap": [
            0.009252837859094143,
            0.1964532881975174,
            0.007758838590234518
        ],
        "opt_objBI": [
            0.009419528767466545,
            0.2006651908159256,
            0.009339486248791218
        ]
    },
    "shap": {
        "full": [
            0.022155197337269783,
            0.16740702092647552,
            0.0
        ],
        "partial": [
            0.0025549358688294888,
            0.20791484415531158
        ],
        "mip": [
            0.012170742265880108,
            0.21927620470523834
        ],
        "adv_deb": [
            0.013430233113467693,
            0.2212013304233551
        ],
        "eo_cal": [
            0.00861405674368143,
            0.11355116218328476
        ],
        "re_weigh": [
            0.015744229778647423,
            0.226946622133255
        ],
        "dp_exp": [
            0.11888016015291214,
            0.10477828979492188
        ],
        "eo_exp": [
            0.12572839856147766,
            0.12958942353725433
        ],
        "tpr_exp": [
            0.11679387092590332,
            0.13470663130283356
        ],
        "er_exp": [
            0.24161678552627563,
            0.19509314000606537
        ],
        "opt_shap": [
            0.006625027861446142,
            0.2041948288679123
        ],
        "opt_objBI": [
            0.001512245275080204,
            0.20394273102283478
        ]
    },
    "di": {
        "full": 0.7276254796815562,
        "partial": 0.726052443951517,
        "mip": 0.7137640386873291,
        "adv_deb": 0.784047470290881,
        "eo_cal": 0.721936148300721,
        "re_weigh": 0.9460166753664491,
        "dp_exp": 0.9973283023528141,
        "eo_exp": 0.9746778038160895,
        "tpr_exp": 0.9560380053818811,
        "er_exp": 0.961348605583131,
        "opt_shap": 0.7421366415026597,
        "opt_objBI": 0.739751672610094
    },
    "dd": {
        "full": -0.26099249468803265,
        "partial": -0.2595712994628483,
        "mip": -0.2701021559131229,
        "adv_deb": -0.2016816142375738,
        "eo_cal": -0.27806385169927905,
        "re_weigh": -0.04595664954226497,
        "dp_exp": -0.004484771692993772,
        "eo_exp": -0.03246530332009223,
        "tpr_exp": -0.04264786685602584,
        "er_exp": -0.013860656812379135,
        "opt_shap": -0.24583474702224573,
        "opt_objBI": -0.24709680841587767
    },
    "eqopp": {
        "full": -0.1694838218313146,
        "partial": -0.18061322261258383,
        "mip": -0.19505523753367893,
        "adv_deb": -0.13150545823813153,
        "eo_cal": -0.1815181518151815,
        "re_weigh": 0.010990180903946434,
        "dp_exp": 0.019130449025051455,
        "eo_exp": -0.0006715311729683648,
        "tpr_exp": -0.010994275606220572,
        "er_exp": 0.048903029260742525,
        "opt_shap": -0.16907435160389483,
        "opt_objBI": -0.16824312704223277
    },
    "eqodd": {
        "full": 0.2782550259718647,
        "partial": 0.2658825066315576,
        "mip": 0.27011192984245835,
        "adv_deb": 0.1978615810141453,
        "eo_cal": 0.30993715809937156,
        "re_weigh": 0.034722929999857016,
        "dp_exp": 0.022101248893953082,
        "eo_exp": 0.0004442959482055808,
        "tpr_exp": 0.019832692527645163,
        "er_exp": 0.059177988576307405,
        "opt_shap": 0.2522686089366608,
        "opt_objBI": 0.2528481437778889
    }
}