{
    "error": {
        "full": 27.64999771118164,
        "partial": 27.399999618530273,
        "mip": 27.900001525878906,
        "adv_deb": 27.799999237060547,
        "eo_cal": 28.099998474121094,
        "re_weigh": 28.25,
        "dp_exp": 29.94999885559082,
        "eo_exp": 29.350000381469727,
        "tpr_exp": 29.30000114440918,
        "er_exp": 35.849998474121094,
        "opt_shap": 27.900001525878906,
        "opt_objBI": 27.900001525878906
    },
    "objBI": {
        "full": [
            0.010898249223828316,
            0.20577049255371094,
            0.005998688749969006
        ],
        "partial": [
            0.011734827421605587,
            0.19428429007530212,
            0.0036496156826615334
        ],
        "mip": [
            0.013441902585327625,
            0.2118324488401413,
            0.00852406769990921
        ],
        "adv_deb": [
            0.01616944931447506,
            0.2032538801431656,
            0.003481969702988863
        ],
        "eo_cal": [
            0.014479533769190311,
            0.10384228080511093,
            0.03391009569168091
        ],
        "re_weigh": [
            0.008932908065617085,
            0.21334779262542725,
            0.06300119310617447
        ],
        "dp_exp": [
            0.12697064876556396,
            0.12671907246112823,
            0.0075189778581261635
        ],
        "eo_exp": [
            0.132964089512825,
            0.15126095712184906,
            0.017089251428842545
        ],
        "tpr_exp": [
            0.1160077229142189,
            0.15925493836402893,
            0.009347382001578808
        ],
        "er_exp": [
            0.21119362115859985,
            0.22864939272403717,
            0.008634491823613644
        ],
        "opt_shap": [
            0.011021154001355171,
            0.20259574055671692,
            0.001559387892484665
        ],
        "opt_objBI": [
            0.01071002334356308,
            0.20420478284358978,
            0.0032439979258924723
        ]
    },
    "shap": {
        "full": [
            0.010780596174299717,
            0.20416517555713654,
            0.0
        ],
        "partial": [
            0.011429721489548683,
            0.19557596743106842
        ],
        "mip": [
            0.01144243124872446,
            0.20812132954597473
        ],
        "adv_deb": [
            0.016962628811597824,
            0.20938009023666382
        ],
        "eo_cal": [
            0.004650556016713381,
            0.1092076227068901
        ],
        "re_weigh": [
            0.00886319950222969,
            0.20893658697605133
        ],
        "dp_exp": [
            0.11528979241847992,
            0.12186357378959656
        ],
        "eo_exp": [
            0.12843722105026245,
            0.14730709791183472
        ],
        "tpr_exp": [
            0.11693420261144638,
            0.16498853266239166
        ],
        "er_exp": [
            0.21429137885570526,
            0.23407265543937683
        ],
        "opt_shap": [
            0.011170433834195137,
            0.2006537765264511
        ],
        "opt_objBI": [
            0.01086893118917942,
            0.20005108416080475
        ]
    },
    "di": {
        "full": 0.7977431921714554,
        "partial": 0.7939974641693549,
        "mip": 0.7819084396446012,
        "adv_deb": 0.7634348597281967,
        "eo_cal": 0.7320525783619818,
        "re_weigh": 0.9570445746030942,
        "dp_exp": 0.9960052556733696,
        "eo_exp": 0.9921786712662819,
        "tpr_exp": 0.9724600475358818,
        "er_exp": 1.019373217754854,
        "opt_shap": 0.7819084396446012,
        "opt_objBI": 0.7819084396446012
    },
    "dd": {
        "full": -0.18765270597742323,
        "partial": -0.1925542990701875,
        "mip": -0.20277553583983665,
        "adv_deb": -0.22088772741501717,
        "eo_cal": -0.2679474216380182,
        "re_weigh": -0.03730451384617539,
        "dp_exp": 0.00028403436815849226,
        "eo_exp": -0.008112981670782227,
        "tpr_exp": -0.024246933878999344,
        "er_exp": -0.0321418891685894,
        "opt_shap": -0.20277553583983665,
        "opt_objBI": -0.20277553583983665
    },
    "eqopp": {
        "full": -0.1151048324961369,
        "partial": -0.12411384150514582,
        "mip": -0.13440124309689527,
        "adv_deb": -0.1470086904869513,
        "eo_cal": -0.1688963210702341,
        "re_weigh": -0.0023996763127198673,
        "dp_exp": 0.010059270928836184,
        "eo_exp": 0.00478859174511348,
        "tpr_exp": -0.02363950190037145,
        "er_exp": 0.05184592141113886,
        "opt_shap": -0.13440124309689527,
        "opt_objBI": -0.13440124309689527
    },
    "eqodd": {
        "full": 0.18138020823442824,
        "partial": 0.1833271679818994,
        "mip": 0.19486473067035726,
        "adv_deb": 0.21567213766702256,
        "eo_cal": 0.2941668306118434,
        "re_weigh": 0.005954248281614061,
        "dp_exp": 0.017994998174026305,
        "eo_exp": 0.02397494596983088,
        "tpr_exp": 0.007249794973580095,
        "er_exp": 0.03251857855438417,
        "opt_shap": 0.19486473067035726,
        "opt_objBI": 0.19486473067035726
    }
}