{
    "error": {
        "full": 26.600000381469727,
        "partial": 27.399999618530273,
        "mip": 27.200000762939453,
        "adv_deb": 27.450000762939453,
        "eo_cal": 27.200000762939453,
        "re_weigh": 27.599998474121094,
        "dp_exp": 28.60000228881836,
        "eo_exp": 29.19999885559082,
        "tpr_exp": 27.799999237060547,
        "er_exp": 32.35000228881836,
        "opt_shap": 26.750001907348633,
        "opt_objBI": 27.200000762939453
    },
    "objBI": {
        "full": [
            0.04278535023331642,
            0.14402997493743896,
            0.005540946964174509
        ],
        "partial": [
            0.016224155202507973,
            0.20854178071022034,
            0.004628736991435289
        ],
        "mip": [
            0.0014246223727241158,
            0.20796740055084229,
            0.0013505497481673956
        ],
        "adv_deb": [
            0.008616643957793713,
            0.1889585256576538,
            0.015284651890397072
        ],
        "eo_cal": [
            0.01161673478782177,
            0.1998002827167511,
            0.011856600642204285
        ],
        "re_weigh": [
            0.00944844726473093,
            0.21829940378665924,
            0.06853169947862625
        ],
        "dp_exp": [
            0.17100057005882263,
            0.2698381543159485,
            0.009716397151350975
        ],
        "eo_exp": [
            0.1844872236251831,
            0.30591824650764465,
            0.007191745564341545
        ],
        "tpr_exp": [
            0.13202355802059174,
            0.2962147295475006,
            0.013359620235860348
        ],
        "er_exp": [
            0.12811706960201263,
            0.30592411756515503,
            0.01260401215404272
        ],
        "opt_shap": [
            0.020160119980573654,
            0.19995269179344177,
            0.0003870763466693461
        ],
        "opt_objBI": [
            0.012018448673188686,
            0.2078343778848648,
            0.00391037343069911
        ]
    },
    "shap": {
        "full": [
            0.042108528316020966,
            0.1391478329896927,
            0.0
        ],
        "partial": [
            0.015479646623134613,
            0.20878365635871887
        ],
        "mip": [
            0.0006928999209776521,
            0.19985486567020416
        ],
        "adv_deb": [
            0.013587037101387978,
            0.1998339146375656
        ],
        "eo_cal": [
            0.0073813796043396,
            0.20579315721988678
        ],
        "re_weigh": [
            0.004555191844701767,
            0.20779544115066528
        ],
        "dp_exp": [
            0.1751607060432434,
            0.2803098261356354
        ],
        "eo_exp": [
            0.20073261857032776,
            0.296323299407959
        ],
        "tpr_exp": [
            0.1385694444179535,
            0.2869854271411896
        ],
        "er_exp": [
            0.1546594202518463,
            0.32447269558906555
        ],
        "opt_shap": [
            0.019609374925494194,
            0.20544399321079254
        ],
        "opt_objBI": [
            0.011422720737755299,
            0.2040911316871643
        ]
    },
    "di": {
        "full": 0.7847066646207356,
        "partial": 0.7586082051868366,
        "mip": 0.7620486959262469,
        "adv_deb": 0.6681574055160433,
        "eo_cal": 0.7726265802640456,
        "re_weigh": 0.9458471045427046,
        "dp_exp": 0.9499115452326006,
        "eo_exp": 0.9777547177062916,
        "tpr_exp": 0.8961950432007306,
        "er_exp": 0.907674802603602,
        "opt_shap": 0.7832984152226135,
        "opt_objBI": 0.7694566581091875
    },
    "dd": {
        "full": -0.2106371458396511,
        "partial": -0.22821592959679093,
        "mip": -0.22667863673349287,
        "adv_deb": -0.3219317445972062,
        "eo_cal": -0.21449438978180657,
        "re_weigh": -0.04757200805877748,
        "dp_exp": -0.046862411287893146,
        "eo_exp": -0.02484389371461404,
        "tpr_exp": -0.09484476444689982,
        "er_exp": -0.08322198969333205,
        "opt_shap": -0.20621242464912992,
        "opt_objBI": -0.21867190307048234
    },
    "eqopp": {
        "full": -0.12465862112164361,
        "partial": -0.14691610640163688,
        "mip": -0.1453710276861403,
        "adv_deb": -0.23200400885288341,
        "eo_cal": -0.1327556687685305,
        "re_weigh": 0.005019417881154231,
        "dp_exp": 0.022516390362049554,
        "eo_exp": 0.028700881112456722,
        "tpr_exp": -0.030417171253184105,
        "er_exp": -0.02514302417839398,
        "opt_shap": -0.11705015241992733,
        "opt_objBI": -0.13665177266463435
    },
    "eqodd": {
        "full": 0.22040869252080078,
        "partial": 0.22871371591916773,
        "mip": 0.22800229602552397,
        "adv_deb": 0.3292417027407669,
        "eo_cal": 0.21423192999955493,
        "re_weigh": 0.026749688404437172,
        "dp_exp": 0.060348922850722526,
        "eo_exp": 0.04051691619719644,
        "tpr_exp": 0.09746135069838102,
        "er_exp": 0.06373781717401242,
        "opt_shap": 0.2114154156674673,
        "opt_objBI": 0.21992660509721504
    }
}