{
    "error": {
        "full": 27.5,
        "partial": 28.049999237060547,
        "mip": 28.049999237060547,
        "adv_deb": 27.450000762939453,
        "eo_cal": 28.75,
        "re_weigh": 28.75,
        "dp_exp": 31.299999237060547,
        "eo_exp": 31.349998474121094,
        "tpr_exp": 30.849998474121094,
        "er_exp": 36.54999923706055,
        "opt_shap": 28.099998474121094,
        "opt_objBI": 28.099998474121094
    },
    "objBI": {
        "full": [
            0.036851488053798676,
            0.16738779842853546,
            0.02994755282998085
        ],
        "partial": [
            0.007667445112019777,
            0.20666585862636566,
            0.0060658841393888
        ],
        "mip": [
            0.0021534671541303396,
            0.21798186004161835,
            0.0016113538295030594
        ],
        "adv_deb": [
            0.0170095544308424,
            0.22087933123111725,
            0.014572425745427608
        ],
        "eo_cal": [
            0.004977187141776085,
            0.11044766008853912,
            0.03163895756006241
        ],
        "re_weigh": [
            0.008279344066977501,
            0.22627265751361847,
            0.07626146078109741
        ],
        "dp_exp": [
            0.13533854484558105,
            0.04178423807024956,
            0.018761396408081055
        ],
        "eo_exp": [
            0.12079380452632904,
            0.062415704131126404,
            0.026276294142007828
        ],
        "tpr_exp": [
            0.08897297084331512,
            0.055324655026197433,
            0.00584292272105813
        ],
        "er_exp": [
            0.19292590022087097,
            0.17184728384017944,
            0.009264117106795311
        ],
        "opt_shap": [
            0.010228601284325123,
            0.19667649269104004,
            0.003518130863085389
        ],
        "opt_objBI": [
            0.014167982153594494,
            0.2092033475637436,
            0.012266203761100769
        ]
    },
    "shap": {
        "full": [
            0.035610318183898926,
            0.16623982787132263,
            0.0
        ],
        "partial": [
            0.005365428049117327,
            0.211517795920372
        ],
        "mip": [
            0.001644856994971633,
            0.21552349627017975
        ],
        "adv_deb": [
            0.011054313741624355,
            0.2257327288389206
        ],
        "eo_cal": [
            0.0030744685791432858,
            0.12052903324365616
        ],
        "re_weigh": [
            0.005710562691092491,
            0.2254575937986374
        ],
        "dp_exp": [
            0.1282830536365509,
            0.06273344159126282
        ],
        "eo_exp": [
            0.13500408828258514,
            0.06762296706438065
        ],
        "tpr_exp": [
            0.11229681968688965,
            0.08495289832353592
        ],
        "er_exp": [
            0.2273702323436737,
            0.18725447356700897
        ],
        "opt_shap": [
            0.009336555376648903,
            0.20608879625797272
        ],
        "opt_objBI": [
            0.009380340576171875,
            0.20558373630046844
        ]
    },
    "di": {
        "full": 0.709146984563265,
        "partial": 0.7628954793133897,
        "mip": 0.7628954793133897,
        "adv_deb": 0.7455658304694547,
        "eo_cal": 0.6895522388059702,
        "re_weigh": 0.9305323095505134,
        "dp_exp": 0.9686201029484612,
        "eo_exp": 0.9501022694596809,
        "tpr_exp": 0.9305617833578886,
        "er_exp": 0.9506727725011307,
        "opt_shap": 0.7673152001028227,
        "opt_objBI": 0.7673152001028227
    },
    "dd": {
        "full": -0.2730218255456387,
        "partial": -0.220185504637616,
        "mip": -0.220185504637616,
        "adv_deb": -0.2298857471436786,
        "eo_cal": -0.31044776119402984,
        "re_weigh": -0.06039150978774466,
        "dp_exp": -0.033110827770694296,
        "eo_exp": -0.04394609865246635,
        "tpr_exp": -0.06305157628940727,
        "er_exp": -0.01992549813745348,
        "opt_shap": -0.21725043126078158,
        "opt_objBI": -0.21725043126078158
    },
    "eqopp": {
        "full": -0.18327321605561264,
        "partial": -0.14619812904773322,
        "mip": -0.14619812904773322,
        "adv_deb": -0.1600537661173893,
        "eo_cal": -0.19554030874785588,
        "re_weigh": -0.031148594522916184,
        "dp_exp": -0.013728915580859646,
        "eo_exp": -0.033124092017903894,
        "tpr_exp": -0.050274487796267975,
        "er_exp": 0.005770353507696058,
        "opt_shap": -0.1450101150902664,
        "opt_objBI": -0.1450101150902664
    },
    "eqodd": {
        "full": 0.25961809062024344,
        "partial": 0.20183604134711136,
        "mip": 0.20183604134711136,
        "adv_deb": 0.198705268084791,
        "eo_cal": 0.3323673107720322,
        "re_weigh": 0.015594294461850039,
        "dp_exp": 0.02178116509942861,
        "eo_exp": 0.019944554418065627,
        "tpr_exp": 0.03718386446268003,
        "er_exp": 0.03121543344363914,
        "opt_shap": 0.19953727303496463,
        "opt_objBI": 0.19953727303496463
    }
}