{
    "error": {
        "full": 26.55000114440918,
        "partial": 27.64999771118164,
        "mip": 26.69999885559082,
        "adv_deb": 26.850000381469727,
        "eo_cal": 26.399999618530273,
        "re_weigh": 28.0,
        "dp_exp": 29.0,
        "eo_exp": 29.100000381469727,
        "tpr_exp": 28.549999237060547,
        "er_exp": 33.39999771118164,
        "opt_shap": 27.200000762939453,
        "opt_objBI": 27.200000762939453
    },
    "objBI": {
        "full": [
            0.011752474121749401,
            0.1892613172531128,
            0.012738429941236973
        ],
        "partial": [
            0.03532237932085991,
            0.12638148665428162,
            0.0033471998758614063
        ],
        "mip": [
            0.010008163750171661,
            0.19868791103363037,
            0.010240701027214527
        ],
        "adv_deb": [
            0.008939729072153568,
            0.19987833499908447,
            0.008156400173902512
        ],
        "eo_cal": [
            0.014631316065788269,
            0.09777612239122391,
            0.03139486536383629
        ],
        "re_weigh": [
            0.014039386063814163,
            0.19252140820026398,
            0.07069218158721924
        ],
        "dp_exp": [
            0.08997853100299835,
            0.08178462833166122,
            0.0016433334676548839
        ],
        "eo_exp": [
            0.09201531857252121,
            0.08052197098731995,
            0.010890498757362366
        ],
        "tpr_exp": [
            0.09006927907466888,
            0.11954797804355621,
            0.014814241789281368
        ],
        "er_exp": [
            0.31026095151901245,
            0.18072709441184998,
            0.004401054233312607
        ],
        "opt_shap": [
            0.03053201362490654,
            0.12233607470989227,
            0.003453303826972842
        ],
        "opt_objBI": [
            0.03138578683137894,
            0.1236596629023552,
            0.005467205308377743
        ]
    },
    "shap": {
        "full": [
            0.012062141671776772,
            0.18431022763252258,
            0.0
        ],
        "partial": [
            0.035946477204561234,
            0.11837424337863922
        ],
        "mip": [
            0.0024332525208592415,
            0.1967119425535202
        ],
        "adv_deb": [
            0.017139773815870285,
            0.2004217803478241
        ],
        "eo_cal": [
            0.0030022854916751385,
            0.10108377039432526
        ],
        "re_weigh": [
            0.000389920111047104,
            0.1990092396736145
        ],
        "dp_exp": [
            0.09693431854248047,
            0.08843468874692917
        ],
        "eo_exp": [
            0.11135245114564896,
            0.10149449110031128
        ],
        "tpr_exp": [
            0.09491728991270065,
            0.12952370941638947
        ],
        "er_exp": [
            0.27961045503616333,
            0.16660521924495697
        ],
        "opt_shap": [
            0.031259603798389435,
            0.1238461509346962
        ],
        "opt_objBI": [
            0.031232859939336777,
            0.12381371110677719
        ]
    },
    "di": {
        "full": 0.7675009760575715,
        "partial": 0.8914497548778632,
        "mip": 0.7752545302072272,
        "adv_deb": 0.7847679582582346,
        "eo_cal": 0.7359263050153532,
        "re_weigh": 0.9565369348678134,
        "dp_exp": 0.9544689140555354,
        "eo_exp": 0.9489877713731617,
        "tpr_exp": 0.916608701710011,
        "er_exp": 0.9565942605860722,
        "opt_shap": 0.8855026004187687,
        "opt_objBI": 0.8855026004187687
    },
    "dd": {
        "full": -0.2204536199649615,
        "partial": -0.1049425145902183,
        "mip": -0.2115639173122582,
        "adv_deb": -0.2023980685782779,
        "eo_cal": -0.26407369498464683,
        "re_weigh": -0.03832227248214304,
        "dp_exp": -0.03853938733590079,
        "eo_exp": -0.04839560127307341,
        "tpr_exp": -0.07687066458156355,
        "er_exp": -0.03679646533015968,
        "opt_shap": -0.11024431924488054,
        "opt_objBI": -0.11024431924488054
    },
    "eqopp": {
        "full": -0.1300346694877086,
        "partial": -0.05432321179810007,
        "mip": -0.12506572538832972,
        "adv_deb": -0.11583589077540246,
        "eo_cal": -0.15514333895446886,
        "re_weigh": 0.003527698930587686,
        "dp_exp": -0.013947398741005368,
        "eo_exp": -0.0274381238674809,
        "tpr_exp": -0.04838226514302468,
        "er_exp": 0.015732196537240895,
        "opt_shap": -0.057695893079718896,
        "opt_objBI": -0.057695893079718896
    },
    "eqodd": {
        "full": 0.22543639055425185,
        "partial": 0.10436678556265859,
        "mip": 0.2134670178929416,
        "adv_deb": 0.20593734523479604,
        "eo_cal": 0.29371750281056774,
        "re_weigh": 0.0169229664377709,
        "dp_exp": 0.025170069632340142,
        "eo_exp": 0.02604007357052228,
        "tpr_exp": 0.07256000033700709,
        "er_exp": 0.04318729723120723,
        "opt_shap": 0.10599339761019583,
        "opt_objBI": 0.10599339761019583
    }
}