{
    "error": {
        "full": 27.350000381469727,
        "partial": 27.200000762939453,
        "mip": 27.5,
        "adv_deb": 27.350000381469727,
        "eo_cal": 28.400001525878906,
        "re_weigh": 27.849998474121094,
        "dp_exp": 30.700000762939453,
        "eo_exp": 37.70000076293945,
        "tpr_exp": 29.350000381469727,
        "er_exp": 38.29999923706055,
        "opt_shap": 27.450000762939453,
        "opt_objBI": 27.599998474121094
    },
    "objBI": {
        "full": [
            0.017141442745923996,
            0.1940939873456955,
            0.016556035727262497
        ],
        "partial": [
            0.013070756569504738,
            0.1905372440814972,
            0.009474948979914188
        ],
        "mip": [
            0.011566203087568283,
            0.20012961328029633,
            0.0030697654001414776
        ],
        "adv_deb": [
            0.009431770071387291,
            0.19125530123710632,
            0.00594820873811841
        ],
        "eo_cal": [
            0.00877426378428936,
            0.09282790869474411,
            0.041468191891908646
        ],
        "re_weigh": [
            0.01048174500465393,
            0.20864693820476532,
            0.06919100880622864
        ],
        "dp_exp": [
            0.03896360099315643,
            0.040736984461545944,
            0.0029272809624671936
        ],
        "eo_exp": [
            0.07075317949056625,
            0.054541319608688354,
            0.002741474425420165
        ],
        "tpr_exp": [
            0.055403441190719604,
            0.07903426140546799,
            0.005178040824830532
        ],
        "er_exp": [
            0.1739831119775772,
            0.19359682500362396,
            0.014765321277081966
        ],
        "opt_shap": [
            0.007154885213822126,
            0.18894051015377045,
            0.00022179532970767468
        ],
        "opt_objBI": [
            0.009236580692231655,
            0.18835274875164032,
            0.0073399851098656654
        ]
    },
    "shap": {
        "full": [
            0.007643884979188442,
            0.1935587078332901,
            0.0
        ],
        "partial": [
            0.010511455126106739,
            0.1958133429288864
        ],
        "mip": [
            0.011093612760305405,
            0.20111890137195587
        ],
        "adv_deb": [
            0.013619732111692429,
            0.200391486287117
        ],
        "eo_cal": [
            0.00721679488196969,
            0.09989302605390549
        ],
        "re_weigh": [
            0.010623592883348465,
            0.20278868079185486
        ],
        "dp_exp": [
            0.039315011352300644,
            0.0449085459113121
        ],
        "eo_exp": [
            0.08321009576320648,
            0.10819695144891739
        ],
        "tpr_exp": [
            0.05508672446012497,
            0.08592788130044937
        ],
        "er_exp": [
            0.18321076035499573,
            0.18411855399608612
        ],
        "opt_shap": [
            0.0070497216656804085,
            0.1906105875968933
        ],
        "opt_objBI": [
            0.006848422810435295,
            0.19308988749980927
        ]
    },
    "di": {
        "full": 0.7504223057419898,
        "partial": 0.7443453718460418,
        "mip": 0.7565656866647228,
        "adv_deb": 0.7605940753894583,
        "eo_cal": 0.7324239244491081,
        "re_weigh": 0.9855771600808468,
        "dp_exp": 0.9814196427026604,
        "eo_exp": 1.0109513323382053,
        "tpr_exp": 0.9540217326321389,
        "er_exp": 0.8720977590980957,
        "opt_shap": 0.7643653329189982,
        "opt_objBI": 0.7558704220305582
    },
    "dd": {
        "full": -0.23765898870605173,
        "partial": -0.24002722012926547,
        "mip": -0.22925141637878066,
        "adv_deb": -0.22591504633735926,
        "eo_cal": -0.2675760755508919,
        "re_weigh": -0.012315204286268311,
        "dp_exp": -0.02736344585188688,
        "eo_exp": 0.005669523978468427,
        "tpr_exp": -0.04976292630420609,
        "er_exp": -0.05777963521418805,
        "opt_shap": -0.22190619077542284,
        "opt_objBI": -0.22943983259019174
    },
    "eqopp": {
        "full": -0.15940616760288895,
        "partial": -0.1520405823684512,
        "mip": -0.15232718101570564,
        "adv_deb": -0.14057663647827578,
        "eo_cal": -0.16433566433566438,
        "re_weigh": 0.016106843975696394,
        "dp_exp": -0.0013756735068209958,
        "eo_exp": 0.027628109595322692,
        "tpr_exp": 0.001719591883526328,
        "er_exp": -0.0024360885016623257,
        "opt_shap": -0.14533417402269866,
        "opt_objBI": -0.15155336466811875
    },
    "eqodd": {
        "full": 0.2339025588670613,
        "partial": 0.2380937819978739,
        "mip": 0.22380138578344336,
        "adv_deb": 0.2251439612837573,
        "eo_cal": 0.29345392140667736,
        "re_weigh": 0.026426125399921674,
        "dp_exp": 0.02771969328378261,
        "eo_exp": 0.024128747634620903,
        "tpr_exp": 0.047835345240792554,
        "er_exp": 0.062258854694636295,
        "opt_shap": 0.21636787441292413,
        "opt_objBI": 0.22472681356765517
    }
}