{
    "error": {
        "full": 29.350000381469727,
        "partial": 29.0,
        "mip": 29.249998092651367,
        "adv_deb": 29.19999885559082,
        "eo_cal": 29.350000381469727,
        "re_weigh": 30.000001907348633,
        "dp_exp": 31.0,
        "eo_exp": 30.599998474121094,
        "tpr_exp": 30.649999618530273,
        "er_exp": 35.45000076293945,
        "opt_shap": 29.30000114440918,
        "opt_objBI": 29.30000114440918
    },
    "objBI": {
        "full": [
            0.016352757811546326,
            0.17195537686347961,
            0.013526545837521553
        ],
        "partial": [
            0.002826433628797531,
            0.19025453925132751,
            0.002815798157826066
        ],
        "mip": [
            0.006271297112107277,
            0.19551882147789001,
            0.002532826503738761
        ],
        "adv_deb": [
            0.0080317547544837,
            0.20231382548809052,
            0.018997687846422195
        ],
        "eo_cal": [
            0.005087178200483322,
            0.10394297540187836,
            0.044301919639110565
        ],
        "re_weigh": [
            0.01383547019213438,
            0.2040061354637146,
            0.07747625559568405
        ],
        "dp_exp": [
            0.08951321244239807,
            0.09077087044715881,
            0.008667021989822388
        ],
        "eo_exp": [
            0.10249219834804535,
            0.09649861603975296,
            0.004150644410401583
        ],
        "tpr_exp": [
            0.092288076877594,
            0.12042533606290817,
            0.012553376145660877
        ],
        "er_exp": [
            0.16898836195468903,
            0.18293149769306183,
            0.024651702493429184
        ],
        "opt_shap": [
            0.012531167827546597,
            0.19073209166526794,
            0.012266028672456741
        ],
        "opt_objBI": [
            0.0142101114615798,
            0.18955713510513306,
            0.014216285198926926
        ]
    },
    "shap": {
        "full": [
            0.01685788854956627,
            0.17081893980503082,
            0.0
        ],
        "partial": [
            0.000708733859937638,
            0.19621384143829346
        ],
        "mip": [
            0.005800423678010702,
            0.20420944690704346
        ],
        "adv_deb": [
            0.010743408463895321,
            0.19979336857795715
        ],
        "eo_cal": [
            0.004301812965422869,
            0.1081371083855629
        ],
        "re_weigh": [
            0.0080220066010952,
            0.2059638500213623
        ],
        "dp_exp": [
            0.10287456959486008,
            0.09852352738380432
        ],
        "eo_exp": [
            0.11625691503286362,
            0.1110028550028801
        ],
        "tpr_exp": [
            0.09781477600336075,
            0.13132372498512268
        ],
        "er_exp": [
            0.16746792197227478,
            0.18002663552761078
        ],
        "opt_shap": [
            0.004727140534669161,
            0.19175295531749725
        ],
        "opt_objBI": [
            0.004746651742607355,
            0.19149650633335114
        ]
    },
    "di": {
        "full": 0.760369721603374,
        "partial": 0.7931713277219657,
        "mip": 0.7771041308821279,
        "adv_deb": 0.8268732537465076,
        "eo_cal": 0.7568897637795275,
        "re_weigh": 0.9776192681797129,
        "dp_exp": 0.9965140619936413,
        "eo_exp": 0.9815185475835677,
        "tpr_exp": 0.9641802587176603,
        "er_exp": 0.9645722566140668,
        "opt_shap": 0.8037852911012603,
        "opt_objBI": 0.8037852911012603
    },
    "dd": {
        "full": -0.22550572946674352,
        "partial": -0.19505793483131684,
        "mip": -0.20975769797068045,
        "adv_deb": -0.1636258882273861,
        "eo_cal": -0.24311023622047245,
        "re_weigh": -0.01933294923500406,
        "dp_exp": -0.00610556302413412,
        "eo_exp": -0.015788041738685088,
        "tpr_exp": -0.03163209781704113,
        "er_exp": -0.029495550861020403,
        "opt_shap": -0.18524742334037514,
        "opt_objBI": -0.18524742334037514
    },
    "eqopp": {
        "full": -0.14200243038109173,
        "partial": -0.11372102855144417,
        "mip": -0.13329688499516357,
        "adv_deb": -0.09060806009991562,
        "eo_cal": -0.15008156606851553,
        "re_weigh": 0.002817736912353541,
        "dp_exp": 0.0061423565842742,
        "eo_exp": 0.00368762741239681,
        "tpr_exp": -0.017504056168807458,
        "er_exp": 0.03681208373083411,
        "opt_shap": -0.11181523791394499,
        "opt_objBI": -0.11181523791394499
    },
    "eqodd": {
        "full": 0.2339240309147198,
        "partial": 0.20241360295274963,
        "mip": 0.21435642212406736,
        "adv_deb": 0.16930820923240525,
        "eo_cal": 0.26734847534195005,
        "re_weigh": 0.008004140756033118,
        "dp_exp": 0.011168344284039927,
        "eo_exp": 0.005845890588445216,
        "tpr_exp": 0.029858281636239214,
        "er_exp": 0.06354833367825366,
        "opt_shap": 0.19029445453226307,
        "opt_objBI": 0.19029445453226307
    }
}