{
    "error": {
        "full": 28.700000762939453,
        "partial": 29.049999237060547,
        "mip": 28.799999237060547,
        "adv_deb": 29.30000114440918,
        "eo_cal": 29.149999618530273,
        "re_weigh": 28.349998474121094,
        "dp_exp": 31.150001525878906,
        "eo_exp": 31.0,
        "tpr_exp": 29.850000381469727,
        "er_exp": 34.0,
        "opt_shap": 28.75,
        "opt_objBI": 29.049999237060547
    },
    "objBI": {
        "full": [
            0.008736120536923409,
            0.1964133232831955,
            0.008424174040555954
        ],
        "partial": [
            0.0015367279993370175,
            0.19461525976657867,
            0.0010322267189621925
        ],
        "mip": [
            0.006259436719119549,
            0.21996831893920898,
            0.002710957545787096
        ],
        "adv_deb": [
            0.005470820236951113,
            0.20544469356536865,
            0.021315520629286766
        ],
        "eo_cal": [
            0.0063858358189463615,
            0.11168898642063141,
            0.026228254660964012
        ],
        "re_weigh": [
            0.01880105398595333,
            0.20325890183448792,
            0.0778149664402008
        ],
        "dp_exp": [
            0.18940848112106323,
            0.3017706274986267,
            0.0018037462141364813
        ],
        "eo_exp": [
            0.2030295729637146,
            0.2829750180244446,
            0.005482503678649664
        ],
        "tpr_exp": [
            0.1618165671825409,
            0.2743189036846161,
            0.005208587273955345
        ],
        "er_exp": [
            0.10908607393503189,
            0.2706417739391327,
            0.02323571778833866
        ],
        "opt_shap": [
            0.005498851183801889,
            0.18574504554271698,
            0.00033740565413609147
        ],
        "opt_objBI": [
            0.005415130872279406,
            0.18823373317718506,
            0.0010229257168248296
        ]
    },
    "shap": {
        "full": [
            0.00853293389081955,
            0.1920112669467926,
            0.0
        ],
        "partial": [
            0.0011899907840415835,
            0.19179469347000122
        ],
        "mip": [
            0.005579933058470488,
            0.20935885608196259
        ],
        "adv_deb": [
            0.0204513780772686,
            0.20353062450885773
        ],
        "eo_cal": [
            0.00559671875089407,
            0.11241578310728073
        ],
        "re_weigh": [
            0.009662838652729988,
            0.21326898038387299
        ],
        "dp_exp": [
            0.1889808028936386,
            0.28246867656707764
        ],
        "eo_exp": [
            0.20818136632442474,
            0.30287986993789673
        ],
        "tpr_exp": [
            0.16755543649196625,
            0.29179301857948303
        ],
        "er_exp": [
            0.13988931477069855,
            0.2748400866985321
        ],
        "opt_shap": [
            0.005210040602833033,
            0.18745337426662445
        ],
        "opt_objBI": [
            0.005182253662496805,
            0.19273392856121063
        ]
    },
    "di": {
        "full": 0.8346971857963117,
        "partial": 0.8150207012676144,
        "mip": 0.8244462195492362,
        "adv_deb": 0.7209286399123407,
        "eo_cal": 0.788111217641419,
        "re_weigh": 0.9713895315792194,
        "dp_exp": 1.0031690311976706,
        "eo_exp": 1.010909824897815,
        "tpr_exp": 0.9833118117480145,
        "er_exp": 0.9642212185270325,
        "opt_shap": 0.8136530532398351,
        "opt_objBI": 0.8129494923698569
    },
    "dd": {
        "full": -0.15303896905378045,
        "partial": -0.17125565169999335,
        "mip": -0.16271285607087504,
        "adv_deb": -0.25311801521012356,
        "eo_cal": -0.211888782358581,
        "re_weigh": -0.02496315687706563,
        "dp_exp": 0.011147611934466783,
        "eo_exp": 0.01680306887434868,
        "tpr_exp": -0.01282170733686594,
        "er_exp": -0.003883179999819686,
        "opt_shap": -0.17369015309306912,
        "opt_objBI": -0.17317319724169988
    },
    "eqopp": {
        "full": -0.10931791548907432,
        "partial": -0.1292565657958228,
        "mip": -0.116986627145516,
        "adv_deb": -0.2156631281450334,
        "eo_cal": -0.1288343558282209,
        "re_weigh": -0.01272661473771275,
        "dp_exp": 0.016672985455297384,
        "eo_exp": 0.021515475287792074,
        "tpr_exp": 6.03157096574769e-05,
        "er_exp": 0.016793616874612227,
        "opt_shap": -0.13167781071206996,
        "opt_objBI": -0.13079030812711112
    },
    "eqodd": {
        "full": 0.1451699447480342,
        "partial": 0.16281190417250818,
        "mip": 0.15616020641685216,
        "adv_deb": 0.23498851380893301,
        "eo_cal": 0.23960899377088793,
        "re_weigh": 0.01826893918680092,
        "dp_exp": 0.014183577261439179,
        "eo_exp": 0.02291278991778692,
        "tpr_exp": 0.005955989080261126,
        "er_exp": 0.06648462133751332,
        "opt_shap": 0.16478457057864576,
        "opt_objBI": 0.164857547716669
    }
}