{
    "error": {
        "full": 34.13612365722656,
        "partial": 32.879581451416016,
        "mip": 32.14659881591797,
        "adv_deb": 33.19371795654297,
        "eo_cal": 37.17277526855469,
        "re_weigh": 34.973819732666016,
        "dp_exp": 41.151832580566406,
        "eo_exp": 43.87434387207031,
        "tpr_exp": 41.047119140625,
        "er_exp": 33.61256408691406,
        "opt_shap": 32.46073532104492,
        "opt_objBI": 32.356021881103516
    },
    "objBI": {
        "full": [
            0.020658064633607864,
            0.11227501928806305,
            0.005280101206153631,
            0.006288256496191025,
            0.02697175182402134,
            0.1500362604856491,
            0.007463350892066956,
            0.054485417902469635
        ],
        "partial": [
            0.03352431580424309,
            0.13438273966312408,
            0.030590379610657692,
            0.02842460200190544,
            0.03756894916296005,
            0.15715259313583374,
            0.02905038557946682,
            0.027953051030635834
        ],
        "mip": [
            0.013327080756425858,
            0.1194750964641571,
            0.0046286070719361305,
            0.005823749117553234,
            0.01560643408447504,
            0.14770430326461792,
            0.01267690397799015,
            0.0023559785913676023
        ],
        "adv_deb": [
            0.018908666446805,
            0.13146287202835083,
            0.021129991859197617,
            0.01851998269557953,
            0.02628590539097786,
            0.1742529720067978,
            0.019776098430156708,
            0.03824878856539726
        ],
        "eo_cal": [
            0.004285537637770176,
            0.06205916032195091,
            0.004246682394295931,
            0.001244603656232357,
            0.004630254115909338,
            0.09261360764503479,
            0.005636193789541721,
            0.11190023273229599
        ],
        "re_weigh": [
            0.019119059666991234,
            0.1124592199921608,
            0.019970066845417023,
            0.018973594531416893,
            0.028227314352989197,
            0.14680445194244385,
            0.025359513238072395,
            0.06306236237287521
        ],
        "dp_exp": [
            0.0777440294623375,
            0.05520838126540184,
            0.06899359077215195,
            0.04402687028050423,
            0.059430986642837524,
            0.2879284918308258,
            0.08542046695947647,
            0.02293149009346962
        ],
        "eo_exp": [
            0.034858714789152145,
            0.08097892999649048,
            0.06764768809080124,
            0.04938523843884468,
            0.05270964652299881,
            0.3019676208496094,
            0.11154168844223022,
            0.021444322541356087
        ],
        "tpr_exp": [
            0.22550903260707855,
            0.039580825716257095,
            0.039839230477809906,
            0.03173612803220749,
            0.06675861030817032,
            0.290413498878479,
            0.06054762750864029,
            0.02382597140967846
        ],
        "er_exp": [
            0.04571915045380592,
            0.19808028638362885,
            0.021347977221012115,
            0.008794942870736122,
            0.034654662013053894,
            0.38818126916885376,
            0.009019377641379833,
            0.00046989682596176863
        ],
        "opt_shap": [
            0.02633015625178814,
            0.11465167999267578,
            0.01782984286546707,
            0.01752285100519657,
            0.029680505394935608,
            0.1497112363576889,
            0.015644611790776253,
            0.01503678597509861
        ],
        "opt_objBI": [
            0.020757144317030907,
            0.11989181488752365,
            0.012428359128534794,
            0.008464408107101917,
            0.02057289518415928,
            0.1441056728363037,
            0.01050217729061842,
            0.007885216735303402
        ]
    },
    "shap": {
        "full": [
            0.01803451217710972,
            0.11870608478784561,
            0.003023499622941017,
            0.0026399053167551756,
            0.01770913414657116,
            0.14615583419799805,
            0.006207451224327087,
            0.05341882258653641
        ],
        "partial": [
            0.019371943548321724,
            0.13229556381702423,
            0.004011559300124645,
            0.002854874823242426,
            0.017033664509654045,
            0.15830360352993011,
            0.008283917792141438
        ],
        "mip": [
            0.011286599561572075,
            0.11305802315473557,
            0.0035671405494213104,
            0.00276643643155694,
            0.015137688256800175,
            0.15062859654426575,
            0.011587715707719326
        ],
        "adv_deb": [
            0.01561386976391077,
            0.13104869425296783,
            0.005987318232655525,
            0.005935026332736015,
            0.015179764479398727,
            0.16889068484306335,
            0.01817234605550766,
            0.03204476460814476
        ],
        "eo_cal": [
            0.003945653792470694,
            0.05760674923658371,
            0.002982712583616376,
            0.0013377805007621646,
            0.005080871749669313,
            0.09138432890176773,
            0.004248565994203091,
            0.1033543199300766
        ],
        "re_weigh": [
            0.010810504667460918,
            0.11345139890909195,
            0.0034931539557874203,
            0.0022211105097085238,
            0.015499738976359367,
            0.15161347389221191,
            0.011884250678122044,
            0.051853470504283905
        ],
        "dp_exp": [
            0.07889305800199509,
            0.0960024744272232,
            0.031594209372997284,
            0.023822152987122536,
            0.043870970606803894,
            0.3135322630405426,
            0.08082203567028046,
            0.0
        ],
        "eo_exp": [
            0.05993275344371796,
            0.12220459431409836,
            0.04162604361772537,
            0.026746399700641632,
            0.06052389368414879,
            0.2947290241718292,
            0.11231210827827454,
            0.0
        ],
        "tpr_exp": [
            0.2126888632774353,
            0.10435854643583298,
            0.009533789940178394,
            0.015687797218561172,
            0.05758018419146538,
            0.2742079198360443,
            0.03488926589488983,
            0.0
        ],
        "er_exp": [
            0.043196916580200195,
            0.20117871463298798,
            0.011749555356800556,
            0.011133871041238308,
            0.030150270089507103,
            0.3973846137523651,
            0.019631072878837585,
            0.0
        ],
        "opt_shap": [
            0.018345782533288002,
            0.11991079896688461,
            0.00442577013745904,
            0.0030678382609039545,
            0.01668148674070835,
            0.15287375450134277,
            0.005619902163743973
        ],
        "opt_objBI": [
            0.017167706042528152,
            0.1219373270869255,
            0.0033291601575911045,
            0.0021306283306330442,
            0.015525605529546738,
            0.14758184552192688,
            0.005020273383706808
        ]
    },
    "di": {
        "full": 0.25757575757575757,
        "partial": 0.5188679245283018,
        "mip": 0.5289757412398921,
        "adv_deb": 0.3796919794652977,
        "eo_cal": 0.18490566037735848,
        "re_weigh": 1.1285814116002797,
        "dp_exp": 1.0193476175247842,
        "eo_exp": 0.8287656793506903,
        "tpr_exp": 0.8097100782328578,
        "er_exp": 0.6431239711282766,
        "opt_shap": 0.5519480519480519,
        "opt_objBI": 0.5255083348598645
    },
    "dd": {
        "full": -0.5764705882352941,