{
    "error": {
        "full": 29.319372177124023,
        "partial": 30.890052795410156,
        "mip": 31.099477767944336,
        "adv_deb": 28.481674194335938,
        "eo_cal": 30.99476432800293,
        "re_weigh": 33.926700592041016,
        "dp_exp": 38.4293212890625,
        "eo_exp": 45.86387634277344,
        "tpr_exp": 36.23036575317383,
        "er_exp": 31.72774887084961,
        "opt_shap": 31.413612365722656,
        "opt_objBI": 32.14659881591797
    },
    "objBI": {
        "full": [
            0.051146239042282104,
            0.10755430907011032,
            0.03291170299053192,
            0.03234773501753807,
            0.03212045133113861,
            0.1718016266822815,
            0.04850048944354057,
            0.06498327106237411
        ],
        "partial": [
            0.04606681317090988,
            0.13284005224704742,
            0.01788896694779396,
            0.01740036904811859,
            0.019696032628417015,
            0.15231427550315857,
            0.03730260953307152,
            0.016332654282450676
        ],
        "mip": [
            0.03250833600759506,
            0.11504057794809341,
            0.00377089180983603,
            0.005468643736094236,
            0.00972188450396061,
            0.14609402418136597,
            0.032414235174655914,
            0.0026341041084378958
        ],
        "adv_deb": [
            0.0283416248857975,
            0.12497615069150925,
            0.006757677998393774,
            0.008305524475872517,
            0.009665105491876602,
            0.17064058780670166,
            0.032640598714351654,
            0.03832954540848732
        ],
        "eo_cal": [
            0.030231941491365433,
            0.07273758202791214,
            0.03031511977314949,
            0.030017433688044548,
            0.029617896303534508,
            0.07229028642177582,
            0.03647979721426964,
            0.07262162864208221
        ],
        "re_weigh": [
            0.04215211048722267,
            0.12419473379850388,
            0.022536320611834526,
            0.021532898768782616,
            0.02665150910615921,
            0.1531897485256195,
            0.04052882269024849,
            0.05747149884700775
        ],
        "dp_exp": [
            0.03739263862371445,
            0.18407349288463593,
            0.028504999354481697,
            0.028641102835536003,
            0.08029259741306305,
            0.3695142865180969,
            0.03138164430856705,
            0.007572965230792761
        ],
        "eo_exp": [
            0.03390784189105034,
            0.028233759105205536,
            0.006364472676068544,
            0.01697629690170288,
            0.04009111970663071,
            0.09480694681406021,
            0.010639624670147896,
            0.0011970311170443892
        ],
        "tpr_exp": [
            0.047380104660987854,
            0.05563554912805557,
            0.039657678455114365,
            0.017917508259415627,
            0.0982854813337326,
            0.3095170259475708,
            0.0655951127409935,
            0.01786525547504425
        ],
        "er_exp": [
            0.09313846379518509,
            0.2898913621902466,
            0.025328269228339195,
            0.02584211155772209,
            0.03930702805519104,
            0.3227228820323944,
            0.08515714854001999,
            0.023816877976059914
        ],
        "opt_shap": [
            0.042201898992061615,
            0.10548502206802368,
            0.006536041386425495,
            0.0050403461791574955,
            0.008530029095709324,
            0.1404745727777481,
            0.02488623932003975,
            0.0009336369694210589
        ],
        "opt_objBI": [
            0.038827717304229736,
            0.12099040299654007,
            0.008259337395429611,
            0.006137855816632509,
            0.011017038486897945,
            0.16396163403987885,
            0.029848607257008553,
            0.002494045300409198
        ]
    },
    "shap": {
        "full": [
            0.03884188085794449,
            0.11263370513916016,
            0.003923335112631321,
            0.0024383331183344126,
            0.007930484600365162,
            0.14925611019134521,
            0.02805366739630699,
            0.048707738518714905
        ],
        "partial": [
            0.04058575630187988,
            0.1258704513311386,
            0.0038062739185988903,
            0.0024311027955263853,
            0.0064443605951964855,
            0.1573641002178192,
            0.029870785772800446
        ],
        "mip": [
            0.030485054478049278,
            0.1166127473115921,
            0.0016983988462015986,
            0.002967192092910409,
            0.00770185561850667,
            0.15208637714385986,
            0.025713050737977028
        ],
        "adv_deb": [
            0.028347164392471313,
            0.12449965626001358,
            0.004659744445234537,
            0.008742257952690125,
            0.009279564023017883,
            0.16276520490646362,
            0.02409343607723713,
            0.03534216061234474
        ],
        "eo_cal": [
            0.014465287327766418,
            0.06335882842540741,
            0.0021624346263706684,
            0.0011190107325091958,
            0.005360553972423077,
            0.08666606992483139,
            0.01633739471435547,
            0.09064489603042603
        ],
        "re_weigh": [
            0.029682263731956482,
            0.11831960082054138,
            0.0017398996278643608,
            0.0022109891287982464,
            0.007855690084397793,
            0.15282580256462097,
            0.025086456909775734,
            0.05155101418495178
        ],
        "dp_exp": [
            0.035256851464509964,
            0.19839943945407867,
            0.011120343580842018,
            0.012768211774528027,
            0.08053235709667206,
            0.3250039219856262,
            0.023725619539618492,
            0.0
        ],
        "eo_exp": [
            0.05551232025027275,
            0.13142280280590057,
            0.003913588356226683,
            0.013310635462403297,
            0.03364447504281998,
            0.1531343311071396,
            0.04208487644791603,
            0.0
        ],
        "tpr_exp": [
            0.050822291523218155,
            0.15376944839954376,
            0.013039253652095795,
            0.004024786874651909,
            0.06733877956867218,
            0.32023313641548157,
            0.04520011320710182,
            0.0
        ],
        "er_exp": [
            0.08577296137809753,
            0.2867506444454193,
            0.0020072427578270435,
            0.005440979730337858,
            0.01280210167169571,
            0.3160063922405243,
            0.06962551921606064,
            0.0
        ],
        "opt_shap": [
            0.04029705002903938,
            0.1126391664147377,
            0.005326141137629747,
            0.0033331848680973053,
            0.0078051346354186535,
            0.15468822419643402,
            0.027581332251429558
        ],
        "opt_objBI": [
            0.03832290694117546,
            0.11320606619119644,
            0.005451057106256485,
            0.002906681038439274,
            0.008418289944529533,
            0.15211698412895203,
            0.02863425202667713
        ]
    },
    "di": {
        "full": 0.31529661790831653,
        "partial": 0.5067166979362101,
        "mip": 0.5124748422309398,
        "adv_deb": 0.3848419193884723,
        "eo_cal": 0.2701688555347092,
        "re_weigh": 0.9533254202243748,
        "dp_exp": 0.8698541969897106,
        "eo_exp": 0.9335498865895663,
        "tpr_exp": 0.6998194096029119,
        "er_exp": 0.5164787131742286,
        "opt_shap": 0.5506599063861279,
        "opt_objBI": 0.5550376201620859
    },
    "dd": {
        "full": -0.5500342334812338,