{
    "error": {
        "full": 26.649999618530273,
        "partial": 27.549999237060547,
        "mip": 26.55000114440918,
        "adv_deb": 27.000001907348633,
        "eo_cal": 26.94999885559082,
        "re_weigh": 27.200000762939453,
        "dp_exp": 28.799999237060547,
        "eo_exp": 27.799999237060547,
        "tpr_exp": 29.69999885559082,
        "er_exp": 37.04999923706055,
        "opt_shap": 27.599998474121094,
        "opt_objBI": 27.549999237060547
    },
    "objBI": {
        "full": [
            0.011887820437550545,
            0.21035882830619812,
            0.006741978693753481
        ],
        "partial": [
            0.011700726114213467,
            0.2083963006734848,
            0.0068716248497366905
        ],
        "mip": [
            0.0117435147985816,
            0.20530010759830475,
            0.010330451652407646
        ],
        "adv_deb": [
            0.014831575565040112,
            0.20366396009922028,
            0.005862814839929342
        ],
        "eo_cal": [
            0.006381644401699305,
            0.10955411940813065,
            0.04104071110486984
        ],
        "re_weigh": [
            0.012048536911606789,
            0.21448956429958344,
            0.06789378076791763
        ],
        "dp_exp": [
            0.04225550964474678,
            0.038130562752485275,
            0.0016523454105481505
        ],
        "eo_exp": [
            0.08648326992988586,
            0.07795058935880661,
            0.0057031335309147835
        ],
        "tpr_exp": [
            0.06658616662025452,
            0.14590150117874146,
            0.010537490248680115
        ],
        "er_exp": [
            0.1201627254486084,
            0.18236219882965088,
            0.0037665001582354307
        ],
        "opt_shap": [
            0.01072144415229559,
            0.21376989781856537,
            0.0029009473510086536
        ],
        "opt_objBI": [
            0.011712167412042618,
            0.21611060202121735,
            0.006138032767921686
        ]
    },
    "shap": {
        "full": [
            0.010238872841000557,
            0.2065572887659073,
            0.0
        ],
        "partial": [
            0.010377624072134495,
            0.20504827797412872
        ],
        "mip": [
            0.008468257263302803,
            0.21097443997859955
        ],
        "adv_deb": [
            0.018522856757044792,
            0.20766723155975342
        ],
        "eo_cal": [
            0.0030822157859802246,
            0.11552328616380692
        ],
        "re_weigh": [
            0.00988953560590744,
            0.21228207647800446
        ],
        "dp_exp": [
            0.040128204971551895,
            0.037572238594293594
        ],
        "eo_exp": [
            0.08643326163291931,
            0.08737148344516754
        ],
        "tpr_exp": [
            0.06315338611602783,
            0.15667515993118286
        ],
        "er_exp": [
            0.1278619021177292,
            0.1857466846704483
        ],
        "opt_shap": [
            0.010136498138308525,
            0.2086506187915802
        ],
        "opt_objBI": [
            0.010057508014142513,
            0.2081116884946823
        ]
    },
    "di": {
        "full": 0.8033107734600272,
        "partial": 0.7645710928319625,
        "mip": 0.8020270801587149,
        "adv_deb": 0.8238443184563874,
        "eo_cal": 0.7477477477477478,
        "re_weigh": 1.0008436181846587,
        "dp_exp": 0.9937465787105334,
        "eo_exp": 0.965836324647365,
        "tpr_exp": 0.9282615949282615,
        "er_exp": 0.9662672658393057,
        "opt_shap": 0.7523192398056381,
        "opt_objBI": 0.7645710928319625
    },
    "dd": {
        "full": -0.1843101843101843,
        "partial": -0.2163782163782163,
        "mip": -0.18630418630418633,
        "adv_deb": -0.16330916330916334,
        "eo_cal": -0.25225225225225223,
        "re_weigh": 0.0007290007290007283,
        "dp_exp": -0.008064008064007977,
        "eo_exp": -0.026152026152026164,
        "tpr_exp": -0.04822204822204812,
        "er_exp": -0.05159505159505162,
        "opt_shap": -0.2273912273912274,
        "opt_objBI": -0.2163782163782163
    },
    "eqopp": {
        "full": -0.12121285510159596,
        "partial": -0.15536678695115158,
        "mip": -0.12342277978251925,
        "adv_deb": -0.10311165467858208,
        "eo_cal": -0.16560509554140124,
        "re_weigh": 0.026910626205872146,
        "dp_exp": -0.000421802975628327,
        "eo_exp": -0.006563173572933567,
        "tpr_exp": -0.008252403671502262,
        "er_exp": 0.03292888684378348,
        "opt_shap": -0.16365349995559975,
        "opt_objBI": -0.15536678695115158
    },
    "eqodd": {
        "full": 0.1808894464187225,
        "partial": 0.20942193794996933,
        "mip": 0.1830051904303432,
        "adv_deb": 0.15903561170586789,
        "eo_cal": 0.28226346421274917,
        "re_weigh": 0.03434480097355602,
        "dp_exp": 0.0022745069547036034,
        "eo_exp": 0.010629849504806485,
        "tpr_exp": 0.0624349050173834,
        "er_exp": 0.06037175106066267,
        "opt_shap": 0.22165154782146562,
        "opt_objBI": 0.20942193794996933
    }
}