{
    "error": {
        "full": 27.399999618530273,
        "partial": 27.350000381469727,
        "mip": 27.299999237060547,
        "adv_deb": 27.100000381469727,
        "eo_cal": 27.200000762939453,
        "re_weigh": 28.75,
        "dp_exp": 30.5,
        "eo_exp": 29.94999885559082,
        "tpr_exp": 28.899999618530273,
        "er_exp": 35.849998474121094,
        "opt_shap": 27.200000762939453,
        "opt_objBI": 27.200000762939453
    },
    "objBI": {
        "full": [
            0.010388216935098171,
            0.22318992018699646,
            0.010133898817002773
        ],
        "partial": [
            0.012086990289390087,
            0.19289658963680267,
            0.0009266886045224965
        ],
        "mip": [
            0.0025990151334553957,
            0.22270777821540833,
            7.358026778092608e-05
        ],
        "adv_deb": [
            0.008874653838574886,
            0.20879632234573364,
            0.012630274519324303
        ],
        "eo_cal": [
            0.007274309638887644,
            0.10824768245220184,
            0.0379798598587513
        ],
        "re_weigh": [
            0.007266995497047901,
            0.20914709568023682,
            0.07351371645927429
        ],
        "dp_exp": [
            0.09840689599514008,
            0.07830440998077393,
            0.0138450488448143
        ],
        "eo_exp": [
            0.11061861366033554,
            0.08796088397502899,
            0.00953557901084423
        ],
        "tpr_exp": [
            0.09013387560844421,
            0.13718196749687195,
            0.004016775172203779
        ],
        "er_exp": [
            0.19780148565769196,
            0.19294992089271545,
            0.005849677603691816
        ],
        "opt_shap": [
            0.008098775520920753,
            0.19831298291683197,
            0.004905848763883114
        ],
        "opt_objBI": [
            0.007894393987953663,
            0.1890241801738739,
            0.0048182024620473385
        ]
    },
    "shap": {
        "full": [
            0.0038819198962301016,
            0.20982016623020172,
            0.0
        ],
        "partial": [
            0.011282104067504406,
            0.18893061578273773
        ],
        "mip": [
            0.002639992628246546,
            0.2158876657485962
        ],
        "adv_deb": [
            0.012590091675519943,
            0.21353654563426971
        ],
        "eo_cal": [
            0.00173287489451468,
            0.11278309673070908
        ],
        "re_weigh": [
            0.002988176653161645,
            0.2149033397436142
        ],
        "dp_exp": [
            0.11304718255996704,
            0.08508613705635071
        ],
        "eo_exp": [
            0.1287134736776352,
            0.09909234195947647
        ],
        "tpr_exp": [
            0.10318255424499512,
            0.15325942635536194
        ],
        "er_exp": [
            0.19351240992546082,
            0.1870288997888565
        ],
        "opt_shap": [
            0.007068665232509375,
            0.1932412087917328
        ],
        "opt_objBI": [
            0.0070097725838422775,
            0.19505923986434937
        ]
    },
    "di": {
        "full": 0.7598684210526315,
        "partial": 0.7858484124274496,
        "mip": 0.7513787209339826,
        "adv_deb": 0.7487623762376238,
        "eo_cal": 0.7099009900990099,
        "re_weigh": 0.9801980198019801,
        "dp_exp": 0.984535179181635,
        "eo_exp": 0.9780076331655512,
        "tpr_exp": 0.9215165418980922,
        "er_exp": 0.8993013469159847,
        "opt_shap": 0.7712164073550212,
        "opt_objBI": 0.7712164073550212
    },
    "dd": {
        "full": -0.2212121212121213,
        "partial": -0.2007400740074008,
        "mip": -0.23129312931293133,
        "adv_deb": -0.23753375337533755,
        "eo_cal": -0.29009900990099013,
        "re_weigh": -0.016421642164216488,
        "dp_exp": -0.014041404140413993,
        "eo_exp": -0.019881988198819922,
        "tpr_exp": -0.05247524752475252,
        "er_exp": -0.0657465746574657,
        "opt_shap": -0.21353135313531357,
        "opt_objBI": -0.21353135313531357
    },
    "eqopp": {
        "full": -0.1183995057055578,
        "partial": -0.104242549937133,
        "mip": -0.12802830959078126,
        "adv_deb": -0.13490695252785811,
        "eo_cal": -0.16504854368932043,
        "re_weigh": 0.028979307901365825,
        "dp_exp": 0.012588521480636494,
        "eo_exp": 0.01145648350983619,
        "tpr_exp": -0.003672642271680515,
        "er_exp": 0.038504413651859415,
        "opt_shap": -0.11289918380926456,
        "opt_objBI": -0.11289918380926456
    },
    "eqodd": {
        "full": 0.23243626737560047,
        "partial": 0.21229571818983842,
        "mip": 0.2434747357082537,
        "adv_deb": 0.25090995013978645,
        "eo_cal": 0.32614672082425206,
        "re_weigh": 0.021830453340978467,
        "dp_exp": 0.02096319691524584,
        "eo_exp": 0.021574908947759097,
        "tpr_exp": 0.06617770129511026,
        "er_exp": 0.09666070354369344,
        "opt_shap": 0.22522975957335953,
        "opt_objBI": 0.22522975957335953
    }
}