{
    "error": {
        "full": 28.299999237060547,
        "partial": 28.200000762939453,
        "mip": 28.200000762939453,
        "adv_deb": 28.200000762939453,
        "eo_cal": 28.650001525878906,
        "re_weigh": 28.099998474121094,
        "dp_exp": 32.25,
        "eo_exp": 32.79999923706055,
        "tpr_exp": 31.049999237060547,
        "er_exp": 36.29999923706055,
        "opt_shap": 28.0,
        "opt_objBI": 28.0
    },
    "objBI": {
        "full": [
            0.019764797762036324,
            0.19126057624816895,
            0.019874822348356247
        ],
        "partial": [
            0.014620693400502205,
            0.21144413948059082,
            0.014520318247377872
        ],
        "mip": [
            0.013244712725281715,
            0.2023615837097168,
            0.00990931037813425
        ],
        "adv_deb": [
            0.007881112396717072,
            0.2038428783416748,
            0.00750376284122467
        ],
        "eo_cal": [
            0.008543461561203003,
            0.10595513880252838,
            0.04119013249874115
        ],
        "re_weigh": [
            0.007230171002447605,
            0.2016824334859848,
            0.06825915724039078
        ],
        "dp_exp": [
            0.05794542655348778,
            0.05535116791725159,
            0.010245027020573616
        ],
        "eo_exp": [
            0.08273892849683762,
            0.06857214123010635,
            0.0007884387741796672
        ],
        "tpr_exp": [
            0.06515878438949585,
            0.15815286338329315,
            0.0014271610416471958
        ],
        "er_exp": [
            0.2671169340610504,
            0.21462875604629517,
            0.014568391256034374
        ],
        "opt_shap": [
            0.009736381471157074,
            0.20927764475345612,
            0.008493953384459019
        ],
        "opt_objBI": [
            0.00855433102697134,
            0.19586382806301117,
            0.006966320797801018
        ]
    },
    "shap": {
        "full": [
            0.0061769927851855755,
            0.1965017020702362,
            0.0
        ],
        "partial": [
            0.0067487480118870735,
            0.20721642673015594
        ],
        "mip": [
            0.010261169634759426,
            0.2089841663837433
        ],
        "adv_deb": [
            0.009898719377815723,
            0.2039111703634262
        ],
        "eo_cal": [
            0.0046530356630682945,
            0.11246023327112198
        ],
        "re_weigh": [
            0.006963902153074741,
            0.211434006690979
        ],
        "dp_exp": [
            0.05716051161289215,
            0.05858321487903595
        ],
        "eo_exp": [
            0.09272516518831253,
            0.062031038105487823
        ],
        "tpr_exp": [
            0.06445564329624176,
            0.15451379120349884
        ],
        "er_exp": [
            0.25996559858322144,
            0.2164960354566574
        ],
        "opt_shap": [
            0.006404516287147999,
            0.2038419246673584
        ],
        "opt_objBI": [
            0.0064269485883414745,
            0.20228253304958344
        ]
    },
    "di": {
        "full": 0.7338745751516494,
        "partial": 0.7437609054767146,
        "mip": 0.7395529229846257,
        "adv_deb": 0.7704188514645318,
        "eo_cal": 0.704183266932271,
        "re_weigh": 0.9438081009296149,
        "dp_exp": 0.9776098099812588,
        "eo_exp": 1.0121263347463025,
        "tpr_exp": 0.9265405908832204,
        "er_exp": 0.9570904742439125,
        "opt_shap": 0.7471632457511725,
        "opt_objBI": 0.7492561399969742
    },
    "dd": {
        "full": -0.2546360741771868,
        "partial": -0.24260388166210656,
        "mip": -0.24658794540712647,
        "adv_deb": -0.21874749995999931,
        "eo_cal": -0.29581673306772904,
        "re_weigh": -0.04874477991647863,
        "dp_exp": -0.017672282756524105,
        "eo_exp": 0.007468119489911884,
        "tpr_exp": -0.057096913550616746,
        "er_exp": -0.07028512456199298,
        "opt_shap": -0.2406518504296068,
        "opt_objBI": -0.23865981855709684
    },
    "eqopp": {
        "full": -0.15835214013495713,
        "partial": -0.148292477957073,
        "mip": -0.1516765727117262,
        "adv_deb": -0.1269171077511132,
        "eo_cal": -0.17766497461928932,
        "re_weigh": -0.0011114650329034914,
        "dp_exp": 0.005326899486964076,
        "eo_exp": 0.02285506450789443,
        "tpr_exp": -0.005288495207371846,
        "er_exp": 0.003763619400034779,
        "opt_shap": -0.14383758152437887,
        "opt_objBI": -0.14214553414705222
    },
    "eqodd": {
        "full": 0.25899001170122393,
        "partial": 0.24383872312240334,
        "mip": 0.24795207800578323,
        "adv_deb": 0.22106410621795103,
        "eo_cal": 0.32127800789075844,
        "re_weigh": 0.017034347567769753,
        "dp_exp": 0.0245768826001322,
        "eo_exp": 0.026161328283069118,
        "tpr_exp": 0.08026754097434045,
        "er_exp": 0.06439815781568628,
        "opt_shap": 0.24323855039595443,
        "opt_objBI": 0.24118187295426446
    }
}