{
    "error": {
        "full": 26.149999618530273,
        "partial": 26.399999618530273,
        "mip": 25.94999885559082,
        "adv_deb": 25.700000762939453,
        "eo_cal": 26.30000114440918,
        "re_weigh": 27.450000762939453,
        "dp_exp": 28.049999237060547,
        "eo_exp": 27.450000762939453,
        "tpr_exp": 27.100000381469727,
        "er_exp": 32.5,
        "opt_shap": 26.0,
        "opt_objBI": 26.19999885559082
    },
    "objBI": {
        "full": [
            0.010538456030189991,
            0.20412714779376984,
            0.004217591602355242
        ],
        "partial": [
            0.013874964788556099,
            0.20550954341888428,
            0.0046209366992115974
        ],
        "mip": [
            0.010743912309408188,
            0.20264415442943573,
            0.0014500765828415751
        ],
        "adv_deb": [
            0.021613365039229393,
            0.20913735032081604,
            0.023150846362113953
        ],
        "eo_cal": [
            0.009412838146090508,
            0.10781608521938324,
            0.03016127087175846
        ],
        "re_weigh": [
            0.011303761042654514,
            0.2078622430562973,
            0.0681743323802948
        ],
        "dp_exp": [
            0.11744734644889832,
            0.10829069465398788,
            0.007790179457515478
        ],
        "eo_exp": [
            0.12220704555511475,
            0.11731083691120148,
            0.001978284912183881
        ],
        "tpr_exp": [
            0.10412271320819855,
            0.14221501350402832,
            0.008890784345567226
        ],
        "er_exp": [
            0.14667189121246338,
            0.2077118456363678,
            0.012610388919711113
        ],
        "opt_shap": [
            0.016403205692768097,
            0.20663253962993622,
            0.01618935540318489
        ],
        "opt_objBI": [
            0.010482416488230228,
            0.2032148391008377,
            0.0054366495460271835
        ]
    },
    "shap": {
        "full": [
            0.010347453877329826,
            0.2014780044555664,
            0.0
        ],
        "partial": [
            0.012915135361254215,
            0.19900764524936676
        ],
        "mip": [
            0.010351688601076603,
            0.20490722358226776
        ],
        "adv_deb": [
            0.018665388226509094,
            0.20813189446926117
        ],
        "eo_cal": [
            0.008713158778846264,
            0.11076910048723221
        ],
        "re_weigh": [
            0.011046717874705791,
            0.20800478756427765
        ],
        "dp_exp": [
            0.12588636577129364,
            0.11515971273183823
        ],
        "eo_exp": [
            0.13738000392913818,
            0.1290794014930725
        ],
        "tpr_exp": [
            0.11114466935396194,
            0.14475587010383606
        ],
        "er_exp": [
            0.14713916182518005,
            0.2106170952320099
        ],
        "opt_shap": [
            0.009350603446364403,
            0.20373454689979553
        ],
        "opt_objBI": [
            0.009586839005351067,
            0.20286139845848083
        ]
    },
    "di": {
        "full": 0.7081496631455104,
        "partial": 0.7228837259330967,
        "mip": 0.7523575867685885,
        "adv_deb": 0.7831696557463358,
        "eo_cal": 0.7241045498547919,
        "re_weigh": 0.962696116899706,
        "dp_exp": 0.9530133145695436,
        "eo_exp": 0.9630700701727776,
        "tpr_exp": 0.9266527814446497,
        "er_exp": 0.9059519091458383,
        "opt_shap": 0.7096474102661231,
        "opt_objBI": 0.712233771631812
    },
    "dd": {
        "full": -0.2677055313236114,
        "partial": -0.2579158703828469,
        "mip": -0.2348377382970055,
        "adv_deb": -0.20449769799311457,
        "eo_cal": -0.2758954501452081,
        "re_weigh": -0.03259749867605832,
        "dp_exp": -0.03497608896087834,
        "eo_exp": -0.030178864783749426,
        "tpr_exp": -0.06868279556436963,
        "er_exp": -0.06794699427676743,
        "opt_shap": -0.26933430505820843,
        "opt_objBI": -0.267530340540849
    },
    "eqopp": {
        "full": -0.1625802820214477,
        "partial": -0.15479675889560496,
        "mip": -0.13316629352241172,
        "adv_deb": -0.11847925163924444,
        "eo_cal": -0.1545741324921136,
        "re_weigh": 0.009755657020922737,
        "dp_exp": 0.003383501283252155,
        "eo_exp": 0.0010690267865769432,
        "tpr_exp": -0.015155397430135276,
        "er_exp": 0.02486064847290881,
        "opt_shap": -0.1626831942268353,
        "opt_objBI": -0.16110590716058915
    },
    "eqodd": {
        "full": 0.26959075365344176,
        "partial": 0.26435883614510125,
        "mip": 0.24362296853786974,
        "adv_deb": 0.20127875141137938,
        "eo_cal": 0.31162290584505425,
        "re_weigh": 0.014920295789770749,
        "dp_exp": 0.004222658555842723,
        "eo_exp": 0.0067305590630183515,
        "tpr_exp": 0.05976432328265943,
        "er_exp": 0.11124840210142492,
        "opt_shap": 0.273888937687074,
        "opt_objBI": 0.27397052528734
    }
}