{
    "error": {
        "full": 28.60000228881836,
        "partial": 28.549999237060547,
        "mip": 28.899999618530273,
        "adv_deb": 28.700000762939453,
        "eo_cal": 29.0,
        "re_weigh": 29.049999237060547,
        "dp_exp": 31.200000762939453,
        "eo_exp": 30.25,
        "tpr_exp": 30.30000114440918,
        "er_exp": 35.150001525878906,
        "opt_shap": 28.60000228881836,
        "opt_objBI": 28.60000228881836
    },
    "objBI": {
        "full": [
            0.007768846116960049,
            0.21069268882274628,
            0.016686633229255676
        ],
        "partial": [
            0.004542756825685501,
            0.18617308139801025,
            0.0013963188976049423
        ],
        "mip": [
            0.0017041941173374653,
            0.20253179967403412,
            0.001323638134635985
        ],
        "adv_deb": [
            0.008080214262008667,
            0.20917221903800964,
            0.013496139086782932
        ],
        "eo_cal": [
            0.004889003466814756,
            0.1044517233967781,
            0.03493710234761238
        ],
        "re_weigh": [
            0.008610913529992104,
            0.19469687342643738,
            0.0767001211643219
        ],
        "dp_exp": [
            0.10157602280378342,
            0.11086555570363998,
            0.005034752190113068
        ],
        "eo_exp": [
            0.1085200384259224,
            0.1392989158630371,
            0.01642334833741188
        ],
        "tpr_exp": [
            0.09606380015611649,
            0.138877272605896,
            0.014725531451404095
        ],
        "er_exp": [
            0.22040614485740662,
            0.22167369723320007,
            0.0033838823437690735
        ],
        "opt_shap": [
            0.013089149259030819,
            0.19343027472496033,
            0.013090209104120731
        ],
        "opt_objBI": [
            0.0021272182930260897,
            0.19630788266658783,
            0.002114773029461503
        ]
    },
    "shap": {
        "full": [
            0.00015515268023591489,
            0.19932681322097778,
            0.0
        ],
        "partial": [
            0.004247638862580061,
            0.19334599375724792
        ],
        "mip": [
            0.001241743448190391,
            0.20278672873973846
        ],
        "adv_deb": [
            0.013646876439452171,
            0.20087426900863647
        ],
        "eo_cal": [
            0.0031687153968960047,
            0.11093991249799728
        ],
        "re_weigh": [
            0.0024103550240397453,
            0.2015102505683899
        ],
        "dp_exp": [
            0.10075424611568451,
            0.11045107990503311
        ],
        "eo_exp": [
            0.11044209450483322,
            0.1367550939321518
        ],
        "tpr_exp": [
            0.09472198784351349,
            0.12519577145576477
        ],
        "er_exp": [
            0.22846932709217072,
            0.22534407675266266
        ],
        "opt_shap": [
            0.00024333895999006927,
            0.19690783321857452
        ],
        "opt_objBI": [
            0.00019503447401802987,
            0.1962416023015976
        ]
    },
    "di": {
        "full": 0.8088296543107039,
        "partial": 0.744422848504481,
        "mip": 0.7683881715951687,
        "adv_deb": 0.7815441900423814,
        "eo_cal": 0.7444120505344995,
        "re_weigh": 0.9815136714156063,
        "dp_exp": 0.9811714425312351,
        "eo_exp": 0.9688823451023983,
        "tpr_exp": 0.965150694991817,
        "er_exp": 1.0143718228349383,
        "opt_shap": 0.7216648086213303,
        "opt_objBI": 0.7363926618585003
    },
    "dd": {
        "full": -0.17778251509519505,
        "partial": -0.2368892238372472,
        "mip": -0.21706154876250927,
        "adv_deb": -0.2056319364585617,
        "eo_cal": -0.25558794946550045,
        "re_weigh": -0.016125561597303273,
        "dp_exp": -0.017722904963073938,
        "eo_exp": -0.02971799283197174,
        "tpr_exp": -0.03499843368272726,
        "er_exp": -0.03989455131765807,
        "opt_shap": -0.25712324064538283,
        "opt_objBI": -0.24351779846851207
    },
    "eqopp": {
        "full": -0.11443844648462642,
        "partial": -0.16477971726405471,
        "mip": -0.15216867839114578,
        "adv_deb": -0.1416941390738624,
        "eo_cal": -0.16155088852988686,
        "re_weigh": 0.014543958040549754,
        "dp_exp": 0.002712216136700918,
        "eo_exp": 0.0046932941058005495,
        "tpr_exp": -0.015423950685387267,
        "er_exp": 0.025653317922516905,
        "opt_shap": -0.1873968416582389,
        "opt_objBI": -0.1760882794611468
    },
    "eqodd": {
        "full": 0.16957659788902107,
        "partial": 0.22947977802907543,
        "mip": 0.21073314061920945,
        "adv_deb": 0.19910520834149523,
        "eo_cal": 0.2795559320698215,
        "re_weigh": 0.012270408832899177,
        "dp_exp": 0.008809904884394176,
        "eo_exp": 0.02104395034603973,
        "tpr_exp": 0.020254864720085287,
        "er_exp": 0.021280427348013553,
        "opt_shap": 0.24654569393704365,
        "opt_objBI": 0.23235482747264394
    }
}