{
    "error": {
        "full": 28.150001525878906,
        "partial": 27.700000762939453,
        "mip": 27.799999237060547,
        "adv_deb": 27.700000762939453,
        "eo_cal": 27.849998474121094,
        "re_weigh": 28.650001525878906,
        "dp_exp": 30.549999237060547,
        "eo_exp": 30.5,
        "tpr_exp": 28.850000381469727,
        "er_exp": 34.29999923706055,
        "opt_shap": 27.5,
        "opt_objBI": 27.5
    },
    "objBI": {
        "full": [
            0.014502174220979214,
            0.1865379959344864,
            0.0046895211562514305
        ],
        "partial": [
            0.014529412612318993,
            0.2103685736656189,
            0.00043147345422767103
        ],
        "mip": [
            0.013791515491902828,
            0.19998927414417267,
            0.005840811878442764
        ],
        "adv_deb": [
            0.011578120291233063,
            0.20820043981075287,
            0.014839380979537964
        ],
        "eo_cal": [
            0.010290493257343769,
            0.1049710363149643,
            0.035553425550460815
        ],
        "re_weigh": [
            0.022890008985996246,
            0.2137449085712433,
            0.06547866016626358
        ],
        "dp_exp": [
            0.1901954859495163,
            0.30770838260650635,
            0.002559326123446226
        ],
        "eo_exp": [
            0.20049229264259338,
            0.3089424967765808,
            0.022725384682416916
        ],
        "tpr_exp": [
            0.1606096476316452,
            0.31521323323249817,
            0.01090044341981411
        ],
        "er_exp": [
            0.15138278901576996,
            0.3269524574279785,
            0.007797733414918184
        ],
        "opt_shap": [
            0.01174395252019167,
            0.20690712332725525,
            0.002535801148042083
        ],
        "opt_objBI": [
            0.020020505413413048,
            0.22179672122001648,
            0.018724706023931503
        ]
    },
    "shap": {
        "full": [
            0.013856954872608185,
            0.1875241994857788,
            0.0
        ],
        "partial": [
            0.014148273505270481,
            0.2117632031440735
        ],
        "mip": [
            0.012251665815711021,
            0.2134619951248169
        ],
        "adv_deb": [
            0.018310878425836563,
            0.20050249993801117
        ],
        "eo_cal": [
            0.008110924623906612,
            0.11605546623468399
        ],
        "re_weigh": [
            0.020623190328478813,
            0.21986857056617737
        ],
        "dp_exp": [
            0.19663579761981964,
            0.3024498224258423
        ],
        "eo_exp": [
            0.20341093838214874,
            0.3276240825653076
        ],
        "tpr_exp": [
            0.1659395545721054,
            0.31195738911628723
        ],
        "er_exp": [
            0.18514810502529144,
            0.34949320554733276
        ],
        "opt_shap": [
            0.01122033130377531,
            0.20735976099967957
        ],
        "opt_objBI": [
            0.010212852619588375,
            0.20726443827152252
        ]
    },
    "di": {
        "full": 0.7710344943801292,
        "partial": 0.7845707706085547,
        "mip": 0.7825408332977952,
        "adv_deb": 0.7813625234048682,
        "eo_cal": 0.7528625954198473,
        "re_weigh": 0.9663332139149925,
        "dp_exp": 0.9759200645441569,
        "eo_exp": 0.9652387861964545,
        "tpr_exp": 0.9409898925643201,
        "er_exp": 0.9520822311238758,
        "opt_shap": 0.7930770669341539,
        "opt_objBI": 0.7910539111511588
    },
    "dd": {
        "full": -0.217902046314709,
        "partial": -0.20253063057283982,
        "mip": -0.20443902751940468,
        "adv_deb": -0.2069247546346783,
        "eo_cal": -0.24713740458015265,
        "re_weigh": -0.029387709282186147,
        "dp_exp": -0.018338251331066813,
        "eo_exp": -0.029876836230675385,
        "tpr_exp": -0.06395535313361989,
        "er_exp": -0.022411636410289204,
        "opt_shap": -0.1951857078709346,
        "opt_objBI": -0.19709410481749945
    },
    "eqopp": {
        "full": -0.14284972029304288,
        "partial": -0.12653925423024304,
        "mip": -0.12967405046848757,
        "adv_deb": -0.1291155025199605,
        "eo_cal": -0.13949843260188088,
        "re_weigh": 0.01040024939815376,
        "dp_exp": 0.009499644954017228,
        "eo_exp": 0.0117814648677671,
        "tpr_exp": -0.00423457281906503,
        "er_exp": 0.0225713988811721,
        "opt_shap": -0.11538128474687825,
        "opt_objBI": -0.11694868286600046
    },
    "eqodd": {
        "full": 0.21977744893556722,
        "partial": 0.2009033455575691,
        "mip": 0.20247074367669138,
        "adv_deb": 0.20755090487572692,
        "eo_cal": 0.2770662894716721,
        "re_weigh": 0.017277574420942493,
        "dp_exp": 0.02861240306268653,
        "eo_exp": 0.03642729652299055,
        "tpr_exp": 0.058504115168102264,
        "er_exp": 0.062179123260639846,
        "opt_shap": 0.19605178914280155,
        "opt_objBI": 0.1980550003974846
    }
}