{
    "error": {
        "full": 26.0,
        "partial": 26.30000114440918,
        "mip": 26.55000114440918,
        "adv_deb": 26.750001907348633,
        "eo_cal": 27.299999237060547,
        "re_weigh": 28.0,
        "dp_exp": 28.700000762939453,
        "eo_exp": 28.950000762939453,
        "tpr_exp": 28.200000762939453,
        "er_exp": 36.25,
        "opt_shap": 26.350000381469727,
        "opt_objBI": 26.399999618530273
    },
    "objBI": {
        "full": [
            0.0032109180465340614,
            0.18706999719142914,
            0.008320850320160389
        ],
        "partial": [
            0.009896322153508663,
            0.17792974412441254,
            0.009878113865852356
        ],
        "mip": [
            0.010976474732160568,
            0.19337408244609833,
            0.009517758153378963
        ],
        "adv_deb": [
            0.017053667455911636,
            0.18540532886981964,
            0.023802543058991432
        ],
        "eo_cal": [
            0.006334444973617792,
            0.09690526127815247,
            0.04525469243526459
        ],
        "re_weigh": [
            0.014345175586640835,
            0.19193685054779053,
            0.0680115818977356
        ],
        "dp_exp": [
            0.15230360627174377,
            0.25796666741371155,
            0.011537560261785984
        ],
        "eo_exp": [
            0.1534513384103775,
            0.2680145502090454,
            0.008374459110200405
        ],
        "tpr_exp": [
            0.1300739347934723,
            0.23340174555778503,
            0.00644739530980587
        ],
        "er_exp": [
            0.19424468278884888,
            0.26561278104782104,
            0.010930925607681274
        ],
        "opt_shap": [
            0.0013000376056879759,
            0.1744198352098465,
            0.0001662447612034157
        ],
        "opt_objBI": [
            0.005441791377961636,
            0.18459753692150116,
            0.0054288599640131
        ]
    },
    "shap": {
        "full": [
            0.0012792495544999838,
            0.181536465883255,
            0.0
        ],
        "partial": [
            0.005091984756290913,
            0.18196138739585876
        ],
        "mip": [
            0.007751483470201492,
            0.1911240518093109
        ],
        "adv_deb": [
            0.022270210087299347,
            0.18733492493629456
        ],
        "eo_cal": [
            0.0038788155652582645,
            0.09758224338293076
        ],
        "re_weigh": [
            0.012643474154174328,
            0.19853588938713074
        ],
        "dp_exp": [
            0.15452037751674652,
            0.20918238162994385
        ],
        "eo_exp": [
            0.1692264825105667,
            0.24491076171398163
        ],
        "tpr_exp": [
            0.12550897896289825,
            0.202959805727005
        ],
        "er_exp": [
            0.22897504270076752,
            0.2936722934246063
        ],
        "opt_shap": [
            0.001250404049642384,
            0.17762523889541626
        ],
        "opt_objBI": [
            0.0012590063270181417,
            0.17997832596302032
        ]
    },
    "di": {
        "full": 0.7155673770093833,
        "partial": 0.75181968660456,
        "mip": 0.7959803906278431,
        "adv_deb": 0.8187700528569368,
        "eo_cal": 0.7492163009404389,
        "re_weigh": 0.9963135872563134,
        "dp_exp": 0.9982037885486161,
        "eo_exp": 0.9917193235842812,
        "tpr_exp": 0.954178259537628,
        "er_exp": 1.0731204357191642,
        "opt_shap": 0.7686754207130384,
        "opt_objBI": 0.760600062506511
    },
    "dd": {
        "full": -0.26997919152512995,
        "partial": -0.23628288705817058,
        "mip": -0.19658648841708315,
        "adv_deb": -0.1725420302138655,
        "eo_cal": -0.2507836990595611,
        "re_weigh": -0.0032940907738407965,
        "dp_exp": -0.0006341725851098934,
        "eo_exp": -0.0006121318317569013,
        "tpr_exp": -0.04872308899154543,
        "er_exp": 0.027627082475497278,
        "opt_shap": -0.22200949555728533,
        "opt_objBI": -0.2279234304228519
    },
    "eqopp": {
        "full": -0.1746213567519409,
        "partial": -0.15303550973654068,
        "mip": -0.11673666793941706,
        "adv_deb": -0.10245640829833269,
        "eo_cal": -0.15292096219931273,
        "re_weigh": 0.012167493954435504,
        "dp_exp": 0.002405498281786933,
        "eo_exp": -0.0048491790759832565,
        "tpr_exp": -0.01998218149420894,
        "er_exp": 0.07294132620593097,
        "opt_shap": -0.1407916507572865,
        "opt_objBI": -0.14788087056128285
    },
    "eqodd": {
        "full": 0.2711618943988603,
        "partial": 0.23451489363794129,
        "mip": 0.20019952138029506,
        "adv_deb": 0.16951718841239954,
        "eo_cal": 0.27779381443298967,
        "re_weigh": 0.03188059962385581,
        "dp_exp": 0.02559463609443701,
        "eo_exp": 0.022801538880886443,
        "tpr_exp": 0.0261376580627646,
        "er_exp": 0.03909484831054677,
        "opt_shap": 0.222309988468772,
        "opt_objBI": 0.22527090738364572
    }
}