{
    "error": {
        "full": 26.600000381469727,
        "partial": 26.05000114440918,
        "mip": 26.899999618530273,
        "opt_shap": 26.19999885559082,
        "opt_objBI": 26.600000381469727
    },
    "objBI": {
        "full": [
            0.013233883306384087,
            0.21322140097618103,
            0.004868782591074705
        ],
        "partial": [
            0.005407994147390127,
            0.20801426470279694,
            3.380536873009987e-05
        ],
        "mip": [
            0.011914239265024662,
            0.20278744399547577,
            0.012039109133183956
        ],
        "opt_shap": [
            0.0027210863772779703,
            0.20731130242347717,
            0.0008633910329081118
        ],
        "opt_objBI": [
            0.01511975098401308,
            0.2012181580066681,
            0.009498951956629753
        ]
    },
    "shap": {
        "full": [
            2.250070610898547e-05,
            -6.245913937164005e-06,
            0.0
        ],
        "partial": [
            1.576863542140927e-05,
            9.6033809313667e-06
        ],
        "mip": [
            4.7749745135661215e-06,
            2.3833513296267483e-06
        ],
        "opt_shap": [
            -1.742821154948615e-06,
            6.341159405565122e-06
        ],
        "opt_objBI": [
            -4.11660221288912e-06,
            -1.2357651939964853e-05
        ]
    },
    "di": {
        "full": 0.7644028148319993,
        "partial": 0.7512312744243704,
        "mip": 0.7808778928181913,
        "opt_shap": 0.7509627907477371,
        "opt_objBI": 0.7644028148319993
    },
    "dd": {
        "full": -0.2193572193572194,
        "partial": -0.23037823037823035,
        "mip": -0.2053312053312053,
        "opt_shap": -0.2313732313732313,
        "opt_objBI": -0.2193572193572194
    },
    "eqopp": {
        "full": -0.14204910141206673,
        "partial": -0.14734435173299099,
        "mip": -0.13438703465982027,
        "opt_shap": -0.1515564826700898,
        "opt_objBI": -0.14204910141206673
    },
    "eqodd": {
        "full": 0.20983471637041898,
        "partial": 0.21881860106407158,
        "mip": 0.1961363988303364,
        "opt_shap": 0.2193406016493234,
        "opt_objBI": 0.20983471637041898
    }
}