{
    "error": {
        "full": 29.19999885559082,
        "partial": 28.75,
        "mip": 29.049999237060547,
        "opt_shap": 28.75,
        "opt_objBI": 28.799999237060547
    },
    "objBI": {
        "full": [
            0.0072295451536774635,
            0.19330860674381256,
            0.0070093474350869656
        ],
        "partial": [
            0.004693227354437113,
            0.19209620356559753,
            0.003733307123184204
        ],
        "mip": [
            0.015711400657892227,
            0.19740068912506104,
            0.002927423221990466
        ],
        "opt_shap": [
            0.0016911776037886739,
            0.19859185814857483,
            0.0001499028003308922
        ],
        "opt_objBI": [
            0.00757281668484211,
            0.19314923882484436,
            0.002676440868526697
        ]
    },
    "shap": {
        "full": [
            4.094051746506011e-07,
            3.7886059089942137e-07,
            0.0
        ],
        "partial": [
            -8.325936505571008e-06,
            -8.107066605589353e-06
        ],
        "mip": [
            9.751043762662448e-06,
            1.1348426596669015e-05
        ],
        "opt_shap": [
            1.6953542854025727e-06,
            -2.831339770636987e-06
        ],
        "opt_objBI": [
            -1.1593025192269124e-05,
            -3.7111520214239135e-05
        ]
    },
    "di": {
        "full": 0.7942081107920234,
        "partial": 0.7791124133220311,
        "mip": 0.7515144259291526,
        "opt_shap": 0.7791124133220311,
        "opt_objBI": 0.7719127398532851
    },
    "dd": {
        "full": -0.1916993932702703,
        "partial": -0.20665112590516932,
        "mip": -0.23247039104916134,
        "opt_shap": -0.20665112590516932,
        "opt_objBI": -0.2136164672068931
    },
    "eqopp": {
        "full": -0.12454771264839914,
        "partial": -0.1318169075606146,
        "mip": -0.15462196926727823,
        "opt_shap": -0.1318169075606146,
        "opt_objBI": -0.13960765905845995
    },
    "eqodd": {
        "full": 0.19619728752742352,
        "partial": 0.21347404305574114,
        "mip": 0.24110940555641236,
        "opt_shap": 0.21347404305574114,
        "opt_objBI": 0.21996009237979336
    }
}