{
    "error": {
        "full": 28.099998474121094,
        "partial": 28.049999237060547,
        "mip": 27.900001525878906,
        "opt_shap": 28.0,
        "opt_objBI": 28.049999237060547
    },
    "objBI": {
        "full": [
            0.02034681849181652,
            0.19213619828224182,
            0.005254440940916538
        ],
        "partial": [
            0.019747279584407806,
            0.19678637385368347,
            0.000570939970202744
        ],
        "mip": [
            0.015135417692363262,
            0.1928776502609253,
            0.006084590218961239
        ],
        "opt_shap": [
            0.013499430380761623,
            0.19942130148410797,
            0.009493651799857616
        ],
        "opt_objBI": [
            0.02189362421631813,
            0.1973632574081421,
            0.011788367293775082
        ]
    },
    "shap": {
        "full": [
            1.9766328477999195e-05,
            -2.105800831486704e-06,
            0.0
        ],
        "partial": [
            1.0403394298919011e-05,
            -1.4334797924675513e-05
        ],
        "mip": [
            2.3868218704592437e-05,
            -1.5058755707286764e-05
        ],
        "opt_shap": [
            -7.3794126365100965e-06,
            -2.613127207951038e-06
        ],
        "opt_objBI": [
            9.727447832119651e-06,
            2.285331538587343e-05
        ]
    },
    "di": {
        "full": 0.7946644345717168,
        "partial": 0.8060366336292931,
        "mip": 0.8106546265757255,
        "opt_shap": 0.8017170375219551,
        "opt_objBI": 0.8146229093537064
    },
    "dd": {
        "full": -0.19134476537906153,
        "partial": -0.18035872143488574,
        "mip": -0.1773927095708383,
        "opt_shap": -0.18536874147496585,
        "opt_objBI": -0.172374689498758
    },
    "eqopp": {
        "full": -0.12549950049950054,
        "partial": -0.11900599400599399,
        "mip": -0.12047004719418508,
        "opt_shap": -0.12593441041716902,
        "opt_objBI": -0.11251248751248755
    },
    "eqodd": {
        "full": 0.18879026668566296,
        "partial": 0.1749684688453481,
        "mip": 0.16997765504192391,
        "opt_shap": 0.17918652059123974,
        "opt_objBI": 0.16654036844833586
    }
}