{
    "error": {
        "full": 27.849998474121094,
        "partial": 27.950000762939453,
        "mip": 27.799999237060547,
        "opt_shap": 28.0,
        "opt_objBI": 27.950000762939453
    },
    "objBI": {
        "full": [
            0.01127706840634346,
            0.20382215082645416,
            0.011189914308488369
        ],
        "partial": [
            0.005772444419562817,
            0.20544485747814178,
            0.005795107688754797
        ],
        "mip": [
            0.009401658549904823,
            0.20157359540462494,
            0.009321571327745914
        ],
        "opt_shap": [
            0.004961070138961077,
            0.2071388214826584,
            0.0049734292551875114
        ],
        "opt_objBI": [
            0.004348686430603266,
            0.20697736740112305,
            0.004351664800196886
        ]
    },
    "shap": {
        "full": [
            -3.8423644355134456e-07,
            1.1111957292087027e-06,
            0.0
        ],
        "partial": [
            -9.281756092605065e-07,
            -7.127523531380575e-07
        ],
        "mip": [
            6.48948434900376e-06,
            -1.1527538390510017e-06
        ],
        "opt_shap": [
            -1.6540393517061602e-06,
            2.7287006787446444e-07
        ],
        "opt_objBI": [
            2.3337304355663946e-06,
            1.554489131194714e-06
        ]
    },
    "di": {
        "full": 0.7124805011825089,
        "partial": 0.7259931613566117,
        "mip": 0.736270886198161,
        "opt_shap": 0.7270438026899788,
        "opt_objBI": 0.7259931613566117
    },
    "dd": {
        "full": -0.27426709706838825,
        "partial": -0.2602790411161644,
        "mip": -0.25130900523602095,
        "opt_shap": -0.2592810371241484,
        "opt_objBI": -0.2602790411161644
    },
    "eqopp": {
        "full": -0.18018254473395845,
        "partial": -0.1708431484482823,
        "mip": -0.15864944018302596,
        "opt_shap": -0.1708431484482823,
        "opt_objBI": -0.1708431484482823
    },
    "eqodd": {
        "full": 0.2770789828028764,
        "partial": 0.2606690349912426,
        "mip": 0.25408749165210454,
        "opt_shap": 0.259446541103712,
        "opt_objBI": 0.2606690349912426
    }
}