{
    "error": {
        "full": 26.899999618530273,
        "partial": 26.850000381469727,
        "mip": 27.350000381469727,
        "opt_shap": 27.450000762939453,
        "opt_objBI": 27.450000762939453
    },
    "objBI": {
        "full": [
            0.01008521020412445,
            0.2059856504201889,
            0.02298012748360634
        ],
        "partial": [
            0.006005903240293264,
            0.20214487612247467,
            0.003199063939973712
        ],
        "mip": [
            0.004138090182095766,
            0.22419780492782593,
            0.0036034027580171824
        ],
        "opt_shap": [
            0.009837605990469456,
            0.20972293615341187,
            0.009762557223439217
        ],
        "opt_objBI": [
            0.007370026782155037,
            0.21667933464050293,
            0.0073702954687178135
        ]
    },
    "shap": {
        "full": [
            3.629875067190369e-09,
            -9.117275823200544e-09,
            0.0
        ],
        "partial": [
            -1.1648721738310996e-05,
            1.3673841749550775e-05
        ],
        "mip": [
            2.769537331914762e-06,
            6.868243076496583e-07
        ],
        "opt_shap": [
            3.0500163461510965e-07,
            -1.440823098164401e-06
        ],
        "opt_objBI": [
            6.015135944892336e-09,
            -6.586313361367502e-08
        ]
    },
    "di": {
        "full": 0.7407403535002378,
        "partial": 0.7747388535711807,
        "mip": 0.7829719976048808,
        "opt_shap": 0.7896553566657761,
        "opt_objBI": 0.8012261573124676
    },
    "dd": {
        "full": -0.24802080468105325,
        "partial": -0.2110574879347854,
        "mip": -0.20120527118601694,
        "opt_shap": -0.19687429671676127,
        "opt_objBI": -0.18663199219824467
    },
    "eqopp": {
        "full": -0.14494695821606407,
        "partial": -0.11991123619831134,
        "mip": -0.11888071011041357,
        "opt_shap": -0.11694306126867282,
        "opt_objBI": -0.11242476726564188
    },
    "eqodd": {
        "full": 0.2594646959032334,
        "partial": 0.2124620448343742,
        "mip": 0.19847206028228476,
        "opt_shap": 0.1955537928451333,
        "opt_objBI": 0.18301186949400344
    }
}