{
    "error": {
        "full": 27.25,
        "partial": 27.200000762939453,
        "mip": 27.5,
        "opt_shap": 27.25,
        "opt_objBI": 27.350000381469727
    },
    "objBI": {
        "full": [
            0.012887568213045597,
            0.23111407458782196,
            0.005335381720215082
        ],
        "partial": [
            0.018889473751187325,
            0.2203315943479538,
            0.010494320653378963
        ],
        "mip": [
            0.01788785122334957,
            0.21439407765865326,
            0.0069029321894049644
        ],
        "opt_shap": [
            0.013916591182351112,
            0.2245262712240219,
            0.012883604504168034
        ],
        "opt_objBI": [
            0.012806941755115986,
            0.24285897612571716,
            0.0022108256816864014
        ]
    },
    "shap": {
        "full": [
            -1.007700939226197e-05,
            -7.701396498305257e-08,
            0.0
        ],
        "partial": [
            3.042104799533263e-05,
            -2.7672111173160374e-05
        ],
        "mip": [
            -1.22683641166077e-05,
            -2.2158621959533775e-06
        ],
        "opt_shap": [
            1.5054710274853278e-05,
            9.571433110977523e-06
        ],
        "opt_objBI": [
            1.4086216424402664e-06,
            -8.906721973289677e-07
        ]
    },
    "di": {
        "full": 0.7802440358370664,
        "partial": 0.7810857230386167,
        "mip": 0.7854931098888803,
        "opt_shap": 0.7715018057436539,
        "opt_objBI": 0.7739461483343577
    },
    "dd": {
        "full": -0.2025159232802407,
        "partial": -0.20152287462085638,
        "mip": -0.199382769755718,
        "opt_shap": -0.21057231804358412,
        "opt_objBI": -0.2085442186667147
    },
    "eqopp": {
        "full": -0.14586709552380372,
        "partial": -0.14586709552380372,
        "mip": -0.13482608606008128,
        "opt_shap": -0.1521762437887879,
        "opt_objBI": -0.15059895672254187
    },
    "eqodd": {
        "full": 0.1986673353721139,
        "partial": 0.19660121966963454,
        "mip": 0.20410472561941884,
        "opt_shap": 0.20739294014527448,
        "opt_objBI": 0.20588489699429657
    }
}