{
    "error": {
        "full": 33.61256408691406,
        "partial": 32.77486801147461,
        "mip": 32.56544494628906,
        "adv_deb": 32.251312255859375,
        "eo_cal": 38.63874435424805,
        "re_weigh": 33.71727752685547,
        "dp_exp": 45.86387634277344,
        "eo_exp": 44.29319381713867,
        "tpr_exp": 41.25654220581055,
        "er_exp": 34.345550537109375,
        "opt_shap": 32.77486801147461,
        "opt_objBI": 33.19371795654297
    },
    "objBI": {
        "full": [
            0.023857884109020233,
            0.10470326244831085,
            0.01208025123924017,
            0.009785455651581287,
            0.01987260952591896,
            0.12675845623016357,
            0.043127644807100296,
            0.04784615337848663
        ],
        "partial": [
            0.02788219414651394,
            0.11035557836294174,
            0.018168915063142776,
            0.017725834622979164,
            0.02621529996395111,
            0.14767873287200928,
            0.04812837764620781,
            0.016341283917427063
        ],
        "mip": [
            0.022225966677069664,
            0.11451655626296997,
            0.014646896161139011,
            0.012863952666521072,
            0.02056959643959999,
            0.12660866975784302,
            0.03702288866043091,
            0.010040202178061008
        ],
        "adv_deb": [
            0.02403937093913555,
            0.12464220076799393,
            0.01457695011049509,
            0.010833438485860825,
            0.01866069808602333,
            0.14172205328941345,
            0.03867216408252716,
            0.04900814965367317
        ],
        "eo_cal": [
            0.012244492769241333,
            0.06492778658866882,
            0.006281543988734484,
            0.0030605087522417307,
            0.008778700605034828,
            0.07721026241779327,
            0.01516017597168684,
            0.08112704008817673
        ],
        "re_weigh": [
            0.01927386224269867,
            0.11912210285663605,
            0.00795714184641838,
            0.006441765930503607,
            0.025880584493279457,
            0.12772229313850403,
            0.02776302397251129,
            0.04777240380644798
        ],
        "dp_exp": [
            0.03897727653384209,
            0.10572239756584167,
            0.015382936224341393,
            0.07646026462316513,
            0.04256908595561981,
            0.19461879134178162,
            0.030237246304750443,
            0.011642050929367542
        ],
        "eo_exp": [
            0.021007724106311798,
            0.06212987005710602,
            0.03167339414358139,
            0.07635362446308136,
            0.05425381660461426,
            0.22472353279590607,
            0.04606983810663223,
            0.024231528863310814
        ],
        "tpr_exp": [
            0.019117537885904312,
            0.08585613965988159,
            0.045056700706481934,
            0.029698876664042473,
            0.1322537362575531,
            0.310577392578125,
            0.05060623213648796,
            0.02025197260081768
        ],
        "er_exp": [
            0.046739425510168076,
            0.2600081264972687,
            0.02246379666030407,
            0.01889376901090145,
            0.021369246765971184,
            0.30976513028144836,
            0.09147367626428604,
            0.017354847863316536
        ],
        "opt_shap": [
            0.026118813082575798,
            0.09896497428417206,
            0.012289625592529774,
            0.012297410517930984,
            0.028077756986021996,
            0.12396901100873947,
            0.040583524852991104,
            0.009950780309736729
        ],
        "opt_objBI": [
            0.02040119469165802,
            0.09954170137643814,
            0.007066665217280388,
            0.00528202997520566,
            0.01922125183045864,
            0.12142917513847351,
            0.036637648940086365,
            0.0017598980339244008
        ]
    },
    "shap": {
        "full": [
            0.02010626718401909,
            0.09895747900009155,
            0.004143509082496166,
            0.002647719345986843,
            0.013643511570990086,
            0.13148778676986694,
            0.03366386517882347,
            0.042871374636888504
        ],
        "partial": [
            0.022035405039787292,
            0.11126574873924255,
            0.004741055890917778,
            0.0023582729045301676,
            0.012316071428358555,
            0.14169280230998993,
            0.037208184599876404
        ],
        "mip": [
            0.017567040398716927,
            0.11319327354431152,
            0.00449854601174593,
            0.002832315396517515,
            0.014028090983629227,
            0.13274219632148743,
            0.03004145622253418
        ],
        "adv_deb": [
            0.018628612160682678,
            0.12404375523328781,
            0.004559313412755728,
            0.005172679666429758,
            0.013032552786171436,
            0.1408824324607849,
            0.029635930433869362,
            0.037889447063207626
        ],
        "eo_cal": [
            0.010663448832929134,
            0.05736371874809265,
            0.0023767806123942137,
            0.0014723597560077906,
            0.007606789004057646,
            0.08147004246711731,
            0.01265181228518486,
            0.09300459176301956
        ],
        "re_weigh": [
            0.017738530412316322,
            0.11390849202871323,
            0.005091371480375528,
            0.0030276128090918064,
            0.01621587947010994,
            0.13223937153816223,
            0.029129287227988243,
            0.04627566039562225
        ],
        "dp_exp": [
            0.037536557763814926,
            0.1254543513059616,
            0.003635606961324811,
            0.05122089385986328,
            0.04900781065225601,
            0.18528008460998535,
            0.038094062358140945,
            0.0
        ],
        "eo_exp": [
            0.01131819561123848,
            0.053280048072338104,
            0.01772790402173996,
            0.06705066561698914,
            0.03890492022037506,
            0.2378970980644226,
            0.03543117269873619,
            0.0
        ],
        "tpr_exp": [
            0.040147487074136734,
            0.154344379901886,
            0.019312018528580666,
            0.009881122037768364,
            0.08653455972671509,
            0.288161039352417,
            0.04379928112030029,
            0.0
        ],
        "er_exp": [
            0.042238425463438034,
            0.2784804105758667,
            0.003687539603561163,
            0.004040147177875042,
            0.01798934116959572,
            0.32391929626464844,
            0.07931815832853317,
            0.0
        ],
        "opt_shap": [
            0.020808149129152298,
            0.09809526801109314,
            0.003356370609253645,
            0.002764398232102394,
            0.01708795689046383,
            0.13527493178844452,
            0.034357354044914246
        ],
        "opt_objBI": [
            0.020260026678442955,
            0.09898412972688675,
            0.004237864166498184,
            0.0029388880357146263,
            0.013112353160977364,
            0.13243412971496582,
            0.033980704843997955
        ]
    },
    "di": {
        "full": 0.28657736793990224,
        "partial": 0.5230516045609499,
        "mip": 0.5348001395412986,
        "adv_deb": 0.363114969744804,
        "eo_cal": 0.19337016574585636,
        "re_weigh": 0.9806037500134622,
        "dp_exp": 0.7926203630623521,
        "eo_exp": 0.8934785976144989,
        "tpr_exp": 0.8031931698220794,
        "er_exp": 0.5933064705963804,
        "opt_shap": 0.5047027098132071,
        "opt_objBI": 0.5035007765358861
    },
    "dd": {
        "full": -0.48138711580754173,