{
    "error": {
        "full": 26.399999618530273,
        "partial": 26.899999618530273,
        "mip": 26.69999885559082,
        "adv_deb": 26.55000114440918,
        "eo_cal": 27.399999618530273,
        "re_weigh": 27.900001525878906,
        "dp_exp": 29.399999618530273,
        "eo_exp": 28.799999237060547,
        "tpr_exp": 29.69999885559082,
        "er_exp": 37.14999771118164,
        "opt_shap": 26.850000381469727,
        "opt_objBI": 26.850000381469727
    },
    "objBI": {
        "full": [
            0.011566905304789543,
            0.19314420223236084,
            0.008325916714966297
        ],
        "partial": [
            0.015300865285098553,
            0.17688162624835968,
            0.0069964914582669735
        ],
        "mip": [
            0.012281469069421291,
            0.20155484974384308,
            0.0013113070745021105
        ],
        "adv_deb": [
            0.016803890466690063,
            0.20692189037799835,
            0.013476626947522163
        ],
        "eo_cal": [
            0.009297887794673443,
            0.09995304048061371,
            0.0518009252846241
        ],
        "re_weigh": [
            0.015444000251591206,
            0.20700258016586304,
            0.07084260880947113
        ],
        "dp_exp": [
            0.09106028825044632,
            0.034212227910757065,
            0.004999999888241291
        ],
        "eo_exp": [
            0.07594139128923416,
            0.04911205917596817,
            0.005674206186085939
        ],
        "tpr_exp": [
            0.0911732017993927,
            0.12773840129375458,
            0.0025287154130637646
        ],
        "er_exp": [
            0.23421093821525574,
            0.1444837898015976,
            0.0030185373034328222
        ],
        "opt_shap": [
            0.01084604486823082,
            0.17684511840343475,
            0.004436089191585779
        ],
        "opt_objBI": [
            0.010125589556992054,
            0.18550018966197968,
            0.001269771484658122
        ]
    },
    "shap": {
        "full": [
            0.010977769270539284,
            0.19817641377449036,
            0.0
        ],
        "partial": [
            0.013750303536653519,
            0.17231643199920654
        ],
        "mip": [
            0.012376043014228344,
            0.20491544902324677
        ],
        "adv_deb": [
            0.017317427322268486,
            0.2032236009836197
        ],
        "eo_cal": [
            0.004823220428079367,
            0.11160688102245331
        ],
        "re_weigh": [
            0.013884074985980988,
            0.2065581977367401
        ],
        "dp_exp": [
            0.09181012213230133,
            0.04293939843773842
        ],
        "eo_exp": [
            0.08873604983091354,
            0.05315826088190079
        ],
        "tpr_exp": [
            0.098672054708004,
            0.14137253165245056
        ],
        "er_exp": [
            0.2591383457183838,
            0.1536066234111786
        ],
        "opt_shap": [
            0.009922695346176624,
            0.17657022178173065
        ],
        "opt_objBI": [
            0.009581438265740871,
            0.17674167454242706
        ]
    },
    "di": {
        "full": 0.7413784807213539,
        "partial": 0.7952128048233116,
        "mip": 0.7555496914540144,
        "adv_deb": 0.818028747300286,
        "eo_cal": 0.7138643067846607,
        "re_weigh": 0.9564413125870675,
        "dp_exp": 0.9833417584363009,
        "eo_exp": 0.9717649422188389,
        "tpr_exp": 0.9297260473299205,
        "er_exp": 0.9930900304578267,
        "opt_shap": 0.785593840875332,
        "opt_objBI": 0.785593840875332
    },
    "dd": {
        "full": -0.24730847214845098,
        "partial": -0.19624571501163834,
        "mip": -0.23350848395186208,
        "adv_deb": -0.16864273775121008,
        "eo_cal": -0.28613569321533927,
        "re_weigh": -0.038064000496143446,
        "dp_exp": -0.023524798666814672,
        "eo_exp": -0.028747307972003866,
        "tpr_exp": -0.07204282037508836,
        "er_exp": -0.022344457548231444,
        "opt_shap": -0.20502725287608126,
        "opt_objBI": -0.20502725287608126
    },
    "eqopp": {
        "full": -0.16530606339928988,
        "partial": -0.12970234822901128,
        "mip": -0.15777899945024743,
        "adv_deb": -0.10812765834321925,
        "eo_cal": -0.1811145510835913,
        "re_weigh": -0.018751524220116056,
        "dp_exp": 0.007545664601305346,
        "eo_exp": -0.01706713182075581,
        "tpr_exp": -0.025542829035204884,
        "er_exp": 0.029444832532127485,
        "opt_shap": -0.1332240717241151,
        "opt_objBI": -0.1332240717241151
    },
    "eqodd": {
        "full": 0.25844265088549057,
        "partial": 0.20313532183261562,
        "mip": 0.24254973885706096,
        "adv_deb": 0.16489848717607894,
        "eo_cal": 0.32505862325069057,
        "re_weigh": 0.010648598288554578,
        "dp_exp": 0.017541648928155573,
        "eo_exp": 0.010856849003565788,
        "tpr_exp": 0.06502436925416144,
        "er_exp": 0.04055451862310175,
        "opt_shap": 0.21433014584431848,
        "opt_objBI": 0.21433014584431848
    }
}