{
    "error": {
        "full": 26.750001907348633,
        "partial": 26.44999885559082,
        "mip": 26.55000114440918,
        "adv_deb": 26.19999885559082,
        "eo_cal": 26.94999885559082,
        "re_weigh": 27.450000762939453,
        "dp_exp": 28.850000381469727,
        "eo_exp": 28.60000228881836,
        "tpr_exp": 28.0,
        "er_exp": 29.94999885559082,
        "opt_shap": 26.55000114440918,
        "opt_objBI": 26.55000114440918
    },
    "objBI": {
        "full": [
            0.014224524609744549,
            0.19045813381671906,
            0.01408110000193119
        ],
        "partial": [
            0.00711448909714818,
            0.2103525847196579,
            0.0005048527964390814
        ],
        "mip": [
            0.005723969079554081,
            0.20291443169116974,
            0.004129334818571806
        ],
        "adv_deb": [
            0.013307714834809303,
            0.21191033720970154,
            0.0036632376722991467
        ],
        "eo_cal": [
            0.011002922430634499,
            0.10600955784320831,
            0.048403944820165634
        ],
        "re_weigh": [
            0.008550700731575489,
            0.19187527894973755,
            0.07459953427314758
        ],
        "dp_exp": [
            0.16883964836597443,
            0.2693275809288025,
            0.008792988955974579
        ],
        "eo_exp": [
            0.16425687074661255,
            0.27226394414901733,
            0.0035617677494883537
        ],
        "tpr_exp": [
            0.11844325065612793,
            0.2984406352043152,
            0.005754948128014803
        ],
        "er_exp": [
            0.14819121360778809,
            0.3502480387687683,
            0.028584124520421028
        ],
        "opt_shap": [
            0.009466232731938362,
            0.20351019501686096,
            0.009176335297524929
        ],
        "opt_objBI": [
            0.006499243434518576,
            0.20094045996665955,
            0.006476700305938721
        ]
    },
    "shap": {
        "full": [
            0.005093983840197325,
            0.1901269555091858,
            0.0
        ],
        "partial": [
            0.006870692130178213,
            0.2050675004720688
        ],
        "mip": [
            0.004555694758892059,
            0.2053990364074707
        ],
        "adv_deb": [
            0.016896691173315048,
            0.2045522928237915
        ],
        "eo_cal": [
            0.004600642714649439,
            0.11032328009605408
        ],
        "re_weigh": [
            0.004475741181522608,
            0.2050180286169052
        ],
        "dp_exp": [
            0.16085858643054962,
            0.269743949174881
        ],
        "eo_exp": [
            0.1752105951309204,
            0.2643176317214966
        ],
        "tpr_exp": [
            0.12466074526309967,
            0.28051844239234924
        ],
        "er_exp": [
            0.15681356191635132,
            0.37866103649139404
        ],
        "opt_shap": [
            0.0035000776406377554,
            0.20112062990665436
        ],
        "opt_objBI": [
            0.002979160752147436,
            0.20102743804454803
        ]
    },
    "di": {
        "full": 0.7609832310431113,
        "partial": 0.7710692061255641,
        "mip": 0.7715407758905669,
        "adv_deb": 0.7341176859531455,
        "eo_cal": 0.7295409181636726,
        "re_weigh": 0.9586576846307385,
        "dp_exp": 0.9771315785374625,
        "eo_exp": 0.9881477180925634,
        "tpr_exp": 0.910635871114913,
        "er_exp": 0.8997443257814267,
        "opt_shap": 0.7782614686944104,
        "opt_objBI": 0.7761777699830464
    },
    "dd": {
        "full": -0.23039492157968633,
        "partial": -0.218378873515494,
        "mip": -0.2183868735474942,
        "adv_deb": -0.25735702942811767,
        "eo_cal": -0.2704590818363274,
        "re_weigh": -0.03645414581658324,
        "dp_exp": -0.015552062208248785,
        "eo_exp": -0.0005580022320089695,
        "tpr_exp": -0.07548830195320788,
        "er_exp": -0.07797831191324767,
        "opt_shap": -0.21240684962739842,
        "opt_objBI": -0.2144028576114304
    },
    "eqopp": {
        "full": -0.14842796427163074,
        "partial": -0.14424463208584493,
        "mip": -0.14260259596105018,
        "adv_deb": -0.1637341612366806,
        "eo_cal": -0.1691297208538588,
        "re_weigh": -0.012958940751080283,
        "dp_exp": 0.009130305059849797,
        "eo_exp": 0.021836785364805267,
        "tpr_exp": -0.0380589338657954,
        "er_exp": -0.04583721934639862,
        "opt_shap": -0.13439241533707647,
        "opt_objBI": -0.1360344514618712
    },
    "eqodd": {
        "full": 0.23437461308259733,
        "partial": 0.21205333638709717,
        "mip": 0.21469939018654755,
        "adv_deb": 0.2647536139082599,
        "eo_cal": 0.29830531844219654,
        "re_weigh": 0.019985976411260015,
        "dp_exp": 0.0107896091038234,
        "eo_exp": 0.022330143522863943,
        "tpr_exp": 0.051993783226326556,
        "er_exp": 0.030225261068124065,
        "opt_shap": 0.2115168424743219,
        "opt_objBI": 0.21361012516776254
    }
}