{
    "error": {
        "full": 26.05000114440918,
        "partial": 25.650001525878906,
        "mip": 25.650001525878906,
        "adv_deb": 25.299999237060547,
        "eo_cal": 26.399999618530273,
        "re_weigh": 26.69999885559082,
        "dp_exp": 29.049999237060547,
        "eo_exp": 29.499998092651367,
        "tpr_exp": 29.249998092651367,
        "er_exp": 36.70000076293945,
        "opt_shap": 25.94999885559082,
        "opt_objBI": 25.94999885559082
    },
    "objBI": {
        "full": [
            0.013554071076214314,
            0.18000280857086182,
            0.016801320016384125
        ],
        "partial": [
            0.007315563037991524,
            0.19698812067508698,
            0.0030917359981685877
        ],
        "mip": [
            0.00880530383437872,
            0.2001611292362213,
            0.008650383912026882
        ],
        "adv_deb": [
            0.012189268134534359,
            0.19552268087863922,
            0.010129490867257118
        ],
        "eo_cal": [
            0.0010838165180757642,
            0.10013687610626221,
            0.040931336581707
        ],
        "re_weigh": [
            0.00968424417078495,
            0.19703437387943268,
            0.06677839159965515
        ],
        "dp_exp": [
            0.03199853375554085,
            0.034505292773246765,
            0.00010371756798122078
        ],
        "eo_exp": [
            0.07010895013809204,
            0.06207139045000076,
            0.00863366574048996
        ],
        "tpr_exp": [
            0.07094768434762955,
            0.1572456955909729,
            0.015604332089424133
        ],
        "er_exp": [
            0.13926208019256592,
            0.16930919885635376,
            0.01048322208225727
        ],
        "opt_shap": [
            0.013935107737779617,
            0.19562996923923492,
            0.010205185040831566
        ],
        "opt_objBI": [
            0.011185760609805584,
            0.18977320194244385,
            0.0035681878216564655
        ]
    },
    "shap": {
        "full": [
            0.013662556186318398,
            0.17934076488018036,
            0.0
        ],
        "partial": [
            0.006920518819242716,
            0.1955365240573883
        ],
        "mip": [
            0.004108346067368984,
            0.1985909640789032
        ],
        "adv_deb": [
            0.015464771538972855,
            0.19530782103538513
        ],
        "eo_cal": [
            0.0009006924228742719,
            0.10234159976243973
        ],
        "re_weigh": [
            0.007643182761967182,
            0.20161502063274384
        ],
        "dp_exp": [
            0.03145550563931465,
            0.037111468613147736
        ],
        "eo_exp": [
            0.07953548431396484,
            0.07508711516857147
        ],
        "tpr_exp": [
            0.0689794272184372,
            0.15465469658374786
        ],
        "er_exp": [
            0.14318156242370605,
            0.1775214523077011
        ],
        "opt_shap": [
            0.010854375548660755,
            0.19104190170764923
        ],
        "opt_objBI": [
            0.01085255853831768,
            0.19029296934604645
        ]
    },
    "di": {
        "full": 0.7989361053722266,
        "partial": 0.8037285429482555,
        "mip": 0.8020610563446284,
        "adv_deb": 0.8323745139814723,
        "eo_cal": 0.7505133470225873,
        "re_weigh": 0.9811083676142126,
        "dp_exp": 0.9914240850344245,
        "eo_exp": 0.9731918777093315,
        "tpr_exp": 0.9353551753628159,
        "er_exp": 0.9584347976978916,
        "opt_shap": 0.8236772918305858,
        "opt_objBI": 0.8236772918305858
    },
    "dd": {
        "full": -0.19146142792527743,
        "partial": -0.18402840320056357,
        "mip": -0.18597772093935494,
        "adv_deb": -0.15651580468396642,
        "eo_cal": -0.24948665297741268,
        "re_weigh": -0.016369065488269996,
        "dp_exp": -0.014491796454403127,
        "eo_exp": -0.02139446265675593,
        "tpr_exp": -0.05057218679827569,
        "er_exp": -0.02284944622564855,
        "opt_shap": -0.1654958752116431,
        "opt_objBI": -0.1654958752116431
    },
    "eqopp": {
        "full": -0.11219191061562506,
        "partial": -0.11197657105590209,
        "mip": -0.11324399817884256,
        "adv_deb": -0.08516987214982707,
        "eo_cal": -0.14401294498381878,
        "re_weigh": 0.012102083256426366,
        "dp_exp": -0.0018888355667121548,
        "eo_exp": -0.011788302755115776,
        "tpr_exp": -0.0063432881735514535,
        "er_exp": 0.00930882153887802,
        "opt_shap": -0.10064971021447822,
        "opt_objBI": -0.10064971021447822
    },
    "eqodd": {
        "full": 0.20277968924798226,
        "partial": 0.18508324594135833,
        "mip": 0.18782666414417878,
        "adv_deb": 0.15622453214944063,
        "eo_cal": 0.2882986073233701,
        "re_weigh": 0.011876433938458275,
        "dp_exp": 0.0029411427704177442,
        "eo_exp": 0.005585183715626031,
        "tpr_exp": 0.045053854640073415,
        "er_exp": 0.030609453902044226,
        "opt_shap": 0.16467558757772696,
        "opt_objBI": 0.16467558757772696
    }
}