{
    "error": {
        "full": 28.150001525878906,
        "partial": 27.75,
        "mip": 28.200000762939453,
        "adv_deb": 27.799999237060547,
        "eo_cal": 28.75,
        "re_weigh": 28.299999237060547,
        "dp_exp": 32.95000076293945,
        "eo_exp": 33.19999694824219,
        "tpr_exp": 31.5,
        "er_exp": 38.150001525878906,
        "opt_shap": 27.950000762939453,
        "opt_objBI": 27.700000762939453
    },
    "objBI": {
        "full": [
            0.021287880837917328,
            0.2108386605978012,
            0.014785267412662506
        ],
        "partial": [
            0.016398800536990166,
            0.20601747930049896,
            0.0015047845663502812
        ],
        "mip": [
            0.019527597352862358,
            0.20574788749217987,
            0.008258463814854622
        ],
        "adv_deb": [
            0.013945121318101883,
            0.20979322493076324,
            0.009191533550620079
        ],
        "eo_cal": [
            0.01038329117000103,
            0.09853997081518173,
            0.038993582129478455
        ],
        "re_weigh": [
            0.019429782405495644,
            0.1997630000114441,
            0.07396656274795532
        ],
        "dp_exp": [
            0.029891327023506165,
            0.03496136516332626,
            0.00382681074552238
        ],
        "eo_exp": [
            0.048033539205789566,
            0.03428981825709343,
            0.0008296975865960121
        ],
        "tpr_exp": [
            0.046766724437475204,
            0.0913194790482521,
            0.00213377783074975
        ],
        "er_exp": [
            0.18272629380226135,
            0.20427022874355316,
            0.002837137784808874
        ],
        "opt_shap": [
            0.02145322784781456,
            0.20077812671661377,
            0.015776604413986206
        ],
        "opt_objBI": [
            0.01727323606610298,
            0.20783908665180206,
            0.004524911753833294
        ]
    },
    "shap": {
        "full": [
            0.01704731211066246,
            0.20784759521484375,
            0.0
        ],
        "partial": [
            0.016559753566980362,
            0.2059694081544876
        ],
        "mip": [
            0.01811368577182293,
            0.2107892483472824
        ],
        "adv_deb": [
            0.01676185615360737,
            0.21335753798484802
        ],
        "eo_cal": [
            0.010555282235145569,
            0.11169511079788208
        ],
        "re_weigh": [
            0.01954760029911995,
            0.21128584444522858
        ],
        "dp_exp": [
            0.029370276257395744,
            0.034550976008176804
        ],
        "eo_exp": [
            0.043448735028505325,
            0.03439009562134743
        ],
        "tpr_exp": [
            0.04581359773874283,
            0.08486199378967285
        ],
        "er_exp": [
            0.19232501089572906,
            0.20570117235183716
        ],
        "opt_shap": [
            0.016333898529410362,
            0.21014530956745148
        ],
        "opt_objBI": [
            0.016813602298498154,
            0.20813462138175964
        ]
    },
    "di": {
        "full": 0.7044780484828209,
        "partial": 0.6657356444590488,
        "mip": 0.6998272884283246,
        "adv_deb": 0.6881159620521323,
        "eo_cal": 0.6616008105369807,
        "re_weigh": 0.911926792228328,
        "dp_exp": 0.97941228011868,
        "eo_exp": 0.99233712967371,
        "tpr_exp": 0.954153227430604,
        "er_exp": 0.8155885869325138,
        "opt_shap": 0.6381126006951392,
        "opt_objBI": 0.6668025285046563
    },
    "dd": {
        "full": -0.2809354780957981,
        "partial": -0.3174356466242795,
        "mip": -0.2859493254359987,
        "adv_deb": -0.29802936696301674,
        "eo_cal": -0.3383991894630193,
        "re_weigh": -0.07877031218275898,
        "dp_exp": -0.022497802128559674,
        "eo_exp": -0.002598439136214048,
        "tpr_exp": -0.06949374444281087,
        "er_exp": -0.10020793514103887,
        "opt_shap": -0.34188177802048547,
        "opt_objBI": -0.31642247539834223
    },
    "eqopp": {
        "full": -0.19216128545219124,
        "partial": -0.21592723579281603,
        "mip": -0.20008555650618343,
        "adv_deb": -0.19829664774053046,
        "eo_cal": -0.22361359570661898,
        "re_weigh": -0.018861320681340943,
        "dp_exp": -0.0053598634756072405,
        "eo_exp": 0.00129249802121989,
        "tpr_exp": -0.015059317652549087,
        "er_exp": -0.019186160891983772,
        "opt_shap": -0.24071345890771334,
        "opt_objBI": -0.21413832702716307
    },
    "eqodd": {
        "full": 0.2684670569349398,
        "partial": 0.3072191909837568,
        "mip": 0.27242919246193587,
        "adv_deb": 0.28971048756327006,
        "eo_cal": 0.3559656763579824,
        "re_weigh": 0.045928819502381035,
        "dp_exp": 0.02333237572213199,
        "eo_exp": 0.00554821678259762,
        "tpr_exp": 0.05133262424842816,
        "er_exp": 0.07829852710274565,
        "opt_shap": 0.3304702141000516,
        "opt_objBI": 0.3063247366009303
    }
}