{
    "error": {
        "full": 28.5,
        "partial": 28.150001525878906,
        "mip": 28.60000228881836,
        "adv_deb": 28.5,
        "eo_cal": 29.55000114440918,
        "re_weigh": 27.399999618530273,
        "dp_exp": 31.349998474121094,
        "eo_exp": 30.649999618530273,
        "tpr_exp": 30.19999885559082,
        "er_exp": 35.10000228881836,
        "opt_shap": 28.099998474121094,
        "opt_objBI": 28.099998474121094
    },
    "objBI": {
        "full": [
            0.009661541320383549,
            0.19920217990875244,
            0.00040749477921053767
        ],
        "partial": [
            0.019053108990192413,
            0.16162604093551636,
            0.002495471853762865
        ],
        "mip": [
            0.011210777796804905,
            0.20260995626449585,
            0.00318719120696187
        ],
        "adv_deb": [
            0.012523901648819447,
            0.19079045951366425,
            0.002400775207206607
        ],
        "eo_cal": [
            0.007583103142678738,
            0.10033246874809265,
            0.03594024106860161
        ],
        "re_weigh": [
            0.012186393141746521,
            0.20036114752292633,
            0.07255782186985016
        ],
        "dp_exp": [
            0.07241465151309967,
            0.03356272354722023,
            0.016487643122673035
        ],
        "eo_exp": [
            0.06763570010662079,
            0.04233676940202713,
            0.008312350139021873
        ],
        "tpr_exp": [
            0.08277545124292374,
            0.14312438666820526,
            0.003491218900308013
        ],
        "er_exp": [
            0.15523140132427216,
            0.16942282021045685,
            0.00246818526647985
        ],
        "opt_shap": [
            0.014132048934698105,
            0.17889897525310516,
            0.0025581051595509052
        ],
        "opt_objBI": [
            0.014533811248838902,
            0.17134928703308105,
            0.005487486720085144
        ]
    },
    "shap": {
        "full": [
            0.009467078372836113,
            0.1959744244813919,
            0.0
        ],
        "partial": [
            0.018126754090189934,
            0.16484571993350983
        ],
        "mip": [
            0.010552963241934776,
            0.20460660755634308
        ],
        "adv_deb": [
            0.02418692596256733,
            0.19084499776363373
        ],
        "eo_cal": [
            0.007197764236479998,
            0.10369398444890976
        ],
        "re_weigh": [
            0.00993305817246437,
            0.20474639534950256
        ],
        "dp_exp": [
            0.08209755271673203,
            0.040821515023708344
        ],
        "eo_exp": [
            0.07816632837057114,
            0.04911679029464722
        ],
        "tpr_exp": [
            0.08464871346950531,
            0.1459057778120041
        ],
        "er_exp": [
            0.20055022835731506,
            0.18467968702316284
        ],
        "opt_shap": [
            0.013999607414007187,
            0.17117826640605927
        ],
        "opt_objBI": [
            0.01392311044037342,
            0.17158572375774384
        ]
    },
    "di": {
        "full": 0.7759824938614012,
        "partial": 0.8333206776686578,
        "mip": 0.7809596279856267,
        "adv_deb": 0.8311469981405537,
        "eo_cal": 0.7520080321285141,
        "re_weigh": 0.9779761246822151,
        "dp_exp": 0.9754471483431117,
        "eo_exp": 0.9649358644170006,
        "tpr_exp": 0.9266860243591597,
        "er_exp": 0.9886468952734013,
        "opt_shap": 0.8346762847568617,
        "opt_objBI": 0.8346762847568617
    },
    "dd": {
        "full": -0.2112993807900927,
        "partial": -0.1580465287444599,
        "mip": -0.20725931614905846,
        "adv_deb": -0.1590985455767293,
        "eo_cal": -0.24799196787148592,
        "re_weigh": -0.019128306052896837,
        "dp_exp": -0.02846445543128695,
        "eo_exp": -0.034496551944831144,
        "tpr_exp": -0.06294500712011386,
        "er_exp": 0.017656282500519982,
        "opt_shap": -0.1551144818317094,
        "opt_objBI": -0.1551144818317094
    },
    "eqopp": {
        "full": -0.1400615833400859,
        "partial": -0.08192204845636497,
        "mip": -0.13643320818590254,
        "adv_deb": -0.09551720101918626,
        "eo_cal": -0.14784053156146182,
        "re_weigh": 0.012627285741295902,
        "dp_exp": 0.0029261089953092068,
        "eo_exp": -0.008832347459687195,
        "tpr_exp": -0.0004861842638359537,
        "er_exp": 0.062357633543112856,
        "opt_shap": -0.08616265564649006,
        "opt_objBI": -0.08616265564649006
    },
    "eqodd": {
        "full": 0.20992049053649842,
        "partial": 0.16106140207635622,
        "mip": 0.20678955932366766,
        "adv_deb": 0.1559224110511755,
        "eo_cal": 0.27442787999392887,
        "re_weigh": 0.011361160140981152,
        "dp_exp": 0.015412852023949417,
        "eo_exp": 0.031247654509469425,
        "tpr_exp": 0.07295444174517667,
        "er_exp": 0.028810357677523435,
        "opt_shap": 0.15256188200056653,
        "opt_objBI": 0.15256188200056653
    }
}