{
    "error": {
        "full": 27.950000762939453,
        "partial": 27.950000762939453,
        "mip": 27.700000762939453,
        "adv_deb": 27.64999771118164,
        "eo_cal": 28.25,
        "re_weigh": 28.700000762939453,
        "dp_exp": 29.399999618530273,
        "eo_exp": 29.649999618530273,
        "tpr_exp": 29.55000114440918,
        "er_exp": 35.75,
        "opt_shap": 27.75,
        "opt_objBI": 27.849998474121094
    },
    "objBI": {
        "full": [
            0.005206213798373938,
            0.18856433033943176,
            0.01506465021520853
        ],
        "partial": [
            0.0162502471357584,
            0.21148371696472168,
            0.015972884371876717
        ],
        "mip": [
            0.0072451401501894,
            0.19904373586177826,
            0.0005642093019559979
        ],
        "adv_deb": [
            0.019593240693211555,
            0.21076607704162598,
            0.019873986020684242
        ],
        "eo_cal": [
            0.006345481611788273,
            0.10514894872903824,
            0.03997409716248512
        ],
        "re_weigh": [
            0.01101864967495203,
            0.20436452329158783,
            0.0636320635676384
        ],
        "dp_exp": [
            0.1684523969888687,
            0.2769978642463684,
            0.008944785222411156
        ],
        "eo_exp": [
            0.16097453236579895,
            0.304607093334198,
            0.002280989894643426
        ],
        "tpr_exp": [
            0.14624576270580292,
            0.2920284569263458,
            0.013824835419654846
        ],
        "er_exp": [
            0.25870367884635925,
            0.38046640157699585,
            0.004811548162251711
        ],
        "opt_shap": [
            0.00453571230173111,
            0.20003925263881683,
            0.0030381467659026384
        ],
        "opt_objBI": [
            0.002456801710650325,
            0.2030024230480194,
            0.0024458239786326885
        ]
    },
    "shap": {
        "full": [
            0.004609483294188976,
            0.18904075026512146,
            0.0
        ],
        "partial": [
            0.0030744418036192656,
            0.20599304139614105
        ],
        "mip": [
            0.006863767746835947,
            0.20427429676055908
        ],
        "adv_deb": [
            0.016977675259113312,
            0.20876142382621765
        ],
        "eo_cal": [
            0.005001648794859648,
            0.11092951148748398
        ],
        "re_weigh": [
            0.010584049858152866,
            0.20495083928108215
        ],
        "dp_exp": [
            0.16134187579154968,
            0.2684769332408905
        ],
        "eo_exp": [
            0.15659067034721375,
            0.28924763202667236
        ],
        "tpr_exp": [
            0.14572235941886902,
            0.27877360582351685
        ],
        "er_exp": [
            0.291568785905838,
            0.45109155774116516
        ],
        "opt_shap": [
            0.003772290889173746,
            0.2010096162557602
        ],
        "opt_objBI": [
            0.0008915408398024738,
            0.20109090209007263
        ]
    },
    "di": {
        "full": 0.7306175402179553,
        "partial": 0.7537771918259724,
        "mip": 0.7671456822676335,
        "adv_deb": 0.7647058823529411,
        "eo_cal": 0.7229268292682927,
        "re_weigh": 0.9588730025231286,
        "dp_exp": 0.9672693352355345,
        "eo_exp": 0.9437042338820679,
        "tpr_exp": 0.9343089430894308,
        "er_exp": 1.0970731707317074,
        "opt_shap": 0.7644644407609124,
        "opt_objBI": 0.7564655172413793
    },
    "dd": {
        "full": -0.25971232020012514,
        "partial": -0.23359599749843651,
        "mip": -0.2209130706691682,
        "adv_deb": -0.22153846153846157,
        "eo_cal": -0.27707317073170734,
        "re_weigh": -0.0366979362101314,
        "dp_exp": -0.02706691682301432,
        "eo_exp": -0.05510944340212631,
        "tpr_exp": -0.05946216385240777,
        "er_exp": 0.06071294559099438,
        "opt_shap": -0.2239399624765479,
        "opt_objBI": -0.2317948717948718
    },
    "eqopp": {
        "full": -0.1793876993244109,
        "partial": -0.16500901070180984,
        "mip": -0.15032711836902024,
        "adv_deb": -0.14998548038570936,
        "eo_cal": -0.18433931484502442,
        "re_weigh": 0.0011978681789841517,
        "dp_exp": -0.015172996933799032,
        "eo_exp": -0.026250608542657816,
        "tpr_exp": -0.035071274224268256,
        "er_exp": 0.0779361649428183,
        "opt_shap": -0.15326734026289046,
        "opt_objBI": -0.15979262574413022
    },
    "eqodd": {
        "full": 0.2619606789080528,
        "partial": 0.22494917474767478,
        "mip": 0.21275385964924115,
        "adv_deb": 0.21154199708329777,
        "eo_cal": 0.2996939292671724,
        "re_weigh": 0.011854858260108195,
        "dp_exp": 0.02012051735341927,
        "eo_exp": 0.024416068190825146,
        "tpr_exp": 0.02883298383696642,
        "er_exp": 0.09726930994506289,
        "opt_shap": 0.21659363884262178,
        "opt_objBI": 0.22586672652871628
    }
}