{
    "error": {
        "full": 28.400001525878906,
        "partial": 28.5,
        "mip": 28.60000228881836,
        "adv_deb": 29.30000114440918,
        "eo_cal": 28.75,
        "re_weigh": 28.700000762939453,
        "dp_exp": 29.850000381469727,
        "eo_exp": 29.94999885559082,
        "tpr_exp": 30.30000114440918,
        "er_exp": 38.5,
        "opt_shap": 28.25,
        "opt_objBI": 28.25
    },
    "objBI": {
        "full": [
            0.017555588856339455,
            0.18616041541099548,
            0.013424323871731758
        ],
        "partial": [
            0.01714228093624115,
            0.20488832890987396,
            0.01605221815407276
        ],
        "mip": [
            0.013694469816982746,
            0.2037070095539093,
            0.013487564399838448
        ],
        "adv_deb": [
            0.014008433558046818,
            0.2163630574941635,
            0.0012186949606984854
        ],
        "eo_cal": [
            0.003571104956790805,
            0.10058043152093887,
            0.03326644003391266
        ],
        "re_weigh": [
            0.009922320954501629,
            0.21462103724479675,
            0.07049058377742767
        ],
        "dp_exp": [
            0.039412789046764374,
            0.04839668050408363,
            0.010611411184072495
        ],
        "eo_exp": [
            0.07910694926977158,
            0.07424888759851456,
            0.01247987151145935
        ],
        "tpr_exp": [
            0.0744132548570633,
            0.1359870284795761,
            0.0034694005735218525
        ],
        "er_exp": [
            0.14228586852550507,
            0.17370370030403137,
            0.017540303990244865
        ],
        "opt_shap": [
            0.014790569432079792,
            0.19227395951747894,
            0.002234848216176033
        ],
        "opt_objBI": [
            0.014183358289301395,
            0.20230917632579803,
            0.002638058038428426
        ]
    },
    "shap": {
        "full": [
            0.016241610050201416,
            0.1858528107404709,
            0.0
        ],
        "partial": [
            0.010100975632667542,
            0.19875362515449524
        ],
        "mip": [
            0.007179805543273687,
            0.20570339262485504
        ],
        "adv_deb": [
            0.019995078444480896,
            0.21631158888339996
        ],
        "eo_cal": [
            0.0032646870240569115,
            0.10709455609321594
        ],
        "re_weigh": [
            0.006951048970222473,
            0.20671211183071136
        ],
        "dp_exp": [
            0.04498811811208725,
            0.04971207678318024
        ],
        "eo_exp": [
            0.08089221268892288,
            0.08096767961978912
        ],
        "tpr_exp": [
            0.07616879045963287,
            0.14407409727573395
        ],
        "er_exp": [
            0.15226006507873535,
            0.1791868358850479
        ],
        "opt_shap": [
            0.013845470733940601,
            0.195524662733078
        ],
        "opt_objBI": [
            0.013829132542014122,
            0.1953762322664261
        ]
    },
    "di": {
        "full": 0.8140482398956975,
        "partial": 0.8200553474452508,
        "mip": 0.8157674763474979,
        "adv_deb": 0.7866080407886428,
        "eo_cal": 0.7632367632367633,
        "re_weigh": 1.0166562409553064,
        "dp_exp": 0.9783928584342235,
        "eo_exp": 0.9726021592405473,
        "tpr_exp": 0.9650283637067778,
        "er_exp": 1.012765341167708,
        "opt_shap": 0.8341669060553181,
        "opt_objBI": 0.8341669060553181
    },
    "dd": {
        "full": -0.1757141757141757,
        "partial": -0.1676961676961677,
        "mip": -0.17169217169217166,
        "adv_deb": -0.19160419160419162,
        "eo_cal": -0.23676323676323674,
        "re_weigh": 0.0142720142720143,
        "dp_exp": -0.013910013910013896,
        "eo_exp": -0.0298780298780299,
        "tpr_exp": -0.049792049792049764,
        "er_exp": -0.00838500838500833,
        "opt_shap": -0.1547111547111547,
        "opt_objBI": -0.1547111547111547
    },
    "eqopp": {
        "full": -0.12332917634454588,
        "partial": -0.11607526619902309,
        "mip": -0.12092179285491966,
        "adv_deb": -0.1564947480081389,
        "eo_cal": -0.15670436187399028,
        "re_weigh": 0.02943910293734664,
        "dp_exp": 0.00027313321913968736,
        "eo_exp": -0.012773741946275341,
        "tpr_exp": 0.009383925792456838,
        "er_exp": 0.022691230306353782,
        "opt_shap": -0.10284630222084823,
        "opt_objBI": -0.10284630222084823
    },
    "eqodd": {
        "full": 0.17187844920696987,
        "partial": 0.1615849753659061,
        "mip": 0.1653171392174146,
        "adv_deb": 0.1698371335213292,
        "eo_cal": 0.2615982542354245,
        "re_weigh": 0.0478413901411376,
        "dp_exp": 0.00570115983083002,
        "eo_exp": 0.012313610067716092,
        "tpr_exp": 0.035259675234890334,
        "er_exp": 0.056751640606094444,
        "opt_shap": 0.14842599075901758,
        "opt_objBI": 0.14842599075901758
    }
}