{
    "error": {
        "full": 25.650001525878906,
        "partial": 25.450000762939453,
        "mip": 25.700000762939453,
        "adv_deb": 25.700000762939453,
        "eo_cal": 25.799999237060547,
        "re_weigh": 25.5,
        "dp_exp": 28.0,
        "eo_exp": 27.549999237060547,
        "tpr_exp": 26.94999885559082,
        "er_exp": 31.5,
        "opt_shap": 25.450000762939453,
        "opt_objBI": 25.5
    },
    "objBI": {
        "full": [
            0.01022410299628973,
            0.19405430555343628,
            0.006916688289493322
        ],
        "partial": [
            0.006199950817972422,
            0.20165739953517914,
            0.0024849087931215763
        ],
        "mip": [
            0.017423057928681374,
            0.2060723751783371,
            0.012185052037239075
        ],
        "adv_deb": [
            0.01280622836202383,
            0.19418562948703766,
            0.011817926540970802
        ],
        "eo_cal": [
            0.009062627330422401,
            0.10936552286148071,
            0.04694496840238571
        ],
        "re_weigh": [
            0.011377007700502872,
            0.20822516083717346,
            0.06488975882530212
        ],
        "dp_exp": [
            0.1636197417974472,
            0.2953547239303589,
            0.0067307655699551105
        ],
        "eo_exp": [
            0.17637641727924347,
            0.3176884055137634,
            0.018545949831604958
        ],
        "tpr_exp": [
            0.14829163253307343,
            0.29389050602912903,
            0.010478537529706955
        ],
        "er_exp": [
            0.11956951767206192,
            0.2950488030910492,
            0.016204359009861946
        ],
        "opt_shap": [
            0.010142496787011623,
            0.2021939903497696,
            0.0047371829859912395
        ],
        "opt_objBI": [
            0.009042118676006794,
            0.19521375000476837,
            0.0013133044121786952
        ]
    },
    "shap": {
        "full": [
            0.008927954360842705,
            0.20225071907043457,
            0.0
        ],
        "partial": [
            0.005441696383059025,
            0.19883112609386444
        ],
        "mip": [
            0.013668258674442768,
            0.20887815952301025
        ],
        "adv_deb": [
            0.015537538565695286,
            0.2014870047569275
        ],
        "eo_cal": [
            0.008545411750674248,
            0.11849968880414963
        ],
        "re_weigh": [
            0.01133753266185522,
            0.21006271243095398
        ],
        "dp_exp": [
            0.17746151983737946,
            0.2719336450099945
        ],
        "eo_exp": [
            0.1915738880634308,
            0.2893802523612976
        ],
        "tpr_exp": [
            0.15431839227676392,
            0.286215215921402
        ],
        "er_exp": [
            0.15048234164714813,
            0.2996586263179779
        ],
        "opt_shap": [
            0.009218281134963036,
            0.20208123326301575
        ],
        "opt_objBI": [
            0.009073568508028984,
            0.20129868388175964
        ]
    },
    "di": {
        "full": 0.7810454295443057,
        "partial": 0.7457421316050861,
        "mip": 0.7861906563528979,
        "adv_deb": 0.7444909318087162,
        "eo_cal": 0.7249757045675413,
        "re_weigh": 0.9557043415372793,
        "dp_exp": 0.9665991554649672,
        "eo_exp": 0.9700225887734447,
        "tpr_exp": 0.92287255936478,
        "er_exp": 0.951337736260685,
        "opt_shap": 0.744422848504481,
        "opt_objBI": 0.7530329066347446
    },
    "dd": {
        "full": -0.20677790021408005,
        "partial": -0.2372375167515881,
        "mip": -0.20191881372234055,
        "adv_deb": -0.24314148198635044,
        "eo_cal": -0.27502429543245865,
        "re_weigh": -0.03923199410704403,
        "dp_exp": -0.03109615186371739,
        "eo_exp": -0.027542162959048544,
        "tpr_exp": -0.06946141705174047,
        "er_exp": -0.04925142044459385,
        "opt_shap": -0.2368892238372472,
        "opt_objBI": -0.23043479566315272
    },
    "eqopp": {
        "full": -0.11225883523329583,
        "partial": -0.13938222678865564,
        "mip": -0.1091724154802094,
        "adv_deb": -0.13936999527047966,
        "eo_cal": -0.15740740740740744,
        "re_weigh": -0.0016288305037753803,
        "dp_exp": 0.007210479964773309,
        "eo_exp": 0.009185870150203113,
        "tpr_exp": -0.017913058368804746,
        "er_exp": 0.030792847008170754,
        "opt_shap": -0.14291305836880475,
        "opt_objBI": -0.134752597159026
    },
    "eqodd": {
        "full": 0.220367649519903,
        "partial": 0.24644559618678252,
        "mip": 0.21488743176934405,
        "adv_deb": 0.26295406330109705,
        "eo_cal": 0.31623651210265386,
        "re_weigh": 0.006873237338379218,
        "dp_exp": 0.03439319844875824,
        "eo_exp": 0.025467662182811227,
        "tpr_exp": 0.0640003309299695,
        "er_exp": 0.07847683367439431,
        "opt_shap": 0.24148988950034422,
        "opt_objBI": 0.23888143753994667
    }
}