{
    "error": {
        "full": 28.5,
        "partial": 29.0,
        "mip": 28.5,
        "adv_deb": 29.0,
        "eo_cal": 28.5,
        "re_weigh": 29.0,
        "dp_exp": 28.5,
        "eo_exp": 29.0,
        "tpr_exp": 29.0,
        "er_exp": 28.5,
        "opt_shap": 28.5,
        "opt_objBI": 28.5
    },
    "objBI": {
        "full": [
            0.021789269521832466,
            0.05775584280490875,
            0.02571915090084076,
            0.07890941947698593,
            0.008572092279791832,
            0.05795733630657196,
            0.021340657025575638,
            0.01726330630481243,
            0.035801827907562256
        ],
        "partial": [
            0.02512781135737896,
            0.052633389830589294,
            0.024652116000652313,
            0.06779944151639938,
            0.013840340077877045,
            0.05985948443412781,
            0.02710297890007496,
            0.016906773671507835,
            0.01318915281444788
        ],
        "mip": [
            0.02367960289120674,
            0.05392942577600479,
            0.02941025234758854,
            0.06781576573848724,
            0.015161539427936077,
            0.05300273001194,
            0.024015741422772408,
            0.02367972768843174,
            0.014646186493337154
        ],
        "adv_deb": [
            0.014118923805654049,
            0.04183759540319443,
            0.022746995091438293,
            0.04953772947192192,
            0.012750805355608463,
            0.04486727714538574,
            0.014816651120781898,
            0.0021830853074789047,
            0.022775277495384216
        ],
        "eo_cal": [
            0.00940753985196352,
            0.023726213723421097,
            0.023352937772870064,
            0.048038043081760406,
            0.009091347455978394,
            0.027333147823810577,
            0.008197587914764881,
            0.007542728912085295,
            0.020114652812480927
        ],
        "re_weigh": [
            0.028151027858257294,
            0.045780859887599945,
            0.030176348984241486,
            0.07808655500411987,
            0.01583816111087799,
            0.04976973682641983,
            0.021301038563251495,
            0.016782132908701897,
            0.019119620323181152
        ],
        "dp_exp": [
            0.013821822591125965,
            0.015155745670199394,
            0.011094293557107449,
            0.022036321461200714,
            0.017422499135136604,
            0.03028780408203602,
            0.01775185577571392,
            0.011825296096503735,
            0.011471995152533054
        ],
        "eo_exp": [
            0.013581309467554092,
            0.01437944546341896,
            0.018110070377588272,
            0.025700731202960014,
            0.008528538979589939,
            0.03396531939506531,
            0.014342520385980606,
            0.012650778517127037,
            0.01234597060829401
        ],
        "tpr_exp": [
            0.005691145546734333,
            0.022302579134702682,
            0.0230879969894886,
            0.033097781240940094,
            0.011120797134935856,
            0.026341525837779045,
            0.01154960598796606,
            0.011450134217739105,
            0.002578010782599449
        ],
        "er_exp": [
            0.014030172489583492,
            0.020856322720646858,
            0.08161163330078125,
            0.04973900318145752,
            0.014383981004357338,
            0.042195118963718414,
            0.013689007610082626,
            0.022894611582159996,
            0.012643679045140743
        ],
        "opt_shap": [
            0.016826149076223373,
            0.05297132581472397,
            0.02167224884033203,
            0.06677944958209991,
            0.006917022634297609,
            0.05576816946268082,
            0.021439719945192337,
            0.007855065166950226,
            0.0013139824150130153
        ],
        "opt_objBI": [
            0.02236938290297985,
            0.05138760432600975,
            0.025327157229185104,
            0.07668853551149368,
            0.010507307946681976,
            0.05571708083152771,
            0.021859603002667427,
            0.016919415444135666,
            0.009952154941856861
        ]
    },
    "shap": {
        "full": [
            0.014363526366651058,
            0.05412067100405693,
            0.02474176324903965,
            0.07060080766677856,
            0.006448660511523485,
            0.05398108810186386,
            0.018900809809565544,
            0.010219600982964039,
            0.036635514348745346
        ],
        "partial": [
            0.01348316390067339,
            0.05184013023972511,
            0.021879665553569794,
            0.06727292388677597,
            0.00583961745724082,
            0.05957404151558876,
            0.02044573985040188,
            0.006019513588398695
        ],
        "mip": [
            0.014575383625924587,
            0.05369241535663605,
            0.02589068002998829,
            0.07134134322404861,
            0.005487627349793911,
            0.05315050110220909,
            0.01808035373687744,
            0.009923159144818783
        ],
        "adv_deb": [
            0.013323796913027763,
            0.03807540237903595,
            0.020701544359326363,
            0.04846911504864693,
            0.01786019280552864,
            0.045552149415016174,
            0.0177073422819376,
            0.005630467087030411,
            0.023828087374567986
        ],
        "eo_cal": [
            0.006091699469834566,
            0.023777320981025696,
            0.02517118863761425,
            0.04496938735246658,
            0.007848627865314484,
            0.029211239889264107,
            0.005863456521183252,
            0.003754825098440051,
            0.06351020187139511
        ],
        "re_weigh": [
            0.014378685504198074,
            0.04545663297176361,
            0.027221031486988068,
            0.07265549898147583,
            0.010927046649158001,
            0.048032525926828384,
            0.01559558417648077,
            0.007318296004086733,
            0.011500030755996704
        ],
        "dp_exp": [
            0.0011632207315415144,
            0.029069527983665466,
            0.024274688214063644,
            0.02423248440027237,
            0.006295763887465,
            0.027108803391456604,
            0.006886235438287258,
            0.0018371674232184887,
            0.0
        ],
        "eo_exp": [
            0.0008956763776950538,
            0.023802058771252632,
            0.022048117592930794,
            0.024554049596190453,
            0.0077758715488016605,
            0.03272046148777008,
            0.005693261511623859,
            0.002054555108770728,
            0.0
        ],
        "tpr_exp": [
            0.0010323962196707726,
            0.03415576368570328,
            0.025195011869072914,
            0.02488766238093376,
            0.005295165814459324,
            0.02025548741221428,
            0.00582968071103096,
            0.003397728316485882,
            0.0
        ],
        "er_exp": [
            0.0016038496978580952,
            0.018414946272969246,
            0.06589389592409134,
            0.047529544681310654,
            0.01707216538488865,
            0.05301918461918831,
            0.0057741450145840645,
            0.013080324046313763,
            0.0
        ],
        "opt_shap": [
            0.014669137075543404,
            0.05362067371606827,
            0.02195567823946476,
            0.0648503452539444,
            0.006511360872536898,
            0.05558399856090546,
            0.019543737173080444,
            0.00659318407997489
        ],