{
    "error": {
        "full": 29.499998092651367,
        "partial": 28.5,
        "mip": 29.0,
        "adv_deb": 29.499998092651367,
        "eo_cal": 29.0,
        "re_weigh": 27.5,
        "dp_exp": 28.0,
        "eo_exp": 26.499998092651367,
        "tpr_exp": 32.0,
        "er_exp": 28.0,
        "opt_shap": 29.0,
        "opt_objBI": 29.0
    },
    "objBI": {
        "full": [
            0.01485056895762682,
            0.09363336861133575,
            0.032470375299453735,
            0.04434957355260849,
            0.016883796080946922,
            0.011022264137864113,
            0.01698508858680725,
            0.032903920859098434,
            0.05499538779258728
        ],
        "partial": [
            0.011794392950832844,
            0.09007739275693893,
            0.03348458930850029,
            0.03914538770914078,
            0.010323056019842625,
            0.010093296878039837,
            0.019542252644896507,
            0.0210583433508873,
            0.006790151819586754
        ],
        "mip": [
            0.005708737764507532,
            0.0831894800066948,
            0.032221719622612,
            0.04442360997200012,
            0.01072447095066309,
            0.0008527503814548254,
            0.01272692158818245,
            0.025773175060749054,
            0.0005620592273771763
        ],
        "adv_deb": [
            0.0066817523911595345,
            0.07350093126296997,
            0.04353177174925804,
            0.030846724286675453,
            0.011377905495464802,
            0.017862962558865547,
            0.011668057180941105,
            0.006326801609247923,
            0.031606730073690414
        ],
        "eo_cal": [
            0.016330702230334282,
            0.08898591250181198,
            0.030388936400413513,
            0.04917645454406738,
            0.014226127415895462,
            0.014165811240673065,
            0.013898705132305622,
            0.03849872201681137,
            0.054621558636426926
        ],
        "re_weigh": [
            0.012580015696585178,
            0.07911030948162079,
            0.03971192240715027,
            0.0491761788725853,
            0.010721801780164242,
            0.0061738514341413975,
            0.011676921509206295,
            0.02401767298579216,
            0.020602352917194366
        ],
        "dp_exp": [
            0.03789999708533287,
            0.06571874767541885,
            0.04765624925494194,
            0.04771249741315842,
            0.03541874513030052,
            0.03400624915957451,
            0.03326249495148659,
            0.03538750112056732,
            0.034999996423721313
        ],
        "eo_exp": [
            0.016791587695479393,
            0.10339599847793579,
            0.005449572578072548,
            0.009565387852489948,
            0.012273525819182396,
            0.04587523639202118,
            0.014298277907073498,
            0.010780014097690582,
            0.011748150922358036
        ],
        "tpr_exp": [
            0.026632826775312424,
            0.11487454175949097,
            0.028753649443387985,
            0.014639941044151783,
            0.013330685906112194,
            0.038218382745981216,
            0.03513713553547859,
            0.018514426425099373,
            0.018350735306739807
        ],
        "er_exp": [
            0.021062500774860382,
            0.07358124852180481,
            0.05317499488592148,
            0.047593750059604645,
            0.013075001537799835,
            0.023912498727440834,
            0.026862500235438347,
            0.018906252458691597,
            0.01250000111758709
        ],
        "opt_shap": [
            0.008134523406624794,
            0.09243690222501755,
            0.030885400250554085,
            0.041850801557302475,
            0.013989749364554882,
            0.0022354358807206154,
            0.013065945357084274,
            0.019998161122202873,
            0.0013625157298520207
        ],
        "opt_objBI": [
            0.004750117193907499,
            0.09234217554330826,
            0.030017651617527008,
            0.04187512397766113,
            0.013591245748102665,
            0.0012412184150889516,
            0.011998721398413181,
            0.02209499105811119,
            0.0005108907935209572
        ]
    },
    "shap": {
        "full": [
            0.004456685855984688,
            0.08948800712823868,
            0.03370073810219765,
            0.04161069542169571,
            0.012086626142263412,
            0.0015987971564754844,
            0.01219677459448576,
            0.021960454061627388,
            0.04923611134290695
        ],
        "partial": [
            0.004982029553502798,
            0.08992889523506165,
            0.031214183196425438,
            0.03636302053928375,
            0.008123829029500484,
            0.009244483895599842,
            0.01645972579717636,
            0.015527901239693165
        ],
        "mip": [
            0.004682337865233421,
            0.08882836997509003,
            0.03435981646180153,
            0.04110726714134216,
            0.010790055617690086,
            0.0006879182765260339,
            0.01194260735064745,
            0.02289336733520031
        ],
        "adv_deb": [
            0.004098029341548681,
            0.07309816032648087,
            0.04081108048558235,
            0.029817819595336914,
            0.01445037592202425,
            0.019081413745880127,
            0.014320739544928074,
            0.006276381202042103,
            0.028334401547908783
        ],
        "eo_cal": [
            0.0027476325631141663,
            0.0959632620215416,
            0.030121035873889923,
            0.042349621653556824,
            0.0037172925658524036,
            0.00282567017711699,
            0.005623601842671633,
            0.029958629980683327,
            0.04587303102016449
        ],
        "re_weigh": [
            0.005725111346691847,
            0.08079027384519577,
            0.04259874299168587,
            0.04716026410460472,
            0.008666537702083588,
            0.001901568379253149,
            0.009356441907584667,
            0.01815013587474823,
            0.018473608419299126
        ],
        "dp_exp": [
            0.0022194446064531803,
            0.10032163560390472,
            0.06505754590034485,
            0.030529960989952087,
            0.0021507935598492622,
            0.01065853238105774,
            0.010746428743004799,
            0.01062083337455988,
            0.0
        ],
        "eo_exp": [
            0.0033019641414284706,
            0.0988956093788147,
            0.023350875824689865,
            0.011249041184782982,
            0.008829662576317787,
            0.04465051740407944,
            0.010685925371944904,
            0.008758011274039745,
            0.0
        ],
        "tpr_exp": [
            0.0036389047745615244,
            0.1125832200050354,
            0.04102836549282074,
            0.02929968200623989,
            0.010301781818270683,
            0.02533288486301899,
            0.01735537312924862,
            0.009471068158745766,
            0.0
        ],
        "er_exp": [
            0.0025976193137466908,
            0.10018274188041687,
            0.0666152834892273,
            0.029884327203035355,
            0.002160515869036317,
            0.010877976194024086,
            0.010658929124474525,
            0.010690080933272839,
            0.0
        ],
        "opt_shap": [
            0.005123374983668327,
            0.08910156041383743,
            0.031178439036011696,
            0.04148392751812935,
            0.013163638301193714,
            0.0017967108869925141,
            0.011148447170853615,
            0.018083326518535614
        ],