{
    "error": {
        "full": 27.900001525878906,
        "partial": 27.849998474121094,
        "mip": 27.950000762939453,
        "opt_shap": 27.799999237060547,
        "opt_objBI": 27.599998474121094
    },
    "objBI": {
        "full": [
            0.010286323726177216,
            0.22033143043518066,
            0.012194669805467129
        ],
        "partial": [
            0.006986567284911871,
            0.2353113442659378,
            0.0047715334221720695
        ],
        "mip": [
            0.017572766169905663,
            0.21392236649990082,
            0.01430051214993
        ],
        "opt_shap": [
            0.003420986235141754,
            0.22423593699932098,
            0.0025115536991506815
        ],
        "opt_objBI": [
            0.020557869225740433,
            0.2249940186738968,
            0.01991385407745838
        ]
    },
    "shap": {
        "full": [
            -1.0429382655274821e-06,
            1.7360831407131627e-05,
            0.0
        ],
        "partial": [
            -9.029552529682405e-06,
            3.7585496102110483e-06
        ],
        "mip": [
            4.467505277716555e-05,
            8.331537173944525e-06
        ],
        "opt_shap": [
            -1.2179315262983437e-06,
            -8.204221558116842e-06
        ],
        "opt_objBI": [
            8.489385436405428e-06,
            -9.652257176639978e-06
        ]
    },
    "di": {
        "full": 0.773882361404966,
        "partial": 0.7529709182366554,
        "mip": 0.7702047405112982,
        "opt_shap": 0.7496538657334102,
        "opt_objBI": 0.7442718543448468
    },
    "dd": {
        "full": -0.20755079437022184,
        "partial": -0.2286769701171919,
        "mip": -0.21407124368791086,
        "opt_shap": -0.2317475944774785,
        "opt_objBI": -0.23597983333183248
    },
    "eqopp": {
        "full": -0.1369708937923928,
        "partial": -0.1549690907529836,
        "mip": -0.1442345668412467,
        "opt_shap": -0.15660041212329356,
        "opt_objBI": -0.1556001545462351
    },
    "eqodd": {
        "full": 0.2107471775609689,
        "partial": 0.2336914563362545,
        "mip": 0.21891772632372786,
        "opt_shap": 0.2372543697686622,
        "opt_objBI": 0.24309485853748056
    }
}