{
    "error": {
        "full": 27.05000114440918,
        "partial": 26.899999618530273,
        "mip": 26.899999618530273,
        "opt_shap": 27.000001907348633,
        "opt_objBI": 27.000001907348633
    },
    "objBI": {
        "full": [
            0.011725586839020252,
            0.21736334264278412,
            0.009693184867501259
        ],
        "partial": [
            0.012799057178199291,
            0.2347591668367386,
            0.006911808624863625
        ],
        "mip": [
            0.013164151459932327,
            0.2159513384103775,
            0.013142121024429798
        ],
        "opt_shap": [
            0.011276115663349628,
            0.2357167899608612,
            0.010434840805828571
        ],
        "opt_objBI": [
            0.008074294775724411,
            0.23923178017139435,
            0.0004755590343847871
        ]
    },
    "shap": {
        "full": [
            5.780690344181494e-07,
            -1.0925539754680358e-05,
            0.0
        ],
        "partial": [
            2.9005490432609804e-05,
            6.323576144495746e-06
        ],
        "mip": [
            5.688334567821585e-07,
            1.1386871392460307e-06
        ],
        "opt_shap": [
            -2.3010709355730796e-06,
            -3.7190914099483052e-06
        ],
        "opt_objBI": [
            7.2051211645884905e-06,
            -1.2400150808389299e-06
        ]
    },
    "di": {
        "full": 0.7435879219249022,
        "partial": 0.7384124072648662,
        "mip": 0.7532893545686723,
        "opt_shap": 0.7288536706012434,
        "opt_objBI": 0.7311449420145072
    },
    "dd": {
        "full": -0.23459523459523468,
        "partial": -0.23959223959223963,
        "mip": -0.23164623164623166,
        "opt_shap": -0.2516042516042516,
        "opt_objBI": -0.24759424759424764
    },
    "eqopp": {
        "full": -0.14870579231022718,
        "partial": -0.1516354320580825,
        "mip": -0.1434524252442253,
        "opt_shap": -0.1670468678579401,
        "opt_objBI": -0.16628363079735953
    },
    "eqodd": {
        "full": 0.23730068000453677,
        "partial": 0.24273375384671844,
        "mip": 0.24001921288232603,
        "opt_shap": 0.2546679390898686,
        "opt_objBI": 0.24741235057085428
    }
}