{
    "error": {
        "full": 26.05000114440918,
        "partial": 25.850000381469727,
        "mip": 25.600000381469727,
        "opt_shap": 26.0,
        "opt_objBI": 25.850000381469727
    },
    "objBI": {
        "full": [
            0.018633587285876274,
            0.20700326561927795,
            0.003670461243018508
        ],
        "partial": [
            0.018971029669046402,
            0.19826024770736694,
            0.005958107300102711
        ],
        "mip": [
            0.011687304824590683,
            0.1923825442790985,
            0.007072829641401768
        ],
        "opt_shap": [
            0.021837498992681503,
            0.19713672995567322,
            0.022023679688572884
        ],
        "opt_objBI": [
            0.01890423893928528,
            0.20619702339172363,
            0.005618424154818058
        ]
    },
    "shap": {
        "full": [
            7.070296305755619e-06,
            -2.9614466257044114e-07,
            0.0
        ],
        "partial": [
            4.550856465357356e-05,
            -3.448501274760929e-06
        ],
        "mip": [
            1.3974621651868802e-05,
            -9.871930160443299e-06
        ],
        "opt_shap": [
            1.7063393897842616e-05,
            2.872556478905608e-06
        ],
        "opt_objBI": [
            -1.7470717921241885e-06,
            -3.317925438750535e-05
        ]
    },
    "di": {
        "full": 0.7839594654570861,
        "partial": 0.7902728487295012,
        "mip": 0.7999719288470144,
        "opt_shap": 0.7872626654519895,
        "opt_objBI": 0.7902728487295012
    },
    "dd": {
        "full": -0.2037489322883026,
        "partial": -0.1975925041381652,
        "mip": -0.189804842829834,
        "opt_shap": -0.2006336674907948,
        "opt_objBI": -0.1975925041381652
    },
    "eqopp": {
        "full": -0.12327658615532744,
        "partial": -0.11676192817487141,
        "mip": -0.10424886812939171,
        "opt_shap": -0.11713273103476529,
        "opt_objBI": -0.11676192817487141
    },
    "eqodd": {
        "full": 0.21488606119909687,
        "partial": 0.20812995174994253,
        "mip": 0.20440722551133206,
        "opt_shap": 0.21388024934129513,
        "opt_objBI": 0.20812995174994253
    }
}