{
    "error": {
        "full": 26.80000114440918,
        "partial": 26.899999618530273,
        "mip": 26.750001907348633,
        "opt_shap": 27.100000381469727,
        "opt_objBI": 26.94999885559082
    },
    "objBI": {
        "full": [
            0.011173033155500889,
            0.1862729787826538,
            0.014743398874998093
        ],
        "partial": [
            0.00530134467408061,
            0.1820705533027649,
            0.0028541716746985912
        ],
        "mip": [
            0.0058485036715865135,
            0.19468329846858978,
            0.0015209026169031858
        ],
        "opt_shap": [
            0.009472377598285675,
            0.19078156352043152,
            0.009407997131347656
        ],
        "opt_objBI": [
            0.008205805905163288,
            0.19363270699977875,
            0.0031871506944298744
        ]
    },
    "shap": {
        "full": [
            -8.492024790029973e-06,
            2.6815223463927396e-06,
            0.0
        ],
        "partial": [
            -9.457710916649376e-07,
            -3.0528306069754763e-06
        ],
        "mip": [
            6.345518158923369e-06,
            1.0321259651391301e-05
        ],
        "opt_shap": [
            3.4944373510370497e-06,
            -1.0557174618952558e-06
        ],
        "opt_objBI": [
            5.261026217340259e-06,
            -1.0808586921484675e-05
        ]
    },
    "di": {
        "full": 0.7835402764291469,
        "partial": 0.807977525298531,
        "mip": 0.7873755810375939,
        "opt_shap": 0.7996799383891751,
        "opt_objBI": 0.8110891203895394
    },
    "dd": {
        "full": -0.20954683818735276,
        "partial": -0.18550674202696815,
        "mip": -0.204560818243273,
        "opt_shap": -0.1935227740910963,
        "opt_objBI": -0.18250073000292
    },
    "eqopp": {
        "full": -0.12081827237178067,
        "partial": -0.10261245155481324,
        "mip": -0.11696223124067529,
        "opt_shap": -0.11276473581877267,
        "opt_objBI": -0.10092040417748671
    },
    "eqodd": {
        "full": 0.2103191923459465,
        "partial": 0.18424212433830517,
        "mip": 0.20292324443746645,
        "opt_shap": 0.19177526892728736,
        "opt_objBI": 0.18093909819263948
    }
}