{
    "error": {
        "full": 26.750001907348633,
        "partial": 27.350000381469727,
        "mip": 26.850000381469727,
        "opt_shap": 27.200000762939453,
        "opt_objBI": 26.899999618530273
    },
    "objBI": {
        "full": [
            0.01584998145699501,
            0.21624943614006042,
            0.024395626038312912
        ],
        "partial": [
            0.01170104555785656,
            0.21128690242767334,
            0.0007149971788749099
        ],
        "mip": [
            0.020242974162101746,
            0.21672853827476501,
            0.007820994593203068
        ],
        "opt_shap": [
            0.008663381449878216,
            0.2266974151134491,
            0.007207968737930059
        ],
        "opt_objBI": [
            0.016245968639850616,
            0.21369703114032745,
            0.0070954556576907635
        ]
    },
    "shap": {
        "full": [
            3.301812739664456e-06,
            4.868854375672527e-06,
            0.0
        ],
        "partial": [
            -3.167323666275479e-05,
            1.964807552212733e-06
        ],
        "mip": [
            -2.6776731829158962e-05,
            7.313919195439667e-05
        ],
        "opt_shap": [
            -1.11088011180982e-05,
            -2.7902126475964906e-06
        ],
        "opt_objBI": [
            2.1657497200067155e-05,
            -4.112958777113818e-06
        ]
    },
    "di": {
        "full": 0.7044691414410528,
        "partial": 0.748744917839306,
        "mip": 0.772371509440475,
        "opt_shap": 0.7416827031431494,
        "opt_objBI": 0.7734027130578854
    },
    "dd": {
        "full": -0.2800742236970776,
        "partial": -0.23206928613796318,
        "mip": -0.21143734269545844,
        "opt_shap": -0.23886243767934723,
        "opt_objBI": -0.21047948828932816
    },
    "eqopp": {
        "full": -0.16802084338512013,
        "partial": -0.12883656598797,
        "mip": -0.1050789668371449,
        "opt_shap": -0.13332046704622214,
        "opt_objBI": -0.1050789668371449
    },
    "eqodd": {
        "full": 0.29836067500825275,
        "partial": 0.24620321743308704,
        "mip": 0.22733806786251493,
        "opt_shap": 0.2534576992905339,
        "opt_objBI": 0.2260849350304347
    }
}