{
    "error": {
        "full": 30.000001907348633,
        "partial": 29.499998092651367,
        "mip": 30.000001907348633,
        "adv_deb": 26.499998092651367,
        "eo_cal": 31.0,
        "re_weigh": 30.000001907348633,
        "dp_exp": 29.499998092651367,
        "eo_exp": 27.5,
        "tpr_exp": 28.5,
        "er_exp": 31.5,
        "opt_shap": 30.000001907348633,
        "opt_objBI": 29.499998092651367
    },
    "objBI": {
        "full": [
            0.008586958982050419,
            0.09704151749610901,
            0.03600788488984108,
            0.023364251479506493,
            0.02185087464749813,
            0.04149973765015602,
            0.037555281072854996,
            0.03706038370728493,
            0.05540679767727852
        ],
        "partial": [
            0.014984884299337864,
            0.10117879509925842,
            0.023763664066791534,
            0.014614826068282127,
            0.01305355504155159,
            0.05366598069667816,
            0.03982297331094742,
            0.027570782229304314,
            0.008924306370317936
        ],
        "mip": [
            0.011035483330488205,
            0.09674766659736633,
            0.03261445462703705,
            0.022341379895806313,
            0.02127629518508911,
            0.04254107177257538,
            0.03434537723660469,
            0.033792465925216675,
            0.0073272231966257095
        ],
        "adv_deb": [
            0.015239373780786991,
            0.06773045659065247,
            0.03221864253282547,
            0.017933430150151253,
            0.015587713569402695,
            0.047219887375831604,
            0.03712933138012886,
            0.01870299130678177,
            0.036027632653713226
        ],
        "eo_cal": [
            0.00867143552750349,
            0.10124436020851135,
            0.04037826508283615,
            0.02724568359553814,
            0.02808891050517559,
            0.028015518561005592,
            0.03116057813167572,
            0.039502888917922974,
            0.06967401504516602
        ],
        "re_weigh": [
            0.005930162034928799,
            0.11374723166227341,
            0.03052714839577675,
            0.01945793256163597,
            0.020909927785396576,
            0.035962603986263275,
            0.03135182335972786,
            0.03401743620634079,
            0.018584158271551132
        ],
        "dp_exp": [
            0.004766290541738272,
            0.10689914971590042,
            0.018843216821551323,
            0.006681840401142836,
            0.007174074184149504,
            0.05091237649321556,
            0.0280442051589489,
            0.01217942126095295,
            0.0033047697506844997
        ],
        "eo_exp": [
            0.020364005118608475,
            0.09220857918262482,
            0.020705603063106537,
            0.022898240014910698,
            0.03692321851849556,
            0.05823613703250885,
            0.03424594923853874,
            0.017336387187242508,
            0.019813498482108116
        ],
        "tpr_exp": [
            0.017750579863786697,
            0.09719722718000412,
            0.022119957953691483,
            0.0156366266310215,
            0.016262821853160858,
            0.05049322545528412,
            0.03784213960170746,
            0.024091573432087898,
            0.01699015684425831
        ],
        "er_exp": [
            0.03731158748269081,
            0.14652320742607117,
            0.09925170242786407,
            0.06981045007705688,
            0.04765244573354721,
            0.09914486110210419,
            0.0350012369453907,
            0.14644396305084229,
            0.03628635033965111
        ],
        "opt_shap": [
            0.0028219593223184347,
            0.09557843208312988,
            0.03353958576917648,
            0.01893361285328865,
            0.018138695508241653,
            0.04814916476607323,
            0.029822995886206627,
            0.030711039900779724,
            0.0011500733671709895
        ],
        "opt_objBI": [
            0.009821780025959015,
            0.09037374705076218,
            0.02870490960776806,
            0.019052183255553246,
            0.01976359635591507,
            0.04595005139708519,
            0.028735719621181488,
            0.0353897325694561,
            0.005594010464847088
        ]
    },
    "shap": {
        "full": [
            0.004054396878927946,
            0.09826435148715973,
            0.03435103967785835,
            0.020237868651747704,
            0.021368375048041344,
            0.04157715290784836,
            0.033475421369075775,
            0.03257231414318085,
            0.056049272418022156
        ],
        "partial": [
            0.004073053598403931,
            0.09740866720676422,
            0.02376498281955719,
            0.011291124857962132,
            0.010264387354254723,
            0.052328139543533325,
            0.03527774661779404,
            0.022437095642089844
        ],
        "mip": [
            0.004070183727890253,
            0.09992683678865433,
            0.03447513282299042,
            0.020360196009278297,
            0.020593151450157166,
            0.04127197340130806,
            0.03228661045432091,
            0.03408311307430267
        ],
        "adv_deb": [
            0.005046352278441191,
            0.06769262999296188,
            0.029292702674865723,
            0.01955230161547661,
            0.017504693940281868,
            0.04249408841133118,
            0.03127722069621086,
            0.010973069816827774,
            0.03139171004295349
        ],
        "eo_cal": [
            0.006762779783457518,
            0.0944957286119461,
            0.04565027356147766,
            0.028558049350976944,
            0.02784915640950203,
            0.026789231225848198,
            0.029200902208685875,
            0.03459203243255615,
            0.06240082159638405
        ],
        "re_weigh": [
            0.003699858207255602,
            0.10665096342563629,
            0.028938770294189453,
            0.019498081877827644,
            0.019328610971570015,
            0.035730890929698944,
            0.034029170870780945,
            0.031070353463292122,
            0.01872987672686577
        ],
        "dp_exp": [
            0.0017444683471694589,
            0.12381047010421753,
            0.023909782990813255,
            0.015579191036522388,
            0.01271879393607378,
            0.04773367941379547,
            0.02935587614774704,
            0.016527466475963593,
            0.0
        ],
        "eo_exp": [
            0.0011450938181951642,
            0.1087673008441925,
            0.006810721941292286,
            0.014576009474694729,
            0.027540218085050583,
            0.05440665781497955,
            0.023447783663868904,
            0.004428091458976269,
            0.0
        ],
        "tpr_exp": [
            0.0018748290603980422,
            0.1238919049501419,
            0.026628248393535614,
            0.018262328580021858,
            0.01083547342568636,
            0.04514516517519951,
            0.029924310743808746,
            0.017674986273050308,
            0.0
        ],
        "er_exp": [
            0.004299771040678024,
            0.15115444362163544,
            0.09745363891124725,
            0.06030444800853729,
            0.021484531462192535,
            0.07626143842935562,
            0.03373144567012787,
            0.12857666611671448,
            0.0
        ],
        "opt_shap": [
            0.0037910914979875088,
            0.09737455099821091,
            0.03204391151666641,
            0.01847555860877037,
            0.01833178848028183,
            0.04558911174535751,
            0.03105532005429268,
            0.029331261292099953
        ],