{
    "error": {
        "full": 31.72774887084961,
        "partial": 29.528797149658203,
        "mip": 29.73822021484375,
        "adv_deb": 31.204187393188477,
        "eo_cal": 33.298431396484375,
        "re_weigh": 34.24083709716797,
        "dp_exp": 44.71204376220703,
        "eo_exp": 45.34031295776367,
        "tpr_exp": 40.41884994506836,
        "er_exp": 29.319372177124023,
        "opt_shap": 29.94764518737793,
        "opt_objBI": 29.73822021484375
    },
    "objBI": {
        "full": [
            0.016606368124485016,
            0.10101828724145889,
            0.011942276731133461,
            0.016632741317152977,
            0.027949748560786247,
            0.14120669662952423,
            0.025092368945479393,
            0.06795649230480194
        ],
        "partial": [
            0.016361288726329803,
            0.11705684661865234,
            0.0058951363898813725,
            0.017749764025211334,
            0.030323004350066185,
            0.1494479775428772,
            0.02659081481397152,
            0.00300167896784842
        ],
        "mip": [
            0.02048579603433609,
            0.10484394431114197,
            0.01784558594226837,
            0.018051665276288986,
            0.030863070860505104,
            0.13919773697853088,
            0.023582495748996735,
            0.013080163858830929
        ],
        "adv_deb": [
            0.01678508333861828,
            0.1283591240644455,
            0.011507824994623661,
            0.013235842809081078,
            0.026719946414232254,
            0.1597234606742859,
            0.01723049208521843,
            0.05115639790892601
        ],
        "eo_cal": [
            0.019293777644634247,
            0.06247067451477051,
            0.01957702450454235,
            0.020806780084967613,
            0.024072034284472466,
            0.07402948290109634,
            0.019446231424808502,
            0.09391262382268906
        ],
        "re_weigh": [
            0.03300965204834938,
            0.10583966970443726,
            0.03200564906001091,
            0.03802625834941864,
            0.04630310460925102,
            0.15837177634239197,
            0.03479795530438423,
            0.06875858455896378
        ],
        "dp_exp": [
            0.07409852743148804,
            0.195127472281456,
            0.025732150301337242,
            0.05570085346698761,
            0.1231856569647789,
            0.2955990731716156,
            0.06164131313562393,
            0.0048017362132668495
        ],
        "eo_exp": [
            0.03400628641247749,
            0.055206943303346634,
            0.033712442964315414,
            0.05662035569548607,
            0.09696946293115616,
            0.17137594521045685,
            0.0655624270439148,
            0.031790412962436676
        ],
        "tpr_exp": [
            0.036058880388736725,
            0.07425513863563538,
            0.015627356246113777,
            0.011025257408618927,
            0.10149957984685898,
            0.24490675330162048,
            0.026386821642518044,
            0.0002829790173564106
        ],
        "er_exp": [
            0.0513504222035408,
            0.2129039615392685,
            0.027162758633494377,
            0.034541770815849304,
            0.047550495713949203,
            0.303381085395813,
            0.039667680859565735,
            0.014783964492380619
        ],
        "opt_shap": [
            0.012973235920071602,
            0.10185667127370834,
            0.006433811970055103,
            0.018000992015004158,
            0.03513772040605545,
            0.13562005758285522,
            0.018883686512708664,
            0.001065540942363441
        ],
        "opt_objBI": [
            0.015281349420547485,
            0.10518646240234375,
            0.012361078523099422,
            0.02546539343893528,
            0.026370549574494362,
            0.14483413100242615,
            0.024916723370552063,
            0.007036850322037935
        ]
    },
    "shap": {
        "full": [
            0.012152177281677723,
            0.10276184231042862,
            0.0037529096007347107,
            0.010379570536315441,
            0.022036651149392128,
            0.13663823902606964,
            0.02096463181078434,
            0.05709785968065262
        ],
        "partial": [
            0.014924430288374424,
            0.11745075136423111,
            0.004388509783893824,
            0.011008433997631073,
            0.02125796489417553,
            0.14852645993232727,
            0.02325843647122383
        ],
        "mip": [
            0.014412443153560162,
            0.10714486241340637,
            0.004299675580114126,
            0.005719405133277178,
            0.020888661965727806,
            0.13821037113666534,
            0.015058889053761959
        ],
        "adv_deb": [
            0.014667883515357971,
            0.1181761771440506,
            0.00555044412612915,
            0.008455785922706127,
            0.018750077113509178,
            0.15622028708457947,
            0.018958216533064842,
            0.053541149944067
        ],
        "eo_cal": [
            0.008502475917339325,
            0.05885353311896324,
            0.003908793907612562,
            0.004658180754631758,
            0.009555032476782799,
            0.07828794419765472,
            0.006686522625386715,
            0.09710432589054108
        ],
        "re_weigh": [
            0.014396324753761292,
            0.10803882777690887,
            0.004409600514918566,
            0.005669785663485527,
            0.023755259811878204,
            0.13933072984218597,
            0.014751008711755276,
            0.051737137138843536
        ],
        "dp_exp": [
            0.06453311443328857,
            0.1916854828596115,
            0.014627004973590374,
            0.0279544685035944,
            0.12673531472682953,
            0.31415998935699463,
            0.05171896144747734,
            0.0
        ],
        "eo_exp": [
            0.012521970085799694,
            0.11451099812984467,
            0.010918406769633293,
            0.02678539790213108,
            0.08151113986968994,
            0.20881377160549164,
            0.04321791231632233,
            0.0
        ],
        "tpr_exp": [
            0.046541132032871246,
            0.1487598866224289,
            0.009269323199987411,
            0.005505609791725874,
            0.1135992631316185,
            0.27568838000297546,
            0.026059461757540703,
            0.0
        ],
        "er_exp": [
            0.042880937457084656,
            0.22727137804031372,
            0.011033902876079082,
            0.017259469255805016,
            0.03485530614852905,
            0.32967856526374817,
            0.03500980883836746,
            0.0
        ],
        "opt_shap": [
            0.01258719339966774,
            0.1038927435874939,
            0.006641625426709652,
            0.01395984273403883,
            0.027981650084257126,
            0.1366739571094513,
            0.022023236379027367
        ],
        "opt_objBI": [
            0.012825431302189827,
            0.1050238236784935,
            0.004949087277054787,
            0.01025217305868864,
            0.021894440054893494,
            0.13926894962787628,
            0.021227652207016945
        ]
    },
    "di": {
        "full": 0.3217758472427403,
        "partial": 0.5663434903047092,
        "mip": 0.5411184210526315,
        "adv_deb": 0.3560934544951336,
        "eo_cal": 0.2387218045112782,
        "re_weigh": 1.0143261190359076,
        "dp_exp": 1.0159774436090228,
        "eo_exp": 0.8953661327231122,
        "tpr_exp": 0.8538954389865715,
        "er_exp": 0.5679377013963479,
        "opt_shap": 0.5531219352729649,
        "opt_objBI": 0.5378704113224236
    },
    "dd": {
        "full": -0.5467480758634174,