{
    "error": {
        "full": 32.984291076660156,
        "partial": 33.08900451660156,
        "mip": 33.61256408691406,
        "adv_deb": 32.984291076660156,
        "eo_cal": 36.54450225830078,
        "re_weigh": 35.392669677734375,
        "dp_exp": 42.198951721191406,
        "eo_exp": 44.92146682739258,
        "tpr_exp": 42.09423828125,
        "er_exp": 33.71727752685547,
        "opt_shap": 33.71727752685547,
        "opt_objBI": 33.82198715209961
    },
    "objBI": {
        "full": [
            0.022763604298233986,
            0.11997386068105698,
            0.011000402271747589,
            0.010687214322388172,
            0.01309520099312067,
            0.1472698450088501,
            0.02033422887325287,
            0.05872959643602371
        ],
        "partial": [
            0.020328572019934654,
            0.14019463956356049,
            0.002926123794168234,
            0.001779205515049398,
            0.003856465918943286,
            0.15502209961414337,
            0.014371723867952824,
            0.0016279314877465367
        ],
        "mip": [
            0.02094804309308529,
            0.12073110789060593,
            0.00674459058791399,
            0.005693984683603048,
            0.008346469141542912,
            0.16737674176692963,
            0.015871020033955574,
            0.0043206592090427876
        ],
        "adv_deb": [
            0.026946844533085823,
            0.11803127080202103,
            0.023046918213367462,
            0.015521829947829247,
            0.018433203920722008,
            0.17050646245479584,
            0.021195080131292343,
            0.04609432816505432
        ],
        "eo_cal": [
            0.012596401385962963,
            0.05317975580692291,
            0.0022118284832686186,
            0.003275515977293253,
            0.0044381082989275455,
            0.07286336272954941,
            0.008303224109113216,
            0.08720499277114868
        ],
        "re_weigh": [
            0.0250370055437088,
            0.12196521461009979,
            0.006789673585444689,
            0.005432787351310253,
            0.012626337818801403,
            0.16521984338760376,
            0.017253052443265915,
            0.05582605302333832
        ],
        "dp_exp": [
            0.1200043112039566,
            0.18329375982284546,
            0.006789795588701963,
            0.0006195845198817551,
            0.07677659392356873,
            0.3309918940067291,
            0.004515781532973051,
            0.00030164956115186214
        ],
        "eo_exp": [
            0.09042228013277054,
            0.04290362820029259,
            0.044339314103126526,
            0.04986582696437836,
            0.05360036343336105,
            0.20679326355457306,
            0.045638684183359146,
            0.021963536739349365
        ],
        "tpr_exp": [
            0.02434713765978813,
            0.06592229753732681,
            0.014347236603498459,
            0.007094463333487511,
            0.10406231880187988,
            0.3333989381790161,
            0.04717337712645531,
            0.009282938204705715
        ],
        "er_exp": [
            0.07745636254549026,
            0.23777176439762115,
            0.013311331160366535,
            0.006386873312294483,
            0.011435933411121368,
            0.35603541135787964,
            0.04654454067349434,
            0.002946623368188739
        ],
        "opt_shap": [
            0.023748714476823807,
            0.14121472835540771,
            0.00690361438319087,
            0.006321837194263935,
            0.008713056333363056,
            0.16975177824497223,
            0.015417035669088364,
            0.006318072788417339
        ],
        "opt_objBI": [
            0.024518107995390892,
            0.1176382452249527,
            0.01858082413673401,
            0.017478097230196,
            0.018962007015943527,
            0.1600634902715683,
            0.022093119099736214,
            0.017494335770606995
        ]
    },
    "shap": {
        "full": [
            0.016619661822915077,
            0.12474425882101059,
            0.0015037796692922711,
            1.1899417586391792e-05,
            0.004138101823627949,
            0.1527062952518463,
            0.012727683410048485,
            0.049818165600299835
        ],
        "partial": [
            0.019933531060814857,
            0.13836407661437988,
            0.0018122064648196101,
            0.00028581469086930156,
            0.0027582617476582527,
            0.16483058035373688,
            0.012487922795116901
        ],
        "mip": [
            0.020286474376916885,
            0.11950426548719406,
            0.002565199974924326,
            0.001618259004317224,
            0.005369081627577543,
            0.15637700259685516,
            0.013740688562393188
        ],
        "adv_deb": [
            0.02164154313504696,
            0.12036778032779694,
            0.006901210639625788,
            0.005390565376728773,
            0.008167996071279049,
            0.16172412037849426,
            0.016077330335974693,
            0.03858000040054321
        ],
        "eo_cal": [
            0.011743548326194286,
            0.05875973030924797,
            0.0024258513003587723,
            0.0013838986633345485,
            0.0026106953155249357,
            0.08705656975507736,
            0.008035107515752316,
            0.09749965369701385
        ],
        "re_weigh": [
            0.021142177283763885,
            0.11997628957033157,
            0.002222037874162197,
            0.0015775442589074373,
            0.006747091189026833,
            0.15697644650936127,
            0.01470422837883234,
            0.05001067370176315
        ],
        "dp_exp": [
            0.12525634467601776,
            0.17102724313735962,
            0.003929947502911091,
            0.0005068183527328074,
            0.07738741487264633,
            0.35233354568481445,
            0.006169077940285206,
            0.0
        ],
        "eo_exp": [
            0.08291003108024597,
            0.12159906327724457,
            0.026746856048703194,
            0.042449552565813065,
            0.04312187433242798,
            0.22011199593544006,
            0.05456792935729027,
            0.0
        ],
        "tpr_exp": [
            0.061432596296072006,
            0.1668381243944168,
            0.004229871090501547,
            0.0035215746611356735,
            0.07002170383930206,
            0.30936378240585327,
            0.036635760217905045,
            0.0
        ],
        "er_exp": [
            0.06478853523731232,
            0.26249685883522034,
            0.008178032003343105,
            0.0031702325213700533,
            0.009367291815578938,
            0.3595917224884033,
            0.042236972600221634,
            0.0
        ],
        "opt_shap": [
            0.017565881833434105,
            0.12712545692920685,
            0.0014345083618536592,
            7.487125549232587e-05,
            0.0032533500343561172,
            0.15834355354309082,
            0.013317658565938473
        ],
        "opt_objBI": [
            0.014724262058734894,
            0.12609553337097168,
            0.0016117937630042434,
            0.00044376461300998926,
            0.004509017337113619,
            0.15534894168376923,
            0.011285724118351936
        ]
    },
    "di": {
        "full": 0.28793156018388216,
        "partial": 0.5936973905723906,
        "mip": 0.6119152552137342,
        "adv_deb": 0.42335265405735206,
        "eo_cal": 0.26325757575757575,
        "re_weigh": 1.0929624212421243,
        "dp_exp": 1.0088479491888582,
        "eo_exp": 1.0123446697187706,
        "tpr_exp": 0.8529385653409091,
        "er_exp": 0.6236195582586428,
        "opt_shap": 0.5621535476718403,
        "opt_objBI": 0.5624376480857962
    },