{
    "error": {
        "full": 18.5,
        "partial": 19.649999618530273,
        "mip": 20.25,
        "adv_deb": 18.149999618530273,
        "eo_cal": 18.350000381469727,
        "re_weigh": 20.649999618530273,
        "eo_exp": 20.80000114440918,
        "tpr_exp": 19.350000381469727,
        "er_exp": 30.350000381469727
    },
    "ii_error": {
        "gii1": {
            "full": 0.0,
            "partial": 0.0018672160804271698,
            "mip": 0.005730616860091686,
            "adv_deb": 0.008579036220908165,
            "eo_cal": 0.0009447820484638214,
            "re_weigh": 0.016039405018091202,
            "eo_exp": 0.11570088565349579,
            "tpr_exp": 0.10879300534725189,
            "er_exp": 0.2666943371295929
        },
        "shap": {
            "full": 0.0,
            "partial": 0.013734638690948486,
            "mip": 0.017367396503686905,
            "adv_deb": 0.013606704771518707,
            "eo_cal": 0.034328218549489975,
            "re_weigh": 0.03572270646691322,
            "eo_exp": 0.03661927953362465,
            "tpr_exp": 0.03180493041872978,
            "er_exp": 0.19688217341899872
        }
    },
    "gii1": {
        "full": [
            0.01994149759411812,
            0.0263369120657444
        ],
        "partial": [
            0.022928189486265182,
            0.027084652334451675
        ],
        "mip": [
            0.0245519932359457,
            0.03318765014410019
        ],
        "adv_deb": [
            0.027908947318792343,
            0.035527534782886505
        ],
        "eo_cal": [
            0.018817733973264694,
            0.02557111158967018
        ],
        "re_weigh": [
            0.032635413110256195,
            0.04572180658578873
        ],
        "eo_exp": [
            0.12308715283870697,
            0.15459302067756653
        ],
        "tpr_exp": [
            0.1458650380373001,
            0.1179993748664856
        ],
        "er_exp": [
            0.22519619762897491,
            0.3544708788394928
        ]
    },
    "shap": {
        "full": [
            0.09529794007539749,
            0.11607509851455688
        ],
        "partial": [
            0.11093427985906601,
            0.12790803611278534
        ],
        "mip": [
            0.10891714692115784,
            0.13719068467617035
        ],
        "adv_deb": [
            0.10836666077375412,
            0.13021978735923767
        ],
        "eo_cal": [
            0.06409475207328796,
            0.07862184941768646
        ],
        "re_weigh": [
            0.1246800571680069,
            0.15813839435577393
        ],
        "eo_exp": [
            0.1258925497531891,
            0.1587190479040146
        ],
        "tpr_exp": [
            0.15142717957496643,
            0.12355571985244751
        ],
        "er_exp": [
            0.23566095530986786,
            0.36947643756866455
        ]
    },
    "di": {
        "full": 0.6123572593800979,
        "partial": 0.8957063008130082,
        "mip": 0.9195946905167519,
        "adv_deb": 0.5714015151515152,
        "eo_cal": 0.6106770833333334,
        "re_weigh": 0.9266927083333333,
        "eo_exp": 0.9150326797385622,
        "tpr_exp": 0.8866971810520198,
        "er_exp": 0.8040160642570281
    },
    "dd": {
        "full": -0.3857548701298701,
        "partial": -0.09718276515151514,
        "mip": -0.07661999458874458,
        "adv_deb": -0.42094494047619047,
        "eo_cal": -0.38932291666666663,
        "re_weigh": -0.06664299242424243,
        "eo_exp": -0.08242018398268403,
        "tpr_exp": -0.11346726190476197,
        "er_exp": -0.13901853354978355
    },
    "eqopp": {
        "full": -0.22912532145569176,
        "partial": -0.008308393263947833,
        "mip": -0.009697379644223791,
        "adv_deb": -0.2634883765450612,
        "eo_cal": -0.22716627634660425,
        "re_weigh": 0.017265547394640146,
        "eo_exp": 0.005173070255484191,
        "tpr_exp": -0.019635119871864393,
        "er_exp": -0.012086095884728976
    },
    "eqodd": {
        "full": 0.39783368667309,
        "partial": 0.010724454741261824,
        "mip": 0.00764692581414253,
        "adv_deb": 0.40617278848295796,
        "eo_cal": 0.4097708214577596,
        "re_weigh": 0.027011587692977207,
        "eo_exp": 0.009124371990477415,
        "tpr_exp": 0.01921819536913716,
        "er_exp": 0.014394900809274414
    }
}