{
    "error": {
        "full": 26.850000381469727,
        "partial": 27.100000381469727,
        "mip": 27.05000114440918,
        "adv_deb": 27.200000762939453,
        "eo_cal": 28.099998474121094,
        "re_weigh": 28.549999237060547,
        "dp_exp": 30.75,
        "eo_exp": 30.5,
        "tpr_exp": 29.899999618530273,
        "er_exp": 36.29999923706055,
        "opt_shap": 27.399999618530273,
        "opt_objBI": 27.399999618530273
    },
    "objBI": {
        "full": [
            0.024694401770830154,
            0.1619255244731903,
            0.028716154396533966
        ],
        "partial": [
            0.006098859943449497,
            0.19574402272701263,
            0.005482636392116547
        ],
        "mip": [
            0.006490749306976795,
            0.18568545579910278,
            0.0038067777641117573
        ],
        "adv_deb": [
            0.01612008921802044,
            0.1954633891582489,
            0.014319169335067272
        ],
        "eo_cal": [
            0.006588751915842295,
            0.0946207121014595,
            0.04705338925123215
        ],
        "re_weigh": [
            0.004445790313184261,
            0.1907832771539688,
            0.07291838526725769
        ],
        "dp_exp": [
            0.08118286728858948,
            0.06801194697618484,
            0.0073706964030861855
        ],
        "eo_exp": [
            0.11134655773639679,
            0.08493737876415253,
            0.0013220540713518858
        ],
        "tpr_exp": [
            0.09191092848777771,
            0.09386461973190308,
            0.01800062321126461
        ],
        "er_exp": [
            0.19784262776374817,
            0.14903032779693604,
            0.0020000003278255463
        ],
        "opt_shap": [
            0.011685097590088844,
            0.18349558115005493,
            0.00879852194339037
        ],
        "opt_objBI": [
            0.012230340391397476,
            0.18638354539871216,
            0.01078509446233511
        ]
    },
    "shap": {
        "full": [
            0.02456621453166008,
            0.16042286157608032,
            0.0
        ],
        "partial": [
            0.004088740795850754,
            0.19226141273975372
        ],
        "mip": [
            0.0055548809468746185,
            0.19206492602825165
        ],
        "adv_deb": [
            0.013612174428999424,
            0.20274844765663147
        ],
        "eo_cal": [
            0.000730338622815907,
            0.09916041791439056
        ],
        "re_weigh": [
            0.004313284065574408,
            0.19616757333278656
        ],
        "dp_exp": [
            0.10574892163276672,
            0.07838677614927292
        ],
        "eo_exp": [
            0.12686534225940704,
            0.09682723879814148
        ],
        "tpr_exp": [
            0.09961503744125366,
            0.10821288824081421
        ],
        "er_exp": [
            0.20807665586471558,
            0.1600618213415146
        ],
        "opt_shap": [
            0.008372566662728786,
            0.18764734268188477
        ],
        "opt_objBI": [
            0.008355863392353058,
            0.18781442940235138
        ]
    },
    "di": {
        "full": 0.7351395600623202,
        "partial": 0.7984969966394115,
        "mip": 0.8014939605848698,
        "adv_deb": 0.8045074224021592,
        "eo_cal": 0.7487179487179487,
        "re_weigh": 0.993939393939394,
        "dp_exp": 0.9909534319736232,
        "eo_exp": 0.9853638253638254,
        "tpr_exp": 0.9674923022425679,
        "er_exp": 0.9671794871794872,
        "opt_shap": 0.8115159694107063,
        "opt_objBI": 0.8115159694107063
    },
    "dd": {
        "full": -0.2509068167604752,
        "partial": -0.19049405878674164,
        "mip": -0.18746716697936205,
        "adv_deb": -0.18118824265165734,
        "eo_cal": -0.2512820512820513,
        "re_weigh": -0.005203252032520256,
        "dp_exp": -0.012057535959975052,
        "eo_exp": -0.008130081300813052,
        "tpr_exp": -0.03692307692307695,
        "er_exp": -0.025115697310819196,
        "opt_shap": -0.1781863664790494,
        "opt_objBI": -0.1781863664790494
    },
    "eqopp": {
        "full": -0.15948531823056533,
        "partial": -0.11276334565307955,
        "mip": -0.11101509390482778,
        "adv_deb": -0.10883033316493396,
        "eo_cal": -0.14685314685314688,
        "re_weigh": 0.02482118641814457,
        "dp_exp": 0.00585409520770741,
        "eo_exp": 0.005504001701720385,
        "tpr_exp": -0.009224299148253512,
        "er_exp": 0.04570492878477672,
        "opt_shap": -0.10751859040832434,
        "opt_objBI": -0.10751859040832434
    },
    "eqodd": {
        "full": 0.2425628214570415,
        "partial": 0.17862165263896357,
        "mip": 0.17438818790795918,
        "adv_deb": 0.1625501289410488,
        "eo_cal": 0.27317843446875706,
        "re_weigh": 0.03679865730462681,
        "dp_exp": 0.018653602926679072,
        "eo_exp": 0.01883897565844736,
        "tpr_exp": 0.019148702322671754,
        "er_exp": 0.02341418443269272,
        "opt_shap": 0.16483302191484894,
        "opt_objBI": 0.16483302191484894
    }
}