{
    "error": {
        "full": 28.650001525878906,
        "partial": 28.5,
        "mip": 28.549999237060547,
        "adv_deb": 28.400001525878906,
        "eo_cal": 28.850000381469727,
        "re_weigh": 29.249998092651367,
        "dp_exp": 30.000001907348633,
        "eo_exp": 30.649999618530273,
        "tpr_exp": 30.350000381469727,
        "er_exp": 41.0,
        "opt_shap": 28.549999237060547,
        "opt_objBI": 28.400001525878906
    },
    "objBI": {
        "full": [
            0.006798778660595417,
            0.20192313194274902,
            0.007563041988760233
        ],
        "partial": [
            0.0076471311040222645,
            0.1944027692079544,
            0.006184108555316925
        ],
        "mip": [
            0.006506773643195629,
            0.1915591061115265,
            0.0004756850830744952
        ],
        "adv_deb": [
            0.013040469028055668,
            0.19605277478694916,
            0.011130191385746002
        ],
        "eo_cal": [
            0.007325716782361269,
            0.09804224222898483,
            0.032665811479091644
        ],
        "re_weigh": [
            0.00803960021585226,
            0.2018003910779953,
            0.07217178493738174
        ],
        "dp_exp": [
            0.033328041434288025,
            0.04194784536957741,
            0.005173728335648775
        ],
        "eo_exp": [
            0.06860682368278503,
            0.052311234176158905,
            0.007139250636100769
        ],
        "tpr_exp": [
            0.0569818876683712,
            0.12918217480182648,
            0.004878758918493986
        ],
        "er_exp": [
            0.16606836020946503,
            0.1745198369026184,
            0.012779716402292252
        ],
        "opt_shap": [
            0.005959452595561743,
            0.18992993235588074,
            0.0001553516194690019
        ],
        "opt_objBI": [
            0.0068291667848825455,
            0.19903047382831573,
            0.004948231391608715
        ]
    },
    "shap": {
        "full": [
            0.005692439153790474,
            0.19631662964820862,
            0.0
        ],
        "partial": [
            0.005632967222481966,
            0.19860805571079254
        ],
        "mip": [
            0.006946668494492769,
            0.2011292725801468
        ],
        "adv_deb": [
            0.012090213596820831,
            0.1981854885816574
        ],
        "eo_cal": [
            0.004514104221016169,
            0.10595209896564484
        ],
        "re_weigh": [
            0.00731054600328207,
            0.20414641499519348
        ],
        "dp_exp": [
            0.031904906034469604,
            0.04325857385993004
        ],
        "eo_exp": [
            0.0729331374168396,
            0.05968424305319786
        ],
        "tpr_exp": [
            0.06177234649658203,
            0.12931352853775024
        ],
        "er_exp": [
            0.1722092628479004,
            0.1657150238752365
        ],
        "opt_shap": [
            0.005813723895698786,
            0.19532668590545654
        ],
        "opt_objBI": [
            0.005770336836576462,
            0.19499509036540985
        ]
    },
    "di": {
        "full": 0.7844007270394525,
        "partial": 0.7723292193183491,
        "mip": 0.7707720994911665,
        "adv_deb": 0.7546711887611433,
        "eo_cal": 0.7507537688442211,
        "re_weigh": 0.9705315993083947,
        "dp_exp": 0.9683462630372406,
        "eo_exp": 0.981819033053466,
        "tpr_exp": 0.95483850118761,
        "er_exp": 0.9713738057000761,
        "opt_shap": 0.7802058308242674,
        "opt_objBI": 0.7725776216505726
    },
    "dd": {
        "full": -0.2016550413760344,
        "partial": -0.2165704142603565,
        "mip": -0.21759543988599717,
        "adv_deb": -0.23654091352283801,
        "eo_cal": -0.24924623115577893,
        "re_weigh": -0.0254806370159254,
        "dp_exp": -0.027265681642041018,
        "eo_exp": -0.01252031300782519,
        "tpr_exp": -0.07288182204555105,
        "er_exp": -0.07126178154453866,
        "opt_shap": -0.20951523788094706,
        "opt_objBI": -0.2165604140103502
    },
    "eqopp": {
        "full": -0.1280067155067156,
        "partial": -0.14076181754753192,
        "mip": -0.13992019884877027,
        "adv_deb": -0.16078841793127507,
        "eo_cal": -0.16581196581196578,
        "re_weigh": 0.013178091749520338,
        "dp_exp": -0.0060221524507237945,
        "eo_exp": -0.006126809698238311,
        "tpr_exp": -0.02034057212628637,
        "er_exp": 0.02455738705738697,
        "opt_shap": -0.13818463282748994,
        "opt_objBI": -0.14032792604221167
    },
    "eqodd": {
        "full": 0.19613005458593702,
        "partial": 0.21486275404470737,
        "mip": 0.21688096908557045,
        "adv_deb": 0.23636485238247895,
        "eo_cal": 0.2670523243693975,
        "re_weigh": 0.006969798551065193,
        "dp_exp": 0.03378837932921759,
        "eo_exp": 0.008906006117268668,
        "tpr_exp": 0.06319689382945173,
        "er_exp": 0.054609010583595546,
        "opt_shap": 0.20625708851395466,
        "opt_objBI": 0.21464580829204724
    }
}