{
    "error": {
        "full": 26.850000381469727,
        "partial": 26.850000381469727,
        "mip": 26.69999885559082,
        "adv_deb": 26.399999618530273,
        "eo_cal": 27.149999618530273,
        "re_weigh": 26.80000114440918,
        "dp_exp": 28.60000228881836,
        "eo_exp": 34.349998474121094,
        "tpr_exp": 28.349998474121094,
        "er_exp": 35.70000076293945,
        "opt_shap": 26.55000114440918,
        "opt_objBI": 26.600000381469727
    },
    "objBI": {
        "full": [
            0.005924643017351627,
            0.18681882321834564,
            0.014546455815434456
        ],
        "partial": [
            0.006411989219486713,
            0.19015973806381226,
            0.005539256613701582
        ],
        "mip": [
            0.005258214194327593,
            0.20284073054790497,
            0.005272216163575649
        ],
        "adv_deb": [
            0.009154214523732662,
            0.21919097006320953,
            0.019225331023335457
        ],
        "eo_cal": [
            0.0088040791451931,
            0.1063043400645256,
            0.0441737174987793
        ],
        "re_weigh": [
            0.015624617226421833,
            0.19786149263381958,
            0.07798466086387634
        ],
        "dp_exp": [
            0.12201197445392609,
            0.16918633878231049,
            0.0007276349933817983
        ],
        "eo_exp": [
            0.10953973233699799,
            0.15689820051193237,
            0.014018417336046696
        ],
        "tpr_exp": [
            0.11583616584539413,
            0.21749144792556763,
            0.005148393101990223
        ],
        "er_exp": [
            0.1482265442609787,
            0.23587864637374878,
            0.021481305360794067
        ],
        "opt_shap": [
            0.0045876093208789825,
            0.19453217089176178,
            0.002243274822831154
        ],
        "opt_objBI": [
            0.005873542744666338,
            0.19478683173656464,
            0.005410572048276663
        ]
    },
    "shap": {
        "full": [
            0.004039003513753414,
            0.18290427327156067,
            0.0
        ],
        "partial": [
            0.004830618854612112,
            0.19921422004699707
        ],
        "mip": [
            0.000700771517585963,
            0.20249181985855103
        ],
        "adv_deb": [
            0.012688898481428623,
            0.21286147832870483
        ],
        "eo_cal": [
            0.0006601869827136397,
            0.10956180095672607
        ],
        "re_weigh": [
            0.0005882352706976235,
            0.2043060064315796
        ],
        "dp_exp": [
            0.10996540635824203,
            0.15930470824241638
        ],
        "eo_exp": [
            0.11620756983757019,
            0.16801679134368896
        ],
        "tpr_exp": [
            0.11397845298051834,
            0.19322949647903442
        ],
        "er_exp": [
            0.17088574171066284,
            0.25258004665374756
        ],
        "opt_shap": [
            0.004418930038809776,
            0.19288457930088043
        ],
        "opt_objBI": [
            0.003721737302839756,
            0.19319607317447662
        ]
    },
    "di": {
        "full": 0.717476880486285,
        "partial": 0.7637341605762659,
        "mip": 0.7642926693559604,
        "adv_deb": 0.7890186736340582,
        "eo_cal": 0.7332667332667333,
        "re_weigh": 0.9567527765001932,
        "dp_exp": 0.9726559155130584,
        "eo_exp": 1.0161947427572426,
        "tpr_exp": 0.9452489258314501,
        "er_exp": 0.8946178131261004,
        "opt_shap": 0.7719410026299379,
        "opt_objBI": 0.7729827583689797
    },
    "dd": {
        "full": -0.27064527064527055,
        "partial": -0.22467722467722462,
        "mip": -0.22367422367422374,
        "adv_deb": -0.1976761976761977,
        "eo_cal": -0.2667332667332667,
        "re_weigh": -0.037706037706037754,
        "dp_exp": -0.024865024865024843,
        "eo_exp": -0.01151601151601156,
        "tpr_exp": -0.04580604580604586,
        "er_exp": -0.059388059388059355,
        "opt_shap": -0.2186992186992187,
        "opt_objBI": -0.21770021770021775
    },
    "eqopp": {
        "full": -0.17756774186727564,
        "partial": -0.13399304344148777,
        "mip": -0.13106663706429,
        "adv_deb": -0.11578335289204644,
        "eo_cal": -0.15772357723577235,
        "re_weigh": -0.004252169959931051,
        "dp_exp": 0.004867476503113588,
        "eo_exp": 0.022366710013003943,
        "tpr_exp": 0.010062693604829476,
        "er_exp": 0.03600706228128603,
        "opt_shap": -0.13171366043959531,
        "opt_objBI": -0.13171366043959531
    },
    "eqodd": {
        "full": 0.2796714582280735,
        "partial": 0.23368947058310027,
        "mip": 0.23264302792615266,
        "adv_deb": 0.19636881093577319,
        "eo_cal": 0.29906904250389654,
        "re_weigh": 0.002745593878366065,
        "dp_exp": 0.02252524892169857,
        "eo_exp": 0.0312232002503679,
        "tpr_exp": 0.04224855841853577,
        "er_exp": 0.06011189172974321,
        "opt_shap": 0.22565633461267892,
        "opt_objBI": 0.22436099782511415
    }
}