{
    "error": {
        "full": 26.100000381469727,
        "partial": 26.69999885559082,
        "mip": 26.149999618530273,
        "adv_deb": 26.399999618530273,
        "eo_cal": 26.649999618530273,
        "re_weigh": 26.55000114440918,
        "dp_exp": 28.200000762939453,
        "eo_exp": 27.950000762939453,
        "tpr_exp": 27.599998474121094,
        "er_exp": 36.0,
        "opt_shap": 26.80000114440918,
        "opt_objBI": 26.80000114440918
    },
    "objBI": {
        "full": [
            0.015474305488169193,
            0.18107718229293823,
            0.015531610697507858
        ],
        "partial": [
            0.10423003882169724,
            0.07732430845499039,
            0.0063717784360051155
        ],
        "mip": [
            0.0028791907243430614,
            0.18974050879478455,
            0.0025692752096801996
        ],
        "adv_deb": [
            0.005425728857517242,
            0.19920288026332855,
            0.012775586917996407
        ],
        "eo_cal": [
            0.001383771887049079,
            0.09918530285358429,
            0.04442288726568222
        ],
        "re_weigh": [
            0.0122480858117342,
            0.1957651823759079,
            0.08096806704998016
        ],
        "dp_exp": [
            0.14412640035152435,
            0.23986037075519562,
            0.011817886494100094
        ],
        "eo_exp": [
            0.15005190670490265,
            0.2977943420410156,
            0.00012864709424320608
        ],
        "tpr_exp": [
            0.14466935396194458,
            0.253928542137146,
            0.00526025053113699
        ],
        "er_exp": [
            0.2273891717195511,
            0.323655366897583,
            0.02620593085885048
        ],
        "opt_shap": [
            0.09415779262781143,
            0.07879665493965149,
            0.0071321637369692326
        ],
        "opt_objBI": [
            0.099595807492733,
            0.08343201130628586,
            0.009535327553749084
        ]
    },
    "shap": {
        "full": [
            0.005131985526531935,
            0.1861066222190857,
            0.0
        ],
        "partial": [
            0.10012415796518326,
            0.07672338932752609
        ],
        "mip": [
            0.0015916071133688092,
            0.1952253133058548
        ],
        "adv_deb": [
            0.010294410400092602,
            0.20008575916290283
        ],
        "eo_cal": [
            0.0012788884341716766,
            0.108566515147686
        ],
        "re_weigh": [
            0.0011952159693464637,
            0.1991397887468338
        ],
        "dp_exp": [
            0.13999734818935394,
            0.22507593035697937
        ],
        "eo_exp": [
            0.14507654309272766,
            0.2542242109775543
        ],
        "tpr_exp": [
            0.1337146759033203,
            0.23066046833992004
        ],
        "er_exp": [
            0.26734477281570435,
            0.3618130385875702
        ],
        "opt_shap": [
            0.09557885676622391,
            0.08099035918712616
        ],
        "opt_objBI": [
            0.09500686824321747,
            0.08057320863008499
        ]
    },
    "di": {
        "full": 0.7721512117018101,
        "partial": 0.7839033397559408,
        "mip": 0.7745035757640562,
        "adv_deb": 0.837228031434695,
        "eo_cal": 0.7427745664739884,
        "re_weigh": 0.964943896633798,
        "dp_exp": 0.981541984306498,
        "eo_exp": 0.9656168649092143,
        "tpr_exp": 0.9567451341766496,
        "er_exp": 1.033877114108328,
        "opt_shap": 0.7896957289659601,
        "opt_objBI": 0.7896957289659601
    },
    "dd": {
        "full": -0.2186116752590741,
        "partial": -0.21564739483814632,
        "mip": -0.2154170622378715,
        "adv_deb": -0.1505894511674859,
        "eo_cal": -0.25722543352601157,
        "re_weigh": -0.030974727506519417,
        "dp_exp": -0.01594302172336859,
        "eo_exp": -0.03733991884280896,
        "tpr_exp": -0.0298110471520876,
        "er_exp": 0.03538309318656141,
        "opt_shap": -0.20986704801733713,
        "opt_objBI": -0.20986704801733713
    },
    "eqopp": {
        "full": -0.13597432166958467,
        "partial": -0.12616822429906538,
        "mip": -0.13201653802842372,
        "adv_deb": -0.07867482060513398,
        "eo_cal": -0.15576323987538943,
        "re_weigh": 0.014211854445622563,
        "dp_exp": 0.004118067713856033,
        "eo_exp": -0.00881973384624235,
        "tpr_exp": -0.003193351909846376,
        "er_exp": 0.0663987045759048,
        "opt_shap": -0.12305295950155759,
        "opt_objBI": -0.12305295950155759
    },
    "eqodd": {
        "full": 0.22254746980686602,
        "partial": 0.24126295944602705,
        "mip": 0.21938022385675493,
        "adv_deb": 0.1442839343667381,
        "eo_cal": 0.28874020579628057,
        "re_weigh": 0.01742975372310837,
        "dp_exp": 0.017145915970765382,
        "eo_exp": 0.02207491310821595,
        "tpr_exp": 0.006784003779946604,
        "er_exp": 0.04702345063161917,
        "opt_shap": 0.2346548219967681,
        "opt_objBI": 0.2346548219967681
    }
}