{
    "error": {
        "full": 26.80000114440918,
        "partial": 26.69999885559082,
        "mip": 26.649999618530273,
        "opt_shap": 26.649999618530273,
        "opt_objBI": 26.750001907348633
    },
    "objBI": {
        "full": [
            0.011857489123940468,
            0.18985891342163086,
            0.01545662246644497
        ],
        "partial": [
            0.009511087089776993,
            0.17896148562431335,
            0.004220243543386459
        ],
        "mip": [
            0.013836875557899475,
            0.18654343485832214,
            0.0005376957124099135
        ],
        "opt_shap": [
            0.017416663467884064,
            0.17879121005535126,
            0.017324095591902733
        ],
        "opt_objBI": [
            0.008505424484610558,
            0.1821703314781189,
            0.004447903949767351
        ]
    },
    "shap": {
        "full": [
            1.1136727152916137e-05,
            -4.913779321213951e-06,
            0.0
        ],
        "partial": [
            -1.4022447430761531e-05,
            2.0493567717494443e-05
        ],
        "mip": [
            -2.5005794668686576e-05,
            6.401538939826423e-06
        ],
        "opt_shap": [
            4.3404811549407896e-06,
            8.104562766675372e-06
        ],
        "opt_objBI": [
            -1.9962787973781815e-06,
            -1.1960863730564597e-06
        ]
    },
    "di": {
        "full": 0.8509681532937347,
        "partial": 0.8331999466453248,
        "mip": 0.8190677114727747,
        "opt_shap": 0.8343909791968555,
        "opt_objBI": 0.8238962251567293
    },
    "dd": {
        "full": -0.142121095750128,
        "partial": -0.1600742447516641,
        "mip": -0.1729070660522274,
        "opt_shap": -0.15909818228366612,
        "opt_objBI": -0.1690028161802356
    },
    "eqopp": {
        "full": -0.08453153988868267,
        "partial": -0.09647495361781078,
        "mip": -0.10980983302411873,
        "opt_shap": -0.09612708719851581,
        "opt_objBI": -0.10459183673469385
    },
    "eqodd": {
        "full": 0.13424967889253597,
        "partial": 0.1563614956472099,
        "mip": 0.16602147852147853,
        "opt_shap": 0.1549120522334808,
        "opt_objBI": 0.165521978021978
    }
}