{
    "error": {
        "full": 26.249998092651367,
        "partial": 26.600000381469727,
        "mip": 26.600000381469727,
        "opt_shap": 26.55000114440918,
        "opt_objBI": 26.649999618530273
    },
    "objBI": {
        "full": [
            0.007495523430407047,
            0.1979825496673584,
            0.011483387090265751
        ],
        "partial": [
            0.0002957411634270102,
            0.20856723189353943,
            0.0001182743362733163
        ],
        "mip": [
            0.005339315626770258,
            0.19879427552223206,
            0.003434880869463086
        ],
        "opt_shap": [
            0.012056337669491768,
            0.19594183564186096,
            0.01205805316567421
        ],
        "opt_objBI": [
            0.0016945463139563799,
            0.19734445214271545,
            0.0015810535987839103
        ]
    },
    "shap": {
        "full": [
            -1.6542705338906671e-07,
            -3.5942812814937497e-07,
            0.0
        ],
        "partial": [
            3.4428458661750483e-07,
            -3.283619776084379e-07
        ],
        "mip": [
            8.291061931231525e-06,
            1.1016547432518564e-05
        ],
        "opt_shap": [
            -2.3679807270582387e-07,
            2.0265579436795633e-08
        ],
        "opt_objBI": [
            2.754480647126911e-06,
            -1.241505174220947e-06
        ]
    },
    "di": {
        "full": 0.761390834929329,
        "partial": 0.7816379534058281,
        "mip": 0.7834994526703923,
        "opt_shap": 0.7824739298265829,
        "opt_objBI": 0.7845249755142019
    },
    "dd": {
        "full": -0.22959124974113587,
        "partial": -0.2087710680410061,
        "mip": -0.20677018565187244,
        "opt_shap": -0.20774961758135335,
        "opt_objBI": -0.20579075372239153
    },
    "eqopp": {
        "full": -0.14909148936170213,
        "partial": -0.13577234042553188,
        "mip": -0.13577234042553188,
        "opt_shap": -0.13577234042553188,
        "opt_objBI": -0.13577234042553188
    },
    "eqodd": {
        "full": 0.22816341922363576,
        "partial": 0.20447229578567566,
        "mip": 0.20100702635124323,
        "opt_shap": 0.20226965261386948,
        "opt_objBI": 0.199744400088617
    }
}