{
    "error": {
        "full": 26.750001907348633,
        "partial": 27.149999618530273,
        "mip": 27.05000114440918,
        "opt_shap": 26.899999618530273,
        "opt_objBI": 27.100000381469727
    },
    "objBI": {
        "full": [
            0.0013952661538496614,
            0.17989006638526917,
            0.010694429278373718
        ],
        "partial": [
            0.008324412629008293,
            0.18066348135471344,
            0.006250133737921715
        ],
        "mip": [
            0.007493901066482067,
            0.18841776251792908,
            0.0017643386963754892
        ],
        "opt_shap": [
            0.003709363052621484,
            0.1773894727230072,
            0.001986686373129487
        ],
        "opt_objBI": [
            0.007660030387341976,
            0.18509677052497864,
            0.007680969778448343
        ]
    },
    "shap": {
        "full": [
            1.5614706683209079e-07,
            3.373228310010745e-07,
            0.0
        ],
        "partial": [
            3.9354636101052165e-06,
            4.781067218573298e-06
        ],
        "mip": [
            -1.6838654119055718e-05,
            1.4699697885589558e-06
        ],
        "opt_shap": [
            -1.8491670061848708e-06,
            4.048764822073281e-06
        ],
        "opt_objBI": [
            7.996521844688687e-07,
            5.856156448658112e-08
        ]
    },
    "di": {
        "full": 0.7978178206044808,
        "partial": 0.812064089883081,
        "mip": 0.830243926253274,
        "opt_shap": 0.8146752284357598,
        "opt_objBI": 0.8253240055322925
    },
    "dd": {
        "full": -0.19175620250050252,
        "partial": -0.1778645216071144,
        "mip": -0.1599723566551553,
        "opt_shap": -0.17483115456970288,
        "opt_objBI": -0.16496196039720812
    },
    "eqopp": {
        "full": -0.11072708653353813,
        "partial": -0.1062083973374296,
        "mip": -0.09082181259600619,
        "opt_shap": -0.0987583205325141,
        "opt_objBI": -0.09240911418330777
    },
    "eqodd": {
        "full": 0.199302693730104,
        "partial": 0.18187917322546662,
        "mip": 0.1622302324536622,
        "opt_shap": 0.18005032637049403,
        "opt_objBI": 0.16973018781638471
    }
}