{
    "error": {
        "full": 29.499998092651367,
        "partial": 27.5,
        "mip": 26.499998092651367,
        "adv_deb": 30.5,
        "eo_cal": 31.5,
        "re_weigh": 28.0,
        "dp_exp": 28.0,
        "eo_exp": 30.000001907348633,
        "tpr_exp": 29.499998092651367,
        "er_exp": 30.5,
        "opt_shap": 27.000001907348633,
        "opt_objBI": 26.499998092651367
    },
    "objBI": {
        "full": [
            0.011681628413498402,
            0.07804610580205917,
            0.041957683861255646,
            0.03912065178155899,
            0.01487621758133173,
            0.040863294154405594,
            0.028499450534582138,
            0.0274636372923851,
            0.04064247012138367
        ],
        "partial": [
            0.016701843589544296,
            0.07869532704353333,
            0.04196583107113838,
            0.03569749742746353,
            0.017865950241684914,
            0.05529943108558655,
            0.02944847196340561,
            0.024072885513305664,
            0.006336627062410116
        ],
        "mip": [
            0.025059953331947327,
            0.0827622190117836,
            0.04196924716234207,
            0.04818931221961975,
            0.021906375885009766,
            0.0442618653178215,
            0.0336548276245594,
            0.03360230475664139,
            0.014376315288245678
        ],
        "adv_deb": [
            0.011090784333646297,
            0.06313741952180862,
            0.04484964534640312,
            0.028734607622027397,
            0.01641048491001129,
            0.03342079743742943,
            0.020677300170063972,
            0.010183248668909073,
            0.027967577800154686
        ],
        "eo_cal": [
            0.016277724876999855,
            0.024699391797184944,
            0.01761792227625847,
            0.020094849169254303,
            0.014109930954873562,
            0.015181805938482285,
            0.014249623753130436,
            0.018467603251338005,
            0.03650001436471939
        ],
        "re_weigh": [
            0.029823416844010353,
            0.06681287288665771,
            0.05400468036532402,
            0.05294858291745186,
            0.02520775981247425,
            0.043587084859609604,
            0.03880256786942482,
            0.03699614852666855,
            0.02342655137181282
        ],
        "dp_exp": [
            0.007257972378283739,
            0.05761520937085152,
            0.04887211695313454,
            0.026277650147676468,
            0.037956904619932175,
            0.07839757949113846,
            0.027257215231657028,
            0.011517541483044624,
            0.0023405347019433975
        ],
        "eo_exp": [
            0.013651984743773937,
            0.05455605685710907,
            0.05379472300410271,
            0.007855787873268127,
            0.04055666923522949,
            0.10770653933286667,
            0.03506843000650406,
            0.01344485767185688,
            0.008681879378855228
        ],
        "tpr_exp": [
            0.01697259023785591,
            0.08090488612651825,
            0.02111182175576687,
            0.01272529922425747,
            0.0199272520840168,
            0.052060890942811966,
            0.027117522433400154,
            0.006577076390385628,
            0.013893063180148602
        ],
        "er_exp": [
            0.0073523735627532005,
            0.07682439684867859,
            0.09785181283950806,
            0.05823158845305443,
            0.0426020585000515,
            0.08465483039617538,
            0.03481467068195343,
            0.04042663052678108,
            0.009673215448856354
        ],
        "opt_shap": [
            0.009645313955843449,
            0.08579655736684799,
            0.03758621588349342,
            0.04225745052099228,
            0.015753621235489845,
            0.04567161574959755,
            0.029365193098783493,
            0.027723031118512154,
            0.0033204855863004923
        ],
        "opt_objBI": [
            0.018451977521181107,
            0.08275917172431946,
            0.04630807042121887,
            0.039520591497421265,
            0.015304996632039547,
            0.044569481164216995,
            0.030840670689940453,
            0.028108322992920876,
            0.00697837769985199
        ]
    },
    "shap": {
        "full": [
            0.009453668259084225,
            0.08325185626745224,
            0.0424005426466465,
            0.037990424782037735,
            0.014402873814105988,
            0.04228194057941437,
            0.026143023744225502,
            0.02592693828046322,
            0.039235811680555344
        ],
        "partial": [
            0.010202953591942787,
            0.07918121665716171,
            0.04232262447476387,
            0.03538794443011284,
            0.015996301546692848,
            0.05085093900561333,
            0.02845560759305954,
            0.019816655665636063
        ],
        "mip": [
            0.00986691564321518,
            0.08165822178125381,
            0.04252561926841736,
            0.03989500552415848,
            0.015161782503128052,
            0.04275663197040558,
            0.026443904265761375,
            0.02556665427982807
        ],
        "adv_deb": [
            0.009327737614512444,
            0.056300897151231766,
            0.04013751074671745,
            0.030327927321195602,
            0.01798182725906372,
            0.03494856879115105,
            0.021428599953651428,
            0.010219697840511799,
            0.025322463363409042
        ],
        "eo_cal": [
            0.002681585494428873,
            0.01921684294939041,
            0.011537004262208939,
            0.013188524171710014,
            0.0041876849718391895,
            0.011078226380050182,
            0.004704899154603481,
            0.006074063014239073,
            0.04434187710285187
        ],
        "re_weigh": [
            0.010003223083913326,
            0.06599602848291397,
            0.05365710332989693,
            0.04833681136369705,
            0.01741735264658928,
            0.040187567472457886,
            0.02608628198504448,
            0.025430941954255104,
            0.009875932708382607
        ],
        "dp_exp": [
            0.002531121950596571,
            0.0810079500079155,
            0.06676843762397766,
            0.029760107398033142,
            0.030563825741410255,
            0.06965669989585876,
            0.028194179758429527,
            0.01598864421248436,
            0.0
        ],
        "eo_exp": [
            0.004132090136408806,
            0.07627413421869278,
            0.058785926550626755,
            0.043100226670503616,
            0.0341518260538578,
            0.09017882496118546,
            0.030777256935834885,
            0.01864263229072094,
            0.0
        ],
        "tpr_exp": [
            0.0024997347500175238,
            0.08537992835044861,
            0.03799321502447128,
            0.03818783164024353,
            0.023154588416218758,
            0.05172811448574066,
            0.027753649279475212,
            0.018463345244526863,
            0.0
        ],
        "er_exp": [
            0.009243037551641464,
            0.09216726571321487,
            0.1112782284617424,
            0.06457959860563278,
            0.03451821208000183,
            0.07955066859722137,
            0.02619876153767109,
            0.03820273280143738,
            0.0
        ],
        "opt_shap": [
            0.008851111866533756,
            0.0885513499379158,
            0.03819302096962929,
            0.041266068816185,
            0.014753359369933605,
            0.04449806362390518,
            0.0254423376172781,
            0.025651199743151665
        ],