{
    "error": {
        "full": 30.000001907348633,
        "partial": 27.000001907348633,
        "mip": 29.0,
        "adv_deb": 26.0,
        "eo_cal": 28.5,
        "re_weigh": 28.0,
        "dp_exp": 27.5,
        "eo_exp": 28.5,
        "tpr_exp": 27.000001907348633,
        "er_exp": 30.5,
        "opt_shap": 28.0,
        "opt_objBI": 28.5
    },
    "objBI": {
        "full": [
            0.009696594439446926,
            0.0753115713596344,
            0.08300256729125977,
            0.05225273594260216,
            0.001364601426757872,
            0.032814595848321915,
            0.0022514292504638433,
            0.01493124756962061,
            0.05650835111737251
        ],
        "partial": [
            0.019122667610645294,
            0.0818871557712555,
            0.06849822402000427,
            0.04690225422382355,
            0.010381441563367844,
            0.04202456772327423,
            0.007537475787103176,
            0.011113772168755531,
            0.007508695125579834
        ],
        "mip": [
            0.010145596228539944,
            0.07409416884183884,
            0.08086822181940079,
            0.057786986231803894,
            0.0017960999393835664,
            0.03147123381495476,
            0.0023467785213142633,
            0.013509289361536503,
            0.00066535355290398
        ],
        "adv_deb": [
            0.013373235240578651,
            0.07188544422388077,
            0.04925873875617981,
            0.039606448262929916,
            0.013237210921943188,
            0.0405711755156517,
            0.011205439455807209,
            0.0038912261370569468,
            0.03132067620754242
        ],
        "eo_cal": [
            0.009197681210935116,
            0.030514828860759735,
            0.029293768107891083,
            0.014743716455996037,
            0.00573131674900651,
            0.01234094426035881,
            0.004834456834942102,
            0.009445184841752052,
            0.053542360663414
        ],
        "re_weigh": [
            0.014477002434432507,
            0.06961681693792343,
            0.08693338185548782,
            0.06058524549007416,
            0.010944084264338017,
            0.028827805072069168,
            0.008516659960150719,
            0.017232129350304604,
            0.022513048723340034
        ],
        "dp_exp": [
            0.03116675838828087,
            0.06446321308612823,
            0.0840090736746788,
            0.07842319458723068,
            0.02900214120745659,
            0.07373516261577606,
            0.03159382566809654,
            0.027270613238215446,
            0.027317771688103676
        ],
        "eo_exp": [
            0.014640572480857372,
            0.07201175391674042,
            0.06341567635536194,
            0.05640900507569313,
            0.02959694340825081,
            0.0764283686876297,
            0.0207217950373888,
            0.013693083077669144,
            0.010396705009043217
        ],
        "tpr_exp": [
            0.01309780590236187,
            0.05715218931436539,
            0.10289526730775833,
            0.06704986840486526,
            0.014653882011771202,
            0.04190380126237869,
            0.008941368199884892,
            0.00881864782422781,
            0.008937773294746876
        ],
        "er_exp": [
            0.017129847779870033,
            0.16227509081363678,
            0.07859136164188385,
            0.08643157035112381,
            0.02102448046207428,
            0.1195826530456543,
            0.06582140177488327,
            0.047763243317604065,
            0.007995091378688812
        ],
        "opt_shap": [
            0.011040755547583103,
            0.09021114557981491,
            0.07970063388347626,
            0.05548841506242752,
            0.0072892834432423115,
            0.03997328132390976,
            0.00727445911616087,
            0.016868503764271736,
            0.00729486346244812
        ],
        "opt_objBI": [
            0.00913852546364069,
            0.07047505676746368,
            0.07342474162578583,
            0.05427851527929306,
            0.0022491486743092537,
            0.03620046004652977,
            0.0021488030906766653,
            0.010637236759066582,
            0.0020709726959466934
        ]
    },
    "shap": {
        "full": [
            0.008361862041056156,
            0.07610928267240524,
            0.08227601647377014,
            0.0567970834672451,
            0.0011463678674772382,
            0.03312782198190689,
            0.0018166251247748733,
            0.013805595226585865,
            0.061941396445035934
        ],
        "partial": [
            0.008371147327125072,
            0.08085015416145325,
            0.06713417172431946,
            0.04771805182099342,
            0.007822616957128048,
            0.04582478851079941,
            0.000661631696857512,
            0.005011869594454765
        ],
        "mip": [
            0.00813066866248846,
            0.07432229816913605,
            0.08167105913162231,
            0.05675863102078438,
            0.001639262423850596,
            0.03166911005973816,
            0.002081476617604494,
            0.013799736276268959
        ],
        "adv_deb": [
            0.008224435150623322,
            0.07268187403678894,
            0.0524883046746254,
            0.038642264902591705,
            0.02243916317820549,
            0.04155460745096207,
            0.018617436289787292,
            0.005037097726017237,
            0.03076854720711708
        ],
        "eo_cal": [
            0.004519501235336065,
            0.027231717482209206,
            0.028284739702939987,
            0.014654062688350677,
            0.004851971287280321,
            0.01156603079289198,
            0.0025919985491782427,
            0.0053456686437129974,
            0.062022920697927475
        ],
        "re_weigh": [
            0.007540903054177761,
            0.07158054411411285,
            0.08896162360906601,
            0.05973617732524872,
            0.008730616420507431,
            0.026909470558166504,
            0.00047399572213180363,
            0.011646921746432781,
            0.01852642558515072
        ],
        "dp_exp": [
            0.00318941124714911,
            0.0950009897351265,
            0.10541078448295593,
            0.053640976548194885,
            0.01615964248776436,
            0.05903882160782814,
            0.003971153870224953,
            0.001845172024331987,
            0.0
        ],
        "eo_exp": [
            0.0029683723114430904,
            0.10005787760019302,
            0.08090745657682419,
            0.05070973560214043,
            0.023668576031923294,
            0.0786585733294487,
            0.014806892722845078,
            0.004975221119821072,
            0.0
        ],
        "tpr_exp": [
            0.0026677120476961136,
            0.08876629918813705,
            0.11737676709890366,
            0.05915860831737518,
            0.0065919822081923485,
            0.043322645127773285,
            0.0014834725297987461,
            0.0018790027825161815,
            0.0
        ],
        "er_exp": [
            0.004647417459636927,
            0.17619632184505463,
            0.07986278831958771,
            0.08472813665866852,
            0.02165902778506279,
            0.11671426147222519,
            0.06341271102428436,
            0.04177038371562958,
            0.0
        ],
        "opt_shap": [
            0.007484628353267908,
            0.08144333213567734,
            0.07633170485496521,
            0.05499015375971794,
            0.0008640552987344563,
            0.038246311247348785,
            0.0015816438244655728,
            0.009590089321136475
        ],