{
    "error": {
        "full": 30.5,
        "partial": 30.5,
        "mip": 32.0,
        "adv_deb": 31.5,
        "eo_cal": 32.5,
        "re_weigh": 31.5,
        "dp_exp": 31.0,
        "eo_exp": 32.5,
        "tpr_exp": 33.5,
        "er_exp": 35.0,
        "opt_shap": 32.0,
        "opt_objBI": 31.5
    },
    "objBI": {
        "full": [
            0.02700665220618248,
            0.09735465794801712,
            0.06735218316316605,
            0.05295690894126892,
            0.044663552194833755,
            0.05712890625,
            0.016365734860301018,
            0.03806965798139572,
            0.06280006468296051
        ],
        "partial": [
            0.019737625494599342,
            0.08382096141576767,
            0.058340173214673996,
            0.046514663845300674,
            0.04367769882082939,
            0.06307975947856903,
            0.011090883985161781,
            0.02327299863100052,
            0.0045386929996311665
        ],
        "mip": [
            0.02841821499168873,
            0.09684266895055771,
            0.06417844444513321,
            0.0490969642996788,
            0.04170597717165947,
            0.05334409698843956,
            0.014686481095850468,
            0.032660845667123795,
            0.008187159895896912
        ],
        "adv_deb": [
            0.016069192439317703,
            0.06894094496965408,
            0.050244200974702835,
            0.03600963577628136,
            0.03131362050771713,
            0.05346601828932762,
            0.01704552210867405,
            0.015355405397713184,
            0.03528992086648941
        ],
        "eo_cal": [
            0.010705506429076195,
            0.019266944378614426,
            0.024947447702288628,
            0.02054748125374317,
            0.01805945113301277,
            0.0226559117436409,
            0.011346143670380116,
            0.016004342585802078,
            0.07277347147464752
        ],
        "re_weigh": [
            0.017476925626397133,
            0.08995053172111511,
            0.06790439784526825,
            0.0553780272603035,
            0.03563499450683594,
            0.05257263034582138,
            0.013595583848655224,
            0.03278733789920807,
            0.02461882308125496
        ],
        "dp_exp": [
            0.014013567008078098,
            0.06770212948322296,
            0.07522967457771301,
            0.017330968752503395,
            0.06625492125749588,
            0.08484435081481934,
            0.009539242833852768,
            0.00896180048584938,
            0.007080719340592623
        ],
        "eo_exp": [
            0.005249999929219484,
            0.037956252694129944,
            0.1035812497138977,
            0.008681249804794788,
            0.05092499777674675,
            0.07600624859333038,
            0.009349999018013477,
            0.01393749937415123,
            0.0
        ],
        "tpr_exp": [
            0.030643749982118607,
            0.10612498968839645,
            0.028187498450279236,
            0.026331251487135887,
            0.0385187491774559,
            0.0949687510728836,
            0.032499998807907104,
            0.040512505918741226,
            0.027500001713633537
        ],
        "er_exp": [
            0.010582388378679752,
            0.12066351622343063,
            0.13215622305870056,
            0.0679704025387764,
            0.06507363170385361,
            0.08585219085216522,
            0.03777289763092995,
            0.09886780381202698,
            0.0008104127482511103
        ],
        "opt_shap": [
            0.022706400603055954,
            0.10938730090856552,
            0.07102081179618835,
            0.04934139549732208,
            0.045369964092969894,
            0.06171083822846413,
            0.014994492754340172,
            0.03504414111375809,
            0.013956279493868351
        ],
        "opt_objBI": [
            0.019525565207004547,
            0.08659373968839645,
            0.05933527648448944,
            0.04419444501399994,
            0.04292263090610504,
            0.05678689107298851,
            0.014238307252526283,
            0.030230581760406494,
            0.0032898283097893
        ]
    },
    "shap": {
        "full": [
            0.01411531213670969,
            0.09416257590055466,
            0.062036383897066116,
            0.04887768626213074,
            0.04109619930386543,
            0.05514182522892952,
            0.009921655990183353,
            0.02802734076976776,
            0.06719661504030228
        ],
        "partial": [
            0.012875044718384743,
            0.08820808678865433,
            0.06013770028948784,
            0.04362671077251434,
            0.04248722642660141,
            0.0657220259308815,
            0.0078737186267972,
            0.01853882148861885
        ],
        "mip": [
            0.01480551715940237,
            0.09144596755504608,
            0.061690930277109146,
            0.0482117161154747,
            0.04112165421247482,
            0.054217610508203506,
            0.010354514233767986,
            0.028490770608186722
        ],
        "adv_deb": [
            0.012800582684576511,
            0.06592307239770889,
            0.04573584720492363,
            0.033476632088422775,
            0.03395487740635872,
            0.04941614717245102,
            0.01486908458173275,
            0.013566706329584122,
            0.03209638223052025
        ],
        "eo_cal": [
            0.003894723253324628,
            0.018872441723942757,
            0.02814738266170025,
            0.019454536959528923,
            0.016181761398911476,
            0.023538706824183464,
            0.0073774815537035465,
            0.008025100454688072,
            0.07919779419898987
        ],
        "re_weigh": [
            0.014693588949739933,
            0.08452101051807404,
            0.06407257169485092,
            0.05089610069990158,
            0.03779103606939316,
            0.053597211837768555,
            0.010284686461091042,
            0.02833000384271145,
            0.019851576536893845
        ],
        "dp_exp": [
            0.003304978832602501,
            0.09267200529575348,
            0.09460794180631638,
            0.02272491157054901,
            0.055797986686229706,
            0.09056641906499863,
            0.005513964686542749,
            0.006141333375126123,
            0.0
        ],
        "eo_exp": [
            0.0022632936015725136,
            0.052304767072200775,
            0.11125238239765167,
            0.007411707658320665,
            0.04455297812819481,
            0.08523035794496536,
            0.0074936519376933575,
            0.007219246588647366,
            0.0
        ],
        "tpr_exp": [
            0.002339682774618268,
            0.11588611453771591,
            0.02499682642519474,
            0.005673611536622047,
            0.03877440467476845,
            0.08938076347112656,
            0.014470238238573074,
            0.017496034502983093,
            0.0
        ],
        "er_exp": [
            0.00612323172390461,
            0.11218293011188507,
            0.13694395124912262,
            0.05776219069957733,
            0.06300496309995651,
            0.07912561297416687,
            0.03219744563102722,
            0.08849761635065079,
            0.0
        ],
        "opt_shap": [
            0.014196698553860188,
            0.0976012647151947,
            0.0667305737733841,
            0.044783398509025574,
            0.041389379650354385,
            0.05910467728972435,
            0.008122340776026249,
            0.02442038059234619
        ],