{
    "error": {
        "full": 23.0,
        "partial": 23.5,
        "mip": 26.0,
        "adv_deb": 24.0,
        "eo_cal": 24.0,
        "re_weigh": 24.5,
        "dp_exp": 24.5,
        "eo_exp": 22.5,
        "tpr_exp": 24.5,
        "er_exp": 25.5,
        "opt_shap": 25.5,
        "opt_objBI": 25.0
    },
    "objBI": {
        "full": [
            0.019786519929766655,
            0.062294453382492065,
            0.042327236384153366,
            0.05507278069853783,
            0.03953738510608673,
            0.06911025196313858,
            0.02524210885167122,
            0.028111400082707405,
            0.04632848873734474
        ],
        "partial": [
            0.01742035709321499,
            0.05978761985898018,
            0.03709041327238083,
            0.04671689122915268,
            0.04384355619549751,
            0.07118258625268936,
            0.024437762796878815,
            0.02203044854104519,
            0.003904003882780671
        ],
        "mip": [
            0.02192523702979088,
            0.059204597026109695,
            0.04317810386419296,
            0.0461466982960701,
            0.03619624674320221,
            0.06499364227056503,
            0.022418780252337456,
            0.028074616566300392,
            0.0006347144371829927
        ],
        "adv_deb": [
            0.014197776094079018,
            0.058531928807497025,
            0.03226274624466896,
            0.040615033358335495,
            0.029323291033506393,
            0.06375996023416519,
            0.028735484927892685,
            0.011616107076406479,
            0.031220803037285805
        ],
        "eo_cal": [
            0.010073686018586159,
            0.024734333157539368,
            0.011120709590613842,
            0.01267338078469038,
            0.01962386444211006,
            0.027270106598734856,
            0.008196624927222729,
            0.012321737594902515,
            0.03303179517388344
        ],
        "re_weigh": [
            0.035734932869672775,
            0.05611482262611389,
            0.04583120346069336,
            0.05980544909834862,
            0.034779395908117294,
            0.07151924818754196,
            0.0307355634868145,
            0.034665919840335846,
            0.017857352271676064
        ],
        "dp_exp": [
            0.010305296629667282,
            0.10101094841957092,
            0.04362855106592178,
            0.05348232388496399,
            0.06634557992219925,
            0.11071474850177765,
            0.04534412547945976,
            0.020581835880875587,
            0.010750671848654747
        ],
        "eo_exp": [
            0.007139432244002819,
            0.08701085299253464,
            0.03916449472308159,
            0.03644269332289696,
            0.04736800119280815,
            0.08194064348936081,
            0.026069505140185356,
            0.016629274934530258,
            0.005849697161465883
        ],
        "tpr_exp": [
            0.01850287988781929,
            0.0959131121635437,
            0.031660180538892746,
            0.03306479752063751,
            0.05396535247564316,
            0.07755125313997269,
            0.031194983050227165,
            0.01603325642645359,
            0.009962559677660465
        ],
        "er_exp": [
            0.015543747693300247,
            0.13269375264644623,
            0.09229376167058945,
            0.11109375208616257,
            0.04920624569058418,
            0.09755001217126846,
            0.03735624626278877,
            0.04388124868273735,
            0.007499999832361937
        ],
        "opt_shap": [
            0.02772430330514908,
            0.06402228027582169,
            0.046357154846191406,
            0.04525478184223175,
            0.036265384405851364,
            0.07050591707229614,
            0.023135600611567497,
            0.023933790624141693,
            0.005069301929324865
        ],
        "opt_objBI": [
            0.01748998463153839,
            0.05775107815861702,
            0.04307377710938454,
            0.05193070322275162,
            0.03517286479473114,
            0.06401583552360535,
            0.01906629651784897,
            0.022035468369722366,
            4.6040113375056535e-06
        ]
    },
    "shap": {
        "full": [
            0.017015241086483,
            0.05854956805706024,
            0.04242837056517601,
            0.04871009662747383,
            0.03656242787837982,
            0.0676778256893158,
            0.021022526547312737,
            0.024103200063109398,
            0.03912084922194481
        ],
        "partial": [
            0.015819499269127846,
            0.059658948332071304,
            0.0370037816464901,
            0.04445940628647804,
            0.042824678122997284,
            0.07664931565523148,
            0.02332702837884426,
            0.01861649751663208
        ],
        "mip": [
            0.017223527655005455,
            0.05780550837516785,
            0.044572971761226654,
            0.04752516746520996,
            0.035448141396045685,
            0.06614211201667786,
            0.021001853048801422,
            0.023783698678016663
        ],
        "adv_deb": [
            0.013183601200580597,
            0.056358203291893005,
            0.030837994068861008,
            0.041029781103134155,
            0.029788849875330925,
            0.06497642397880554,
            0.028611047193408012,
            0.00817001610994339,
            0.025771789252758026
        ],
        "eo_cal": [
            0.005719255656003952,
            0.022964758798480034,
            0.007616602350026369,
            0.011986992321908474,
            0.017393847927451134,
            0.029126973822712898,
            0.005428751930594444,
            0.003947499208152294,
            0.05306665599346161
        ],
        "re_weigh": [
            0.01735846698284149,
            0.05709181725978851,
            0.04298204556107521,
            0.050763484090566635,
            0.026620492339134216,
            0.06730131804943085,
            0.02045535482466221,
            0.022738570347428322,
            0.003949672449380159
        ],
        "dp_exp": [
            0.0060890717431902885,
            0.10481305420398712,
            0.04386111721396446,
            0.048655956983566284,
            0.06273752450942993,
            0.10216598212718964,
            0.034399181604385376,
            0.01825994998216629,
            0.0
        ],
        "eo_exp": [
            0.004712407477200031,
            0.10599487274885178,
            0.03995310142636299,
            0.04012971743941307,
            0.05274619162082672,
            0.08132899552583694,
            0.02700909413397312,
            0.014834711328148842,
            0.0
        ],
        "tpr_exp": [
            0.005061737261712551,
            0.10574756562709808,
            0.036263346672058105,
            0.032814107835292816,
            0.0531599223613739,
            0.08145517110824585,
            0.02887747436761856,
            0.01605270802974701,
            0.0
        ],
        "er_exp": [
            0.008467063307762146,
            0.12404721975326538,
            0.09314028918743134,
            0.1008053719997406,
            0.05741250514984131,
            0.11533849686384201,
            0.03547857701778412,
            0.040768060833215714,
            0.0
        ],
        "opt_shap": [
            0.016518879681825638,
            0.06032441183924675,
            0.04373718425631523,
            0.04840461164712906,
            0.03605175018310547,
            0.06933407485485077,
            0.020872607827186584,
            0.023256907239556313
        ],