{
    "error": {
        "full": 31.0,
        "partial": 30.5,
        "mip": 30.000001907348633,
        "adv_deb": 30.5,
        "eo_cal": 30.5,
        "re_weigh": 30.000001907348633,
        "dp_exp": 29.499998092651367,
        "eo_exp": 29.499998092651367,
        "tpr_exp": 30.000001907348633,
        "er_exp": 31.5,
        "opt_shap": 30.5,
        "opt_objBI": 29.499998092651367
    },
    "objBI": {
        "full": [
            0.008240998722612858,
            0.05952775105834007,
            0.05629265680909157,
            0.06552337110042572,
            0.016628284007310867,
            0.05052623897790909,
            0.03700898960232735,
            0.015524761751294136,
            0.049466680735349655
        ],
        "partial": [
            0.0036515742540359497,
            0.055306509137153625,
            0.05411997437477112,
            0.057481881231069565,
            0.021063880994915962,
            0.05913744121789932,
            0.03517435863614082,
            0.00512602087110281,
            0.0017724261851981282
        ],
        "mip": [
            0.009468812495470047,
            0.06101091206073761,
            0.0535033755004406,
            0.06662213057279587,
            0.017385220155119896,
            0.05213315039873123,
            0.03806526958942413,
            0.014675271697342396,
            0.007193541154265404
        ],
        "adv_deb": [
            0.014545410871505737,
            0.05891286954283714,
            0.043000731617212296,
            0.04225800558924675,
            0.021961558610200882,
            0.04509276524186134,
            0.03663526475429535,
            0.012627048417925835,
            0.03535666689276695
        ],
        "eo_cal": [
            0.002251025754958391,
            0.02628454752266407,
            0.01609007455408573,
            0.022994017228484154,
            0.013827848248183727,
            0.020345252007246017,
            0.014850988052785397,
            0.0029956933576613665,
            0.02374252863228321
        ],
        "re_weigh": [
            0.012759263627231121,
            0.06853199750185013,
            0.050980377942323685,
            0.06643322855234146,
            0.019008217379450798,
            0.053504686802625656,
            0.04417099803686142,
            0.016546888276934624,
            0.014775479212403297
        ],
        "dp_exp": [
            0.01811875030398369,
            0.037018753588199615,
            0.048812493681907654,
            0.0299374982714653,
            0.021912498399615288,
            0.024500001221895218,
            0.014606249518692493,
            0.019437501206994057,
            0.017499998211860657
        ],
        "eo_exp": [
            0.00902382843196392,
            0.043842654675245285,
            0.045186325907707214,
            0.04404764994978905,
            0.027010789141058922,
            0.032095763832330704,
            0.024783175438642502,
            0.009313329122960567,
            0.007308201864361763
        ],
        "tpr_exp": [
            0.001349999918602407,
            0.04386249557137489,
            0.0411437526345253,
            0.033900000154972076,
            0.026631250977516174,
            0.055531248450279236,
            0.029193751513957977,
            0.012837500311434269,
            0.0
        ],
        "er_exp": [
            0.03919999301433563,
            0.04866250604391098,
            0.12383750826120377,
            0.04364375025033951,
            0.0359562523663044,
            0.07606250047683716,
            0.05848750099539757,
            0.04299374669790268,
            0.03999999538064003
        ],
        "opt_shap": [
            0.028601322323083878,
            0.05039051175117493,
            0.0594574399292469,
            0.07216823846101761,
            0.028799928724765778,
            0.0533766970038414,
            0.048169154673814774,
            0.02904427982866764,
            0.029030611738562584
        ],
        "opt_objBI": [
            0.0030821911059319973,
            0.06395536661148071,
            0.062089953571558,
            0.060996562242507935,
            0.014797287061810493,
            0.05258844047784805,
            0.03425374999642372,
            0.010354490019381046,
            0.0010956793557852507
        ]
    },
    "shap": {
        "full": [
            0.002031164476647973,
            0.060516320168972015,
            0.05617877095937729,
            0.06334949284791946,
            0.015154607594013214,
            0.04959138482809067,
            0.033606287091970444,
            0.01092295441776514,
            0.04823187366127968
        ],
        "partial": [
            0.0017104831058532,
            0.0561789907515049,
            0.052972640842199326,
            0.057529449462890625,
            0.020156679674983025,
            0.05933276191353798,
            0.036183323711156845,
            0.003856097348034382
        ],
        "mip": [
            0.002142048440873623,
            0.059388019144535065,
            0.05580265820026398,
            0.06309777498245239,
            0.01556967943906784,
            0.04995545744895935,
            0.033507995307445526,
            0.011170724406838417
        ],
        "adv_deb": [
            0.0027130835223942995,
            0.05690545216202736,
            0.03704695403575897,
            0.03926973044872284,
            0.02137701027095318,
            0.046053871512413025,
            0.032902054488658905,
            0.01059255376458168,
            0.027601413428783417
        ],
        "eo_cal": [
            0.00031235997448675334,
            0.025498900562524796,
            0.014922179281711578,
            0.02383880689740181,
            0.01375119574368,
            0.021523579955101013,
            0.011376249603927135,
            0.0011124062584713101,
            0.04781469702720642
        ],
        "re_weigh": [
            0.0018630471313372254,
            0.06701093912124634,
            0.04733702167868614,
            0.0581279955804348,
            0.015135074965655804,
            0.05483239144086838,
            0.03475242480635643,
            0.009271091781556606,
            0.008513052947819233
        ],
        "dp_exp": [
            0.0004267857293598354,
            0.05379841849207878,
            0.039031948894262314,
            0.03737500309944153,
            0.013346628285944462,
            0.03144801780581474,
            0.01764206402003765,
            0.006822618655860424,
            0.0
        ],
        "eo_exp": [
            0.0005292585119605064,
            0.052338872104883194,
            0.037655942142009735,
            0.03523566201329231,
            0.015978781506419182,
            0.032928500324487686,
            0.01762825809419155,
            0.006194926332682371,
            0.0
        ],
        "tpr_exp": [
            0.0007305556791834533,
            0.051221828907728195,
            0.031317658722400665,
            0.026147818192839622,
            0.02719087526202202,
            0.044741272926330566,
            0.02116924710571766,
            0.004310516640543938,
            0.0
        ],
        "er_exp": [
            0.0008148810011334717,
            0.03352579474449158,
            0.11583869159221649,
            0.05705675110220909,
            0.0320829376578331,
            0.08111944794654846,
            0.03531905263662338,
            0.0166922640055418,
            0.0
        ],
        "opt_shap": [
            0.0013897079043090343,
            0.05080822855234146,
            0.051821958273649216,
            0.06347828358411789,
            0.013985851779580116,
            0.05224214494228363,
            0.0324208028614521,
            0.00964136328548193
        ],