{
    "error": {
        "full": 28.0,
        "partial": 28.5,
        "mip": 28.5,
        "adv_deb": 31.0,
        "eo_cal": 30.5,
        "re_weigh": 27.000001907348633,
        "dp_exp": 29.499998092651367,
        "eo_exp": 30.000001907348633,
        "tpr_exp": 29.0,
        "er_exp": 33.5,
        "opt_shap": 28.5,
        "opt_objBI": 28.5
    },
    "objBI": {
        "full": [
            0.0115425493568182,
            0.08012305200099945,
            0.057462695986032486,
            0.041220374405384064,
            0.00783455464988947,
            0.03308664262294769,
            0.023980967700481415,
            0.011771504767239094,
            0.04008372873067856
        ],
        "partial": [
            0.01731637865304947,
            0.08307692408561707,
            0.049036383628845215,
            0.03796263039112091,
            0.01025310717523098,
            0.042284779250621796,
            0.03133636340498924,
            0.006891028489917517,
            0.006136384792625904
        ],
        "mip": [
            0.017654603347182274,
            0.08595244586467743,
            0.06401501595973969,
            0.043833378702402115,
            0.011119979433715343,
            0.03312418609857559,
            0.02704845741391182,
            0.016855506226420403,
            0.009248070418834686
        ],
        "adv_deb": [
            0.01927725225687027,
            0.06676400452852249,
            0.04203110188245773,
            0.034468360245227814,
            0.015340549871325493,
            0.037020377814769745,
            0.026797570288181305,
            0.013931934721767902,
            0.03347976133227348
        ],
        "eo_cal": [
            0.012468094006180763,
            0.034455556422472,
            0.00900648906826973,
            0.010722854174673557,
            0.006784290075302124,
            0.006951121613383293,
            0.006915414240211248,
            0.006653581280261278,
            0.04414140805602074
        ],
        "re_weigh": [
            0.013686870224773884,
            0.08456263691186905,
            0.05711918696761131,
            0.03728426992893219,
            0.0070400722324848175,
            0.03198137506842613,
            0.02210129238665104,
            0.010666770860552788,
            0.010652142576873302
        ],
        "dp_exp": [
            0.012339617125689983,
            0.09420179575681686,
            0.07550830394029617,
            0.036143526434898376,
            0.011253910139203072,
            0.050921257585287094,
            0.04714687168598175,
            0.0076568638905882835,
            0.007499999832361937
        ],
        "eo_exp": [
            0.03206053003668785,
            0.08747931569814682,
            0.06992274522781372,
            0.03675699606537819,
            0.032065439969301224,
            0.07287649810314178,
            0.05057358369231224,
            0.029976991936564445,
            0.02936735562980175
        ],
        "tpr_exp": [
            0.006679100915789604,
            0.1092839166522026,
            0.07118978351354599,
            0.03444933891296387,
            0.011652793735265732,
            0.04196976497769356,
            0.03832871839404106,
            0.002611781470477581,
            0.0026613310910761356
        ],
        "er_exp": [
            0.028663067147135735,
            0.14802512526512146,
            0.06113802269101143,
            0.09346833825111389,
            0.028497526422142982,
            0.0901322141289711,
            0.03096364066004753,
            0.0952356606721878,
            0.024877455085515976
        ],
        "opt_shap": [
            0.02030862122774124,
            0.07744864374399185,
            0.058028001338243484,
            0.039414435625076294,
            0.00822044350206852,
            0.03184531256556511,
            0.02562541328370571,
            0.012374118901789188,
            0.004891939461231232
        ],
        "opt_objBI": [
            0.014516178518533707,
            0.08435922861099243,
            0.057167649269104004,
            0.04029672220349312,
            0.007774458732455969,
            0.03358503431081772,
            0.02459508366882801,
            0.01185083668678999,
            0.00547027587890625
        ]
    },
    "shap": {
        "full": [
            0.009462010115385056,
            0.08199381828308105,
            0.05623536929488182,
            0.03866295889019966,
            0.006653773132711649,
            0.032589226961135864,
            0.022691242396831512,
            0.00886179506778717,
            0.039989031851291656
        ],
        "partial": [
            0.008708908222615719,
            0.07849833369255066,
            0.05223875492811203,
            0.03499969094991684,
            0.007940560579299927,
            0.04041731730103493,
            0.025444431230425835,
            0.0028412663377821445
        ],
        "mip": [
            0.009343499317765236,
            0.08013106137514114,
            0.05699586495757103,
            0.03968578949570656,
            0.007767888251692057,
            0.0315154492855072,
            0.022663841024041176,
            0.009455565363168716
        ],
        "adv_deb": [
            0.007429964374750853,
            0.06512193381786346,
            0.038173142820596695,
            0.033023107796907425,
            0.01486181654036045,
            0.034716978669166565,
            0.022948378697037697,
            0.009415935724973679,
            0.026479659602046013
        ],
        "eo_cal": [
            0.004969112109392881,
            0.03323177248239517,
            0.005468160379678011,
            0.00969014037400484,
            0.00011698426533257589,
            0.004485060460865498,
            0.0011246766662225127,
            0.0012243431992828846,
            0.04731912910938263
        ],
        "re_weigh": [
            0.008905299007892609,
            0.08254002779722214,
            0.05783101171255112,
            0.03882109001278877,
            0.007011656183749437,
            0.0333920456469059,
            0.021884111687541008,
            0.008862719871103764,
            0.01045037992298603
        ],
        "dp_exp": [
            0.0021712807938456535,
            0.11336734890937805,
            0.08692745864391327,
            0.031101694330573082,
            0.009973926469683647,
            0.047962021082639694,
            0.03128966689109802,
            0.0026520658284425735,
            0.0
        ],
        "eo_exp": [
            0.0018898755079135299,
            0.1040365993976593,
            0.06760045886039734,
            0.032188959419727325,
            0.01720663346350193,
            0.0717894434928894,
            0.03178253397345543,
            0.006440809927880764,
            0.0
        ],
        "tpr_exp": [
            0.0026425423566251993,
            0.11330066621303558,
            0.08961015939712524,
            0.03267373889684677,
            0.007774932309985161,
            0.0423915833234787,
            0.030411671847105026,
            0.003105684882029891,
            0.0
        ],
        "er_exp": [
            0.007156597450375557,
            0.15119831264019012,
            0.06392917037010193,
            0.07777216285467148,
            0.01721254177391529,
            0.08361219614744186,
            0.023745432496070862,
            0.07030104100704193,
            0.0
        ],
        "opt_shap": [
            0.008062331937253475,
            0.08196377009153366,
            0.05980697274208069,
            0.03759508207440376,
            0.006873911712318659,
            0.032937925308942795,
            0.024148566648364067,
            0.008619051426649094
        ],