{
    "error": {
        "full": 28.049999237060547,
        "partial": 28.299999237060547,
        "mip": 28.5,
        "adv_deb": 28.400001525878906,
        "eo_cal": 28.60000228881836,
        "re_weigh": 29.100000381469727,
        "dp_exp": 30.05000114440918,
        "eo_exp": 29.899999618530273,
        "tpr_exp": 29.80000114440918,
        "er_exp": 37.95000076293945,
        "opt_shap": 28.450000762939453,
        "opt_objBI": 28.450000762939453
    },
    "objBI": {
        "full": [
            0.0066828615963459015,
            0.19063682854175568,
            0.013029932044446468
        ],
        "partial": [
            0.03135072439908981,
            0.1662338227033615,
            0.0017220136942341924
        ],
        "mip": [
            0.012484115548431873,
            0.18604505062103271,
            0.004849542398005724
        ],
        "adv_deb": [
            0.016726329922676086,
            0.19279049336910248,
            0.003020099364221096
        ],
        "eo_cal": [
            0.002729822648689151,
            0.10163021832704544,
            0.044623881578445435
        ],
        "re_weigh": [
            0.009109599515795708,
            0.19872494041919708,
            0.06767354160547256
        ],
        "dp_exp": [
            0.10092400759458542,
            0.047088801860809326,
            0.012392754666507244
        ],
        "eo_exp": [
            0.12025824189186096,
            0.0735374242067337,
            0.007523661945015192
        ],
        "tpr_exp": [
            0.10583087801933289,
            0.06350032240152359,
            0.003555938368663192
        ],
        "er_exp": [
            0.25479745864868164,
            0.14999353885650635,
            0.025820663198828697
        ],
        "opt_shap": [
            0.02854205295443535,
            0.17207282781600952,
            0.008784371428191662
        ],
        "opt_objBI": [
            0.028923898935317993,
            0.1760559380054474,
            0.008828388527035713
        ]
    },
    "shap": {
        "full": [
            0.0057584308087825775,
            0.19528105854988098,
            0.0
        ],
        "partial": [
            0.031863827258348465,
            0.1670818328857422
        ],
        "mip": [
            0.011571676470339298,
            0.19674280285835266
        ],
        "adv_deb": [
            0.01703493669629097,
            0.18849661946296692
        ],
        "eo_cal": [
            0.002468713326379657,
            0.1102457270026207
        ],
        "re_weigh": [
            0.008432703092694283,
            0.19664348661899567
        ],
        "dp_exp": [
            0.11754197627305984,
            0.05223871022462845
        ],
        "eo_exp": [
            0.13379329442977905,
            0.07879263162612915
        ],
        "tpr_exp": [
            0.12691308557987213,
            0.07730723917484283
        ],
        "er_exp": [
            0.2639520764350891,
            0.1516232192516327
        ],
        "opt_shap": [
            0.027806442230939865,
            0.1729373186826706
        ],
        "opt_objBI": [
            0.02786521427333355,
            0.1715468317270279
        ]
    },
    "di": {
        "full": 0.7262218320163886,
        "partial": 0.795131845841785,
        "mip": 0.7684206082863715,
        "adv_deb": 0.7838251226817922,
        "eo_cal": 0.7019607843137254,
        "re_weigh": 0.9630186958504332,
        "dp_exp": 0.9841403964900878,
        "eo_exp": 0.955392707026694,
        "tpr_exp": 0.9565046508581161,
        "er_exp": 0.9593979005743711,
        "opt_shap": 0.7873237943826179,
        "opt_objBI": 0.7873237943826179
    },
    "dd": {
        "full": -0.26204481792717094,
        "partial": -0.1939975990396159,
        "mip": -0.21952781112444986,
        "adv_deb": -0.20360144057623042,
        "eo_cal": -0.29803921568627456,
        "re_weigh": -0.03245298119247697,
        "dp_exp": -0.016606642657062798,
        "eo_exp": -0.049579831932773044,
        "tpr_exp": -0.035934373749499815,
        "er_exp": -0.010024009603841533,
        "opt_shap": -0.20074029611844735,
        "opt_objBI": -0.20074029611844735
    },
    "eqopp": {
        "full": -0.1887718762718763,
        "partial": -0.13596357346357346,
        "mip": -0.15547415547415544,
        "adv_deb": -0.1448158323158324,
        "eo_cal": -0.20512820512820518,
        "re_weigh": 0.006613756613756627,
        "dp_exp": -0.013278388278388231,
        "eo_exp": -0.016636141636141688,
        "tpr_exp": -0.02164733414733422,
        "er_exp": 0.019408831908831914,
        "opt_shap": -0.14585877085877086,
        "opt_objBI": -0.14585877085877086
    },
    "eqodd": {
        "full": 0.26362295112295114,
        "partial": 0.18914881414881413,
        "mip": 0.218519906019906,
        "adv_deb": 0.19794904169904173,
        "eo_cal": 0.3247863247863248,
        "re_weigh": 0.021073833573833578,
        "dp_exp": 0.01796814296814296,
        "eo_exp": 0.023064898064898073,
        "tpr_exp": 0.015437109187109208,
        "er_exp": 0.032463485588485635,
        "opt_shap": 0.1934200059200059,
        "opt_objBI": 0.1934200059200059
    }
}