{
    "error": {
        "full": 24.950000762939453,
        "partial": 25.35000228881836,
        "mip": 25.299999237060547,
        "adv_deb": 25.0,
        "eo_cal": 26.350000381469727,
        "re_weigh": 26.0,
        "dp_exp": 26.249998092651367,
        "eo_exp": 26.05000114440918,
        "tpr_exp": 24.950000762939453,
        "er_exp": 31.950000762939453,
        "opt_shap": 25.150001525878906,
        "opt_objBI": 25.150001525878906
    },
    "objBI": {
        "full": [
            0.01697302982211113,
            0.192922443151474,
            0.01201181672513485
        ],
        "partial": [
            0.0033833407796919346,
            0.21466268599033356,
            0.0032890490256249905
        ],
        "mip": [
            0.01021670177578926,
            0.20178750157356262,
            0.010228554718196392
        ],
        "adv_deb": [
            0.010254023596644402,
            0.21212920546531677,
            0.0013193112099543214
        ],
        "eo_cal": [
            0.018050137907266617,
            0.10685737431049347,
            0.05251073092222214
        ],
        "re_weigh": [
            0.013004956766963005,
            0.20493914186954498,
            0.08076606690883636
        ],
        "dp_exp": [
            0.15941937267780304,
            0.26636970043182373,
            0.0013326626503840089
        ],
        "eo_exp": [
            0.15321458876132965,
            0.3071233630180359,
            0.0008168749627657235
        ],
        "tpr_exp": [
            0.12889061868190765,
            0.28186875581741333,
            0.022053727880120277
        ],
        "er_exp": [
            0.10185099393129349,
            0.27028146386146545,
            0.022859077900648117
        ],
        "opt_shap": [
            0.015914756804704666,
            0.20786581933498383,
            0.01618530973792076
        ],
        "opt_objBI": [
            0.005916974972933531,
            0.20499438047409058,
            0.0015366491861641407
        ]
    },
    "shap": {
        "full": [
            0.013684552162885666,
            0.19066283106803894,
            0.0
        ],
        "partial": [
            0.0018820303957909346,
            0.20949450135231018
        ],
        "mip": [
            0.004626319278031588,
            0.20539987087249756
        ],
        "adv_deb": [
            0.012420590966939926,
            0.20561346411705017
        ],
        "eo_cal": [
            0.0006500386516563594,
            0.11439009010791779
        ],
        "re_weigh": [
            0.003863935824483633,
            0.20955608785152435
        ],
        "dp_exp": [
            0.16226373612880707,
            0.2738313674926758
        ],
        "eo_exp": [
            0.15855999290943146,
            0.2961962819099426
        ],
        "tpr_exp": [
            0.13627353310585022,
            0.2889658510684967
        ],
        "er_exp": [
            0.13687893748283386,
            0.2868737280368805
        ],
        "opt_shap": [
            0.005751052871346474,
            0.20489473640918732
        ],
        "opt_objBI": [
            0.005789755377918482,
            0.2037937343120575
        ]
    },
    "di": {
        "full": 0.7380709497439314,
        "partial": 0.7554302113756535,
        "mip": 0.7632915472100338,
        "adv_deb": 0.7700755062445932,
        "eo_cal": 0.7152641878669276,
        "re_weigh": 0.9281501413350729,
        "dp_exp": 0.9569471624266145,
        "eo_exp": 0.9547396718558495,
        "tpr_exp": 0.9288334604796179,
        "er_exp": 0.906795540599724,
        "opt_shap": 0.7602012980310457,
        "opt_objBI": 0.7602012980310457
    },
    "dd": {
        "full": -0.2517518478943809,
        "partial": -0.23156607798174322,
        "mip": -0.22484882683218677,
        "adv_deb": -0.2191100492638437,
        "eo_cal": -0.2847358121330724,
        "re_weigh": -0.06347472176533442,
        "dp_exp": -0.0220166560615338,
        "eo_exp": -0.04016744104146408,
        "tpr_exp": -0.0644431905042041,
        "er_exp": -0.06807494827496507,
        "opt_shap": -0.22778424757582671,
        "opt_objBI": -0.22778424757582671
    },
    "eqopp": {
        "full": -0.14284917411667275,
        "partial": -0.13222500412995297,
        "mip": -0.12385997206649979,
        "adv_deb": -0.11520745236608765,
        "eo_cal": -0.15347334410339253,
        "re_weigh": -0.03278860862420008,
        "dp_exp": -0.0006565016187271011,
        "eo_exp": -0.009596508956098093,
        "tpr_exp": -0.01935821603194121,
        "er_exp": -0.02316206364633011,
        "opt_shap": -0.12385997206649979,
        "opt_objBI": -0.12385997206649979
    },
    "eqodd": {
        "full": 0.25537826778621064,
        "partial": 0.22928868072502612,
        "mip": 0.2245878299814164,
        "adv_deb": 0.2200024027752688,
        "eo_cal": 0.3199128507117459,
        "re_weigh": 0.017326203953677094,
        "dp_exp": 0.014615165937672037,
        "eo_exp": 0.025118301226492362,
        "tpr_exp": 0.022802901784925667,
        "er_exp": 0.10426680293643834,
        "opt_shap": 0.2283099143486621,
        "opt_objBI": 0.2283099143486621
    }
}