{
    "error": {
        "full": 27.25,
        "partial": 27.200000762939453,
        "mip": 26.899999618530273,
        "adv_deb": 26.94999885559082,
        "eo_cal": 27.799999237060547,
        "re_weigh": 28.450000762939453,
        "dp_exp": 28.850000381469727,
        "eo_exp": 28.850000381469727,
        "tpr_exp": 28.549999237060547,
        "er_exp": 32.900001525878906,
        "opt_shap": 27.25,
        "opt_objBI": 27.299999237060547
    },
    "objBI": {
        "full": [
            0.018952971324324608,
            0.20238885283470154,
            0.028161071240901947
        ],
        "partial": [
            0.012455183081328869,
            0.17559009790420532,
            0.005786024034023285
        ],
        "mip": [
            0.00921888742595911,
            0.2119757980108261,
            0.0018514490220695734
        ],
        "adv_deb": [
            0.01324052270501852,
            0.2036447674036026,
            0.026661479845643044
        ],
        "eo_cal": [
            0.004861905239522457,
            0.10307220369577408,
            0.014053032733500004
        ],
        "re_weigh": [
            0.011978337541222572,
            0.21045279502868652,
            0.07668411731719971
        ],
        "dp_exp": [
            0.10031342506408691,
            0.1025744304060936,
            0.010453106835484505
        ],
        "eo_exp": [
            0.11038225144147873,
            0.11045417934656143,
            0.009031177498400211
        ],
        "tpr_exp": [
            0.09664273262023926,
            0.12867210805416107,
            0.002003533998504281
        ],
        "er_exp": [
            0.1003415435552597,
            0.21909697353839874,
            0.0011046800063923001
        ],
        "opt_shap": [
            0.00845036469399929,
            0.17906957864761353,
            0.00316063710488379
        ],
        "opt_objBI": [
            0.008338114246726036,
            0.1894812136888504,
            0.0033055036328732967
        ]
    },
    "shap": {
        "full": [
            0.010095530189573765,
            0.20779910683631897,
            0.0
        ],
        "partial": [
            0.011917398311197758,
            0.18053683638572693
        ],
        "mip": [
            0.009061910212039948,
            0.21294289827346802
        ],
        "adv_deb": [
            0.012656892649829388,
            0.2088855355978012
        ],
        "eo_cal": [
            0.003983159549534321,
            0.11196589469909668
        ],
        "re_weigh": [
            0.009752057492733002,
            0.21563535928726196
        ],
        "dp_exp": [
            0.11624442040920258,
            0.11849015206098557
        ],
        "eo_exp": [
            0.12640240788459778,
            0.1273551881313324
        ],
        "tpr_exp": [
            0.10305120795965195,
            0.14513921737670898
        ],
        "er_exp": [
            0.10548127442598343,
            0.22441528737545013
        ],
        "opt_shap": [
            0.008330093696713448,
            0.18539249897003174
        ],
        "opt_objBI": [
            0.007722216192632914,
            0.18637947738170624
        ]
    },
    "di": {
        "full": 0.7600300808422636,
        "partial": 0.7590038595460838,
        "mip": 0.7218537124220826,
        "adv_deb": 0.7858315915198566,
        "eo_cal": 0.7147208121827411,
        "re_weigh": 0.9239377174470996,
        "dp_exp": 0.948639463192523,
        "eo_exp": 0.9425453070353358,
        "tpr_exp": 0.9071076744386132,
        "er_exp": 0.8887211518502443,
        "opt_shap": 0.7506851476815445,
        "opt_objBI": 0.7499080409034061
    },
    "dd": {
        "full": -0.22342026956065109,
        "partial": -0.2298367132604836,
        "mip": -0.26444450001250275,
        "adv_deb": -0.2008751969193069,
        "eo_cal": -0.2852791878172589,
        "re_weigh": -0.06669500637643477,
        "dp_exp": -0.04710059763446783,
        "eo_exp": -0.053402015453477,
        "tpr_exp": -0.08039308844490012,
        "er_exp": -0.1076142131979696,
        "opt_shap": -0.2370333324998124,
        "opt_objBI": -0.2380185541746893
    },
    "eqopp": {
        "full": -0.14908100894396226,
        "partial": -0.1452955442728272,
        "mip": -0.17653097451120459,
        "adv_deb": -0.1259362074349092,
        "eo_cal": -0.1797004991680532,
        "re_weigh": -0.024605520362378064,
        "dp_exp": -0.019376446282759252,
        "eo_exp": -0.026260859150772697,
        "tpr_exp": -0.04282066307653487,
        "er_exp": -0.04362052962286511,
        "opt_shap": -0.15399355829401717,
        "opt_objBI": -0.15399355829401717
    },
    "eqodd": {
        "full": 0.21720928084328914,
        "partial": 0.23493020884527435,
        "mip": 0.26684868873239553,
        "adv_deb": 0.19634099401281324,
        "eo_cal": 0.3151106662506933,
        "re_weigh": 0.04457464836684302,
        "dp_exp": 0.030339712646467856,
        "eo_exp": 0.03538122071462685,
        "tpr_exp": 0.06492391218492616,
        "er_exp": 0.08670652706246285,
        "opt_shap": 0.24026813990650225,
        "opt_objBI": 0.24237784454785247
    }
}