{
    "error": {
        "full": 29.049999237060547,
        "partial": 29.0,
        "mip": 28.899999618530273,
        "adv_deb": 28.650001525878906,
        "eo_cal": 29.600000381469727,
        "re_weigh": 28.0,
        "dp_exp": 31.299999237060547,
        "eo_exp": 30.849998474121094,
        "tpr_exp": 30.950000762939453,
        "er_exp": 34.45000076293945,
        "opt_shap": 28.75,
        "opt_objBI": 28.75
    },
    "objBI": {
        "full": [
            0.022346319630742073,
            0.18568946421146393,
            0.015622974373400211
        ],
        "partial": [
            0.016744690015912056,
            0.19857624173164368,
            0.005602330435067415
        ],
        "mip": [
            0.017691265791654587,
            0.19645445048809052,
            0.006022311747074127
        ],
        "adv_deb": [
            0.020655173808336258,
            0.20568203926086426,
            0.020572582259774208
        ],
        "eo_cal": [
            0.0070540825836360455,
            0.10292696207761765,
            0.038231827318668365
        ],
        "re_weigh": [
            0.017730342224240303,
            0.19109615683555603,
            0.05806777998805046
        ],
        "dp_exp": [
            0.10327314585447311,
            0.1293821930885315,
            0.006570770405232906
        ],
        "eo_exp": [
            0.12159467488527298,
            0.1491859406232834,
            0.014915596693754196
        ],
        "tpr_exp": [
            0.1063636988401413,
            0.15390059351921082,
            0.029030166566371918
        ],
        "er_exp": [
            0.27806147933006287,
            0.2015955150127411,
            0.03025878593325615
        ],
        "opt_shap": [
            0.021729333326220512,
            0.1931232511997223,
            0.009735596366226673
        ],
        "opt_objBI": [
            0.020579105243086815,
            0.191032275557518,
            0.00603238632902503
        ]
    },
    "shap": {
        "full": [
            0.02123960852622986,
            0.1854274570941925,
            0.0
        ],
        "partial": [
            0.01622735895216465,
            0.1976936161518097
        ],
        "mip": [
            0.01686893031001091,
            0.19710694253444672
        ],
        "adv_deb": [
            0.02141791768372059,
            0.198309987783432
        ],
        "eo_cal": [
            0.005443358328193426,
            0.1080666109919548
        ],
        "re_weigh": [
            0.017259711399674416,
            0.19984398782253265
        ],
        "dp_exp": [
            0.10310066491365433,
            0.1218455359339714
        ],
        "eo_exp": [
            0.11608738452196121,
            0.14591100811958313
        ],
        "tpr_exp": [
            0.10601942241191864,
            0.14385809004306793
        ],
        "er_exp": [
            0.28598639369010925,
            0.20715615153312683
        ],
        "opt_shap": [
            0.019860168918967247,
            0.1916317194700241
        ],
        "opt_objBI": [
            0.020045829936861992,
            0.19303591549396515
        ]
    },
    "di": {
        "full": 0.7959810984128052,
        "partial": 0.8040323922510411,
        "mip": 0.8105341500752726,
        "adv_deb": 0.7690515597169023,
        "eo_cal": 0.7447864945382324,
        "re_weigh": 0.9759429985524668,
        "dp_exp": 0.9681490806325741,
        "eo_exp": 0.9646604205345192,
        "tpr_exp": 0.9531210330277057,
        "er_exp": 1.0244061354689833,
        "opt_shap": 0.8201725303070201,
        "opt_objBI": 0.8201725303070201
    },
    "dd": {
        "full": -0.19395150362367763,
        "partial": -0.18491606088698342,
        "mip": -0.17897176961671124,
        "adv_deb": -0.21978476945370318,
        "eo_cal": -0.2552135054617676,
        "re_weigh": -0.021174037527838863,
        "dp_exp": -0.02490922055180711,
        "eo_exp": -0.035748751688832736,
        "tpr_exp": -0.04577724308491116,
        "er_exp": 0.024117181741905358,
        "opt_shap": -0.1700483323682861,
        "opt_objBI": -0.1700483323682861
    },
    "eqopp": {
        "full": -0.1302187941162063,
        "partial": -0.12154808081977653,
        "mip": -0.11619067553184381,
        "adv_deb": -0.14359672053761097,
        "eo_cal": -0.16555183946488294,
        "re_weigh": 0.011053266770281844,
        "dp_exp": -0.004894254706099721,
        "eo_exp": -0.016940623204734773,
        "tpr_exp": -0.02226685489581337,
        "er_exp": 0.026933987681975857,
        "opt_shap": -0.10448498991311472,
        "opt_objBI": -0.10448498991311472
    },
    "eqodd": {
        "full": 0.18894499688836847,
        "partial": 0.17841129313271556,
        "mip": 0.17206510882615753,
        "adv_deb": 0.2184824718895697,
        "eo_cal": 0.2759299539622703,
        "re_weigh": 0.013993161300435236,
        "dp_exp": 0.01598096785461091,
        "eo_exp": 0.017598602737771224,
        "tpr_exp": 0.02646756710435952,
        "er_exp": 0.04587525688853494,
        "opt_shap": 0.1646109000566806,
        "opt_objBI": 0.1646109000566806
    }
}