{
    "error": {
        "full": 28.5,
        "partial": 28.549999237060547,
        "mip": 28.299999237060547,
        "adv_deb": 28.150001525878906,
        "eo_cal": 28.650001525878906,
        "re_weigh": 28.450000762939453,
        "dp_exp": 30.25,
        "eo_exp": 30.149999618530273,
        "tpr_exp": 30.450000762939453,
        "er_exp": 34.099998474121094,
        "opt_shap": 28.25,
        "opt_objBI": 28.150001525878906
    },
    "objBI": {
        "full": [
            0.004733516369014978,
            0.20785008370876312,
            0.010824332945048809
        ],
        "partial": [
            0.011111125349998474,
            0.21280084550380707,
            0.011100421659648418
        ],
        "mip": [
            0.001989495474845171,
            0.20384344458580017,
            0.0019884107168763876
        ],
        "adv_deb": [
            0.007946805097162724,
            0.22377344965934753,
            0.01747187413275242
        ],
        "eo_cal": [
            0.007183876354247332,
            0.1175200343132019,
            0.027193119749426842
        ],
        "re_weigh": [
            0.012736187316477299,
            0.22584575414657593,
            0.08260203152894974
        ],
        "dp_exp": [
            0.13740912079811096,
            0.18834882974624634,
            0.007072501350194216
        ],
        "eo_exp": [
            0.15486541390419006,
            0.22255723178386688,
            0.006436221767216921
        ],
        "tpr_exp": [
            0.13940121233463287,
            0.21441803872585297,
            0.022141670808196068
        ],
        "er_exp": [
            0.14529633522033691,
            0.2835575342178345,
            0.007208643946796656
        ],
        "opt_shap": [
            0.007631107233464718,
            0.21527954936027527,
            0.006796679925173521
        ],
        "opt_objBI": [
            0.006742760539054871,
            0.212494894862175,
            0.006001644767820835
        ]
    },
    "shap": {
        "full": [
            0.004227351397275925,
            0.2108335793018341,
            0.0
        ],
        "partial": [
            0.00036033400101587176,
            0.20764052867889404
        ],
        "mip": [
            6.696836499031633e-05,
            0.21721075475215912
        ],
        "adv_deb": [
            0.010144715197384357,
            0.21826587617397308
        ],
        "eo_cal": [
            0.006204245612025261,
            0.11743659526109695
        ],
        "re_weigh": [
            0.0022315671667456627,
            0.2197626680135727
        ],
        "dp_exp": [
            0.13060519099235535,
            0.15784747898578644
        ],
        "eo_exp": [
            0.1474536508321762,
            0.1871509701013565
        ],
        "tpr_exp": [
            0.13609936833381653,
            0.18650095164775848
        ],
        "er_exp": [
            0.1661238670349121,
            0.2896372675895691
        ],
        "opt_shap": [
            0.004302951507270336,
            0.2116868495941162
        ],
        "opt_objBI": [
            0.004271550104022026,
            0.21104338765144348
        ]
    },
    "di": {
        "full": 0.7033963745828152,
        "partial": 0.708708233098477,
        "mip": 0.7284850640113798,
        "adv_deb": 0.774557655800719,
        "eo_cal": 0.7055984555984556,
        "re_weigh": 0.9404243444527804,
        "dp_exp": 1.0050248882284476,
        "eo_exp": 0.9904325633139193,
        "tpr_exp": 0.980461765696665,
        "er_exp": 0.8780441035474592,
        "opt_shap": 0.6914074411293544,
        "opt_objBI": 0.6916731016731017
    },
    "dd": {
        "full": -0.27229689677822455,
        "partial": -0.2725572341754915,
        "mip": -0.2568689020971179,
        "adv_deb": -0.2107090789663404,
        "eo_cal": -0.2944015444015444,
        "re_weigh": -0.0521595988400968,
        "dp_exp": 0.0016461333888719842,
        "eo_exp": -0.005066566269885775,
        "tpr_exp": -0.01307694772425072,
        "er_exp": -0.09131033819830492,
        "opt_shap": -0.287784969320239,
        "opt_objBI": -0.28785706275332834
    },
    "eqopp": {
        "full": -0.1946583080288634,
        "partial": -0.20555718810200152,
        "mip": -0.18326966402194145,
        "adv_deb": -0.14568191465047187,
        "eo_cal": -0.19512195121951215,
        "re_weigh": -0.009396937342867395,
        "dp_exp": 0.002762268586541383,
        "eo_exp": 0.0020896594508112987,
        "tpr_exp": 0.006393051882326084,
        "er_exp": -0.017278871583896516,
        "opt_shap": -0.2096712051457864,
        "opt_objBI": -0.2093838769712998
    },
    "eqodd": {
        "full": 0.259391174439796,
        "partial": 0.25743012595331805,
        "mip": 0.24823476414534468,
        "adv_deb": 0.19542598091401403,
        "eo_cal": 0.3172759399803024,
        "re_weigh": 0.019585122129844118,
        "dp_exp": 0.026206818148913937,
        "eo_exp": 0.02022937988611477,
        "tpr_exp": 0.01792382080061558,
        "er_exp": 0.08208023979166432,
        "opt_shap": 0.2761142128600086,
        "opt_objBI": 0.2759705487727653
    }
}