{
    "error": {
        "full": 28.25,
        "partial": 28.049999237060547,
        "mip": 28.25,
        "adv_deb": 28.299999237060547,
        "eo_cal": 28.60000228881836,
        "re_weigh": 28.799999237060547,
        "dp_exp": 30.700000762939453,
        "eo_exp": 31.099998474121094,
        "tpr_exp": 29.80000114440918,
        "er_exp": 32.60000228881836,
        "opt_shap": 28.25,
        "opt_objBI": 28.150001525878906
    },
    "objBI": {
        "full": [
            0.01578948274254799,
            0.21288928389549255,
            0.004037570208311081
        ],
        "partial": [
            0.011733312159776688,
            0.2088768035173416,
            0.0003026251506526023
        ],
        "mip": [
            0.021432768553495407,
            0.21285445988178253,
            0.0002839896478690207
        ],
        "adv_deb": [
            0.022479871287941933,
            0.20038726925849915,
            0.011097269132733345
        ],
        "eo_cal": [
            0.01746187172830105,
            0.10507488995790482,
            0.03699328750371933
        ],
        "re_weigh": [
            0.02466573938727379,
            0.21912135183811188,
            0.061903953552246094
        ],
        "dp_exp": [
            0.19207166135311127,
            0.28521499037742615,
            0.04799995571374893
        ],
        "eo_exp": [
            0.188684344291687,
            0.27896904945373535,
            0.000734208500944078
        ],
        "tpr_exp": [
            0.14596004784107208,
            0.2840787470340729,
            0.0036479036789387465
        ],
        "er_exp": [
            0.10606454312801361,
            0.27904731035232544,
            0.010036162100732327
        ],
        "opt_shap": [
            0.016299491748213768,
            0.20325466990470886,
            0.005545570515096188
        ],
        "opt_objBI": [
            0.022109052166342735,
            0.21071523427963257,
            0.017583593726158142
        ]
    },
    "shap": {
        "full": [
            0.015147064812481403,
            0.2106543481349945,
            0.0
        ],
        "partial": [
            0.011591066606342793,
            0.20799729228019714
        ],
        "mip": [
            0.02145996131002903,
            0.21639443933963776
        ],
        "adv_deb": [
            0.02571757137775421,
            0.20918984711170197
        ],
        "eo_cal": [
            0.016737131401896477,
            0.1166205108165741
        ],
        "re_weigh": [
            0.023833725601434708,
            0.21852301061153412
        ],
        "dp_exp": [
            0.19679132103919983,
            0.2769666016101837
        ],
        "eo_exp": [
            0.20575737953186035,
            0.2903302013874054
        ],
        "tpr_exp": [
            0.15119096636772156,
            0.2825700044631958
        ],
        "er_exp": [
            0.12693792581558228,
            0.28741252422332764
        ],
        "opt_shap": [
            0.015358646400272846,
            0.20495426654815674
        ],
        "opt_objBI": [
            0.015167863108217716,
            0.20927996933460236
        ]
    },
    "di": {
        "full": 0.8036739085878254,
        "partial": 0.7785491603573392,
        "mip": 0.8118870346598203,
        "adv_deb": 0.81072763803759,
        "eo_cal": 0.7601626016260162,
        "re_weigh": 1.0018397212543553,
        "dp_exp": 1.0234730496264437,
        "eo_exp": 1.0256061265969802,
        "tpr_exp": 0.9734235895274719,
        "er_exp": 0.9170911487984659,
        "opt_shap": 0.7899002058690114,
        "opt_objBI": 0.7876844970166439
    },
    "dd": {
        "full": -0.18395909352794315,
        "partial": -0.20292394853082396,
        "mip": -0.17589302861532552,
        "adv_deb": -0.17865373535625118,
        "eo_cal": -0.23983739837398377,
        "re_weigh": 0.0015844056078355706,
        "dp_exp": 0.021093399910377064,
        "eo_exp": 0.024806350425709,
        "tpr_exp": -0.025302477434223203,
        "er_exp": -0.03536905447794636,
        "opt_shap": -0.19272933871070996,
        "opt_objBI": -0.19476185903591325
    },
    "eqopp": {
        "full": -0.11521405567639564,
        "partial": -0.14176235520258984,
        "mip": -0.11206940158834533,
        "adv_deb": -0.10688873151567269,
        "eo_cal": -0.14937106918238996,
        "re_weigh": 0.022847218709427186,
        "dp_exp": 0.04065708938236634,
        "eo_exp": 0.03746185104625077,
        "tpr_exp": 0.004362891395619406,
        "er_exp": 0.0028285025376431072,
        "opt_shap": -0.12964742779098581,
        "opt_objBI": -0.1354730470264892
    },
    "eqodd": {
        "full": 0.20112554635671637,
        "partial": 0.2110472056983575,
        "mip": 0.19010238917220584,
        "adv_deb": 0.19903823548963712,
        "eo_cal": 0.2772717414877467,
        "re_weigh": 0.013179675765952414,
        "dp_exp": 0.02154182693894817,
        "eo_exp": 0.024005929081142588,
        "tpr_exp": 0.04695645303510983,
        "er_exp": 0.07659943936114744,
        "opt_shap": 0.203361389502134,
        "opt_objBI": 0.202570495416182
    }
}