{
    "error": {
        "full": 32.67015838623047,
        "partial": 32.67015838623047,
        "mip": 32.04188537597656,
        "adv_deb": 30.99476432800293,
        "eo_cal": 37.48691177368164,
        "re_weigh": 32.77486801147461,
        "dp_exp": 42.40837860107422,
        "eo_exp": 41.98952865600586,
        "tpr_exp": 37.06806182861328,
        "er_exp": 34.76439666748047,
        "opt_shap": 31.832460403442383,
        "opt_objBI": 31.308900833129883
    },
    "objBI": {
        "full": [
            0.026392772793769836,
            0.11921536177396774,
            0.019590919837355614,
            0.015843285247683525,
            0.02016420289874077,
            0.13425713777542114,
            0.019111309200525284,
            0.05434824153780937
        ],
        "partial": [
            0.021647773683071136,
            0.12873269617557526,
            0.0066468678414821625,
            0.002818839158862829,
            0.010182397440075874,
            0.14966720342636108,
            0.010693737305700779,
            0.0011999465059489012
        ],
        "mip": [
            0.030684972181916237,
            0.12102130800485611,
            0.017295077443122864,
            0.017031213268637657,
            0.023284325376152992,
            0.13847053050994873,
            0.021512139588594437,
            0.01697273552417755
        ],
        "adv_deb": [
            0.024807298555970192,
            0.12633489072322845,
            0.015448672696948051,
            0.013194296509027481,
            0.01702200435101986,
            0.14948663115501404,
            0.01243404857814312,
            0.04171178489923477
        ],
        "eo_cal": [
            0.017456253990530968,
            0.061191920191049576,
            0.007613684516400099,
            0.007058293092995882,
            0.00940240640193224,
            0.07194329053163528,
            0.01152637880295515,
            0.10162841528654099
        ],
        "re_weigh": [
            0.0297487061470747,
            0.12248390167951584,
            0.01551814191043377,
            0.01435475330799818,
            0.02350574918091297,
            0.14318837225437164,
            0.022082697600126266,
            0.05175820365548134
        ],
        "dp_exp": [
            0.10144323110580444,
            0.145607590675354,
            0.032305240631103516,
            0.016266662627458572,
            0.050206784158945084,
            0.2554628252983093,
            0.10189557820558548,
            0.002512518083676696
        ],
        "eo_exp": [
            0.07382024079561234,
            0.1068967804312706,
            0.04443918541073799,
            0.03485597297549248,
            0.0652373805642128,
            0.3004693388938904,
            0.07378003001213074,
            0.006753802765160799
        ],
        "tpr_exp": [
            0.012683622539043427,
            0.07965090125799179,
            0.00959943700581789,
            0.0215474683791399,
            0.08277899026870728,
            0.29348528385162354,
            0.05248432233929634,
            0.007598551455885172
        ],
        "er_exp": [
            0.089775450527668,
            0.2956361174583435,
            0.039480239152908325,
            0.03964215889573097,
            0.05078945308923721,
            0.2854963541030884,
            0.046299248933792114,
            0.03987804055213928
        ],
        "opt_shap": [
            0.021049465984106064,
            0.12415893375873566,
            0.012380280531942844,
            0.008540314622223377,
            0.014771249145269394,
            0.13192126154899597,
            0.013484198600053787,
            0.0058329482562839985
        ],
        "opt_objBI": [
            0.025752168148756027,
            0.11910338699817657,
            0.02110886760056019,
            0.016338543966412544,
            0.020680418238043785,
            0.13711468875408173,
            0.021440209820866585,
            0.015784550458192825
        ]
    },
    "shap": {
        "full": [
            0.018716314807534218,
            0.11869306117296219,
            0.004146813414990902,
            0.0014365221140906215,
            0.007812111638486385,
            0.13228097558021545,
            0.009540176019072533,
            0.04952747002243996
        ],
        "partial": [
            0.020691173151135445,
            0.1316033899784088,
            0.00470557389780879,
            0.0014888719888404012,
            0.007024931721389294,
            0.14277413487434387,
            0.009321584366261959
        ],
        "mip": [
            0.023175161331892014,
            0.1167312040925026,
            0.0015374316135421395,
            0.00022088164405431598,
            0.008057508617639542,
            0.13587382435798645,
            0.010216420516371727
        ],
        "adv_deb": [
            0.020082388073205948,
            0.12496128678321838,
            0.004044886212795973,
            0.006149229593575001,
            0.009858577512204647,
            0.15275678038597107,
            0.013919258490204811,
            0.03895954415202141
        ],
        "eo_cal": [
            0.012678256258368492,
            0.061615873128175735,
            0.0008802289958111942,
            5.0998947699554265e-05,
            0.003659626469016075,
            0.08090239018201828,
            0.007001888006925583,
            0.10188833624124527
        ],
        "re_weigh": [
            0.02418341487646103,
            0.11842034757137299,
            0.0013539721257984638,
            0.00020315231813583523,
            0.008832649327814579,
            0.13632674515247345,
            0.011354451067745686,
            0.04766291007399559
        ],
        "dp_exp": [
            0.08169370889663696,
            0.14220644533634186,
            0.042632780969142914,
            0.010088642127811909,
            0.043429162353277206,
            0.25466838479042053,
            0.08805250376462936,
            0.0
        ],
        "eo_exp": [
            0.06644486635923386,
            0.14322838187217712,
            0.043091803789138794,
            0.024519938975572586,
            0.05822903290390968,
            0.2779700458049774,
            0.061654262244701385,
            0.0
        ],
        "tpr_exp": [
            0.043539583683013916,
            0.16898185014724731,
            0.002907483372837305,
            0.014809846878051758,
            0.06708405911922455,
            0.28807002305984497,
            0.06079215556383133,
            0.0
        ],
        "er_exp": [
            0.06860362738370895,
            0.2937988042831421,
            0.005226603243499994,
            0.004291277378797531,
            0.012771042063832283,
            0.2946953773498535,
            0.022248437628149986,
            0.0
        ],
        "opt_shap": [
            0.018674202263355255,
            0.1248362585902214,
            0.007540344260632992,
            0.0026667953934520483,
            0.01040701474994421,
            0.1299593448638916,
            0.009591767564415932
        ],
        "opt_objBI": [
            0.017768673598766327,
            0.12038249522447586,
            0.003925032913684845,
            0.0007324489997699857,
            0.007422893773764372,
            0.13458220660686493,
            0.011146878823637962
        ]
    },
    "di": {
        "full": 0.28295491423969615,
        "partial": 0.49996353718477904,
        "mip": 0.513971492656103,
        "adv_deb": 0.3836058737299701,
        "eo_cal": 0.1992619926199262,
        "re_weigh": 0.9442082464302904,
        "dp_exp": 1.084374112971899,
        "eo_exp": 0.9922349942923888,
        "tpr_exp": 0.8399639577791127,
        "er_exp": 0.5908203647253863,
        "opt_shap": 0.48401247960977467,
        "opt_objBI": 0.49723247232472323
    },