{
    "error": {
        "full": 27.950000762939453,
        "partial": 27.900001525878906,
        "mip": 27.64999771118164,
        "adv_deb": 27.350000381469727,
        "eo_cal": 28.400001525878906,
        "re_weigh": 27.399999618530273,
        "dp_exp": 28.349998474121094,
        "eo_exp": 27.950000762939453,
        "tpr_exp": 27.950000762939453,
        "er_exp": 34.5,
        "opt_shap": 27.900001525878906,
        "opt_objBI": 27.900001525878906
    },
    "objBI": {
        "full": [
            0.02619771659374237,
            0.14585332572460175,
            0.013469682075083256
        ],
        "partial": [
            0.009943540208041668,
            0.2004939764738083,
            0.010225700214505196
        ],
        "mip": [
            0.010431054048240185,
            0.1927460879087448,
            0.010441889986395836
        ],
        "adv_deb": [
            0.009791974909603596,
            0.2009807676076889,
            0.013597361743450165
        ],
        "eo_cal": [
            0.017374711111187935,
            0.09846486151218414,
            0.05589992180466652
        ],
        "re_weigh": [
            0.005031290929764509,
            0.20187503099441528,
            0.0695386528968811
        ],
        "dp_exp": [
            0.14923858642578125,
            0.2767699062824249,
            0.007398834452033043
        ],
        "eo_exp": [
            0.13488568365573883,
            0.27793392539024353,
            0.0016032502753660083
        ],
        "tpr_exp": [
            0.11978163570165634,
            0.2926029860973358,
            0.016786795109510422
        ],
        "er_exp": [
            0.1381104439496994,
            0.2902159094810486,
            0.01436338946223259
        ],
        "opt_shap": [
            0.009474405087530613,
            0.1958608329296112,
            0.006030307151377201
        ],
        "opt_objBI": [
            0.012136326171457767,
            0.1930694282054901,
            0.011543525382876396
        ]
    },
    "shap": {
        "full": [
            0.024807140231132507,
            0.149225652217865,
            0.0
        ],
        "partial": [
            0.0033534332178533077,
            0.19446566700935364
        ],
        "mip": [
            0.001844460261054337,
            0.19421446323394775
        ],
        "adv_deb": [
            0.020228520035743713,
            0.1987139880657196
        ],
        "eo_cal": [
            0.0018273856258019805,
            0.10167177766561508
        ],
        "re_weigh": [
            0.00419893953949213,
            0.19815997779369354
        ],
        "dp_exp": [
            0.14307647943496704,
            0.26594915986061096
        ],
        "eo_exp": [
            0.14033310115337372,
            0.2863350808620453
        ],
        "tpr_exp": [
            0.1183282658457756,
            0.2684224843978882
        ],
        "er_exp": [
            0.1608564704656601,
            0.32601505517959595
        ],
        "opt_shap": [
            0.007489250507205725,
            0.18953338265419006
        ],
        "opt_objBI": [
            0.007470485754311085,
            0.18898539245128632
        ]
    },
    "di": {
        "full": 0.7514991187045414,
        "partial": 0.7565039332023326,
        "mip": 0.7717467744775428,
        "adv_deb": 0.8021856540717779,
        "eo_cal": 0.7128412537917088,
        "re_weigh": 0.9537143212205772,
        "dp_exp": 0.9632262072338204,
        "eo_exp": 0.9518233906302663,
        "tpr_exp": 0.9242061382099648,
        "er_exp": 0.96203027826641,
        "opt_shap": 0.7602944893832153,
        "opt_objBI": 0.7602944893832153
    },
    "dd": {
        "full": -0.2440765332605246,
        "partial": -0.22976780190403046,
        "mip": -0.21651319809696978,
        "adv_deb": -0.18450932562840106,
        "eo_cal": -0.2871587462082912,
        "re_weigh": -0.04097495796991435,
        "dp_exp": -0.0315228142605255,
        "eo_exp": -0.044821423392230386,
        "tpr_exp": -0.07256077985436238,
        "er_exp": -0.04018686261037585,
        "opt_shap": -0.22761354123848987,
        "opt_objBI": -0.22761354123848987
    },
    "eqopp": {
        "full": -0.15431389947283258,
        "partial": -0.15936374549819932,
        "mip": -0.14449257964055184,
        "adv_deb": -0.11555491761922165,
        "eo_cal": -0.18877551020408168,
        "re_weigh": -0.007911860396332515,
        "dp_exp": 0.0014353567513962773,
        "eo_exp": -0.007489952502740205,
        "tpr_exp": -0.023257128938531935,
        "er_exp": 0.044435165370495966,
        "opt_shap": -0.15341788889468833,
        "opt_objBI": -0.15341788889468833
    },
    "eqodd": {
        "full": 0.2563813777493534,
        "partial": 0.21990990528784013,
        "mip": 0.20811295503496846,
        "adv_deb": 0.16994246115091916,
        "eo_cal": 0.3100984782940608,
        "re_weigh": 0.007473337553141252,
        "dp_exp": 0.004841416469450674,
        "eo_exp": 0.02036391098281974,
        "tpr_exp": 0.05181116897053252,
        "er_exp": 0.014016019950732483,
        "opt_shap": 0.22192995306118074,
        "opt_objBI": 0.22192995306118074
    }
}