{
    "error": {
        "full": 27.100000381469727,
        "partial": 27.25,
        "mip": 26.94999885559082,
        "adv_deb": 27.05000114440918,
        "eo_cal": 27.700000762939453,
        "re_weigh": 27.849998474121094,
        "dp_exp": 28.75,
        "eo_exp": 28.60000228881836,
        "tpr_exp": 29.350000381469727,
        "er_exp": 33.099998474121094,
        "opt_shap": 27.000001907348633,
        "opt_objBI": 27.000001907348633
    },
    "objBI": {
        "full": [
            0.03803655132651329,
            0.14846545457839966,
            0.03900766745209694
        ],
        "partial": [
            0.007718417327851057,
            0.19783590734004974,
            0.005776767618954182
        ],
        "mip": [
            0.013033146969974041,
            0.20723854005336761,
            0.00422374764457345
        ],
        "adv_deb": [
            0.011895889416337013,
            0.20101794600486755,
            0.00428826455026865
        ],
        "eo_cal": [
            0.007975436747074127,
            0.10338713228702545,
            0.04441259056329727
        ],
        "re_weigh": [
            0.010848065838217735,
            0.20596905052661896,
            0.06606057286262512
        ],
        "dp_exp": [
            0.10484224557876587,
            0.08867590129375458,
            0.016750039532780647
        ],
        "eo_exp": [
            0.12904222309589386,
            0.12669073045253754,
            0.011169151403009892
        ],
        "tpr_exp": [
            0.10681265592575073,
            0.1471295952796936,
            0.019286146387457848
        ],
        "er_exp": [
            0.2442885786294937,
            0.17421475052833557,
            0.00332476943731308
        ],
        "opt_shap": [
            0.015274778008460999,
            0.20031742751598358,
            0.013424918055534363
        ],
        "opt_objBI": [
            0.012074654921889305,
            0.20068271458148956,
            0.007661841809749603
        ]
    },
    "shap": {
        "full": [
            0.03749980032444,
            0.15510636568069458,
            0.0
        ],
        "partial": [
            0.006373461801558733,
            0.2041533887386322
        ],
        "mip": [
            0.012463973835110664,
            0.19777780771255493
        ],
        "adv_deb": [
            0.012796142138540745,
            0.20345859229564667
        ],
        "eo_cal": [
            0.007548764813691378,
            0.1054246723651886
        ],
        "re_weigh": [
            0.009487740695476532,
            0.20140422880649567
        ],
        "dp_exp": [
            0.12305720150470734,
            0.1003054678440094
        ],
        "eo_exp": [
            0.13547638058662415,
            0.12377053499221802
        ],
        "tpr_exp": [
            0.11161953955888748,
            0.15350396931171417
        ],
        "er_exp": [
            0.2319762259721756,
            0.17266851663589478
        ],
        "opt_shap": [
            0.010576997883617878,
            0.1995968520641327
        ],
        "opt_objBI": [
            0.01057430449873209,
            0.19955402612686157
        ]
    },
    "di": {
        "full": 0.697483180709971,
        "partial": 0.7527514543747399,
        "mip": 0.7725306320006611,
        "adv_deb": 0.7455134596211366,
        "eo_cal": 0.6929212362911267,
        "re_weigh": 0.9646785734885074,
        "dp_exp": 0.9699338109020954,
        "eo_exp": 0.9476304420073114,
        "tpr_exp": 0.9069188928286335,
        "er_exp": 0.8999512761151572,
        "opt_shap": 0.7674246078967398,
        "opt_objBI": 0.7674246078967398
    },
    "dd": {
        "full": -0.2888625997633979,
        "partial": -0.22988906900162098,
        "mip": -0.21195490759416835,
        "adv_deb": -0.2358531226781041,
        "eo_cal": -0.3070787637088733,
        "re_weigh": -0.03000727006543058,
        "dp_exp": -0.026379237413136747,
        "eo_exp": -0.04428339855058694,
        "tpr_exp": -0.08122673104057931,
        "er_exp": -0.08610477494297453,
        "opt_shap": -0.21694595251357263,
        "opt_objBI": -0.21694595251357263
    },
    "eqopp": {
        "full": -0.19854371438899698,
        "partial": -0.15808272941662505,
        "mip": -0.14073984817447882,
        "adv_deb": -0.1617707813333792,
        "eo_cal": -0.1960132890365448,
        "re_weigh": -0.016568261236293513,
        "dp_exp": -0.009648322517342933,
        "eo_exp": -0.026991203759489157,
        "tpr_exp": -0.04413612655569521,
        "er_exp": -0.0006326063381130176,
        "opt_shap": -0.14406210731069147,
        "opt_objBI": -0.14406210731069147
    },
    "eqodd": {
        "full": 0.28794461973259766,
        "partial": 0.21513446529019115,
        "mip": 0.1964879623249784,
        "adv_deb": 0.22001534356222852,
        "eo_cal": 0.3349143751915891,
        "re_weigh": 0.04337418326430914,
        "dp_exp": 0.010493321690924179,
        "eo_exp": 0.023562884737654485,
        "tpr_exp": 0.06798168823680867,
        "er_exp": 0.05276722457288785,
        "opt_shap": 0.20286507970134185,
        "opt_objBI": 0.20286507970134185
    }
}