{
    "error": {
        "full": 26.19999885559082,
        "partial": 26.30000114440918,
        "mip": 26.249998092651367,
        "adv_deb": 26.499998092651367,
        "eo_cal": 26.649999618530273,
        "re_weigh": 27.399999618530273,
        "dp_exp": 29.80000114440918,
        "eo_exp": 35.849998474121094,
        "tpr_exp": 28.899999618530273,
        "er_exp": 38.20000076293945,
        "opt_shap": 26.30000114440918,
        "opt_objBI": 26.30000114440918
    },
    "objBI": {
        "full": [
            0.007361779920756817,
            0.20407482981681824,
            0.003297708695754409
        ],
        "partial": [
            0.010204743593931198,
            0.2010130137205124,
            0.006226184777915478
        ],
        "mip": [
            0.008976313285529613,
            0.2208298295736313,
            0.005369278602302074
        ],
        "adv_deb": [
            0.017212186008691788,
            0.21176160871982574,
            0.01850566826760769
        ],
        "eo_cal": [
            0.006928733084350824,
            0.11590813100337982,
            0.05112381651997566
        ],
        "re_weigh": [
            0.008813568390905857,
            0.20783361792564392,
            0.07661554217338562
        ],
        "dp_exp": [
            0.06950454413890839,
            0.06307698786258698,
            0.004991483874619007
        ],
        "eo_exp": [
            0.07196807116270065,
            0.0699211061000824,
            0.008934593759477139
        ],
        "tpr_exp": [
            0.05403977632522583,
            0.09327246248722076,
            0.016986193135380745
        ],
        "er_exp": [
            0.19301307201385498,
            0.18240053951740265,
            0.028973331674933434
        ],
        "opt_shap": [
            0.012194064445793629,
            0.201191708445549,
            0.010352164506912231
        ],
        "opt_objBI": [
            0.014441166073083878,
            0.19597095251083374,
            0.013789389282464981
        ]
    },
    "shap": {
        "full": [
            0.007435888051986694,
            0.20620475709438324,
            0.0
        ],
        "partial": [
            0.008061807602643967,
            0.19987231492996216
        ],
        "mip": [
            0.007231122814118862,
            0.20939548313617706
        ],
        "adv_deb": [
            0.02028871513903141,
            0.2103113979101181
        ],
        "eo_cal": [
            0.005180365405976772,
            0.11713656783103943
        ],
        "re_weigh": [
            0.0069803521037101746,
            0.2100728452205658
        ],
        "dp_exp": [
            0.06705333292484283,
            0.06969939917325974
        ],
        "eo_exp": [
            0.08336067199707031,
            0.1209138035774231
        ],
        "tpr_exp": [
            0.053882770240306854,
            0.0795389860868454
        ],
        "er_exp": [
            0.18890677392482758,
            0.1905437558889389
        ],
        "opt_shap": [
            0.007701190188527107,
            0.20373481512069702
        ],
        "opt_objBI": [
            0.0076370579190552235,
            0.2046767920255661
        ]
    },
    "di": {
        "full": 0.7567591215329426,
        "partial": 0.7726345415724187,
        "mip": 0.7670381551220463,
        "adv_deb": 0.8167133026109754,
        "eo_cal": 0.7179980750721848,
        "re_weigh": 0.9668696493093919,
        "dp_exp": 0.9672447740726061,
        "eo_exp": 0.9893215238605768,
        "tpr_exp": 0.9445445239069707,
        "er_exp": 0.9020900913746598,
        "opt_shap": 0.7599076543440194,
        "opt_objBI": 0.7599076543440194
    },
    "dd": {
        "full": -0.23109149015652808,
        "partial": -0.21553582999742615,
        "mip": -0.2201137930792736,
        "adv_deb": -0.17279682396925733,
        "eo_cal": -0.2820019249278152,
        "re_weigh": -0.028889941601175417,
        "dp_exp": -0.019036955208872608,
        "eo_exp": -0.013356314955046633,
        "tpr_exp": -0.054416767903981866,
        "er_exp": -0.06792030678662253,
        "opt_shap": -0.22685104043249782,
        "opt_objBI": -0.22685104043249782
    },
    "eqopp": {
        "full": -0.13998717450038378,
        "partial": -0.1262933254838472,
        "mip": -0.12834750796337369,
        "adv_deb": -0.0997613616055002,
        "eo_cal": -0.16535433070866146,
        "re_weigh": 0.020400954553577932,
        "dp_exp": 0.015232908970490788,
        "eo_exp": 0.007321047485886689,
        "tpr_exp": -0.026634988383461455,
        "er_exp": 0.02251611071980486,
        "opt_shap": -0.13464672056179894,
        "opt_objBI": -0.13464672056179894
    },
    "eqodd": {
        "full": 0.233033004399454,
        "partial": 0.21752271355455205,
        "mip": 0.22237943304015872,
        "adv_deb": 0.16635742281657412,
        "eo_cal": 0.31535043268106344,
        "re_weigh": 0.024281366497786533,
        "dp_exp": 0.04392996023776188,
        "eo_exp": 0.01762780210833792,
        "tpr_exp": 0.05184729056759473,
        "er_exp": 0.07975125892190688,
        "opt_shap": 0.22924191062650007,
        "opt_objBI": 0.22924191062650007
    }
}