{
    "error": {
        "full": 27.100000381469727,
        "partial": 27.149999618530273,
        "mip": 26.80000114440918,
        "adv_deb": 26.69999885559082,
        "eo_cal": 27.5,
        "re_weigh": 27.849998474121094,
        "dp_exp": 29.499998092651367,
        "eo_exp": 28.450000762939453,
        "tpr_exp": 28.200000762939453,
        "er_exp": 32.79999923706055,
        "opt_shap": 27.399999618530273,
        "opt_objBI": 27.399999618530273
    },
    "objBI": {
        "full": [
            0.02826574072241783,
            0.18261009454727173,
            0.018901977688074112
        ],
        "partial": [
            0.018048368394374847,
            0.17816245555877686,
            0.004739213269203901
        ],
        "mip": [
            0.01486707478761673,
            0.21266432106494904,
            0.014920876361429691
        ],
        "adv_deb": [
            0.01452100370079279,
            0.20766201615333557,
            0.018447494134306908
        ],
        "eo_cal": [
            0.0007127838907763362,
            0.09831533581018448,
            0.043720394372940063
        ],
        "re_weigh": [
            0.012251968495547771,
            0.2145605981349945,
            0.06547779589891434
        ],
        "dp_exp": [
            0.15589264035224915,
            0.2806817889213562,
            0.023787351325154305
        ],
        "eo_exp": [
            0.17257016897201538,
            0.3104361891746521,
            0.0047849444672465324
        ],
        "tpr_exp": [
            0.11818734556436539,
            0.310159295797348,
            0.014579071663320065
        ],
        "er_exp": [
            0.12647783756256104,
            0.3015909790992737,
            0.03958801180124283
        ],
        "opt_shap": [
            0.023258715867996216,
            0.1935936063528061,
            0.0031398464925587177
        ],
        "opt_objBI": [
            0.02522926777601242,
            0.18069350719451904,
            0.016561446711421013
        ]
    },
    "shap": {
        "full": [
            0.027863923460245132,
            0.18473058938980103,
            0.0
        ],
        "partial": [
            0.017978474497795105,
            0.18056468665599823
        ],
        "mip": [
            0.005751214921474457,
            0.21075692772865295
        ],
        "adv_deb": [
            0.021234627813100815,
            0.20865465700626373
        ],
        "eo_cal": [
            0.00048483532737009227,
            0.10592996329069138
        ],
        "re_weigh": [
            0.01040129829198122,
            0.21778365969657898
        ],
        "dp_exp": [
            0.16030758619308472,
            0.2832547724246979
        ],
        "eo_exp": [
            0.17681778967380524,
            0.30397865176200867
        ],
        "tpr_exp": [
            0.12508149445056915,
            0.28439202904701233
        ],
        "er_exp": [
            0.15339316427707672,
            0.3215591311454773
        ],
        "opt_shap": [
            0.021958831697702408,
            0.1848711520433426
        ],
        "opt_objBI": [
            0.02214457280933857,
            0.1847357600927353
        ]
    },
    "di": {
        "full": 0.7892760416887415,
        "partial": 0.7730407340307405,
        "mip": 0.7723298691740581,
        "adv_deb": 0.6833031383320671,
        "eo_cal": 0.7510373443983402,
        "re_weigh": 0.9502760914418517,
        "dp_exp": 0.9501684872530081,
        "eo_exp": 0.9550256750988942,
        "tpr_exp": 0.9035387711491674,
        "er_exp": 0.8918194330036684,
        "opt_shap": 0.7480356669903769,
        "opt_objBI": 0.7480356669903769
    },
    "dd": {
        "full": -0.19913007257405602,
        "partial": -0.2177582146461814,
        "mip": -0.2155833960813215,
        "adv_deb": -0.3038577997084221,
        "eo_cal": -0.24896265560165975,
        "re_weigh": -0.043532418013745744,
        "dp_exp": -0.05630897643345778,
        "eo_exp": -0.039971803457280575,
        "tpr_exp": -0.10026594466428485,
        "er_exp": -0.07098399525785415,
        "opt_shap": -0.24004710104295168,
        "opt_objBI": -0.24004710104295168
    },
    "eqopp": {
        "full": -0.1324471818077072,
        "partial": -0.14754527647718108,
        "mip": -0.14032617917858148,
        "adv_deb": -0.21454294064041723,
        "eo_cal": -0.1520661157024793,
        "re_weigh": -0.01894017953471816,
        "dp_exp": -0.027870827179503288,
        "eo_exp": -0.021037195319946855,
        "tpr_exp": -0.04781656872911633,
        "er_exp": -0.037436235846190824,
        "opt_shap": -0.166001529292231,
        "opt_objBI": -0.166001529292231
    },
    "eqodd": {
        "full": 0.20150152217943917,
        "partial": 0.2246133676601732,
        "mip": 0.22139288896452336,
        "adv_deb": 0.3153449537931936,
        "eo_cal": 0.282161191555975,
        "re_weigh": 0.01729659840020109,
        "dp_exp": 0.040589379218973834,
        "eo_exp": 0.028817442119138045,
        "tpr_exp": 0.08841570987343642,
        "er_exp": 0.05810179294190698,
        "opt_shap": 0.24789876065391947,
        "opt_objBI": 0.24789876065391947
    }
}