{
    "error": {
        "full": 25.700000762939453,
        "partial": 25.450000762939453,
        "mip": 25.650001525878906,
        "adv_deb": 25.25,
        "eo_cal": 25.75,
        "re_weigh": 26.649999618530273,
        "dp_exp": 27.25,
        "eo_exp": 27.549999237060547,
        "tpr_exp": 26.55000114440918,
        "er_exp": 31.75,
        "opt_shap": 25.299999237060547,
        "opt_objBI": 25.549999237060547
    },
    "objBI": {
        "full": [
            0.0053957863710820675,
            0.20063765347003937,
            0.00808287039399147
        ],
        "partial": [
            0.0052170963026583195,
            0.20676638185977936,
            0.0019272397039458156
        ],
        "mip": [
            0.003659580135717988,
            0.2107543796300888,
            0.0034921260084956884
        ],
        "adv_deb": [
            0.006025282200425863,
            0.21785588562488556,
            0.01577327400445938
        ],
        "eo_cal": [
            0.00483865849673748,
            0.11270833760499954,
            0.045834980905056
        ],
        "re_weigh": [
            0.023016178980469704,
            0.2074301540851593,
            0.08187735825777054
        ],
        "dp_exp": [
            0.1600130945444107,
            0.2728014886379242,
            0.008486076258122921
        ],
        "eo_exp": [
            0.15228456258773804,
            0.28660956025123596,
            0.006554694380611181
        ],
        "tpr_exp": [
            0.12818321585655212,
            0.30821675062179565,
            0.028321627527475357
        ],
        "er_exp": [
            0.14095526933670044,
            0.31660589575767517,
            0.02246772311627865
        ],
        "opt_shap": [
            0.010706295259296894,
            0.20623427629470825,
            0.00977669470012188
        ],
        "opt_objBI": [
            0.005411781370639801,
            0.2128523588180542,
            0.0012283774558454752
        ]
    },
    "shap": {
        "full": [
            0.00533619150519371,
            0.2015291452407837,
            0.0
        ],
        "partial": [
            0.004859459586441517,
            0.21037991344928741
        ],
        "mip": [
            0.0016173922922462225,
            0.21080325543880463
        ],
        "adv_deb": [
            0.01731904223561287,
            0.21123358607292175
        ],
        "eo_cal": [
            0.002804806223139167,
            0.1160619780421257
        ],
        "re_weigh": [
            0.004074889235198498,
            0.21188536286354065
        ],
        "dp_exp": [
            0.16549693048000336,
            0.2746722996234894
        ],
        "eo_exp": [
            0.1611906737089157,
            0.2876865267753601
        ],
        "tpr_exp": [
            0.1313852220773697,
            0.2887837886810303
        ],
        "er_exp": [
            0.16450166702270508,
            0.3585885763168335
        ],
        "opt_shap": [
            0.0070844125002622604,
            0.20461216568946838
        ],
        "opt_objBI": [
            0.0051330337300896645,
            0.20555901527404785
        ]
    },
    "di": {
        "full": 0.7095738626537922,
        "partial": 0.7286776471973573,
        "mip": 0.7413319623440552,
        "adv_deb": 0.7995196114659768,
        "eo_cal": 0.6840521564694082,
        "re_weigh": 0.9541019848536435,
        "dp_exp": 0.9742967641663731,
        "eo_exp": 0.9524827253378761,
        "tpr_exp": 0.9070654586710951,
        "er_exp": 0.9571822262905221,
        "opt_shap": 0.7327007144736194,
        "opt_objBI": 0.7400592582344736
    },
    "dd": {
        "full": -0.27710649395844555,
        "partial": -0.2580673226059035,
        "mip": -0.24603121428092856,
        "adv_deb": -0.18988670898038085,
        "eo_cal": -0.3159478435305918,
        "re_weigh": -0.03990335913023213,
        "dp_exp": -0.025711231401082557,
        "eo_exp": -0.048732438591947314,
        "tpr_exp": -0.07679869118822069,
        "er_exp": -0.05971653744883709,
        "opt_shap": -0.25504029536265826,
        "opt_objBI": -0.24801923217308952
    },
    "eqopp": {
        "full": -0.1800020841378719,
        "partial": -0.16238703257589227,
        "mip": -0.1558403877313751,
        "adv_deb": -0.10135857183430697,
        "eo_cal": -0.19803600654664488,
        "re_weigh": 0.009303019343660068,
        "dp_exp": 0.001865507722548121,
        "eo_exp": -0.0021004840512371947,
        "tpr_exp": -0.03672169199302833,
        "er_exp": 0.014617570916877654,
        "opt_shap": -0.15545216597093248,
        "opt_objBI": -0.1538155047598032
    },
    "eqodd": {
        "full": 0.2820058643128184,
        "partial": 0.260475822756935,
        "mip": 0.24683980603415828,
        "adv_deb": 0.18992157802201162,
        "eo_cal": 0.3503133400608872,
        "re_weigh": 0.0165275677439585,
        "dp_exp": 0.0238806273718197,
        "eo_exp": 0.0008586645338126697,
        "tpr_exp": 0.04466342623618205,
        "er_exp": 0.07156181925858404,
        "opt_shap": 0.2606635477163953,
        "opt_objBI": 0.25207319638544207
    }
}