{
    "error": {
        "full": 26.149999618530273,
        "partial": 26.19999885559082,
        "mip": 26.19999885559082,
        "adv_deb": 26.600000381469727,
        "eo_cal": 27.399999618530273,
        "re_weigh": 27.000001907348633,
        "dp_exp": 29.30000114440918,
        "eo_exp": 28.799999237060547,
        "tpr_exp": 28.899999618530273,
        "er_exp": 37.95000076293945,
        "opt_shap": 26.100000381469727,
        "opt_objBI": 26.100000381469727
    },
    "objBI": {
        "full": [
            0.015173557214438915,
            0.19161087274551392,
            0.004574689548462629
        ],
        "partial": [
            0.016996491700410843,
            0.2032250314950943,
            0.013285904191434383
        ],
        "mip": [
            0.012708768248558044,
            0.19785121083259583,
            0.0035312806721776724
        ],
        "adv_deb": [
            0.021057235077023506,
            0.19512693583965302,
            0.004159719217568636
        ],
        "eo_cal": [
            0.006170154549181461,
            0.09596418589353561,
            0.02794964239001274
        ],
        "re_weigh": [
            0.01690290868282318,
            0.19207949936389923,
            0.06395725160837173
        ],
        "dp_exp": [
            0.036240726709365845,
            0.03486395999789238,
            0.000942762300837785
        ],
        "eo_exp": [
            0.07469059526920319,
            0.059150662273168564,
            0.010728912428021431
        ],
        "tpr_exp": [
            0.06937667727470398,
            0.17650693655014038,
            0.01153050921857357
        ],
        "er_exp": [
            0.10847809165716171,
            0.16762377321720123,
            0.014902977272868156
        ],
        "opt_shap": [
            0.018150918185710907,
            0.195659801363945,
            0.010070485062897205
        ],
        "opt_objBI": [
            0.01656760834157467,
            0.18758897483348846,
            0.005550759378820658
        ]
    },
    "shap": {
        "full": [
            0.015407564118504524,
            0.1906767189502716,
            0.0
        ],
        "partial": [
            0.014509434811770916,
            0.19503530859947205
        ],
        "mip": [
            0.013032537885010242,
            0.19686929881572723
        ],
        "adv_deb": [
            0.02600216679275036,
            0.1943810135126114
        ],
        "eo_cal": [
            0.0054092747159302235,
            0.10050573945045471
        ],
        "re_weigh": [
            0.016015907749533653,
            0.19728821516036987
        ],
        "dp_exp": [
            0.045300185680389404,
            0.0402984544634819
        ],
        "eo_exp": [
            0.08891453593969345,
            0.06625603139400482
        ],
        "tpr_exp": [
            0.0709146037697792,
            0.16937994956970215
        ],
        "er_exp": [
            0.12103495746850967,
            0.18123754858970642
        ],
        "opt_shap": [
            0.015023795887827873,
            0.1900724172592163
        ],
        "opt_objBI": [
            0.01567048393189907,
            0.19191575050354004
        ]
    },
    "di": {
        "full": 0.8123759336675583,
        "partial": 0.8151718033127106,
        "mip": 0.8087615401149697,
        "adv_deb": 0.7923873496866253,
        "eo_cal": 0.7759838546922301,
        "re_weigh": 0.990552258461749,
        "dp_exp": 0.989013596808908,
        "eo_exp": 0.977819141828069,
        "tpr_exp": 0.9273361131238415,
        "er_exp": 0.9749599293214604,
        "opt_shap": 0.8179388555577604,
        "opt_objBI": 0.8153845828388411
    },
    "dd": {
        "full": -0.1757232335819201,
        "partial": -0.17457014018135464,
        "mip": -0.18062463059507816,
        "adv_deb": -0.19300363329429682,
        "eo_cal": -0.22401614530776992,
        "re_weigh": -0.008286671220368858,
        "dp_exp": -0.002594210131020569,
        "eo_exp": -0.018162471160163896,
        "tpr_exp": -0.06319211856160345,
        "er_exp": -0.042196417909850736,
        "opt_shap": -0.17249797233575925,
        "opt_objBI": -0.1745521387232365
    },
    "eqopp": {
        "full": -0.1216023942694534,
        "partial": -0.12044123900173354,
        "mip": -0.12518807444477154,
        "adv_deb": -0.14175089130932528,
        "eo_cal": -0.1392405063291139,
        "re_weigh": 0.014228240604454934,
        "dp_exp": -0.008520590063127664,
        "eo_exp": -0.007837798057109269,
        "tpr_exp": -0.015544761717855682,
        "er_exp": 0.02131782945736438,
        "opt_shap": -0.11827838288686088,
        "opt_objBI": -0.1201509501848036
    },
    "eqodd": {
        "full": 0.16847618083649876,
        "partial": 0.16944245319967555,
        "mip": 0.17599414390169593,
        "adv_deb": 0.18330951191436748,
        "eo_cal": 0.2562497796269525,
        "re_weigh": 0.01793614365314314,
        "dp_exp": 0.020875277027906033,
        "eo_exp": 0.003192844385157642,
        "tpr_exp": 0.08850812707981438,
        "er_exp": 0.05480527843823538,
        "opt_shap": 0.167703169396373,
        "opt_objBI": 0.16929730879121058
    }
}