{
    "error": {
        "full": 27.700000762939453,
        "partial": 27.64999771118164,
        "mip": 27.75,
        "adv_deb": 26.850000381469727,
        "eo_cal": 27.5,
        "re_weigh": 27.5,
        "dp_exp": 29.649999618530273,
        "eo_exp": 29.249998092651367,
        "tpr_exp": 29.100000381469727,
        "er_exp": 35.150001525878906,
        "opt_shap": 27.100000381469727,
        "opt_objBI": 27.299999237060547
    },
    "objBI": {
        "full": [
            0.007629236672073603,
            0.188551664352417,
            0.004527716431766748
        ],
        "partial": [
            0.00579328928142786,
            0.19526992738246918,
            0.0006922605098225176
        ],
        "mip": [
            0.011073103174567223,
            0.20378994941711426,
            0.0104341059923172
        ],
        "adv_deb": [
            0.014025195501744747,
            0.21101981401443481,
            0.007133981212973595
        ],
        "eo_cal": [
            0.004405467305332422,
            0.1016673892736435,
            0.03936415910720825
        ],
        "re_weigh": [
            0.00910795759409666,
            0.19574429094791412,
            0.07070499658584595
        ],
        "dp_exp": [
            0.11204047501087189,
            0.12725813686847687,
            0.0009476766572333872
        ],
        "eo_exp": [
            0.12666882574558258,
            0.1390734761953354,
            0.002177536254748702
        ],
        "tpr_exp": [
            0.11544788628816605,
            0.15474583208560944,
            0.014768842607736588
        ],
        "er_exp": [
            0.2226458340883255,
            0.22488781809806824,
            0.019846288487315178
        ],
        "opt_shap": [
            0.006935936864465475,
            0.19711874425411224,
            0.0016796886920928955
        ],
        "opt_objBI": [
            0.0064621539786458015,
            0.20000924170017242,
            0.0001781377795850858
        ]
    },
    "shap": {
        "full": [
            0.006656673736870289,
            0.19524964690208435,
            0.0
        ],
        "partial": [
            0.00591665506362915,
            0.20006386935710907
        ],
        "mip": [
            0.005697713699191809,
            0.20060956478118896
        ],
        "adv_deb": [
            0.015353734605014324,
            0.20127417147159576
        ],
        "eo_cal": [
            0.0016227212036028504,
            0.10992996394634247
        ],
        "re_weigh": [
            0.007673803251236677,
            0.198403462767601
        ],
        "dp_exp": [
            0.10855402797460556,
            0.11428521573543549
        ],
        "eo_exp": [
            0.11997026950120926,
            0.13932470977306366
        ],
        "tpr_exp": [
            0.10994608700275421,
            0.1530102640390396
        ],
        "er_exp": [
            0.23107630014419556,
            0.22540982067584991
        ],
        "opt_shap": [
            0.006836630869656801,
            0.19593343138694763
        ],
        "opt_objBI": [
            0.006536551285535097,
            0.19460660219192505
        ]
    },
    "di": {
        "full": 0.7656670093941387,
        "partial": 0.7853000183933172,
        "mip": 0.7812045815307705,
        "adv_deb": 0.7750614262369506,
        "eo_cal": 0.742526518804243,
        "re_weigh": 0.9782707288748604,
        "dp_exp": 0.9948978110900043,
        "eo_exp": 0.9977386855457432,
        "tpr_exp": 0.9672901301994917,
        "er_exp": 0.9840613459214311,
        "opt_shap": 0.8013595645333198,
        "opt_objBI": 0.7990388589231405
    },
    "dd": {
        "full": -0.2204628135918072,
        "partial": -0.2022148321051519,
        "mip": -0.20607211272231685,
        "adv_deb": -0.2118580336480641,
        "eo_cal": -0.25747348119575697,
        "re_weigh": -0.01899900964420298,
        "dp_exp": -0.01387599623885094,
        "eo_exp": -0.010687631367341854,
        "tpr_exp": -0.02745158121468294,
        "er_exp": 0.008138141115186737,
        "opt_shap": -0.18812053701517373,
        "opt_objBI": -0.1899009744340001
    },
    "eqopp": {
        "full": -0.14633263400386698,
        "partial": -0.13246328520301132,
        "mip": -0.13702949524867336,
        "adv_deb": -0.1422641819902094,
        "eo_cal": -0.16286149162861496,
        "re_weigh": 0.006499650335266671,
        "dp_exp": -0.00951705129787317,
        "eo_exp": -0.007838660578386558,
        "tpr_exp": -0.012917026615656746,
        "er_exp": 0.053951211485458006,
        "opt_shap": -0.11655971039532687,
        "opt_objBI": -0.11842321773828623
    },
    "eqodd": {
        "full": 0.2305123165299014,
        "partial": 0.21041974739263147,
        "mip": 0.21401864188914668,
        "adv_deb": 0.2146357492438656,
        "eo_cal": 0.29195706160378115,
        "re_weigh": 0.007126388773958575,
        "dp_exp": 0.01055260290341975,
        "eo_exp": 0.032421181402028584,
        "tpr_exp": 0.007028332013540611,
        "er_exp": 0.031022281443230604,
        "opt_shap": 0.19681537561305168,
        "opt_objBI": 0.19906291875821558
    }
}