{
    "error": {
        "full": 26.19999885559082,
        "partial": 27.149999618530273,
        "mip": 26.0,
        "adv_deb": 26.850000381469727,
        "eo_cal": 26.499998092651367,
        "re_weigh": 26.69999885559082,
        "dp_exp": 28.200000762939453,
        "eo_exp": 27.950000762939453,
        "tpr_exp": 27.849998474121094,
        "er_exp": 33.70000076293945,
        "opt_shap": 26.80000114440918,
        "opt_objBI": 26.80000114440918
    },
    "objBI": {
        "full": [
            0.006522325798869133,
            0.19487378001213074,
            0.0028468994423747063
        ],
        "partial": [
            0.036531440913677216,
            0.11816686391830444,
            0.002041699131950736
        ],
        "mip": [
            0.012875617481768131,
            0.2071934938430786,
            0.013005731627345085
        ],
        "adv_deb": [
            0.014092213474214077,
            0.2049979269504547,
            0.017640816047787666
        ],
        "eo_cal": [
            0.005656112916767597,
            0.1043301522731781,
            0.03574030473828316
        ],
        "re_weigh": [
            0.005280802026391029,
            0.20376785099506378,
            0.07251136749982834
        ],
        "dp_exp": [
            0.10436496138572693,
            0.18265673518180847,
            0.01047444250434637
        ],
        "eo_exp": [
            0.11586257815361023,
            0.2040942907333374,
            0.003767606569454074
        ],
        "tpr_exp": [
            0.099347323179245,
            0.1997239738702774,
            0.003667436307296157
        ],
        "er_exp": [
            0.18682968616485596,
            0.24176852405071259,
            0.00608796114102006
        ],
        "opt_shap": [
            0.03206465393304825,
            0.1267181634902954,
            0.0016950819408521056
        ],
        "opt_objBI": [
            0.031906746327877045,
            0.12241509556770325,
            0.0005583111778832972
        ]
    },
    "shap": {
        "full": [
            0.006126119755208492,
            0.20063281059265137,
            0.0
        ],
        "partial": [
            0.03570973128080368,
            0.1198631301522255
        ],
        "mip": [
            0.005499382968991995,
            0.20911161601543427
        ],
        "adv_deb": [
            0.015306011773645878,
            0.20378221571445465
        ],
        "eo_cal": [
            0.0043907202780246735,
            0.11129973083734512
        ],
        "re_weigh": [
            0.005035757087171078,
            0.20829831063747406
        ],
        "dp_exp": [
            0.10103688389062881,
            0.14998872578144073
        ],
        "eo_exp": [
            0.1182476356625557,
            0.18874680995941162
        ],
        "tpr_exp": [
            0.09654899686574936,
            0.1677309274673462
        ],
        "er_exp": [
            0.20487841963768005,
            0.25860583782196045
        ],
        "opt_shap": [
            0.031596649438142776,
            0.12512516975402832
        ],
        "opt_objBI": [
            0.03145131468772888,
            0.1252070665359497
        ]
    },
    "di": {
        "full": 0.774763056768929,
        "partial": 0.8535078204699137,
        "mip": 0.7663856497643475,
        "adv_deb": 0.8250652853198392,
        "eo_cal": 0.7414829659318637,
        "re_weigh": 0.9649504959575902,
        "dp_exp": 0.9643073868861552,
        "eo_exp": 0.9454497542274368,
        "tpr_exp": 0.9474146623100063,
        "er_exp": 0.9704478595073156,
        "opt_shap": 0.840047029542957,
        "opt_objBI": 0.840047029542957
    },
    "dd": {
        "full": -0.2126488505954024,
        "partial": -0.14532258129032516,
        "mip": -0.218692874771499,
        "adv_deb": -0.16358665434661734,
        "eo_cal": -0.2585170340681363,
        "re_weigh": -0.030572122288489156,
        "dp_exp": -0.03123812495249978,
        "eo_exp": -0.043342173368693504,
        "tpr_exp": -0.05028420113680454,
        "er_exp": -0.018214072856291397,
        "opt_shap": -0.1583566334265336,
        "opt_objBI": -0.1583566334265336
    },
    "eqopp": {
        "full": -0.12578833422233382,
        "partial": -0.07754384863982933,
        "mip": -0.12307113049480722,
        "adv_deb": -0.09059855877338852,
        "eo_cal": -0.14942528735632188,
        "re_weigh": 0.010921109054208067,
        "dp_exp": -0.0040789432399359615,
        "eo_exp": -0.007760450984698797,
        "tpr_exp": -0.015573196113499166,
        "er_exp": 0.00869965381276594,
        "opt_shap": -0.08283810778868983,
        "opt_objBI": -0.08283810778868983
    },
    "eqodd": {
        "full": 0.212545287199305,
        "partial": 0.1576043316505391,
        "mip": 0.2207172078853859,
        "adv_deb": 0.15949377549511357,
        "eo_cal": 0.28936559997636147,
        "re_weigh": 0.005810026764792531,
        "dp_exp": 0.019931502138721226,
        "eo_exp": 0.041263201993626444,
        "tpr_exp": 0.03714735007670663,
        "er_exp": 0.04076169841968055,
        "opt_shap": 0.17208613124025135,
        "opt_objBI": 0.17208613124025135
    }
}