{
    "error": {
        "full": 28.0,
        "partial": 27.950000762939453,
        "mip": 27.399999618530273,
        "adv_deb": 27.950000762939453,
        "eo_cal": 28.299999237060547,
        "re_weigh": 28.450000762939453,
        "dp_exp": 29.80000114440918,
        "eo_exp": 29.399999618530273,
        "tpr_exp": 30.25,
        "er_exp": 37.54999923706055,
        "opt_shap": 28.099998474121094,
        "opt_objBI": 28.099998474121094
    },
    "objBI": {
        "full": [
            0.0418691411614418,
            0.1570880264043808,
            0.006611133459955454
        ],
        "partial": [
            0.027337633073329926,
            0.17628413438796997,
            0.006690589711070061
        ],
        "mip": [
            0.015766089782118797,
            0.1849234253168106,
            0.006121085491031408
        ],
        "adv_deb": [
            0.00904674269258976,
            0.19037437438964844,
            0.0020893521141260862
        ],
        "eo_cal": [
            0.009802430868148804,
            0.09430641680955887,
            0.04136402904987335
        ],
        "re_weigh": [
            0.010924549773335457,
            0.19519111514091492,
            0.07610660046339035
        ],
        "dp_exp": [
            0.1323792040348053,
            0.24557143449783325,
            0.012107018381357193
        ],
        "eo_exp": [
            0.14520788192749023,
            0.2629454433917999,
            0.010979325510561466
        ],
        "tpr_exp": [
            0.1200304701924324,
            0.22715525329113007,
            0.0021059371065348387
        ],
        "er_exp": [
            0.16477856040000916,
            0.2591232359409332,
            0.028180358931422234
        ],
        "opt_shap": [
            0.030547328293323517,
            0.17147919535636902,
            0.0024086993653327227
        ],
        "opt_objBI": [
            0.03226219117641449,
            0.1724734753370285,
            0.012894151732325554
        ]
    },
    "shap": {
        "full": [
            0.040307819843292236,
            0.1576562523841858,
            0.0
        ],
        "partial": [
            0.026269858703017235,
            0.17527148127555847
        ],
        "mip": [
            0.014844374731183052,
            0.18430960178375244
        ],
        "adv_deb": [
            0.017929058521986008,
            0.18529020249843597
        ],
        "eo_cal": [
            0.008737576194107533,
            0.09749738872051239
        ],
        "re_weigh": [
            0.010105818510055542,
            0.1917080581188202
        ],
        "dp_exp": [
            0.13930292427539825,
            0.2140817940235138
        ],
        "eo_exp": [
            0.14777232706546783,
            0.25885817408561707
        ],
        "tpr_exp": [
            0.11994501203298569,
            0.21134616434574127
        ],
        "er_exp": [
            0.22082416713237762,
            0.2930580973625183
        ],
        "opt_shap": [
            0.03032112866640091,
            0.1692364513874054
        ],
        "opt_objBI": [
            0.030189527198672295,
            0.16913121938705444
        ]
    },
    "di": {
        "full": 0.7291666666666666,
        "partial": 0.7533539731682146,
        "mip": 0.760914760914761,
        "adv_deb": 0.81615302869288,
        "eo_cal": 0.728,
        "re_weigh": 0.9851598173515982,
        "dp_exp": 0.9715189873417722,
        "eo_exp": 0.9567099567099566,
        "tpr_exp": 0.9506302521008404,
        "er_exp": 1.0160583941605839,
        "opt_shap": 0.757700205338809,
        "opt_objBI": 0.757700205338809
    },
    "dd": {
        "full": -0.26,
        "partial": -0.239,
        "mip": -0.22999999999999998,
        "adv_deb": -0.17299999999999993,
        "eo_cal": -0.272,
        "re_weigh": -0.013000000000000012,
        "dp_exp": -0.027999999999999914,
        "eo_exp": -0.04300000000000004,
        "tpr_exp": -0.04499999999999993,
        "er_exp": 0.05399999999999994,
        "opt_shap": -0.236,
        "opt_objBI": -0.236
    },
    "eqopp": {
        "full": -0.19161184210526316,
        "partial": -0.1646107456140351,
        "mip": -0.15378289473684215,
        "adv_deb": -0.10629111842105265,
        "eo_cal": -0.17598684210526316,
        "re_weigh": 0.004454495614035103,
        "dp_exp": -0.005002741228070207,
        "eo_exp": -0.013706140350877138,
        "tpr_exp": -0.02665844298245612,
        "er_exp": 0.07483552631578949,
        "opt_shap": -0.15933388157894735,
        "opt_objBI": -0.15933388157894735
    },
    "eqodd": {
        "full": 0.25739986897662875,
        "partial": 0.24367940517858688,
        "mip": 0.23131614828326977,
        "adv_deb": 0.1704045317650654,
        "eo_cal": 0.29845260472610097,
        "re_weigh": 0.02369100572397742,
        "dp_exp": 0.014917918449140082,
        "eo_exp": 0.033405558230551746,
        "tpr_exp": 0.04420131397613489,
        "er_exp": 0.050638859502512484,
        "opt_shap": 0.24455962199988887,
        "opt_objBI": 0.24455962199988887
    }
}