{
    "error": {
        "full": 27.399999618530273,
        "partial": 27.849998474121094,
        "mip": 27.700000762939453,
        "opt_shap": 27.75,
        "opt_objBI": 27.599998474121094
    },
    "objBI": {
        "full": [
            0.02508118748664856,
            0.223812535405159,
            0.0021856550592929125
        ],
        "partial": [
            0.03176845610141754,
            0.2074873298406601,
            0.007696480490267277
        ],
        "mip": [
            0.025659052655100822,
            0.208481565117836,
            0.023848112672567368
        ],
        "opt_shap": [
            0.02004455402493477,
            0.21103976666927338,
            0.0019264038419350982
        ],
        "opt_objBI": [
            0.02623351663351059,
            0.21964344382286072,
            0.0009642468648962677
        ]
    },
    "shap": {
        "full": [
            -9.364967809233349e-06,
            -1.643782525206916e-05,
            0.0
        ],
        "partial": [
            3.0106604754109867e-05,
            3.134965936624212e-06
        ],
        "mip": [
            -5.387960482039489e-05,
            2.637147872519563e-06
        ],
        "opt_shap": [
            -4.654864824260585e-05,
            1.383101971441647e-05
        ],
        "opt_objBI": [
            4.752996392198838e-05,
            -9.868383131106384e-06
        ]
    },
    "di": {
        "full": 0.7669078856146792,
        "partial": 0.7779745286642815,
        "mip": 0.7848069040741025,
        "opt_shap": 0.7743216720369768,
        "opt_objBI": 0.759425346353913
    },
    "dd": {
        "full": -0.2118169063521571,
        "partial": -0.2028738258644328,
        "mip": -0.20202681824136415,
        "opt_shap": -0.20892788035092325,
        "opt_objBI": -0.21982297840680565
    },
    "eqopp": {
        "full": -0.14662451760527306,
        "partial": -0.14446868276356684,
        "mip": -0.14808877770567952,
        "opt_shap": -0.14896178409207328,
        "opt_objBI": -0.1511645777125098
    },
    "eqodd": {
        "full": 0.20258186138050976,
        "partial": 0.1931527087287222,
        "mip": 0.1935932610332909,
        "opt_shap": 0.20165597260457585,
        "opt_objBI": 0.2143309462139348
    }
}