{
    "error": {
        "full": 26.600000381469727,
        "partial": 26.399999618530273,
        "mip": 26.44999885559082,
        "opt_shap": 26.399999618530273,
        "opt_objBI": 26.499998092651367
    },
    "objBI": {
        "full": [
            0.005120992194861174,
            0.19419971108436584,
            0.005063266959041357
        ],
        "partial": [
            0.007238995749503374,
            0.20167537033557892,
            0.00718933530151844
        ],
        "mip": [
            0.009155349805951118,
            0.19728529453277588,
            0.008148565888404846
        ],
        "opt_shap": [
            0.004991909954696894,
            0.19623370468616486,
            0.005067541729658842
        ],
        "opt_objBI": [
            0.005862057209014893,
            0.18961401283740997,
            0.005854599643498659
        ]
    },
    "shap": {
        "full": [
            -2.7826240511785727e-06,
            1.2563132258947007e-06,
            0.0
        ],
        "partial": [
            -2.130264419974992e-06,
            1.6540288925170898e-06
        ],
        "mip": [
            4.621647349267732e-06,
            -1.1242986147408374e-05
        ],
        "opt_shap": [
            -9.433375680600875e-07,
            5.784035010947264e-07
        ],
        "opt_objBI": [
            3.3853705190267647e-06,
            -9.311437452197424e-07
        ]
    },
    "di": {
        "full": 0.808446455505279,
        "partial": 0.7981189116560294,
        "mip": 0.7910648303661404,
        "opt_shap": 0.7981189116560294,
        "opt_objBI": 0.8044243338360986
    },
    "dd": {
        "full": -0.18317307692307694,
        "partial": -0.19262820512820522,
        "mip": -0.19935897435897443,
        "opt_shap": -0.19262820512820522,
        "opt_objBI": -0.18701923076923077
    },
    "eqopp": {
        "full": -0.11152417867271236,
        "partial": -0.11354346960499906,
        "mip": -0.12259574364349968,
        "opt_shap": -0.11354346960499906,
        "opt_objBI": -0.11307216628881145
    },
    "eqodd": {
        "full": 0.18675475713105444,
        "partial": 0.1991857223941521,
        "mip": 0.20372467795413973,
        "opt_shap": 0.1991857223941521,
        "opt_objBI": 0.19133585753808874
    }
}