{
    "error": {
        "full": 27.900001525878906,
        "partial": 27.799999237060547,
        "mip": 27.900001525878906,
        "opt_shap": 28.0,
        "opt_objBI": 28.150001525878906
    },
    "objBI": {
        "full": [
            0.013335142284631729,
            0.21419742703437805,
            0.013254432007670403
        ],
        "partial": [
            0.011689823120832443,
            0.21472367644309998,
            0.0015606471570208669
        ],
        "mip": [
            0.012808178551495075,
            0.21167625486850739,
            0.01212097518146038
        ],
        "opt_shap": [
            0.00511025357991457,
            0.2095993161201477,
            0.00206286134198308
        ],
        "opt_objBI": [
            0.005314006470143795,
            0.21509452164173126,
            0.004425949417054653
        ]
    },
    "shap": {
        "full": [
            6.322215540421894e-06,
            4.077174708072562e-06,
            0.0
        ],
        "partial": [
            -1.4077230844122823e-05,
            -2.7863681680173613e-05
        ],
        "mip": [
            7.524643024225952e-06,
            -3.317594519103295e-06
        ],
        "opt_shap": [
            3.5072973787464434e-06,
            4.380941334147792e-07
        ],
        "opt_objBI": [
            1.5187076769507257e-06,
            7.92151695350185e-06
        ]
    },
    "di": {
        "full": 0.7635216212140841,
        "partial": 0.7727079094608341,
        "mip": 0.7576201678535097,
        "opt_shap": 0.7597755595116988,
        "opt_objBI": 0.754094900058025
    },
    "dd": {
        "full": -0.222759377460086,
        "partial": -0.21455300581868164,
        "mip": -0.22879512179019734,
        "opt_shap": -0.22676053379426653,
        "opt_objBI": -0.23188101361293412
    },
    "eqopp": {
        "full": -0.15767700041893595,
        "partial": -0.14922706325932134,
        "mip": -0.16221407624633433,
        "opt_shap": -0.16221407624633433,
        "opt_objBI": -0.16741726015919567
    },
    "eqodd": {
        "full": 0.225211819731165,
        "partial": 0.2176033755731831,
        "mip": 0.2322712689876705,
        "opt_shap": 0.22954647334734354,
        "opt_objBI": 0.23487286094410117
    }
}