{
    "error": {
        "full": 27.75,
        "partial": 27.599998474121094,
        "mip": 28.049999237060547,
        "opt_shap": 27.64999771118164,
        "opt_objBI": 27.75
    },
    "objBI": {
        "full": [
            0.017270250245928764,
            0.19194799661636353,
            0.005781303625553846
        ],
        "partial": [
            0.012803880497813225,
            0.1956760287284851,
            0.006434448063373566
        ],
        "mip": [
            0.004451008979231119,
            0.1957986056804657,
            0.0030208048410713673
        ],
        "opt_shap": [
            0.005927391815930605,
            0.19308637082576752,
            0.00048741934006102383
        ],
        "opt_objBI": [
            0.016621757298707962,
            0.19923287630081177,
            0.004257675725966692
        ]
    },
    "shap": {
        "full": [
            1.1238514161959756e-05,
            -1.6969470379990526e-06,
            0.0
        ],
        "partial": [
            -1.2646280083572492e-05,
            1.7766535165719688e-05
        ],
        "mip": [
            7.457509582309285e-06,
            -3.02672378893476e-06
        ],
        "opt_shap": [
            2.0488146219577175e-06,
            1.595461435499601e-05
        ],
        "opt_objBI": [
            2.2901200281921774e-05,
            -2.7758478609030135e-05
        ]
    },
    "di": {
        "full": 0.8134701900437269,
        "partial": 0.806266807091083,
        "mip": 0.785410026354097,
        "opt_shap": 0.7946124905628282,
        "opt_objBI": 0.8134701900437269
    },
    "dd": {
        "full": -0.17747137518138967,
        "partial": -0.1845169458726157,
        "mip": -0.20374350322376122,
        "opt_shap": -0.1956168449644421,
        "opt_objBI": -0.17747137518138967
    },
    "eqopp": {
        "full": -0.133208553532981,
        "partial": -0.13768594636915243,
        "mip": -0.16205470737913485,
        "opt_shap": -0.14730133098453702,
        "opt_objBI": -0.133208553532981
    },
    "eqodd": {
        "full": 0.17188158276226279,
        "partial": 0.17956987046100248,
        "mip": 0.19544433295423916,
        "opt_shap": 0.1911895518695122,
        "opt_objBI": 0.17188158276226279
    }
}