{
    "error": {
        "full": 26.44999885559082,
        "partial": 26.94999885559082,
        "mip": 26.249998092651367,
        "adv_deb": 25.94999885559082,
        "eo_cal": 26.750001907348633,
        "re_weigh": 26.499998092651367,
        "dp_exp": 28.099998474121094,
        "eo_exp": 28.25,
        "tpr_exp": 29.350000381469727,
        "er_exp": 37.0,
        "opt_shap": 26.750001907348633,
        "opt_objBI": 26.750001907348633
    },
    "objBI": {
        "full": [
            0.05299033224582672,
            0.15024986863136292,
            0.0380406528711319
        ],
        "partial": [
            0.08316902071237564,
            0.10515408962965012,
            0.002009553601965308
        ],
        "mip": [
            0.01816795952618122,
            0.18379797041416168,
            0.001893592649139464
        ],
        "adv_deb": [
            0.017350707203149796,
            0.19770164787769318,
            0.01848004199564457
        ],
        "eo_cal": [
            0.009863553568720818,
            0.09840801358222961,
            0.0506913885474205
        ],
        "re_weigh": [
            0.016717571765184402,
            0.19528108835220337,
            0.07240504771471024
        ],
        "dp_exp": [
            0.1011161357164383,
            0.041170939803123474,
            0.008000001311302185
        ],
        "eo_exp": [
            0.12509484589099884,
            0.06262294948101044,
            0.006667114328593016
        ],
        "tpr_exp": [
            0.10396463423967361,
            0.11775043606758118,
            0.007778388913720846
        ],
        "er_exp": [
            0.218581423163414,
            0.15577059984207153,
            0.008778145536780357
        ],
        "opt_shap": [
            0.07760868966579437,
            0.10575045645236969,
            0.0001633644278626889
        ],
        "opt_objBI": [
            0.08040178567171097,
            0.10254057496786118,
            0.002402624813839793
        ]
    },
    "shap": {
        "full": [
            0.05317346379160881,
            0.1463254690170288,
            0.0
        ],
        "partial": [
            0.08259491622447968,
            0.10236814618110657
        ],
        "mip": [
            0.017896506935358047,
            0.1916058212518692
        ],
        "adv_deb": [
            0.01594102755188942,
            0.18997466564178467
        ],
        "eo_cal": [
            0.008693295530974865,
            0.10557523369789124
        ],
        "re_weigh": [
            0.010792464949190617,
            0.1986810564994812
        ],
        "dp_exp": [
            0.11605777591466904,
            0.0477350614964962
        ],
        "eo_exp": [
            0.15105612576007843,
            0.08928321301937103
        ],
        "tpr_exp": [
            0.11368425190448761,
            0.14973551034927368
        ],
        "er_exp": [
            0.2531518042087555,
            0.1638459712266922
        ],
        "opt_shap": [
            0.07775562256574631,
            0.10785022377967834
        ],
        "opt_objBI": [
            0.07843193411827087,
            0.1077132597565651
        ]
    },
    "di": {
        "full": 0.7327272727272728,
        "partial": 0.8989026363335951,
        "mip": 0.7552587830158273,
        "adv_deb": 0.7674593263036825,
        "eo_cal": 0.6887351778656127,
        "re_weigh": 0.9515685195376996,
        "dp_exp": 0.9667650169793465,
        "eo_exp": 0.9630766762770095,
        "tpr_exp": 0.9226546021730269,
        "er_exp": 0.9977571198405063,
        "opt_shap": 0.8839620209658017,
        "opt_objBI": 0.8839620209658017
    },
    "dd": {
        "full": -0.256993006993007,
        "partial": -0.09424157078619322,
        "mip": -0.2308692451713047,
        "adv_deb": -0.216771215054968,
        "eo_cal": -0.31126482213438733,
        "re_weigh": -0.04259813413131486,
        "dp_exp": -0.03203661327231122,
        "eo_exp": -0.031124481925397296,
        "tpr_exp": -0.0587684626586229,
        "er_exp": -0.0009481365316604817,
        "opt_shap": -0.10805155942455713,
        "opt_objBI": -0.10805155942455713
    },
    "eqopp": {
        "full": -0.1780564643160063,
        "partial": -0.061832061068702315,
        "mip": -0.16280140554949718,
        "adv_deb": -0.15009087604507454,
        "eo_cal": -0.21111111111111114,
        "re_weigh": -0.02240397431237129,
        "dp_exp": -0.015473161274688008,
        "eo_exp": -0.018914334181509784,
        "tpr_exp": -0.022064703744092973,
        "er_exp": 0.04881861141403121,
        "opt_shap": -0.07135587059251192,
        "opt_objBI": -0.07135587059251192
    },
    "eqodd": {
        "full": 0.26232147771292513,
        "partial": 0.07153082499809071,
        "mip": 0.22223062346315253,
        "adv_deb": 0.20233277408598654,
        "eo_cal": 0.3437754508435137,
        "re_weigh": 0.028399125718209378,
        "dp_exp": 0.009165242576088362,
        "eo_exp": 0.022726719707889184,
        "tpr_exp": 0.03409760349475542,
        "er_exp": 0.05425616676554007,
        "opt_shap": 0.08559758694728495,
        "opt_objBI": 0.08559758694728495
    }
}