{
    "error": {
        "full": 27.900001525878906,
        "partial": 27.950000762939453,
        "mip": 27.299999237060547,
        "adv_deb": 27.200000762939453,
        "eo_cal": 28.299999237060547,
        "re_weigh": 28.25,
        "dp_exp": 30.89999771118164,
        "eo_exp": 30.649999618530273,
        "tpr_exp": 29.80000114440918,
        "er_exp": 37.5,
        "opt_shap": 27.450000762939453,
        "opt_objBI": 27.549999237060547
    },
    "objBI": {
        "full": [
            0.008747360669076443,
            0.20070326328277588,
            0.011991926468908787
        ],
        "partial": [
            0.006114347837865353,
            0.1942976415157318,
            0.005861911457031965
        ],
        "mip": [
            0.005658789537847042,
            0.2038629651069641,
            0.0032102656550705433
        ],
        "adv_deb": [
            0.013586959801614285,
            0.21164360642433167,
            0.01977423205971718
        ],
        "eo_cal": [
            0.005945029202848673,
            0.09877564758062363,
            0.03984718769788742
        ],
        "re_weigh": [
            0.00763200968503952,
            0.19969521462917328,
            0.06985116750001907
        ],
        "dp_exp": [
            0.03806949406862259,
            0.050239916890859604,
            0.0004741056472994387
        ],
        "eo_exp": [
            0.05313769355416298,
            0.06422093510627747,
            0.006114081479609013
        ],
        "tpr_exp": [
            0.04699521139264107,
            0.08822765946388245,
            0.005173221696168184
        ],
        "er_exp": [
            0.2164185792207718,
            0.15816347301006317,
            0.01464907918125391
        ],
        "opt_shap": [
            0.00794784352183342,
            0.19185423851013184,
            0.006631435826420784
        ],
        "opt_objBI": [
            0.006040274631232023,
            0.18812832236289978,
            0.0025643412955105305
        ]
    },
    "shap": {
        "full": [
            0.004980245605111122,
            0.20090754330158234,
            0.0
        ],
        "partial": [
            0.0031585535034537315,
            0.19259138405323029
        ],
        "mip": [
            0.005126479081809521,
            0.2040547877550125
        ],
        "adv_deb": [
            0.010390090756118298,
            0.2084893137216568
        ],
        "eo_cal": [
            0.00551355816423893,
            0.10777213424444199
        ],
        "re_weigh": [
            0.007067367434501648,
            0.20635747909545898
        ],
        "dp_exp": [
            0.0378042533993721,
            0.048391569405794144
        ],
        "eo_exp": [
            0.06289120763540268,
            0.0659027099609375
        ],
        "tpr_exp": [
            0.04410514235496521,
            0.08125173300504684
        ],
        "er_exp": [
            0.22332797944545746,
            0.1548496037721634
        ],
        "opt_shap": [
            0.005728983320295811,
            0.19610100984573364
        ],
        "opt_objBI": [
            0.005896675866097212,
            0.1972409188747406
        ]
    },
    "di": {
        "full": 0.8072505334551447,
        "partial": 0.8001367819733107,
        "mip": 0.7851668148129403,
        "adv_deb": 0.7967770862128908,
        "eo_cal": 0.7588294651866802,
        "re_weigh": 0.9719358448511061,
        "dp_exp": 0.9720231326652866,
        "eo_exp": 0.9664800463050706,
        "tpr_exp": 0.9488372999269851,
        "er_exp": 0.9726589585600008,
        "opt_shap": 0.7845910377968979,
        "opt_objBI": 0.7867144235554822
    },
    "dd": {
        "full": -0.18166971524693498,
        "partial": -0.19055343482822107,
        "mip": -0.20376150468187926,
        "adv_deb": -0.19174253114502282,
        "eo_cal": -0.24117053481331985,
        "re_weigh": -0.024503984822770608,
        "dp_exp": -0.03052447248227108,
        "eo_exp": -0.030722488521570335,
        "tpr_exp": -0.053841361150253175,
        "er_exp": 0.009699785682640294,
        "opt_shap": -0.2047345835012636,
        "opt_objBI": -0.20271642003002244
    },
    "eqopp": {
        "full": -0.11489912611932251,
        "partial": -0.12264106160319344,
        "mip": -0.12803970223325067,
        "adv_deb": -0.12173265724457871,
        "eo_cal": -0.1488294314381271,
        "re_weigh": 0.011964613226885357,
        "dp_exp": -0.011798468011651742,
        "eo_exp": -0.015380299924479424,
        "tpr_exp": -0.01021900960189881,
        "er_exp": 0.008136800086309126,
        "opt_shap": -0.12803970223325067,
        "opt_objBI": -0.12803970223325067
    },
    "eqodd": {
        "full": 0.17650417257228604,
        "partial": 0.18851437173589566,
        "mip": 0.20047838833852133,
        "adv_deb": 0.1836887987730038,
        "eo_cal": 0.2652544103755521,
        "re_weigh": 0.0074992375196865635,
        "dp_exp": 0.027032398252915802,
        "eo_exp": 0.0306428736206152,
        "tpr_exp": 0.05908935372507206,
        "er_exp": 0.020016263501483417,
        "opt_shap": 0.20347962798098235,
        "opt_objBI": 0.20093509871889584
    }
}