{
    "error": {
        "full": 25.5,
        "partial": 25.450000762939453,
        "mip": 25.5,
        "adv_deb": 25.650001525878906,
        "eo_cal": 26.0,
        "re_weigh": 26.100000381469727,
        "dp_exp": 28.200000762939453,
        "eo_exp": 27.599998474121094,
        "tpr_exp": 27.75,
        "er_exp": 33.099998474121094,
        "opt_shap": 25.450000762939453,
        "opt_objBI": 25.450000762939453
    },
    "objBI": {
        "full": [
            0.00716165266931057,
            0.17290697991847992,
            0.009579524397850037
        ],
        "partial": [
            0.0033283496741205454,
            0.21159496903419495,
            0.003328140825033188
        ],
        "mip": [
            0.005250220187008381,
            0.20655858516693115,
            0.0051597668789327145
        ],
        "adv_deb": [
            0.004495883826166391,
            0.2148386687040329,
            0.01349216140806675
        ],
        "eo_cal": [
            0.0020384956151247025,
            0.10030609369277954,
            0.03516651690006256
        ],
        "re_weigh": [
            0.01352515909820795,
            0.20412003993988037,
            0.07775650918483734
        ],
        "dp_exp": [
            0.1301111876964569,
            0.17981696128845215,
            0.006711932830512524
        ],
        "eo_exp": [
            0.14217638969421387,
            0.20975778996944427,
            0.019197843968868256
        ],
        "tpr_exp": [
            0.11688344180583954,
            0.19866372644901276,
            0.0007476815953850746
        ],
        "er_exp": [
            0.14984026551246643,
            0.26514557003974915,
            0.0017389690037816763
        ],
        "opt_shap": [
            0.004093262366950512,
            0.20356270670890808,
            0.0008471879409626126
        ],
        "opt_objBI": [
            0.00445120595395565,
            0.20110854506492615,
            0.0013755999971181154
        ]
    },
    "shap": {
        "full": [
            0.006889264099299908,
            0.17630252242088318,
            0.0
        ],
        "partial": [
            0.0001879040355561301,
            0.20163343846797943
        ],
        "mip": [
            0.0011493002530187368,
            0.20544491708278656
        ],
        "adv_deb": [
            0.010221082717180252,
            0.2111051082611084
        ],
        "eo_cal": [
            0.001592270564287901,
            0.10790500044822693
        ],
        "re_weigh": [
            0.0009809361072257161,
            0.20791465044021606
        ],
        "dp_exp": [
            0.1188182383775711,
            0.16223184764385223
        ],
        "eo_exp": [
            0.13342984020709991,
            0.18899692595005035
        ],
        "tpr_exp": [
            0.11272168159484863,
            0.1899663358926773
        ],
        "er_exp": [
            0.1634325236082077,
            0.2693638801574707
        ],
        "opt_shap": [
            0.0042239949107170105,
            0.19750653207302094
        ],
        "opt_objBI": [
            0.00420377217233181,
            0.19752836227416992
        ]
    },
    "di": {
        "full": 0.7295674034790295,
        "partial": 0.7611055163925254,
        "mip": 0.7645560810490185,
        "adv_deb": 0.763518866489928,
        "eo_cal": 0.7331319234642497,
        "re_weigh": 0.9624175571012945,
        "dp_exp": 0.9766188025789821,
        "eo_exp": 0.9739256163594843,
        "tpr_exp": 0.9464921114467943,
        "er_exp": 0.8988906493406288,
        "opt_shap": 0.7647994293387043,
        "opt_objBI": 0.7647994293387043
    },
    "dd": {
        "full": -0.26130180378838563,
        "partial": -0.22632108973339693,
        "mip": -0.22328594101110955,
        "adv_deb": -0.22239089715396054,
        "eo_cal": -0.2668680765357503,
        "re_weigh": -0.03295461477612405,
        "dp_exp": -0.023988175420595614,
        "eo_exp": -0.02719133237528637,
        "tpr_exp": -0.056199753787935625,
        "er_exp": -0.061867031484542756,
        "opt_shap": -0.22422298692635945,
        "opt_objBI": -0.22422298692635945
    },
    "eqopp": {
        "full": -0.15443203249673576,
        "partial": -0.1270357091044746,
        "mip": -0.12666058734533991,
        "adv_deb": -0.12980041864417313,
        "eo_cal": -0.15245901639344261,
        "re_weigh": -0.008781165157198845,
        "dp_exp": -0.014810055750139939,
        "eo_exp": -0.018325008808107612,
        "tpr_exp": -0.03635779569335351,
        "er_exp": -0.010561439141157702,
        "opt_shap": -0.1271745663302315,
        "opt_objBI": -0.1271745663302315
    },
    "eqodd": {
        "full": 0.2763505293515494,
        "partial": 0.23268065312104108,
        "mip": 0.22857664315531184,
        "adv_deb": 0.22349826560291047,
        "eo_cal": 0.3007725891366691,
        "re_weigh": 0.02543545251380877,
        "dp_exp": 0.014427396041207352,
        "eo_exp": 0.03227853415160305,
        "tpr_exp": 0.02943329208262814,
        "er_exp": 0.048926293576999735,
        "opt_shap": 0.23085229621994605,
        "opt_objBI": 0.23085229621994605
    }
}