{
    "error": {
        "full": 27.549999237060547,
        "partial": 28.099998474121094,
        "mip": 27.599998474121094,
        "adv_deb": 28.150001525878906,
        "eo_cal": 27.5,
        "re_weigh": 27.900001525878906,
        "dp_exp": 29.94999885559082,
        "eo_exp": 32.79999923706055,
        "tpr_exp": 29.049999237060547,
        "er_exp": 36.95000076293945,
        "opt_shap": 27.64999771118164,
        "opt_objBI": 27.64999771118164
    },
    "objBI": {
        "full": [
            0.04330802708864212,
            0.16941925883293152,
            0.013184153474867344
        ],
        "partial": [
            0.10311200469732285,
            0.07972638309001923,
            0.004360121209174395
        ],
        "mip": [
            0.015234486199915409,
            0.19954606890678406,
            0.0078066871501505375
        ],
        "adv_deb": [
            0.014725537039339542,
            0.19950565695762634,
            0.002577083883807063
        ],
        "eo_cal": [
            0.012852403335273266,
            0.10199592262506485,
            0.03211197257041931
        ],
        "re_weigh": [
            0.010979046113789082,
            0.20283421874046326,
            0.0731521025300026
        ],
        "dp_exp": [
            0.14489461481571198,
            0.25356364250183105,
            0.014704087749123573
        ],
        "eo_exp": [
            0.13503538072109222,
            0.22908131778240204,
            0.016730833798646927
        ],
        "tpr_exp": [
            0.10537093877792358,
            0.2579503655433655,
            0.001044401084072888
        ],
        "er_exp": [
            0.17571936547756195,
            0.28172072768211365,
            0.00030879545374773443
        ],
        "opt_shap": [
            0.09405478835105896,
            0.08621470630168915,
            0.0050645871087908745
        ],
        "opt_objBI": [
            0.1034940704703331,
            0.09402753412723541,
            0.018193069845438004
        ]
    },
    "shap": {
        "full": [
            0.04081776738166809,
            0.16216236352920532,
            0.0
        ],
        "partial": [
            0.10225558280944824,
            0.08078497648239136
        ],
        "mip": [
            0.0130921034142375,
            0.19384273886680603
        ],
        "adv_deb": [
            0.020731937140226364,
            0.19882269203662872
        ],
        "eo_cal": [
            0.01069672778248787,
            0.10510742664337158
        ],
        "re_weigh": [
            0.010603366419672966,
            0.19988884031772614
        ],
        "dp_exp": [
            0.1461826115846634,
            0.21684691309928894
        ],
        "eo_exp": [
            0.14994831383228302,
            0.20878030359745026
        ],
        "tpr_exp": [
            0.11878649890422821,
            0.2244381159543991
        ],
        "er_exp": [
            0.2228686511516571,
            0.3080991804599762
        ],
        "opt_shap": [
            0.09852343052625656,
            0.08556866645812988
        ],
        "opt_objBI": [
            0.09803500026464462,
            0.08573025465011597
        ]
    },
    "di": {
        "full": 0.7902511935685159,
        "partial": 0.7914553085527241,
        "mip": 0.7732282773944568,
        "adv_deb": 0.7496796995802961,
        "eo_cal": 0.7465208747514911,
        "re_weigh": 0.9599053342431161,
        "dp_exp": 0.9784474968371589,
        "eo_exp": 0.9774724714881153,
        "tpr_exp": 0.9256670503296013,
        "er_exp": 1.017051323344847,
        "opt_shap": 0.7862611992353262,
        "opt_objBI": 0.7862611992353262
    },
    "dd": {
        "full": -0.20236328507826284,
        "partial": -0.20770547739718626,
        "mip": -0.217189818833478,
        "adv_deb": -0.23798056730042272,
        "eo_cal": -0.2534791252485089,
        "re_weigh": -0.03537527350984626,
        "dp_exp": -0.02817901444451998,
        "eo_exp": -0.011182402566492389,
        "tpr_exp": -0.06804844974419078,
        "er_exp": 0.02934905656603637,
        "opt_shap": -0.21266365589161207,
        "opt_objBI": -0.21266365589161207
    },
    "eqopp": {
        "full": -0.11404204173486088,
        "partial": -0.12048000204582654,
        "mip": -0.12389823717948723,
        "adv_deb": -0.1556639559465357,
        "eo_cal": -0.15057283142389521,
        "re_weigh": 0.00023441762138576294,
        "dp_exp": 0.0043218085106383475,
        "eo_exp": 0.027397026732133067,
        "tpr_exp": -0.033212714811784005,
        "er_exp": 0.09009521617566829,
        "opt_shap": -0.11884334083469716,
        "opt_objBI": -0.11884334083469716
    },
    "eqodd": {
        "full": 0.2156129330439735,
        "partial": 0.23144533316136964,
        "mip": 0.23130612542294623,
        "adv_deb": 0.24498779739748652,
        "eo_cal": 0.28161552963599823,
        "re_weigh": 0.006295096118859117,
        "dp_exp": 0.008194718818520783,
        "eo_exp": 0.016782880294023902,
        "tpr_exp": 0.04670620890433292,
        "er_exp": 0.06336753796696043,
        "opt_shap": 0.23727537266894486,
        "opt_objBI": 0.23727537266894486
    }
}