{
    "error": {
        "full": 27.000001907348633,
        "partial": 28.5,
        "mip": 28.0,
        "adv_deb": 27.000001907348633,
        "eo_cal": 27.000001907348633,
        "re_weigh": 27.5,
        "dp_exp": 28.0,
        "eo_exp": 29.0,
        "tpr_exp": 28.0,
        "er_exp": 27.5,
        "opt_shap": 28.0,
        "opt_objBI": 28.0
    },
    "objBI": {
        "full": [
            0.02341153658926487,
            0.05074753239750862,
            0.0452951155602932,
            0.032225389033555984,
            0.005404253490269184,
            0.027533873915672302,
            0.014855658635497093,
            0.015448068268597126,
            0.04784121364355087
        ],
        "partial": [
            0.013489979319274426,
            0.05650991573929787,
            0.04088563099503517,
            0.0211053267121315,
            0.009170430712401867,
            0.034493330866098404,
            0.01624809019267559,
            0.012479940429329872,
            0.008401960134506226
        ],
        "mip": [
            0.017162052914500237,
            0.05299955978989601,
            0.050141628831624985,
            0.02551545575261116,
            0.0020631798543035984,
            0.02570662647485733,
            0.012682054191827774,
            0.014160936698317528,
            0.0012933637481182814
        ],
        "adv_deb": [
            0.010968522168695927,
            0.0438968650996685,
            0.04043698310852051,
            0.013718776404857635,
            0.011234929785132408,
            0.020969299599528313,
            0.008449004031717777,
            0.0052163791842758656,
            0.02853863686323166
        ],
        "eo_cal": [
            0.012902484275400639,
            0.016481507569551468,
            0.01369988638907671,
            0.009711983613669872,
            0.006758357398211956,
            0.009430778212845325,
            0.007935751229524612,
            0.007981809787452221,
            0.008035959675908089
        ],
        "re_weigh": [
            0.015849724411964417,
            0.04924388974905014,
            0.03968866169452667,
            0.02367735467851162,
            0.005790600087493658,
            0.025430507957935333,
            0.013070741668343544,
            0.010212501510977745,
            0.007863558828830719
        ],
        "dp_exp": [
            0.009562498889863491,
            0.027793748304247856,
            0.0070374999195337296,
            0.005987499840557575,
            0.010550000704824924,
            0.01913125067949295,
            0.014187500812113285,
            0.006818750407546759,
            0.004999999422580004
        ],
        "eo_exp": [
            0.017604419961571693,
            0.048116497695446014,
            0.010276968590915203,
            0.0061647831462323666,
            0.0113678565248847,
            0.010210365056991577,
            0.012165550142526627,
            0.005179248284548521,
            0.006442029029130936
        ],
        "tpr_exp": [
            0.009624999016523361,
            0.00827499944716692,
            0.007474999874830246,
            0.002499999711290002,
            0.00676875002682209,
            0.012449998408555984,
            0.004387499764561653,
            0.002499999711290002,
            0.002499999711290002
        ],
        "er_exp": [
            0.024875003844499588,
            0.00879999902099371,
            0.022037498652935028,
            0.026737499982118607,
            0.01886250078678131,
            0.022356247529387474,
            0.0116624990478158,
            0.015018749050796032,
            0.014999999664723873
        ],
        "opt_shap": [
            0.02053646557033062,
            0.04968005046248436,
            0.04583566635847092,
            0.030101697891950607,
            0.0068666161969304085,
            0.02848784439265728,
            0.014304396696388721,
            0.014988797716796398,
            0.006797144189476967
        ],
        "opt_objBI": [
            0.01443511713296175,
            0.04751736670732498,
            0.04601268842816353,
            0.027082324028015137,
            0.005535981617867947,
            0.026384137570858,
            0.013129372149705887,
            0.015394194051623344,
            0.005580789875239134
        ]
    },
    "shap": {
        "full": [
            0.01537368819117546,
            0.05151386186480522,
            0.049346789717674255,
            0.02887900173664093,
            0.002233484061434865,
            0.026076549664139748,
            0.011840679682791233,
            0.012405220419168472,
            0.04220493137836456
        ],
        "partial": [
            0.014640475623309612,
            0.05595945939421654,
            0.03873191773891449,
            0.018030911684036255,
            0.005968663841485977,
            0.03290919214487076,
            0.012652925215661526,
            0.00638267956674099
        ],
        "mip": [
            0.01560070551931858,
            0.051358021795749664,
            0.04968749359250069,
            0.02740861102938652,
            0.0017507239244878292,
            0.02533823996782303,
            0.011506298556923866,
            0.011855828575789928
        ],
        "adv_deb": [
            0.0121053047478199,
            0.043379101902246475,
            0.03846930339932442,
            0.019377365708351135,
            0.015198886394500732,
            0.02296852134168148,
            0.01461727824062109,
            0.007835753262043,
            0.025494372472167015
        ],
        "eo_cal": [
            0.006729395594447851,
            0.01646641455590725,
            0.0140181053429842,
            0.007081599440425634,
            0.0034047430381178856,
            0.00753409881144762,
            0.004828703589737415,
            0.0025280530098825693,
            0.028713390231132507
        ],
        "re_weigh": [
            0.017021356150507927,
            0.05341954156756401,
            0.04095569625496864,
            0.022570984438061714,
            0.0046785976737737656,
            0.025625398382544518,
            0.012146549299359322,
            0.009828642942011356,
            0.006032003555446863
        ],
        "dp_exp": [
            0.00732500059530139,
            0.034158334136009216,
            0.009392461739480495,
            0.003649404738098383,
            0.009610318578779697,
            0.019266270101070404,
            0.00611130939796567,
            0.0022190476302057505,
            0.0
        ],
        "eo_exp": [
            0.007541183847934008,
            0.04568316042423248,
            0.008526835590600967,
            0.011559596285223961,
            0.012960183434188366,
            0.01919180154800415,
            0.007938165217638016,
            0.007859088480472565,
            0.0
        ],
        "tpr_exp": [
            0.007136310450732708,
            0.02484821528196335,
            0.014796032570302486,
            0.00035873017623089254,
            0.006212698761373758,
            0.010006151162087917,
            0.0030815480276942253,
            0.00011011905735358596,
            0.0
        ],
        "er_exp": [
            0.008570634759962559,
            0.022430555894970894,
            0.027241669595241547,
            0.010222619399428368,
            0.0010853174608200788,
            0.011916667222976685,
            0.0029779765754938126,
            0.0024626986123621464,
            0.0
        ],
        "opt_shap": [
            0.01648740842938423,
            0.049111027270555496,
            0.0477747768163681,
            0.025700092315673828,
            0.0011717332527041435,
            0.026533260941505432,
            0.011162043549120426,
            0.011158313602209091
        ],