{
    "error": {
        "full": 32.5,
        "partial": 34.0,
        "mip": 34.5,
        "adv_deb": 32.0,
        "eo_cal": 32.5,
        "re_weigh": 35.0,
        "dp_exp": 33.0,
        "eo_exp": 32.0,
        "tpr_exp": 37.0,
        "er_exp": 38.0,
        "opt_shap": 35.0,
        "opt_objBI": 35.0
    },
    "objBI": {
        "full": [
            0.022507788613438606,
            0.09793590754270554,
            0.042222555726766586,
            0.07105209678411484,
            0.020574405789375305,
            0.0339944064617157,
            0.0267801471054554,
            0.015643740072846413,
            0.0640324205160141
        ],
        "partial": [
            0.015524032525718212,
            0.08725081384181976,
            0.03636385127902031,
            0.062105342745780945,
            0.02296406775712967,
            0.03356403484940529,
            0.022174077108502388,
            0.010561100207269192,
            0.00954386591911316
        ],
        "mip": [
            0.020828962326049805,
            0.10101258009672165,
            0.03893129900097847,
            0.06829456239938736,
            0.017514025792479515,
            0.029784733429551125,
            0.022394845262169838,
            0.01110001653432846,
            0.009929775260388851
        ],
        "adv_deb": [
            0.012800141237676144,
            0.05941858887672424,
            0.03880778327584267,
            0.042159318923950195,
            0.018362734466791153,
            0.02447841316461563,
            0.019081151112914085,
            0.01289451401680708,
            0.0337786041200161
        ],
        "eo_cal": [
            0.009999813511967659,
            0.03869637846946716,
            0.01535460352897644,
            0.035211700946092606,
            0.00837567076086998,
            0.012971019372344017,
            0.01591535471379757,
            0.013147835619747639,
            0.057895589619874954
        ],
        "re_weigh": [
            0.0078043551184237,
            0.08573690056800842,
            0.044344186782836914,
            0.05863748490810394,
            0.015335696749389172,
            0.02636018767952919,
            0.025032969191670418,
            0.0021485923789441586,
            0.014052480459213257
        ],
        "dp_exp": [
            0.02086717076599598,
            0.06101660802960396,
            0.06367918848991394,
            0.07329928129911423,
            0.061318203806877136,
            0.06439706683158875,
            0.04364188015460968,
            0.029999028891324997,
            0.01627238094806671
        ],
        "eo_exp": [
            0.012620436027646065,
            0.03987039998173714,
            0.09171169251203537,
            0.07526858896017075,
            0.04868259280920029,
            0.07838881015777588,
            0.01830580271780491,
            0.023979108780622482,
            0.009069152176380157
        ],
        "tpr_exp": [
            0.007186840288341045,
            0.07108551263809204,
            0.0357094332575798,
            0.052595000714063644,
            0.049086794257164,
            0.04299138858914375,
            0.047879982739686966,
            0.014987332746386528,
            0.0012447143672034144
        ],
        "er_exp": [
            0.007085744291543961,
            0.0498368963599205,
            0.09502550214529037,
            0.10228374600410461,
            0.0067452965304255486,
            0.04650935158133507,
            0.021010980010032654,
            0.030062012374401093,
            0.008258947171270847
        ],
        "opt_shap": [
            0.010566097684204578,
            0.09894634038209915,
            0.04183603450655937,
            0.07222818583250046,
            0.015208193100988865,
            0.029911400750279427,
            0.018706699833273888,
            0.007771505042910576,
            0.004508883226662874
        ],
        "opt_objBI": [
            0.018905552104115486,
            0.10078836232423782,
            0.04109763726592064,
            0.0676581859588623,
            0.019358506426215172,
            0.031381960958242416,
            0.023241210728883743,
            0.013350124470889568,
            0.013263856060802937
        ]
    },
    "shap": {
        "full": [
            0.0063125803135335445,
            0.09531521797180176,
            0.0395536907017231,
            0.06822440773248672,
            0.014650888741016388,
            0.030535614117980003,
            0.017291061580181122,
            0.004362182226032019,
            0.054607078433036804
        ],
        "partial": [
            0.007264820393174887,
            0.08704546838998795,
            0.035700272768735886,
            0.06018822640180588,
            0.019240958616137505,
            0.033973466604948044,
            0.019916705787181854,
            0.004234365187585354
        ],
        "mip": [
            0.006627068389207125,
            0.09348156303167343,
            0.03683093190193176,
            0.06694981455802917,
            0.014373340643942356,
            0.02887638285756111,
            0.016523296013474464,
            0.003922229632735252
        ],
        "adv_deb": [
            0.008497552014887333,
            0.06311573833227158,
            0.03783772140741348,
            0.04297120124101639,
            0.022303085774183273,
            0.028890078887343407,
            0.019969481974840164,
            0.012312144972383976,
            0.030589304864406586
        ],
        "eo_cal": [
            0.0034021353349089622,
            0.03883790224790573,
            0.01415976881980896,
            0.03570093214511871,
            0.0028335899114608765,
            0.011784469708800316,
            0.010841768234968185,
            0.005332962144166231,
            0.06851381063461304
        ],
        "re_weigh": [
            0.006461830344051123,
            0.0887305960059166,
            0.044192008674144745,
            0.060886450111866,
            0.01491350308060646,
            0.0261002779006958,
            0.021520400419831276,
            0.0017838915809988976,
            0.01396411657333374
        ],
        "dp_exp": [
            0.0017065944848582149,
            0.0725286602973938,
            0.0699423998594284,
            0.05371474847197533,
            0.04120123013854027,
            0.05095796287059784,
            0.025853337720036507,
            0.009669655933976173,
            0.0
        ],
        "eo_exp": [
            0.0023867543786764145,
            0.05689326301217079,
            0.10160264372825623,
            0.07113353908061981,
            0.03923063352704048,
            0.07228945195674896,
            0.014758612960577011,
            0.01450691930949688,
            0.0
        ],
        "tpr_exp": [
            0.002241492969915271,
            0.08616137504577637,
            0.06504082679748535,
            0.05948583036661148,
            0.0403989739716053,
            0.03606085479259491,
            0.030103370547294617,
            0.009973578155040741,
            0.0
        ],
        "er_exp": [
            0.0060179452411830425,
            0.08061790466308594,
            0.101873978972435,
            0.08425290882587433,
            0.03404323756694794,
            0.043523214757442474,
            0.05080403760075569,
            0.028263919055461884,
            0.0
        ],
        "opt_shap": [
            0.006071603391319513,
            0.09459850192070007,
            0.043098147958517075,
            0.06782148033380508,
            0.013907229527831078,
            0.027615122497081757,
            0.016069931909441948,
            0.004686396103352308
        ],