{
    "error": {
        "full": 32.04188537597656,
        "partial": 32.356021881103516,
        "mip": 32.251312255859375,
        "adv_deb": 30.68062973022461,
        "eo_cal": 34.973819732666016,
        "re_weigh": 33.926700592041016,
        "dp_exp": 42.93193817138672,
        "eo_exp": 45.96858596801758,
        "tpr_exp": 41.047119140625,
        "er_exp": 32.356021881103516,
        "opt_shap": 32.77486801147461,
        "opt_objBI": 32.67015838623047
    },
    "objBI": {
        "full": [
            0.006583407521247864,
            0.11769349128007889,
            0.0087498864158988,
            0.022104790434241295,
            0.010408477857708931,
            0.1364089995622635,
            0.03693230077624321,
            0.049137506633996964
        ],
        "partial": [
            0.02239261195063591,
            0.13063569366931915,
            0.02446632832288742,
            0.03874681144952774,
            0.022796539589762688,
            0.14642764627933502,
            0.04994882643222809,
            0.022293012589216232
        ],
        "mip": [
            0.010372818447649479,
            0.1208186149597168,
            0.01354039553552866,
            0.02399481274187565,
            0.006623481400310993,
            0.14504073560237885,
            0.030538063496351242,
            0.005106148310005665
        ],
        "adv_deb": [
            0.011891727335751057,
            0.12123745679855347,
            0.019138747826218605,
            0.030170220881700516,
            0.012686245143413544,
            0.15200412273406982,
            0.032339517027139664,
            0.038570016622543335
        ],
        "eo_cal": [
            0.012413767166435719,
            0.06053386256098747,
            0.013234477490186691,
            0.017655109986662865,
            0.009565933607518673,
            0.07184279710054398,
            0.022762708365917206,
            0.0819331705570221
        ],
        "re_weigh": [
            0.016769954934716225,
            0.11686407029628754,
            0.022211814299225807,
            0.02886742167174816,
            0.01718040741980076,
            0.13975778222084045,
            0.038879841566085815,
            0.05560392513871193
        ],
        "dp_exp": [
            0.20661048591136932,
            0.0980963408946991,
            0.06705863028764725,
            0.043649692088365555,
            0.08849252760410309,
            0.22989559173583984,
            0.12060321122407913,
            0.052419599145650864
        ],
        "eo_exp": [
            0.161789670586586,
            0.06232086196541786,
            0.030205165967345238,
            0.0634055808186531,
            0.054828524589538574,
            0.1825581043958664,
            0.08828864246606827,
            0.013671934604644775
        ],
        "tpr_exp": [
            0.08629217743873596,
            0.06592180579900742,
            0.04567336663603783,
            0.08623391389846802,
            0.08328813314437866,
            0.21888548135757446,
            0.097622349858284,
            0.028063716366887093
        ],
        "er_exp": [
            0.027962498366832733,
            0.2301124930381775,
            0.029731247574090958,
            0.05631250888109207,
            0.027562499046325684,
            0.3409062325954437,
            0.06346249580383301,
            0.004999999422580004
        ],
        "opt_shap": [
            0.010292277671396732,
            0.12209063768386841,
            0.013266417197883129,
            0.028509583324193954,
            0.016680939123034477,
            0.12435559928417206,
            0.04156098514795303,
            0.010339230298995972
        ],
        "opt_objBI": [
            0.005077515263110399,
            0.11589305102825165,
            0.008024163544178009,
            0.017112309113144875,
            0.0058983140625059605,
            0.13331307470798492,
            0.03134638071060181,
            0.0028422812465578318
        ]
    },
    "shap": {
        "full": [
            0.0027176751755177975,
            0.11709736287593842,
            0.0038365814834833145,
            0.013468032702803612,
            0.004295161459594965,
            0.13265225291252136,
            0.03406241908669472,
            0.04689867049455643
        ],
        "partial": [
            0.0007797614089213312,
            0.1298704594373703,
            0.004584295675158501,
            0.01476560439914465,
            0.002679893746972084,
            0.14431989192962646,
            0.0352775938808918
        ],
        "mip": [
            0.007816741243004799,
            0.11851157993078232,
            0.0050528268329799175,
            0.015037729404866695,
            0.001954064005985856,
            0.13849185407161713,
            0.02500976249575615
        ],
        "adv_deb": [
            0.013110635802149773,
            0.12502050399780273,
            0.005688278935849667,
            0.013413887470960617,
            0.004035194870084524,
            0.15279120206832886,
            0.026359770447015762,
            0.03187640756368637
        ],
        "eo_cal": [
            0.006842417176812887,
            0.05999651923775673,
            0.0025882800109684467,
            0.008478819392621517,
            2.5953611384466058e-06,
            0.08215464651584625,
            0.016042042523622513,
            0.09962591528892517
        ],
        "re_weigh": [
            0.007509441114962101,
            0.1216500774025917,
            0.005383594892919064,
            0.015106867998838425,
            0.0026003094390034676,
            0.14085906744003296,
            0.025152400135993958,
            0.05016868934035301
        ],
        "dp_exp": [
            0.19100990891456604,
            0.09266367554664612,
            0.013864635489881039,
            0.01836833916604519,
            0.04741794243454933,
            0.2261935919523239,
            0.09222618490457535,
            0.0
        ],
        "eo_exp": [
            0.1558876931667328,
            0.11990352720022202,
            0.015429618768393993,
            0.056620173156261444,
            0.04794817790389061,
            0.18488037586212158,
            0.08290603756904602,
            0.0
        ],
        "tpr_exp": [
            0.06889364868402481,
            0.15512309968471527,
            0.014036453329026699,
            0.034883398562669754,
            0.04941454902291298,
            0.19700784981250763,
            0.07773055881261826,
            0.0
        ],
        "er_exp": [
            0.02590326778590679,
            0.25001123547554016,
            0.011295437812805176,
            0.03262914717197418,
            0.012468338012695312,
            0.3480381369590759,
            0.051547497510910034,
            0.0
        ],
        "opt_shap": [
            0.0025741702411323786,
            0.11936022341251373,
            0.0044481647200882435,
            0.017169304192066193,
            0.0050707547925412655,
            0.13338163495063782,
            0.03521218150854111
        ],
        "opt_objBI": [
            0.0035964904818683863,
            0.11791524291038513,
            0.0038094210904091597,
            0.013453618623316288,
            0.0037031788378953934,
            0.13504087924957275,
            0.03255833685398102
        ]
    },
    "di": {
        "full": 0.28254331342398437,
        "partial": 0.5252146760343482,
        "mip": 0.5028779599271402,
        "adv_deb": 0.35335732980224677,
        "eo_cal": 0.2185792349726776,
        "re_weigh": 0.9647628822131609,
        "dp_exp": 1.1794171220400729,
        "eo_exp": 0.9285782762918225,
        "tpr_exp": 0.8673884547946138,
        "er_exp": 0.5552758039749591,
        "opt_shap": 0.5195810564663024,
        "opt_objBI": 0.5059917553446458
    },
    "dd": {
        "full": -0.5319075434960117,