{
    "error": {
        "full": 28.150001525878906,
        "partial": 28.5,
        "mip": 27.950000762939453,
        "adv_deb": 28.0,
        "eo_cal": 28.899999618530273,
        "re_weigh": 28.549999237060547,
        "dp_exp": 29.899999618530273,
        "eo_exp": 29.499998092651367,
        "tpr_exp": 29.100000381469727,
        "er_exp": 35.75,
        "opt_shap": 28.549999237060547,
        "opt_objBI": 28.099998474121094
    },
    "objBI": {
        "full": [
            0.008535386063158512,
            0.21279393136501312,
            0.008713827468454838
        ],
        "partial": [
            0.006909577175974846,
            0.2070266157388687,
            0.006921767722815275
        ],
        "mip": [
            0.006514992564916611,
            0.21225060522556305,
            0.004829526413232088
        ],
        "adv_deb": [
            0.01320603210479021,
            0.21100802719593048,
            0.008469019085168839
        ],
        "eo_cal": [
            0.013871817849576473,
            0.10715989023447037,
            0.05545364320278168
        ],
        "re_weigh": [
            0.00866471603512764,
            0.21079257130622864,
            0.07103583216667175
        ],
        "dp_exp": [
            0.17808853089809418,
            0.28591296076774597,
            0.02303178235888481
        ],
        "eo_exp": [
            0.16748185455799103,
            0.30429208278656006,
            0.013432547450065613
        ],
        "tpr_exp": [
            0.14194419980049133,
            0.31257548928260803,
            0.0025244138669222593
        ],
        "er_exp": [
            0.19048890471458435,
            0.3242131471633911,
            0.009165719151496887
        ],
        "opt_shap": [
            0.009277629666030407,
            0.20974832773208618,
            0.009033520705997944
        ],
        "opt_objBI": [
            0.006113018374890089,
            0.20588575303554535,
            0.0056188092567026615
        ]
    },
    "shap": {
        "full": [
            0.005706474184989929,
            0.2104894518852234,
            0.0
        ],
        "partial": [
            0.0009155601728707552,
            0.20712941884994507
        ],
        "mip": [
            0.005460130982100964,
            0.213317409157753
        ],
        "adv_deb": [
            0.014126734808087349,
            0.2127048671245575
        ],
        "eo_cal": [
            0.003077392466366291,
            0.11013279855251312
        ],
        "re_weigh": [
            0.007829182781279087,
            0.2141590714454651
        ],
        "dp_exp": [
            0.1772664189338684,
            0.28753697872161865
        ],
        "eo_exp": [
            0.16549181938171387,
            0.31060364842414856
        ],
        "tpr_exp": [
            0.15732361376285553,
            0.3017358183860779
        ],
        "er_exp": [
            0.21984030306339264,
            0.38919612765312195
        ],
        "opt_shap": [
            0.005022844765335321,
            0.20946523547172546
        ],
        "opt_objBI": [
            0.0032227798365056515,
            0.20968133211135864
        ]
    },
    "di": {
        "full": 0.7761780161509387,
        "partial": 0.7394558033368801,
        "mip": 0.7927509010167216,
        "adv_deb": 0.8278672345502476,
        "eo_cal": 0.7196356275303644,
        "re_weigh": 0.9930337762064967,
        "dp_exp": 1.0301782307226952,
        "eo_exp": 0.9992797288390923,
        "tpr_exp": 0.9845358918898933,
        "er_exp": 1.0497863083206382,
        "opt_shap": 0.7242804362735338,
        "opt_objBI": 0.7547999575694359
    },
    "dd": {
        "full": -0.20634971435886773,
        "partial": -0.23608599638347916,
        "mip": -0.19025139620105302,
        "adv_deb": -0.15699460722344016,
        "eo_cal": -0.28036437246963564,
        "re_weigh": -0.0058648445376134895,
        "dp_exp": 0.02796802739594495,
        "eo_exp": 0.006472932102222773,
        "tpr_exp": -0.01263781984605783,
        "er_exp": 0.06931798178937765,
        "opt_shap": -0.24929189803331675,
        "opt_objBI": -0.221939959354147
    },
    "eqopp": {
        "full": -0.13913404585491662,
        "partial": -0.16251830481061358,
        "mip": -0.12328371910038693,
        "adv_deb": -0.09488339562433068,
        "eo_cal": -0.17821782178217827,
        "re_weigh": 0.010554499158525132,
        "dp_exp": 0.03198478788276171,
        "eo_exp": 0.0036063208969904226,
        "tpr_exp": 0.0026074792909754896,
        "er_exp": 0.09571612790418116,
        "opt_shap": -0.1743951216313684,
        "opt_objBI": -0.146016654645597
    },
    "eqodd": {
        "full": 0.20194932374030083,
        "partial": 0.2327096382773299,
        "mip": 0.18489750768513755,
        "adv_deb": 0.1497905885571691,
        "eo_cal": 0.3103130993727645,
        "re_weigh": 0.029922267608475994,
        "dp_exp": 0.05856492734166746,
        "eo_exp": 0.03610995337136173,
        "tpr_exp": 0.026468277102757842,
        "er_exp": 0.05506481203640318,
        "opt_shap": 0.2458648250608,
        "opt_objBI": 0.21858658633231223
    }
}