{
    "error": {
        "full": 26.249998092651367,
        "partial": 26.05000114440918,
        "mip": 25.850000381469727,
        "adv_deb": 25.94999885559082,
        "eo_cal": 27.149999618530273,
        "re_weigh": 26.850000381469727,
        "dp_exp": 29.149999618530273,
        "eo_exp": 29.30000114440918,
        "tpr_exp": 28.25,
        "er_exp": 37.5,
        "opt_shap": 26.0,
        "opt_objBI": 26.0
    },
    "objBI": {
        "full": [
            0.011562601663172245,
            0.19055598974227905,
            0.0049690366722643375
        ],
        "partial": [
            0.009893101640045643,
            0.19440816342830658,
            0.002404218539595604
        ],
        "mip": [
            0.010308527387678623,
            0.1909797489643097,
            0.005431503988802433
        ],
        "adv_deb": [
            0.009383176453411579,
            0.1932445764541626,
            0.005238874349743128
        ],
        "eo_cal": [
            0.005682911723852158,
            0.10064951330423355,
            0.048072200268507004
        ],
        "re_weigh": [
            0.014006813056766987,
            0.19671398401260376,
            0.07296822220087051
        ],
        "dp_exp": [
            0.03308352455496788,
            0.03789247199892998,
            0.0017664021579548717
        ],
        "eo_exp": [
            0.057742178440093994,
            0.048378005623817444,
            0.00649041635915637
        ],
        "tpr_exp": [
            0.033074285835027695,
            0.07313568145036697,
            0.005910811945796013
        ],
        "er_exp": [
            0.173674538731575,
            0.1702444702386856,
            0.02505297027528286
        ],
        "opt_shap": [
            0.01215122640132904,
            0.18289726972579956,
            0.006857673171907663
        ],
        "opt_objBI": [
            0.013750441372394562,
            0.1914178431034088,
            0.010045807808637619
        ]
    },
    "shap": {
        "full": [
            0.011065732687711716,
            0.19122102856636047,
            0.0
        ],
        "partial": [
            0.009574983268976212,
            0.19249200820922852
        ],
        "mip": [
            0.009496995247900486,
            0.19579239189624786
        ],
        "adv_deb": [
            0.011596801690757275,
            0.1987219750881195
        ],
        "eo_cal": [
            0.005090546328574419,
            0.10379120707511902
        ],
        "re_weigh": [
            0.00955792237073183,
            0.19725587964057922
        ],
        "dp_exp": [
            0.03998123109340668,
            0.04277424514293671
        ],
        "eo_exp": [
            0.06447635591030121,
            0.06068207323551178
        ],
        "tpr_exp": [
            0.04441915825009346,
            0.07364510744810104
        ],
        "er_exp": [
            0.17495425045490265,
            0.17658396065235138
        ],
        "opt_shap": [
            0.011538993567228317,
            0.18734417855739594
        ],
        "opt_objBI": [
            0.011345155537128448,
            0.19211925566196442
        ]
    },
    "di": {
        "full": 0.8063535212575929,
        "partial": 0.7799022000627593,
        "mip": 0.8212536634480341,
        "adv_deb": 0.807035282848172,
        "eo_cal": 0.7553083923154702,
        "re_weigh": 0.9990645398705488,
        "dp_exp": 0.9839622487033481,
        "eo_exp": 0.9842273270437624,
        "tpr_exp": 0.9644610759464074,
        "er_exp": 0.9621947985214409,
        "opt_shap": 0.7842327837977408,
        "opt_objBI": 0.7834641769910349
    },
    "dd": {
        "full": -0.18138794794170088,
        "partial": -0.20202844544189846,
        "mip": -0.16725423776276926,
        "adv_deb": -0.1776955011556398,
        "eo_cal": -0.2446916076845298,
        "re_weigh": -0.0008160987479485238,
        "dp_exp": -0.014793790048595823,
        "eo_exp": -0.013057579967176047,
        "tpr_exp": -0.026092157151015316,
        "er_exp": -0.015568883834943925,
        "opt_shap": -0.1989070677551984,
        "opt_objBI": -0.19897307574216483
    },
    "eqopp": {
        "full": -0.12622497506779085,
        "partial": -0.14428743334239957,
        "mip": -0.10988510578674504,
        "adv_deb": -0.12393368444477415,
        "eo_cal": -0.15522875816993464,
        "re_weigh": 0.014831573655103014,
        "dp_exp": -0.0003193795382802067,
        "eo_exp": 0.001368180731729396,
        "tpr_exp": -0.011615112627648805,
        "er_exp": 0.013413940607768904,
        "opt_shap": -0.14316857470184374,
        "opt_objBI": -0.13938547255808587
    },
    "eqodd": {
        "full": 0.1640360024877805,
        "partial": 0.17798291069451277,
        "mip": 0.1495937100247574,
        "adv_deb": 0.1528582349170066,
        "eo_cal": 0.2725745912865588,
        "re_weigh": 0.045341954301330506,
        "dp_exp": 0.016179651835412444,
        "eo_exp": 0.007876939578758728,
        "tpr_exp": 0.026842307089081197,
        "er_exp": 0.0022486544275497067,
        "opt_shap": 0.1744120195680878,
        "opt_objBI": 0.17649924833705768
    }
}