{
    "error": {
        "full": 26.05000114440918,
        "partial": 26.750001907348633,
        "mip": 26.750001907348633,
        "adv_deb": 26.149999618530273,
        "eo_cal": 26.750001907348633,
        "re_weigh": 28.549999237060547,
        "dp_exp": 29.850000381469727,
        "eo_exp": 29.899999618530273,
        "tpr_exp": 28.899999618530273,
        "er_exp": 38.150001525878906,
        "opt_shap": 26.80000114440918,
        "opt_objBI": 26.80000114440918
    },
    "objBI": {
        "full": [
            0.012265904806554317,
            0.19310861825942993,
            0.02711774781346321
        ],
        "partial": [
            0.005224993452429771,
            0.20621511340141296,
            0.005223621614277363
        ],
        "mip": [
            0.0033724834211170673,
            0.20049133896827698,
            0.0033757395576685667
        ],
        "adv_deb": [
            0.014671746641397476,
            0.21547585725784302,
            0.012861568480730057
        ],
        "eo_cal": [
            0.002282575238496065,
            0.2064344733953476,
            0.007661622483283281
        ],
        "re_weigh": [
            0.018946301192045212,
            0.20013640820980072,
            0.07882071286439896
        ],
        "dp_exp": [
            0.07306475192308426,
            0.04960177466273308,
            0.004889770410954952
        ],
        "eo_exp": [
            0.11655440181493759,
            0.07637246698141098,
            0.004951052367687225
        ],
        "tpr_exp": [
            0.08297886699438095,
            0.07648766040802002,
            0.0012896753614768386
        ],
        "er_exp": [
            0.22322700917720795,
            0.22673353552818298,
            0.034242842346429825
        ],
        "opt_shap": [
            0.00891173630952835,
            0.19857865571975708,
            0.008820599876344204
        ],
        "opt_objBI": [
            0.011337850242853165,
            0.21096664667129517,
            0.011358038522303104
        ]
    },
    "shap": {
        "full": [
            0.005856755655258894,
            0.1927568018436432,
            0.0
        ],
        "partial": [
            5.792604497401044e-05,
            0.2090507596731186
        ],
        "mip": [
            0.0015425231540575624,
            0.20601293444633484
        ],
        "adv_deb": [
            0.01569969765841961,
            0.2123076319694519
        ],
        "eo_cal": [
            0.0017475140048190951,
            0.21095135807991028
        ],
        "re_weigh": [
            0.0010903527727350593,
            0.21036753058433533
        ],
        "dp_exp": [
            0.07090835273265839,
            0.0521027110517025
        ],
        "eo_exp": [
            0.11371079087257385,
            0.0792689248919487
        ],
        "tpr_exp": [
            0.06949763745069504,
            0.07632792741060257
        ],
        "er_exp": [
            0.2122243493795395,
            0.23833173513412476
        ],
        "opt_shap": [
            0.004044673405587673,
            0.20541006326675415
        ],
        "opt_objBI": [
            0.004061867017298937,
            0.20543305575847626
        ]
    },
    "di": {
        "full": 0.7298537484809119,
        "partial": 0.7599611273080661,
        "mip": 0.7778616732105104,
        "adv_deb": 0.7373361976369495,
        "eo_cal": 0.7426543556111662,
        "re_weigh": 1.0033421033918795,
        "dp_exp": 1.0055525290198213,
        "eo_exp": 0.985695212664505,
        "tpr_exp": 0.9682745825602969,
        "er_exp": 0.8773954703832751,
        "opt_shap": 0.7858328125336723,
        "opt_objBI": 0.7858328125336723
    },
    "dd": {
        "full": -0.25796318527410966,
        "partial": -0.22238895558223293,
        "mip": -0.20602240896358548,
        "adv_deb": -0.24463785514205683,
        "eo_cal": -0.23867547018807522,
        "re_weigh": 0.0028211284513806056,
        "dp_exp": -0.0026610644257702987,
        "eo_exp": -0.006642657062825186,
        "tpr_exp": -0.02785114045618242,
        "er_exp": -0.0917567026810725,
        "opt_shap": -0.19883953581432579,
        "opt_objBI": -0.19883953581432579
    },
    "eqopp": {
        "full": -0.17316129247501955,
        "partial": -0.13591589237159485,
        "mip": -0.12393030510284087,
        "adv_deb": -0.15049126728610274,
        "eo_cal": -0.15042037132800634,
        "re_weigh": 0.03222429813001482,
        "dp_exp": -0.007923665904882582,
        "eo_exp": -0.0010175655162060204,
        "tpr_exp": -0.015084157672610843,
        "er_exp": 0.0025564248419437385,
        "opt_shap": -0.11730778854654944,
        "opt_objBI": -0.11730778854654944
    },
    "eqodd": {
        "full": 0.25868806480275175,
        "partial": 0.22413145399976842,
        "mip": 0.20617057525900845,
        "adv_deb": 0.247376588265533,
        "eo_cal": 0.24069220411627207,
        "re_weigh": 0.034458505683346685,
        "dp_exp": 0.0038965857344576693,
        "eo_exp": 0.000860361127946338,
        "tpr_exp": 0.022046040719512487,
        "er_exp": 0.04795037882534017,
        "opt_shap": 0.19975255742522352,
        "opt_objBI": 0.19975255742522352
    }
}