{
    "error": {
        "full": 27.799999237060547,
        "partial": 27.599998474121094,
        "mip": 27.450000762939453,
        "adv_deb": 27.25,
        "eo_cal": 27.599998474121094,
        "re_weigh": 28.349998474121094,
        "dp_exp": 28.049999237060547,
        "eo_exp": 28.950000762939453,
        "tpr_exp": 28.899999618530273,
        "er_exp": 36.29999923706055,
        "opt_shap": 28.0,
        "opt_objBI": 28.099998474121094
    },
    "objBI": {
        "full": [
            0.019255733117461205,
            0.19280052185058594,
            0.021074412390589714
        ],
        "partial": [
            0.009857871569693089,
            0.18796685338020325,
            0.004529506899416447
        ],
        "mip": [
            0.01459335908293724,
            0.18856649100780487,
            0.00528677785769105
        ],
        "adv_deb": [
            0.014870984479784966,
            0.1939862221479416,
            0.013932796195149422
        ],
        "eo_cal": [
            0.008936455473303795,
            0.09551169723272324,
            0.04773241654038429
        ],
        "re_weigh": [
            0.014481374993920326,
            0.18720300495624542,
            0.06121078133583069
        ],
        "dp_exp": [
            0.0956912413239479,
            0.11402120441198349,
            0.014369681477546692
        ],
        "eo_exp": [
            0.11749199777841568,
            0.13325698673725128,
            0.004939519800245762
        ],
        "tpr_exp": [
            0.0957508310675621,
            0.1403653919696808,
            0.0028612385503947735
        ],
        "er_exp": [
            0.21694697439670563,
            0.20741891860961914,
            0.0063079241663217545
        ],
        "opt_shap": [
            0.013465864583849907,
            0.18515533208847046,
            0.0033907927572727203
        ],
        "opt_objBI": [
            0.012881600297987461,
            0.1896786093711853,
            0.00415187980979681
        ]
    },
    "shap": {
        "full": [
            0.01429496519267559,
            0.18842735886573792,
            0.0
        ],
        "partial": [
            0.008736349642276764,
            0.19176815450191498
        ],
        "mip": [
            0.013776165433228016,
            0.19246602058410645
        ],
        "adv_deb": [
            0.015212930738925934,
            0.1911013424396515
        ],
        "eo_cal": [
            0.007780471816658974,
            0.1034751906991005
        ],
        "re_weigh": [
            0.013971159234642982,
            0.19474191963672638
        ],
        "dp_exp": [
            0.08884045481681824,
            0.10132606327533722
        ],
        "eo_exp": [
            0.1123577281832695,
            0.1285921335220337
        ],
        "tpr_exp": [
            0.09244828671216965,
            0.14629925787448883
        ],
        "er_exp": [
            0.22191765904426575,
            0.2089807689189911
        ],
        "opt_shap": [
            0.01298731379210949,
            0.1870945692062378
        ],
        "opt_objBI": [
            0.012850089929997921,
            0.1896257847547531
        ]
    },
    "di": {
        "full": 0.7820414556118368,
        "partial": 0.7575365330244915,
        "mip": 0.8248076663517344,
        "adv_deb": 0.7796252616192153,
        "eo_cal": 0.7711693548387096,
        "re_weigh": 0.9710678778342035,
        "dp_exp": 0.9687938288920056,
        "eo_exp": 0.9729813026505034,
        "tpr_exp": 0.9194065896153182,
        "er_exp": 1.0303605313092978,
        "opt_shap": 0.7813903634136382,
        "opt_objBI": 0.7789964914671117
    },
    "dd": {
        "full": -0.20930939580133134,
        "partial": -0.22779057859703022,
        "mip": -0.16615463389656937,
        "adv_deb": -0.2122855862775218,
        "eo_cal": -0.22883064516129037,
        "re_weigh": -0.025889656938044125,
        "dp_exp": -0.02889784946236562,
        "eo_exp": -0.030241935483870996,
        "tpr_exp": -0.04877112135176653,
        "er_exp": 0.03125,
        "opt_shap": -0.20559715821812596,
        "opt_objBI": -0.2076292882744496
    },
    "eqopp": {
        "full": -0.14716880670066146,
        "partial": -0.15807171673731846,
        "mip": -0.11160328479859105,
        "adv_deb": -0.13578669287952327,
        "eo_cal": -0.15284552845528454,
        "re_weigh": -0.00500092154573939,
        "dp_exp": -0.004445946222686348,
        "eo_exp": -0.0167680366979992,
        "tpr_exp": -0.01748274661587934,
        "er_exp": 0.06003768098134388,
        "opt_shap": -0.14794904876000903,
        "opt_objBI": -0.15282709754049684
    },
    "eqodd": {
        "full": 0.2138580839076078,
        "partial": 0.2287854803225996,
        "mip": 0.16247880345931187,
        "adv_deb": 0.22446019242007845,
        "eo_cal": 0.2528153371719394,
        "re_weigh": 0.005896677833282696,
        "dp_exp": 0.021806998496206466,
        "eo_exp": 0.024034704260495754,
        "tpr_exp": 0.044870264356195094,
        "er_exp": 0.038541124232009616,
        "opt_shap": 0.20250398718275125,
        "opt_objBI": 0.2026065629748643
    }
}