{
    "error": {
        "full": 27.950000762939453,
        "partial": 27.799999237060547,
        "mip": 27.149999618530273,
        "adv_deb": 27.700000762939453,
        "eo_cal": 27.299999237060547,
        "re_weigh": 26.80000114440918,
        "dp_exp": 27.799999237060547,
        "eo_exp": 27.200000762939453,
        "tpr_exp": 27.450000762939453,
        "er_exp": 35.400001525878906,
        "opt_shap": 28.299999237060547,
        "opt_objBI": 28.349998474121094
    },
    "objBI": {
        "full": [
            0.02190120331943035,
            0.18299849331378937,
            0.012883163057267666
        ],
        "partial": [
            0.014826213009655476,
            0.17892412841320038,
            0.00928276963531971
        ],
        "mip": [
            0.016688507050275803,
            0.19064000248908997,
            0.0037741183768957853
        ],
        "adv_deb": [
            0.019049901515245438,
            0.20019815862178802,
            0.00985912699252367
        ],
        "eo_cal": [
            0.007152971345931292,
            0.09420190006494522,
            0.037276558578014374
        ],
        "re_weigh": [
            0.009742338210344315,
            0.18296141922473907,
            0.07633211463689804
        ],
        "dp_exp": [
            0.13064104318618774,
            0.234772190451622,
            0.019999999552965164
        ],
        "eo_exp": [
            0.14101578295230865,
            0.23934398591518402,
            0.008000001311302185
        ],
        "tpr_exp": [
            0.11599564552307129,
            0.218232661485672,
            0.00259183207526803
        ],
        "er_exp": [
            0.11009509116411209,
            0.22103603184223175,
            0.007489948533475399
        ],
        "opt_shap": [
            0.01735326088964939,
            0.17850258946418762,
            0.0005083790165372193
        ],
        "opt_objBI": [
            0.016580715775489807,
            0.17703457176685333,
            0.0015555534046143293
        ]
    },
    "shap": {
        "full": [
            0.02060224860906601,
            0.17855560779571533,
            0.0
        ],
        "partial": [
            0.012767327949404716,
            0.17863164842128754
        ],
        "mip": [
            0.015383327379822731,
            0.18536342680454254
        ],
        "adv_deb": [
            0.028829451650381088,
            0.19022132456302643
        ],
        "eo_cal": [
            0.004608361981809139,
            0.09848301112651825
        ],
        "re_weigh": [
            0.009088980033993721,
            0.18961825966835022
        ],
        "dp_exp": [
            0.12852880358695984,
            0.20041973888874054
        ],
        "eo_exp": [
            0.13925954699516296,
            0.23261162638664246
        ],
        "tpr_exp": [
            0.11354392766952515,
            0.19879338145256042
        ],
        "er_exp": [
            0.14454162120819092,
            0.2152222841978073
        ],
        "opt_shap": [
            0.016941292211413383,
            0.17749501764774323
        ],
        "opt_objBI": [
            0.01690472662448883,
            0.17780646681785583
        ]
    },
    "di": {
        "full": 0.7512164018469624,
        "partial": 0.7548969050728194,
        "mip": 0.7724922440537746,
        "adv_deb": 0.7809391365356185,
        "eo_cal": 0.7918326693227091,
        "re_weigh": 0.9752934269670475,
        "dp_exp": 0.9762519381646267,
        "eo_exp": 0.9601678937355502,
        "tpr_exp": 0.9574626520317883,
        "er_exp": 0.9685980487498824,
        "opt_shap": 0.7422098440095418,
        "opt_objBI": 0.7406478796854467
    },
    "dd": {
        "full": -0.23254772076353214,
        "partial": -0.2357517720283524,
        "mip": -0.22088353413654616,
        "adv_deb": -0.2098233571737148,
        "eo_cal": -0.20816733067729087,
        "re_weigh": -0.022052352837645395,
        "dp_exp": -0.023496375942015146,
        "eo_exp": -0.03535256564105027,
        "tpr_exp": -0.04142466279460477,
        "er_exp": 0.003076049216787502,
        "opt_shap": -0.2476959631354101,
        "opt_objBI": -0.24867597881566106
    },
    "eqopp": {
        "full": -0.17623755419530562,
        "partial": -0.16779982558307738,
        "mip": -0.14840524242712316,
        "adv_deb": -0.14604317438799086,
        "eo_cal": -0.1230031948881789,
        "re_weigh": 0.0013928555191383696,
        "dp_exp": -0.007673104662552888,
        "eo_exp": -0.015581796163654293,
        "tpr_exp": -0.01566032510983717,
        "er_exp": 0.029522750662329567,
        "opt_shap": -0.1840780495063009,
        "opt_objBI": -0.1859792766244126
    },
    "eqodd": {
        "full": 0.224735855418767,
        "partial": 0.24224451620340667,
        "mip": 0.23001442276527345,
        "adv_deb": 0.21365437244561475,
        "eo_cal": 0.23610477204726404,
        "re_weigh": 0.011290301582142559,
        "dp_exp": 0.007844564867969014,
        "eo_exp": 0.014509510166657427,
        "tpr_exp": 0.034420629801842476,
        "er_exp": 0.04970767352588654,
        "opt_shap": 0.2530291308105211,
        "opt_objBI": 0.2530603432259605
    }
}