{
    "error": {
        "full": 30.5,
        "partial": 31.0,
        "mip": 30.5,
        "adv_deb": 31.5,
        "eo_cal": 31.0,
        "re_weigh": 30.5,
        "dp_exp": 31.5,
        "eo_exp": 32.5,
        "tpr_exp": 31.0,
        "er_exp": 31.5,
        "opt_shap": 30.5,
        "opt_objBI": 30.5
    },
    "objBI": {
        "full": [
            0.03946540504693985,
            0.04529981315135956,
            0.08030465990304947,
            0.07824116200208664,
            0.017037995159626007,
            0.028535816818475723,
            0.012753970921039581,
            0.015080519951879978,
            0.03494150564074516
        ],
        "partial": [
            0.036704327911138535,
            0.04804401099681854,
            0.06186722218990326,
            0.07173506915569305,
            0.021006951108574867,
            0.03482234850525856,
            0.014715160243213177,
            0.014946799725294113,
            0.015080603770911694
        ],
        "mip": [
            0.02419264242053032,
            0.03915528208017349,
            0.06713347136974335,
            0.07831759005784988,
            0.016382981091737747,
            0.029653964564204216,
            0.00782676413655281,
            0.008820820599794388,
            0.004359465092420578
        ],
        "adv_deb": [
            0.019590644165873528,
            0.04290197044610977,
            0.04609419405460358,
            0.046581171452999115,
            0.015668092295527458,
            0.017104526981711388,
            0.01019970327615738,
            0.0031160875223577023,
            0.019963745027780533
        ],
        "eo_cal": [
            0.028089795261621475,
            0.04234062507748604,
            0.07087383419275284,
            0.06191013380885124,
            0.015165562741458416,
            0.02097601443529129,
            0.00521756149828434,
            0.0012150401016697288,
            0.012109526433050632
        ],
        "re_weigh": [
            0.03120248019695282,
            0.0421767458319664,
            0.07015614211559296,
            0.07140763103961945,
            0.016991889104247093,
            0.029845604673027992,
            0.007279685232788324,
            0.010504581965506077,
            0.018874529749155045
        ],
        "dp_exp": [
            0.017656248062849045,
            0.015256251208484173,
            0.0489562526345253,
            0.05623749643564224,
            0.015143749304115772,
            0.014531250111758709,
            0.015018749982118607,
            0.0149125000461936,
            0.014999999664723873
        ],
        "eo_exp": [
            0.006260073743760586,
            0.011111926287412643,
            0.03074496239423752,
            0.02619842253625393,
            0.009353766217827797,
            0.006750153377652168,
            0.0033309715799987316,
            0.003379636211320758,
            0.0028727271128445864
        ],
        "tpr_exp": [
            0.0033749998547136784,
            0.011031251400709152,
            0.016631249338388443,
            0.03181250020861626,
            0.01511249877512455,
            0.01477499958127737,
            0.0,
            0.007093749474734068,
            0.0
        ],
        "er_exp": [
            0.00880342349410057,
            0.020906616002321243,
            0.05052075907588005,
            0.029877882450819016,
            0.01712569035589695,
            0.00399536918848753,
            0.004671421833336353,
            0.012030832469463348,
            0.0018445609603077173
        ],
        "opt_shap": [
            0.028072763234376907,
            0.04074013605713844,
            0.07007250189781189,
            0.08137941360473633,
            0.014451528899371624,
            0.02545916847884655,
            0.0046245623379945755,
            0.009007812477648258,
            0.0002608406648505479
        ],
        "opt_objBI": [
            0.027091054245829582,
            0.04028690233826637,
            0.0722893700003624,
            0.07575055956840515,
            0.011348438449203968,
            0.028486842289566994,
            0.004451343789696693,
            0.00967166293412447,
            0.0017148118931800127
        ]
    },
    "shap": {
        "full": [
            0.022899815812706947,
            0.0427229180932045,
            0.07381977140903473,
            0.07877812534570694,
            0.012959207408130169,
            0.02788730338215828,
            0.0049524507485330105,
            0.006399642676115036,
            0.027822360396385193
        ],
        "partial": [
            0.022055409848690033,
            0.04755094647407532,
            0.06235026195645332,
            0.07173145562410355,
            0.014909500256180763,
            0.0318327434360981,
            0.0046676513738930225,
            0.0020235476549714804
        ],
        "mip": [
            0.023574495688080788,
            0.04294632375240326,
            0.07437121123075485,
            0.07751040905714035,
            0.014756095595657825,
            0.02742690034210682,
            0.005606887862086296,
            0.0058307587169110775
        ],
        "adv_deb": [
            0.01788507029414177,
            0.03882217034697533,
            0.04408520832657814,
            0.04571816325187683,
            0.018085768446326256,
            0.020577944815158844,
            0.016685452312231064,
            0.009267533197999,
            0.022418012842535973
        ],
        "eo_cal": [
            0.02028265967965126,
            0.04107058420777321,
            0.07061110436916351,
            0.06645157188177109,
            0.01456731278449297,
            0.01968524605035782,
            0.00406787171959877,
            0.0001659704721532762,
            0.01478132326155901
        ],
        "re_weigh": [
            0.023704025894403458,
            0.040292516350746155,
            0.0695057213306427,
            0.07389386743307114,
            0.015145006589591503,
            0.02924054116010666,
            0.003222316736355424,
            0.006059031002223492,
            0.015176828019320965
        ],
        "dp_exp": [
            0.002167460275813937,
            0.028348412364721298,
            0.06504563242197037,
            0.041491471230983734,
            0.009317460469901562,
            0.019531549885869026,
            0.000837896834127605,
            0.0008156746625900269,
            0.0
        ],
        "eo_exp": [
            0.0014114908408373594,
            0.019984938204288483,
            0.03676825016736984,
            0.02524997480213642,
            0.006688529625535011,
            0.00713579123839736,
            0.00100165163166821,
            0.0012705617118626833,
            0.0
        ],
        "tpr_exp": [
            0.001130555639974773,
            0.021060321480035782,
            0.03099662810564041,
            0.022388095036149025,
            0.012168453074991703,
            0.012165277265012264,
            0.0005170635413378477,
            0.002841667039319873,
            0.0
        ],
        "er_exp": [
            0.00501762330532074,
            0.033592339605093,
            0.07748421281576157,
            0.06188534200191498,
            0.015394406393170357,
            0.016131386160850525,
            0.0064594680443406105,
            0.012230967171490192,
            0.0
        ],
        "opt_shap": [
            0.02417043410241604,
            0.04230947047472,
            0.07081739604473114,
            0.07830588519573212,
            0.01371675357222557,
            0.02613435685634613,
            0.004500075709074736,
            0.00756967905908823
        ],