{
    "error": {
        "full": 28.850000381469727,
        "partial": 29.600000381469727,
        "mip": 28.899999618530273,
        "adv_deb": 28.799999237060547,
        "eo_cal": 28.950000762939453,
        "re_weigh": 28.950000762939453,
        "dp_exp": 31.049999237060547,
        "eo_exp": 30.549999237060547,
        "tpr_exp": 30.75,
        "er_exp": 36.349998474121094,
        "opt_shap": 30.000001907348633,
        "opt_objBI": 30.000001907348633
    },
    "objBI": {
        "full": [
            0.029866114258766174,
            0.1745842844247818,
            0.020352905616164207
        ],
        "partial": [
            0.08889097720384598,
            0.09066099673509598,
            0.0027148877270519733
        ],
        "mip": [
            0.015112782828509808,
            0.19194327294826508,
            0.006148225627839565
        ],
        "adv_deb": [
            0.021322650834918022,
            0.18875837326049805,
            0.011276336386799812
        ],
        "eo_cal": [
            0.011503839865326881,
            0.09623908251523972,
            0.046201810240745544
        ],
        "re_weigh": [
            0.012857156805694103,
            0.18909882009029388,
            0.06831084191799164
        ],
        "dp_exp": [
            0.10401235520839691,
            0.028231047093868256,
            0.012999999336898327
        ],
        "eo_exp": [
            0.11073491722345352,
            0.05059262737631798,
            0.014060662128031254
        ],
        "tpr_exp": [
            0.08327531069517136,
            0.05223856866359711,
            0.02220209501683712
        ],
        "er_exp": [
            0.265893816947937,
            0.11302834004163742,
            0.017934288829565048
        ],
        "opt_shap": [
            0.0835823342204094,
            0.09390811622142792,
            0.007034705486148596
        ],
        "opt_objBI": [
            0.0882895439863205,
            0.09829291701316833,
            0.001219767495058477
        ]
    },
    "shap": {
        "full": [
            0.02948424033820629,
            0.16807252168655396,
            0.0
        ],
        "partial": [
            0.08698102831840515,
            0.08997506648302078
        ],
        "mip": [
            0.014063112437725067,
            0.18818457424640656
        ],
        "adv_deb": [
            0.020812170580029488,
            0.18522222340106964
        ],
        "eo_cal": [
            0.006290255580097437,
            0.1028389111161232
        ],
        "re_weigh": [
            0.012057267129421234,
            0.1922672539949417
        ],
        "dp_exp": [
            0.11216811835765839,
            0.04018479213118553
        ],
        "eo_exp": [
            0.11795922368764877,
            0.05614645406603813
        ],
        "tpr_exp": [
            0.1085849329829216,
            0.0593179389834404
        ],
        "er_exp": [
            0.30768731236457825,
            0.13811831176280975
        ],
        "opt_shap": [
            0.08279535174369812,
            0.0952088013291359
        ],
        "opt_objBI": [
            0.08247491717338562,
            0.09483765065670013
        ]
    },
    "di": {
        "full": 0.7807397302665442,
        "partial": 0.9222247725432439,
        "mip": 0.8022425410485112,
        "adv_deb": 0.8514308903498092,
        "eo_cal": 0.7397397397397397,
        "re_weigh": 0.9813421669091773,
        "dp_exp": 0.9881445275062296,
        "eo_exp": 0.9623081325436785,
        "tpr_exp": 0.9729428676797098,
        "er_exp": 1.0183794492858387,
        "opt_shap": 0.9155673245130114,
        "opt_objBI": 0.9155673245130114
    },
    "dd": {
        "full": -0.2083082083082083,
        "partial": -0.07319107319107321,
        "mip": -0.1853111853111853,
        "adv_deb": -0.13728913728913728,
        "eo_cal": -0.2602602602602603,
        "re_weigh": -0.016272016272016243,
        "dp_exp": -0.01914901914901912,
        "eo_exp": -0.026166026166026257,
        "tpr_exp": -0.02817202817202813,
        "er_exp": 0.02833902833902835,
        "opt_shap": -0.07920307920307923,
        "opt_objBI": -0.07920307920307923
    },
    "eqopp": {
        "full": -0.1364354647553473,
        "partial": -0.03222529488120096,
        "mip": -0.1160054179129747,
        "adv_deb": -0.08155087758902879,
        "eo_cal": -0.1669394435351882,
        "re_weigh": 0.003978779840848823,
        "dp_exp": 0.0019188441785653598,
        "eo_exp": -0.01842654777357644,
        "tpr_exp": -0.008211524352390032,
        "er_exp": 0.05694452282860207,
        "opt_shap": -0.03970314351825732,
        "opt_objBI": -0.03970314351825732
    },
    "eqodd": {
        "full": 0.21459278976738105,
        "partial": 0.07081025585497504,
        "mip": 0.1891016696810585,
        "adv_deb": 0.1324841912466201,
        "eo_cal": 0.2870779691902745,
        "re_weigh": 0.012616920284796884,
        "dp_exp": 0.016049079717591612,
        "eo_exp": 0.006211435823799877,
        "tpr_exp": 0.01672052360052481,
        "er_exp": 0.047569548761722064,
        "opt_shap": 0.07712649976113209,
        "opt_objBI": 0.07712649976113209
    }
}