{
    "error": {
        "full": 27.100000381469727,
        "partial": 26.750001907348633,
        "mip": 26.750001907348633,
        "adv_deb": 27.149999618530273,
        "eo_cal": 27.100000381469727,
        "re_weigh": 27.799999237060547,
        "dp_exp": 28.099998474121094,
        "eo_exp": 27.950000762939453,
        "tpr_exp": 28.049999237060547,
        "er_exp": 34.70000076293945,
        "opt_shap": 26.899999618530273,
        "opt_objBI": 26.899999618530273
    },
    "objBI": {
        "full": [
            0.02424749918282032,
            0.17236682772636414,
            0.027798505499958992
        ],
        "partial": [
            0.004893105011433363,
            0.20061106979846954,
            0.003908168524503708
        ],
        "mip": [
            0.009151163510978222,
            0.20356638729572296,
            0.008241952396929264
        ],
        "adv_deb": [
            0.02218431793153286,
            0.2056513875722885,
            0.020559823140501976
        ],
        "eo_cal": [
            0.008918357081711292,
            0.09965801239013672,
            0.03362822160124779
        ],
        "re_weigh": [
            0.005280300043523312,
            0.19541004300117493,
            0.060435425490140915
        ],
        "dp_exp": [
            0.08146171271800995,
            0.08392397314310074,
            0.009964337572455406
        ],
        "eo_exp": [
            0.09849131107330322,
            0.09615352004766464,
            0.011449341662228107
        ],
        "tpr_exp": [
            0.08994936943054199,
            0.12113447487354279,
            0.006848527118563652
        ],
        "er_exp": [
            0.24790072441101074,
            0.15174663066864014,
            0.020391713827848434
        ],
        "opt_shap": [
            0.007952923886477947,
            0.19996298849582672,
            0.003534492338076234
        ],
        "opt_objBI": [
            0.008206991478800774,
            0.19206048548221588,
            0.0037399332504719496
        ]
    },
    "shap": {
        "full": [
            0.0237431600689888,
            0.16979719698429108,
            0.0
        ],
        "partial": [
            0.003712827106937766,
            0.20220769941806793
        ],
        "mip": [
            0.005457290448248386,
            0.20017163455486298
        ],
        "adv_deb": [
            0.014014549553394318,
            0.20697195827960968
        ],
        "eo_cal": [
            0.0017344248481094837,
            0.10786975175142288
        ],
        "re_weigh": [
            0.005082532297819853,
            0.20176713168621063
        ],
        "dp_exp": [
            0.09995485097169876,
            0.09284944087266922
        ],
        "eo_exp": [
            0.11369302868843079,
            0.1244397908449173
        ],
        "tpr_exp": [
            0.10502295196056366,
            0.12075726687908173
        ],
        "er_exp": [
            0.24516449868679047,
            0.14773917198181152
        ],
        "opt_shap": [
            0.007678755559027195,
            0.19594214856624603
        ],
        "opt_objBI": [
            0.0076647065579891205,
            0.19745366275310516
        ]
    },
    "di": {
        "full": 0.7123204837490552,
        "partial": 0.7712858162536963,
        "mip": 0.7755004928452466,
        "adv_deb": 0.782364854338682,
        "eo_cal": 0.7291666666666666,
        "re_weigh": 0.9692333277897888,
        "dp_exp": 0.957355303383595,
        "eo_exp": 0.9516832373975231,
        "tpr_exp": 0.9325570111596313,
        "er_exp": 0.9572227931940162,
        "opt_shap": 0.7891981917677849,
        "opt_objBI": 0.7891981917677849
    },
    "dd": {
        "full": -0.2740495391705069,
        "partial": -0.21534178187403996,
        "mip": -0.211373527905786,
        "adv_deb": -0.20118087557603692,
        "eo_cal": -0.27083333333333337,
        "re_weigh": -0.026641705069124444,
        "dp_exp": -0.035586277521761356,
        "eo_exp": -0.055171530977982663,
        "tpr_exp": -0.06821236559139787,
        "er_exp": -0.02608166922683053,
        "opt_shap": -0.19847670250896055,
        "opt_objBI": -0.19847670250896055
    },
    "eqopp": {
        "full": -0.191064986349454,
        "partial": -0.1395707390795632,
        "mip": -0.13645061427457095,
        "adv_deb": -0.13565230109204374,
        "eo_cal": -0.1747269890795632,
        "re_weigh": -0.011044348023920958,
        "dp_exp": -0.00771499609984394,
        "eo_exp": -0.024089557332293343,
        "tpr_exp": -0.02175555772230886,
        "er_exp": 0.029269452028081178,
        "opt_shap": -0.1286503022620905,
        "opt_objBI": -0.1286503022620905
    },
    "eqodd": {
        "full": 0.28817797779909443,
        "partial": 0.224022183475165,
        "mip": 0.21973732543234192,
        "adv_deb": 0.20148102598393547,
        "eo_cal": 0.30670954358610314,
        "re_weigh": 0.017966218387203775,
        "dp_exp": 0.03162118051844497,
        "eo_exp": 0.043343191797446085,
        "tpr_exp": 0.039528431960799276,
        "er_exp": 0.022575488491756446,
        "opt_shap": 0.20493798686479378,
        "opt_objBI": 0.20493798686479378
    }
}