{
    "error": {
        "full": 28.349998474121094,
        "partial": 28.099998474121094,
        "mip": 28.150001525878906,
        "adv_deb": 27.549999237060547,
        "eo_cal": 28.850000381469727,
        "re_weigh": 27.849998474121094,
        "dp_exp": 29.55000114440918,
        "eo_exp": 29.649999618530273,
        "tpr_exp": 28.950000762939453,
        "er_exp": 38.95000076293945,
        "opt_shap": 28.049999237060547,
        "opt_objBI": 27.950000762939453
    },
    "objBI": {
        "full": [
            0.003749844850972295,
            0.20476490259170532,
            0.0038408024702221155
        ],
        "partial": [
            0.012420440092682838,
            0.20577166974544525,
            0.012393836863338947
        ],
        "mip": [
            0.0055413260124623775,
            0.21010690927505493,
            0.005442942958325148
        ],
        "adv_deb": [
            0.006719663273543119,
            0.20757430791854858,
            0.0032864846289157867
        ],
        "eo_cal": [
            0.0015665647806599736,
            0.107535719871521,
            0.04626505449414253
        ],
        "re_weigh": [
            0.0035716502461582422,
            0.21205437183380127,
            0.07122252136468887
        ],
        "dp_exp": [
            0.056037578731775284,
            0.05810334160923958,
            0.008000001311302185
        ],
        "eo_exp": [
            0.09917803853750229,
            0.09994129836559296,
            0.009711382910609245
        ],
        "tpr_exp": [
            0.050445135682821274,
            0.06677118688821793,
            0.00011177038686582819
        ],
        "er_exp": [
            0.2274339646100998,
            0.16341613233089447,
            0.0067637707106769085
        ],
        "opt_shap": [
            0.0024021766148507595,
            0.21254464983940125,
            0.002407096792012453
        ],
        "opt_objBI": [
            0.0028375762049108744,
            0.19950270652770996,
            0.0028126242104917765
        ]
    },
    "shap": {
        "full": [
            0.00027805750141851604,
            0.2050725817680359,
            0.0
        ],
        "partial": [
            0.0007790645468048751,
            0.2078283131122589
        ],
        "mip": [
            0.0015832985518500209,
            0.21048375964164734
        ],
        "adv_deb": [
            0.011504905298352242,
            0.2089257538318634
        ],
        "eo_cal": [
            0.0014058152446523309,
            0.11043865978717804
        ],
        "re_weigh": [
            0.0008692642441019416,
            0.21450835466384888
        ],
        "dp_exp": [
            0.0647541955113411,
            0.06189753860235214
        ],
        "eo_exp": [
            0.09632325917482376,
            0.09210909903049469
        ],
        "tpr_exp": [
            0.05288217216730118,
            0.0700816959142685
        ],
        "er_exp": [
            0.23402392864227295,
            0.16099399328231812
        ],
        "opt_shap": [
            0.00024068175116553903,
            0.20679223537445068
        ],
        "opt_objBI": [
            0.00041147295269183815,
            0.20547330379486084
        ]
    },
    "di": {
        "full": 0.7475652533302247,
        "partial": 0.7593972213685448,
        "mip": 0.7561703209944576,
        "adv_deb": 0.779572373481003,
        "eo_cal": 0.716751269035533,
        "re_weigh": 0.9699812492333215,
        "dp_exp": 0.9655296933679998,
        "eo_exp": 0.9593542687166404,
        "tpr_exp": 0.9588541107549803,
        "er_exp": 0.963484767824607,
        "opt_shap": 0.762903405090963,
        "opt_objBI": 0.761315676880576
    },
    "dd": {
        "full": -0.23825860818684208,
        "partial": -0.22709109549648676,
        "mip": -0.23013678077567457,
        "adv_deb": -0.2078317621464829,
        "eo_cal": -0.283248730964467,
        "re_weigh": -0.025700782676102096,
        "dp_exp": -0.023475281938436066,
        "eo_exp": -0.03983896376684759,
        "tpr_exp": -0.04025405716286168,
        "er_exp": -0.0068865494736315425,
        "opt_shap": -0.22401540346577975,
        "opt_objBI": -0.22598584681553346
    },
    "eqopp": {
        "full": -0.18754919954593197,
        "partial": -0.17432605905006415,
        "mip": -0.1776318441740311,
        "adv_deb": -0.1511855631822956,
        "eo_cal": -0.19834710743801653,
        "re_weigh": -0.0014194930988021826,
        "dp_exp": 0.002902640596653905,
        "eo_exp": -0.004640405690703231,
        "tpr_exp": -0.0011245610498731295,
        "er_exp": -0.0013728132061660014,
        "opt_shap": -0.16936738136411378,
        "opt_objBI": -0.1719347754591074
    },
    "eqodd": {
        "full": 0.22722687452764928,
        "partial": 0.21666793585866279,
        "mip": 0.21963661789433048,
        "adv_deb": 0.19771588596224504,
        "eo_cal": 0.3083840800347978,
        "re_weigh": 0.013555420055199469,
        "dp_exp": 0.02171893040470354,
        "eo_exp": 0.04277154849754938,
        "tpr_exp": 0.04580716205492942,
        "er_exp": 0.01805322820407748,
        "opt_shap": 0.2149914516098,
        "opt_objBI": 0.2162751486572968
    }
}