{
    "error": {
        "full": 26.399999618530273,
        "partial": 26.350000381469727,
        "mip": 26.19999885559082,
        "adv_deb": 26.100000381469727,
        "eo_cal": 26.850000381469727,
        "re_weigh": 27.149999618530273,
        "dp_exp": 29.600000381469727,
        "eo_exp": 29.100000381469727,
        "tpr_exp": 28.549999237060547,
        "er_exp": 34.099998474121094,
        "opt_shap": 26.30000114440918,
        "opt_objBI": 26.30000114440918
    },
    "objBI": {
        "full": [
            0.0041772229596972466,
            0.17361977696418762,
            0.019796069711446762
        ],
        "partial": [
            0.0077575622126460075,
            0.20128373801708221,
            0.0016277411486953497
        ],
        "mip": [
            0.0018095143605023623,
            0.18870842456817627,
            0.0017536859959363937
        ],
        "adv_deb": [
            0.012537487782537937,
            0.18407520651817322,
            0.013266917318105698
        ],
        "eo_cal": [
            0.001457469305023551,
            0.09325450658798218,
            0.054066114127635956
        ],
        "re_weigh": [
            0.0029249617364257574,
            0.18677383661270142,
            0.06711575388908386
        ],
        "dp_exp": [
            0.1038459911942482,
            0.15860864520072937,
            0.0031767606269568205
        ],
        "eo_exp": [
            0.11993749439716339,
            0.15289396047592163,
            0.012025740928947926
        ],
        "tpr_exp": [
            0.1006634309887886,
            0.1849973350763321,
            0.002861595479771495
        ],
        "er_exp": [
            0.16912752389907837,
            0.2614019215106964,
            0.007348960265517235
        ],
        "opt_shap": [
            0.006095691118389368,
            0.1963416486978531,
            0.005060203373432159
        ],
        "opt_objBI": [
            0.0063242921605706215,
            0.20039774477481842,
            0.005825504660606384
        ]
    },
    "shap": {
        "full": [
            0.004133238457143307,
            0.17440196871757507,
            0.0
        ],
        "partial": [
            0.007469136733561754,
            0.19019021093845367
        ],
        "mip": [
            0.0008532815263606608,
            0.19145022332668304
        ],
        "adv_deb": [
            0.014803329482674599,
            0.18796157836914062
        ],
        "eo_cal": [
            0.00029058652580715716,
            0.10096175968647003
        ],
        "re_weigh": [
            0.0025840173475444317,
            0.19324758648872375
        ],
        "dp_exp": [
            0.09524410218000412,
            0.12460444867610931
        ],
        "eo_exp": [
            0.11175555735826492,
            0.14150100946426392
        ],
        "tpr_exp": [
            0.09491095691919327,
            0.175838440656662
        ],
        "er_exp": [
            0.18957118690013885,
            0.28211361169815063
        ],
        "opt_shap": [
            0.004264529328793287,
            0.18652880191802979
        ],
        "opt_objBI": [
            0.0038122134283185005,
            0.1863699108362198
        ]
    },
    "di": {
        "full": 0.6985540156677654,
        "partial": 0.7686476652516677,
        "mip": 0.7861716929576048,
        "adv_deb": 0.7862978318776068,
        "eo_cal": 0.7413793103448276,
        "re_weigh": 0.9701217038539555,
        "dp_exp": 0.9892104290133966,
        "eo_exp": 0.9920130526644617,
        "tpr_exp": 0.9426977687626775,
        "er_exp": 0.9266576997754661,
        "opt_shap": 0.7935166403726241,
        "opt_objBI": 0.7935166403726241
    },
    "dd": {
        "full": -0.2910410440446328,
        "partial": -0.22131337742197466,
        "mip": -0.20412800908978157,
        "adv_deb": -0.20590435725402179,
        "eo_cal": -0.2586206896551724,
        "re_weigh": -0.02651919776276146,
        "dp_exp": -0.012388428131913876,
        "eo_exp": -0.010584074478597771,
        "tpr_exp": -0.05033386543762586,
        "er_exp": -0.07156802733335732,
        "opt_shap": -0.19793079443570938,
        "opt_objBI": -0.19793079443570938
    },
    "eqopp": {
        "full": -0.18961650289603338,
        "partial": -0.1412357105680656,
        "mip": -0.12231482004042527,
        "adv_deb": -0.12215387123677657,
        "eo_cal": -0.1522094926350246,
        "re_weigh": 0.0005852683769044242,
        "dp_exp": 0.000273821990623202,
        "eo_exp": -0.0008047440182437082,
        "tpr_exp": -0.019527061346577113,
        "er_exp": 0.007336757153338258,
        "opt_shap": -0.11832245361225546,
        "opt_objBI": -0.11832245361225546
    },
    "eqodd": {
        "full": 0.3071892038289691,
        "partial": 0.22518062584680337,
        "mip": 0.20905351391631655,
        "adv_deb": 0.21363104817250084,
        "eo_cal": 0.29210474631751226,
        "re_weigh": 0.004327266223084242,
        "dp_exp": 0.004777835354504462,
        "eo_exp": 0.0020127616195114648,
        "tpr_exp": 0.041425339042360315,
        "er_exp": 0.036178958890624335,
        "opt_shap": 0.20338633503123596,
        "opt_objBI": 0.20338633503123596
    }
}