{
    "error": {
        "full": 31.518325805664062,
        "partial": 32.56544494628906,
        "mip": 32.356021881103516,
        "adv_deb": 31.204187393188477,
        "eo_cal": 33.71727752685547,
        "re_weigh": 37.06806182861328,
        "dp_exp": 42.513092041015625,
        "eo_exp": 46.80628204345703,
        "tpr_exp": 38.74345397949219,
        "er_exp": 32.46073532104492,
        "opt_shap": 32.14659881591797,
        "opt_objBI": 31.518325805664062
    },
    "objBI": {
        "full": [
            0.018664242699742317,
            0.13352155685424805,
            0.011473281309008598,
            0.012092663906514645,
            0.018062584102153778,
            0.15056534111499786,
            0.017452774569392204,
            0.06262628734111786
        ],
        "partial": [
            0.02697531133890152,
            0.13771933317184448,
            0.023313045501708984,
            0.023489924147725105,
            0.029170017689466476,
            0.15868550539016724,
            0.030675631016492844,
            0.023375701159238815
        ],
        "mip": [
            0.022908208891749382,
            0.11772128194570541,
            0.0122702457010746,
            0.0138838030397892,
            0.0181814506649971,
            0.1467105746269226,
            0.026575785130262375,
            0.011884564533829689
        ],
        "adv_deb": [
            0.03289845958352089,
            0.12260951101779938,
            0.029718345031142235,
            0.032258253544569016,
            0.03144332394003868,
            0.1469634771347046,
            0.040835946798324585,
            0.06218926981091499
        ],
        "eo_cal": [
            0.01143774762749672,
            0.06882082670927048,
            0.009950850158929825,
            0.011695313267409801,
            0.015957588329911232,
            0.08705434203147888,
            0.0165279358625412,
            0.09714103490114212
        ],
        "re_weigh": [
            0.020251749083399773,
            0.11817212402820587,
            0.0036396742798388004,
            0.004044834524393082,
            0.010655895806849003,
            0.13830718398094177,
            0.0219721682369709,
            0.05198124423623085
        ],
        "dp_exp": [
            0.02501160092651844,
            0.1464584916830063,
            0.03399958834052086,
            0.03734908252954483,
            0.08342660218477249,
            0.2214578092098236,
            0.024460818618535995,
            0.013313285075128078
        ],
        "eo_exp": [
            0.04155270755290985,
            0.0392744243144989,
            0.02753140963613987,
            0.03713212162256241,
            0.06149422004818916,
            0.16205427050590515,
            0.031793609261512756,
            0.025018103420734406
        ],
        "tpr_exp": [
            0.05415160581469536,
            0.07540347427129745,
            0.04663008823990822,
            0.056603312492370605,
            0.10648893564939499,
            0.27057287096977234,
            0.053080469369888306,
            0.04336587339639664
        ],
        "er_exp": [
            0.06857499480247498,
            0.26526251435279846,
            0.016318749636411667,
            0.01784374937415123,
            0.025599997490644455,
            0.36535003781318665,
            0.07350000739097595,
            0.009999998845160007
        ],
        "opt_shap": [
            0.01359381154179573,
            0.13419756293296814,
            0.0042759208008646965,
            0.004952801391482353,
            0.008873584680259228,
            0.13534478843212128,
            0.010290737263858318,
            0.0017677602590993047
        ],
        "opt_objBI": [
            0.021978914737701416,
            0.12786465883255005,
            0.016524456441402435,
            0.017540743574500084,
            0.023704100400209427,
            0.15288092195987701,
            0.022800542414188385,
            0.016345243901014328
        ]
    },
    "shap": {
        "full": [
            0.012810149230062962,
            0.12788832187652588,
            0.0007317137788049877,
            0.0017610740615054965,
            0.01048306655138731,
            0.1438615918159485,
            0.010205194354057312,
            0.055946554988622665
        ],
        "partial": [
            0.014735657721757889,
            0.14275524020195007,
            0.00017346729873679578,
            0.0011818038765341043,
            0.009218934923410416,
            0.1562877595424652,
            0.012446612119674683
        ],
        "mip": [
            0.017009928822517395,
            0.11742910742759705,
            0.0011995790991932154,
            0.002625339664518833,
            0.008608090691268444,
            0.15043045580387115,
            0.017136598005890846
        ],
        "adv_deb": [
            0.01508953794836998,
            0.11731091886758804,
            0.002600768581032753,
            0.0038248873315751553,
            0.009006351232528687,
            0.1629870980978012,
            0.019624799489974976,
            0.047824226319789886
        ],
        "eo_cal": [
            0.0062520429491996765,
            0.06498317420482635,
            0.0010896555613726377,
            0.002920429687947035,
            0.007642202544957399,
            0.09510910511016846,
            0.009693632833659649,
            0.09835248440504074
        ],
        "re_weigh": [
            0.018852248787879944,
            0.11834599077701569,
            0.0011522233253344893,
            0.0026379674673080444,
            0.009774829261004925,
            0.15059874951839447,
            0.018178744241595268,
            0.047135207802057266
        ],
        "dp_exp": [
            0.02833034098148346,
            0.20433461666107178,
            0.01659717597067356,
            0.02061612904071808,
            0.07676932960748672,
            0.22509919106960297,
            0.04102599620819092,
            0.0
        ],
        "eo_exp": [
            0.03723940625786781,
            0.1355900913476944,
            0.01821659319102764,
            0.019857434555888176,
            0.047314610332250595,
            0.21345150470733643,
            0.034564174711704254,
            0.0
        ],
        "tpr_exp": [
            0.043802112340927124,
            0.19824343919754028,
            0.0033295927569270134,
            0.01430529449135065,
            0.06430121511220932,
            0.2844388782978058,
            0.03446933627128601,
            0.0
        ],
        "er_exp": [
            0.053687237203121185,
            0.2757532000541687,
            0.0025387685745954514,
            0.003615557448938489,
            0.020945275202393532,
            0.35243022441864014,
            0.047187235206365585,
            0.0
        ],
        "opt_shap": [
            0.013037793338298798,
            0.13201376795768738,
            0.0024375994689762592,
            0.002876810496672988,
            0.008317248895764351,
            0.14467808604240417,
            0.009497277438640594
        ],
        "opt_objBI": [
            0.012723095715045929,
            0.13049834966659546,
            0.001733661163598299,
            0.002115630777552724,
            0.01056509930640459,
            0.14753197133541107,
            0.010184365324676037
        ]
    },
    "di": {
        "full": 0.31772955508910566,
        "partial": 0.5390369765369766,
        "mip": 0.5440983565983566,
        "adv_deb": 0.35553550926685257,
        "eo_cal": 0.2692307692307692,
        "re_weigh": 0.9212142467461616,
        "dp_exp": 0.9704735210808086,
        "eo_exp": 0.9565770692531256,
        "tpr_exp": 0.8248670914040566,
        "er_exp": 0.5431504349030123,
        "opt_shap": 0.5196112572873136,
        "opt_objBI": 0.581813008997475
    },