{
    "error": {
        "full": 27.149999618530273,
        "partial": 27.149999618530273,
        "mip": 27.64999771118164,
        "adv_deb": 27.849998474121094,
        "eo_cal": 27.599998474121094,
        "re_weigh": 28.650001525878906,
        "dp_exp": 28.450000762939453,
        "eo_exp": 27.64999771118164,
        "tpr_exp": 28.049999237060547,
        "er_exp": 32.45000076293945,
        "opt_shap": 27.549999237060547,
        "opt_objBI": 27.549999237060547
    },
    "objBI": {
        "full": [
            0.010069373063743114,
            0.19326138496398926,
            0.014383063651621342
        ],
        "partial": [
            0.017452014610171318,
            0.20245008170604706,
            0.017648519948124886
        ],
        "mip": [
            0.018433362245559692,
            0.1928485482931137,
            0.01776200719177723
        ],
        "adv_deb": [
            0.008722664788365364,
            0.20806387066841125,
            0.00539173511788249
        ],
        "eo_cal": [
            0.009059620089828968,
            0.10272077471017838,
            0.056615035980939865
        ],
        "re_weigh": [
            0.012858725152909756,
            0.20773400366306305,
            0.06737688928842545
        ],
        "dp_exp": [
            0.1532493531703949,
            0.27530592679977417,
            0.0026553687639534473
        ],
        "eo_exp": [
            0.14308351278305054,
            0.3076929748058319,
            0.0029178629629313946
        ],
        "tpr_exp": [
            0.1336805522441864,
            0.2591753602027893,
            0.01000153087079525
        ],
        "er_exp": [
            0.09309782832860947,
            0.2983000576496124,
            0.009479591622948647
        ],
        "opt_shap": [
            0.014159628190100193,
            0.20253433287143707,
            0.014220887795090675
        ],
        "opt_objBI": [
            0.008400825783610344,
            0.2066679298877716,
            0.008435565046966076
        ]
    },
    "shap": {
        "full": [
            0.0016731966752558947,
            0.19540829956531525,
            0.0
        ],
        "partial": [
            0.0027845860458910465,
            0.20451998710632324
        ],
        "mip": [
            0.006030412390828133,
            0.20410631597042084
        ],
        "adv_deb": [
            0.019568249583244324,
            0.20973412692546844
        ],
        "eo_cal": [
            0.007550522685050964,
            0.11343070864677429
        ],
        "re_weigh": [
            0.009503306820988655,
            0.20904764533042908
        ],
        "dp_exp": [
            0.15433269739151,
            0.25935181975364685
        ],
        "eo_exp": [
            0.14994190633296967,
            0.2787002623081207
        ],
        "tpr_exp": [
            0.13664330542087555,
            0.2714635133743286
        ],
        "er_exp": [
            0.125216543674469,
            0.2820509374141693
        ],
        "opt_shap": [
            0.0020430670119822025,
            0.19952800869941711
        ],
        "opt_objBI": [
            0.0013151912717148662,
            0.20001418888568878
        ]
    },
    "di": {
        "full": 0.735854376085414,
        "partial": 0.7582043825396525,
        "mip": 0.7729677502108001,
        "adv_deb": 0.788991842690665,
        "eo_cal": 0.7091273821464393,
        "re_weigh": 0.9507547305593911,
        "dp_exp": 0.9793096102466692,
        "eo_exp": 0.9671970708155337,
        "tpr_exp": 0.9572145322406028,
        "er_exp": 0.9080292826531543,
        "opt_shap": 0.7734553031479376,
        "opt_objBI": 0.7734553031479376
    },
    "dd": {
        "full": -0.25203126828141453,
        "partial": -0.22998306984762862,
        "mip": -0.21594094346849124,
        "adv_deb": -0.1979647816830351,
        "eo_cal": -0.29087261785356067,
        "re_weigh": -0.043795394158547496,
        "dp_exp": -0.010660095940863479,
        "eo_exp": -0.024672222049998527,
        "tpr_exp": -0.04070236632129687,
        "er_exp": -0.03864734782613044,
        "opt_shap": -0.21592894336049018,
        "opt_objBI": -0.21592894336049018
    },
    "eqopp": {
        "full": -0.1721227616175912,
        "partial": -0.1533544867258657,
        "mip": -0.15011299563996627,
        "adv_deb": -0.1337270714310913,
        "eo_cal": -0.1944894651539708,
        "re_weigh": -0.014277502350184879,
        "dp_exp": 0.00917454039101262,
        "eo_exp": 0.0059330493051130695,
        "tpr_exp": -0.00635224341481333,
        "er_exp": 0.017135078038586604,
        "opt_shap": -0.1481519142851806,
        "opt_objBI": -0.1481519142851806
    },
    "eqodd": {
        "full": 0.25776598014497387,
        "partial": 0.23428748518370102,
        "mip": 0.21687726595654072,
        "adv_deb": 0.19704371589572584,
        "eo_cal": 0.3209289431033012,
        "re_weigh": 0.022157717509848254,
        "dp_exp": 0.006748994318332549,
        "eo_exp": 0.015858710333968448,
        "tpr_exp": 0.02135606481283034,
        "er_exp": 0.06766716722527677,
        "opt_shap": 0.21814897753140017,
        "opt_objBI": 0.21814897753140017
    }
}