{
    "error": {
        "full": 25.94999885559082,
        "partial": 26.149999618530273,
        "mip": 26.149999618530273,
        "adv_deb": 26.0,
        "eo_cal": 26.80000114440918,
        "re_weigh": 26.499998092651367,
        "dp_exp": 28.099998474121094,
        "eo_exp": 28.400001525878906,
        "tpr_exp": 29.69999885559082,
        "er_exp": 36.349998474121094,
        "opt_shap": 26.399999618530273,
        "opt_objBI": 26.399999618530273
    },
    "objBI": {
        "full": [
            0.01568545401096344,
            0.1872580498456955,
            0.003981414251029491
        ],
        "partial": [
            0.015670236200094223,
            0.19150812923908234,
            0.009718728251755238
        ],
        "mip": [
            0.013002549298107624,
            0.20063485205173492,
            0.002431978238746524
        ],
        "adv_deb": [
            0.016213543713092804,
            0.187977597117424,
            0.010983829386532307
        ],
        "eo_cal": [
            0.008788304403424263,
            0.09751597791910172,
            0.04129711911082268
        ],
        "re_weigh": [
            0.018530432134866714,
            0.1926034688949585,
            0.07243060320615768
        ],
        "dp_exp": [
            0.030161617323756218,
            0.026190590113401413,
            0.01597699150443077
        ],
        "eo_exp": [
            0.05566594377160072,
            0.039709143340587616,
            0.006910241208970547
        ],
        "tpr_exp": [
            0.07926540821790695,
            0.15009310841560364,
            0.014640837907791138
        ],
        "er_exp": [
            0.17679494619369507,
            0.1737528294324875,
            0.017130373045802116
        ],
        "opt_shap": [
            0.017366232350468636,
            0.1861499398946762,
            0.008756338618695736
        ],
        "opt_objBI": [
            0.016501806676387787,
            0.18954360485076904,
            0.001996427308768034
        ]
    },
    "shap": {
        "full": [
            0.015650782734155655,
            0.18807148933410645,
            0.0
        ],
        "partial": [
            0.013017924502491951,
            0.19552752375602722
        ],
        "mip": [
            0.01314526330679655,
            0.19478341937065125
        ],
        "adv_deb": [
            0.016602007672190666,
            0.19798068702220917
        ],
        "eo_cal": [
            0.008337732404470444,
            0.10233365744352341
        ],
        "re_weigh": [
            0.014580802991986275,
            0.1963576078414917
        ],
        "dp_exp": [
            0.040502071380615234,
            0.0353831872344017
        ],
        "eo_exp": [
            0.06827296316623688,
            0.04423218593001366
        ],
        "tpr_exp": [
            0.07672210782766342,
            0.17356827855110168
        ],
        "er_exp": [
            0.18238765001296997,
            0.17515991628170013
        ],
        "opt_shap": [
            0.01634509488940239,
            0.18944841623306274
        ],
        "opt_objBI": [
            0.016284648329019547,
            0.19097842276096344
        ]
    },
    "di": {
        "full": 0.7876965988766386,
        "partial": 0.7946808510638298,
        "mip": 0.7946808510638298,
        "adv_deb": 0.7970536859043308,
        "eo_cal": 0.750996015936255,
        "re_weigh": 0.9651293132554528,
        "dp_exp": 0.9838837667809257,
        "eo_exp": 0.9899521411210505,
        "tpr_exp": 0.930510516075234,
        "er_exp": 0.9552899513058876,
        "opt_shap": 0.8024716420940442,
        "opt_objBI": 0.8024716420940442
    },
    "dd": {
        "full": -0.1997271956351302,
        "partial": -0.1937751004016064,
        "mip": -0.1937751004016064,
        "adv_deb": -0.18868301892830286,
        "eo_cal": -0.24900398406374502,
        "re_weigh": -0.030984495751931962,
        "dp_exp": -0.01576025216403454,
        "eo_exp": -0.009624153986463768,
        "tpr_exp": -0.0679970879534072,
        "er_exp": -0.026564425030800587,
        "opt_shap": -0.18681898910382566,
        "opt_objBI": -0.18681898910382566
    },
    "eqopp": {
        "full": -0.12979294478527603,
        "partial": -0.129329626789366,
        "mip": -0.129329626789366,
        "adv_deb": -0.13048792177914115,
        "eo_cal": -0.15797546012269936,
        "re_weigh": -0.008978783231083809,
        "dp_exp": -0.0066861579754601275,
        "eo_exp": -0.003331096625766916,
        "tpr_exp": -0.03152160020449901,
        "er_exp": 0.01906793200408996,
        "opt_shap": -0.12472839979550099,
        "opt_objBI": -0.12472839979550099
    },
    "eqodd": {
        "full": 0.2083125409731803,
        "partial": 0.20033068261318382,
        "mip": 0.20033068261318382,
        "adv_deb": 0.1868548061846264,
        "eo_cal": 0.28779454824316786,
        "re_weigh": 0.007205699430533924,
        "dp_exp": 0.011766125239723688,
        "eo_exp": 0.0029146761039520533,
        "tpr_exp": 0.07589993080424849,
        "er_exp": 0.04582261609475444,
        "opt_shap": 0.1938933067558047,
        "opt_objBI": 0.1938933067558047
    }
}