{
    "error": {
        "full": 26.94999885559082,
        "partial": 28.099998474121094,
        "mip": 26.649999618530273,
        "adv_deb": 26.649999618530273,
        "eo_cal": 26.80000114440918,
        "re_weigh": 27.75,
        "dp_exp": 28.799999237060547,
        "eo_exp": 29.350000381469727,
        "tpr_exp": 28.950000762939453,
        "er_exp": 37.400001525878906,
        "opt_shap": 27.599998474121094,
        "opt_objBI": 27.599998474121094
    },
    "objBI": {
        "full": [
            0.011395796202123165,
            0.1575929969549179,
            0.026796337217092514
        ],
        "partial": [
            0.03151363506913185,
            0.1147080659866333,
            0.0115641625598073
        ],
        "mip": [
            0.010337455198168755,
            0.17587286233901978,
            0.010343565605580807
        ],
        "adv_deb": [
            0.019572380930185318,
            0.18650193512439728,
            0.01650955341756344
        ],
        "eo_cal": [
            0.0009466298506595194,
            0.09198606014251709,
            0.045064035803079605
        ],
        "re_weigh": [
            0.005305549129843712,
            0.17919185757637024,
            0.06508520990610123
        ],
        "dp_exp": [
            0.06896350532770157,
            0.05101589113473892,
            0.004899057559669018
        ],
        "eo_exp": [
            0.07917560636997223,
            0.06794407963752747,
            0.011951888911426067
        ],
        "tpr_exp": [
            0.06799133867025375,
            0.06825694441795349,
            0.00277757178992033
        ],
        "er_exp": [
            0.3361108899116516,
            0.12496945261955261,
            0.0116948327049613
        ],
        "opt_shap": [
            0.024533066898584366,
            0.11910733580589294,
            0.002807918470352888
        ],
        "opt_objBI": [
            0.025010403245687485,
            0.12193910032510757,
            0.0017237513093277812
        ]
    },
    "shap": {
        "full": [
            0.011096024885773659,
            0.16529326140880585,
            0.0
        ],
        "partial": [
            0.029419852420687675,
            0.11298059672117233
        ],
        "mip": [
            0.002819215878844261,
            0.17663219571113586
        ],
        "adv_deb": [
            0.014213483780622482,
            0.1778131127357483
        ],
        "eo_cal": [
            0.0008650206145830452,
            0.09260611236095428
        ],
        "re_weigh": [
            0.004744587000459433,
            0.18138231337070465
        ],
        "dp_exp": [
            0.0803614929318428,
            0.06460868567228317
        ],
        "eo_exp": [
            0.10031275451183319,
            0.08099324256181717
        ],
        "tpr_exp": [
            0.07898080348968506,
            0.08373066782951355
        ],
        "er_exp": [
            0.32233428955078125,
            0.11742737144231796
        ],
        "opt_shap": [
            0.024828312918543816,
            0.11837480217218399
        ],
        "opt_objBI": [
            0.024777991697192192,
            0.11775631457567215
        ]
    },
    "di": {
        "full": 0.7664256365938543,
        "partial": 0.9199168610018598,
        "mip": 0.8125534728163646,
        "adv_deb": 0.7517112479700953,
        "eo_cal": 0.7522750252780587,
        "re_weigh": 0.9859385538369344,
        "dp_exp": 0.9755862202065039,
        "eo_exp": 0.9721132888209537,
        "tpr_exp": 0.9635563220477443,
        "er_exp": 1.050849476792583,
        "opt_shap": 0.9072810028858478,
        "opt_objBI": 0.9072810028858478
    },
    "dd": {
        "full": -0.22895370339811116,
        "partial": -0.07834047919798293,
        "mip": -0.180771873396681,
        "adv_deb": -0.2431314189016871,
        "eo_cal": -0.24772497472194133,
        "re_weigh": -0.012531516313473934,
        "dp_exp": -0.018355220981738807,
        "eo_exp": -0.019762391249341205,
        "tpr_exp": -0.038555665235493586,
        "er_exp": 0.06391273344074633,
        "opt_shap": -0.09051795267227325,
        "opt_objBI": -0.09051795267227325
    },
    "eqopp": {
        "full": -0.1422567146950302,
        "partial": -0.03487518809391299,
        "mip": -0.10132129532290313,
        "adv_deb": -0.15034732958176156,
        "eo_cal": -0.1488673139158576,
        "re_weigh": 0.018524931461670002,
        "dp_exp": 0.00516562570857293,
        "eo_exp": 0.005786077958485292,
        "tpr_exp": -0.013907612392554558,
        "er_exp": 0.09678848968317777,
        "opt_shap": -0.03972955702595182,
        "opt_objBI": -0.03972955702595182
    },
    "eqodd": {
        "full": 0.250296117288359,
        "partial": 0.08695790509339879,
        "mip": 0.1946090769246245,
        "adv_deb": 0.2656061242999808,
        "eo_cal": 0.28063311787437084,
        "re_weigh": 0.010985863388445385,
        "dp_exp": 0.020249196505893345,
        "eo_exp": 0.018152301587661332,
        "tpr_exp": 0.03463364221230724,
        "er_exp": 0.031414444453607915,
        "opt_shap": 0.09978510864202202,
        "opt_objBI": 0.09978510864202202
    }
}