{
    "error": {
        "full": 26.750001907348633,
        "partial": 26.750001907348633,
        "mip": 26.850000381469727,
        "adv_deb": 27.05000114440918,
        "eo_cal": 27.64999771118164,
        "re_weigh": 28.0,
        "dp_exp": 30.649999618530273,
        "eo_exp": 30.75,
        "tpr_exp": 29.80000114440918,
        "er_exp": 39.44999694824219,
        "opt_shap": 26.899999618530273,
        "opt_objBI": 26.899999618530273
    },
    "objBI": {
        "full": [
            0.013619077391922474,
            0.1975412219762802,
            0.008768661879003048
        ],
        "partial": [
            0.01612391322851181,
            0.1987408995628357,
            0.0009952897671610117
        ],
        "mip": [
            0.01861240714788437,
            0.1954083889722824,
            0.012222868390381336
        ],
        "adv_deb": [
            0.013148190453648567,
            0.22217334806919098,
            0.007435018662363291
        ],
        "eo_cal": [
            0.01405261643230915,
            0.11150635033845901,
            0.04791951924562454
        ],
        "re_weigh": [
            0.015882277861237526,
            0.21001385152339935,
            0.07821732014417648
        ],
        "dp_exp": [
            0.034276459366083145,
            0.03358485549688339,
            0.0013544521061703563
        ],
        "eo_exp": [
            0.0627426728606224,
            0.05069917440414429,
            0.007044017314910889
        ],
        "tpr_exp": [
            0.04367688670754433,
            0.08360391855239868,
            0.009618057869374752
        ],
        "er_exp": [
            0.18600182235240936,
            0.17941665649414062,
            0.004716889001429081
        ],
        "opt_shap": [
            0.017498236149549484,
            0.20561130344867706,
            0.014537050388753414
        ],
        "opt_objBI": [
            0.01573939248919487,
            0.20062154531478882,
            0.011367889121174812
        ]
    },
    "shap": {
        "full": [
            0.013486526906490326,
            0.1998031735420227,
            0.0
        ],
        "partial": [
            0.016518741846084595,
            0.20243380963802338
        ],
        "mip": [
            0.016204729676246643,
            0.20632487535476685
        ],
        "adv_deb": [
            0.014082398265600204,
            0.22132042050361633
        ],
        "eo_cal": [
            0.012574468739330769,
            0.11291778832674026
        ],
        "re_weigh": [
            0.0166375320404768,
            0.21152609586715698
        ],
        "dp_exp": [
            0.029366476461291313,
            0.03710172697901726
        ],
        "eo_exp": [
            0.0600166991353035,
            0.04988529160618782
        ],
        "tpr_exp": [
            0.03929409757256508,
            0.07475407421588898
        ],
        "er_exp": [
            0.20921367406845093,
            0.1806824952363968
        ],
        "opt_shap": [
            0.01292132306843996,
            0.19895803928375244
        ],
        "opt_objBI": [
            0.012771444395184517,
            0.2009081095457077
        ]
    },
    "di": {
        "full": 0.7436759257707072,
        "partial": 0.7302486917687968,
        "mip": 0.7486050817362072,
        "adv_deb": 0.7407948568088838,
        "eo_cal": 0.691683569979716,
        "re_weigh": 0.975143376663391,
        "dp_exp": 0.9811857016190741,
        "eo_exp": 0.9856779101956262,
        "tpr_exp": 0.9525662302538571,
        "er_exp": 0.9388374175392431,
        "opt_shap": 0.741477868847247,
        "opt_objBI": 0.7408769899004917
    },
    "dd": {
        "full": -0.24469596040824004,
        "partial": -0.25325763849714544,
        "mip": -0.23875079515585051,
        "adv_deb": -0.24131129701421472,
        "eo_cal": -0.30831643002028397,
        "re_weigh": -0.021302175226344366,
        "dp_exp": -0.023550615920720386,
        "eo_exp": -0.01292653360058571,
        "tpr_exp": -0.04926965685274309,
        "er_exp": -0.060511860324623634,
        "opt_shap": -0.2439898220051131,
        "opt_objBI": -0.24404583298326477
    },
    "eqopp": {
        "full": -0.17030151941716276,
        "partial": -0.16869398895360088,
        "mip": -0.16057681975457216,
        "adv_deb": -0.1653284906836303,
        "eo_cal": -0.200339558573854,
        "re_weigh": 0.016406266789881996,
        "dp_exp": -0.0064193763297586415,
        "eo_exp": 0.003677118480153063,
        "tpr_exp": -0.03491005996002672,
        "er_exp": 0.048767488341106,
        "opt_shap": -0.16400249296168146,
        "opt_objBI": -0.1644344630461413
    },
    "eqodd": {
        "full": 0.23315251393672098,
        "partial": 0.24357131077762806,
        "mip": 0.22954960994925444,
        "adv_deb": 0.22666276099492777,
        "eo_cal": 0.33442670623906806,
        "re_weigh": 0.01738471849749587,
        "dp_exp": 0.023248371144368347,
        "eo_exp": 0.01861298861773264,
        "tpr_exp": 0.047968354675914385,
        "er_exp": 0.036064183375441705,
        "opt_shap": 0.23435483590149564,
        "opt_objBI": 0.2335981239304114
    }
}