{
    "error": {
        "full": 24.299999237060547,
        "partial": 25.899999618530273,
        "mip": 24.349998474121094,
        "adv_deb": 24.349998474121094,
        "eo_cal": 24.5,
        "re_weigh": 26.55000114440918,
        "dp_exp": 27.849998474121094,
        "eo_exp": 27.450000762939453,
        "tpr_exp": 26.80000114440918,
        "er_exp": 36.29999923706055,
        "opt_shap": 25.799999237060547,
        "opt_objBI": 25.799999237060547
    },
    "objBI": {
        "full": [
            0.008903620764613152,
            0.1921483427286148,
            0.01043059304356575
        ],
        "partial": [
            0.046296898275613785,
            0.12012369185686111,
            0.0007443773793056607
        ],
        "mip": [
            0.014303521253168583,
            0.211263045668602,
            0.013944297097623348
        ],
        "adv_deb": [
            0.025157002732157707,
            0.20816561579704285,
            0.024241873994469643
        ],
        "eo_cal": [
            0.007090279832482338,
            0.09815273433923721,
            0.0345955528318882
        ],
        "re_weigh": [
            0.0037191128358244896,
            0.21050211787223816,
            0.06686315685510635
        ],
        "dp_exp": [
            0.11065252870321274,
            0.1712270826101303,
            0.008644293993711472
        ],
        "eo_exp": [
            0.12328213453292847,
            0.18952609598636627,
            0.0055649071000516415
        ],
        "tpr_exp": [
            0.10310382395982742,
            0.1969350129365921,
            0.00644667400047183
        ],
        "er_exp": [
            0.17276398837566376,
            0.26028576493263245,
            0.0067668333649635315
        ],
        "opt_shap": [
            0.04174477979540825,
            0.1277834177017212,
            0.0045297713950276375
        ],
        "opt_objBI": [
            0.042421288788318634,
            0.1217542290687561,
            0.002969152759760618
        ]
    },
    "shap": {
        "full": [
            0.0027706145774573088,
            0.19609594345092773,
            0.0
        ],
        "partial": [
            0.04571991786360741,
            0.11998578161001205
        ],
        "mip": [
            0.003822988597676158,
            0.20264731347560883
        ],
        "adv_deb": [
            0.017774902284145355,
            0.19978612661361694
        ],
        "eo_cal": [
            0.0051266103982925415,
            0.1097487136721611
        ],
        "re_weigh": [
            0.003372570499777794,
            0.2031611055135727
        ],
        "dp_exp": [
            0.10353627800941467,
            0.1445823758840561
        ],
        "eo_exp": [
            0.11975976079702377,
            0.1739169955253601
        ],
        "tpr_exp": [
            0.09717344492673874,
            0.18334868550300598
        ],
        "er_exp": [
            0.2005862146615982,
            0.24922695755958557
        ],
        "opt_shap": [
            0.04147705063223839,
            0.12500838935375214
        ],
        "opt_objBI": [
            0.041330378502607346,
            0.12484393268823624
        ]
    },
    "di": {
        "full": 0.7571279326545124,
        "partial": 0.8286040486188022,
        "mip": 0.7579157869028521,
        "adv_deb": 0.7804769888393022,
        "eo_cal": 0.7171514543630892,
        "re_weigh": 0.9459064906105011,
        "dp_exp": 0.9858126175566869,
        "eo_exp": 0.9641900113988019,
        "tpr_exp": 0.946586267933769,
        "er_exp": 0.9230179871049851,
        "opt_shap": 0.8179583978064848,
        "opt_objBI": 0.8179583978064848
    },
    "dd": {
        "full": -0.23294409649686854,
        "partial": -0.17054153487381396,
        "mip": -0.2319470875237878,
        "adv_deb": -0.20989288903600123,
        "eo_cal": -0.28284854563691075,
        "re_weigh": -0.047837430536874836,
        "dp_exp": -0.0153811384302458,
        "eo_exp": -0.02445622010598103,
        "tpr_exp": -0.051543463891175034,
        "er_exp": -0.023956215605940412,
        "opt_shap": -0.1805896253066277,
        "opt_objBI": -0.1805896253066277
    },
    "eqopp": {
        "full": -0.12052463665366897,
        "partial": -0.08803986710963452,
        "mip": -0.11928394186458713,
        "adv_deb": -0.10433377575163028,
        "eo_cal": -0.1495016611295681,
        "re_weigh": 0.0075554602936448445,
        "dp_exp": 0.00027616794308471526,
        "eo_exp": 0.012262681054879154,
        "tpr_exp": 0.0031367732042900665,
        "er_exp": 0.04123558362118007,
        "opt_shap": -0.09676594972919061,
        "opt_objBI": -0.09676594972919061
    },
    "eqodd": {
        "full": 0.23859554456856166,
        "partial": 0.18575995797170344,
        "mip": 0.23797519717402074,
        "adv_deb": 0.21149992135265122,
        "eo_cal": 0.3177888052483283,
        "re_weigh": 0.02496901717374525,
        "dp_exp": 0.0019847278108584554,
        "eo_exp": 0.014264676496662104,
        "tpr_exp": 0.029751713481898784,
        "er_exp": 0.06102190702173427,
        "opt_shap": 0.19390761664317271,
        "opt_objBI": 0.19390761664317271
    }
}