{
    "error": {
        "full": 33.0,
        "partial": 32.5,
        "mip": 34.0,
        "adv_deb": 32.0,
        "eo_cal": 35.0,
        "re_weigh": 34.5,
        "dp_exp": 32.5,
        "eo_exp": 32.5,
        "tpr_exp": 32.0,
        "er_exp": 38.0,
        "opt_shap": 32.5,
        "opt_objBI": 33.5
    },
    "objBI": {
        "full": [
            0.036817073822021484,
            0.044900890439748764,
            0.06831707805395126,
            0.07244794815778732,
            0.011776726692914963,
            0.027440281584858894,
            0.034455712884664536,
            0.021755289286375046,
            0.06325891613960266
        ],
        "partial": [
            0.041548747569322586,
            0.044684719294309616,
            0.07838594168424606,
            0.07026499509811401,
            0.02327832393348217,
            0.04492201283574104,
            0.048356860876083374,
            0.020230188965797424,
            0.016176268458366394
        ],
        "mip": [
            0.04247873276472092,
            0.04474963620305061,
            0.07612816989421844,
            0.06377100944519043,
            0.012916743755340576,
            0.029879765585064888,
            0.03542662784457207,
            0.025508828461170197,
            0.008795076981186867
        ],
        "adv_deb": [
            0.028195694088935852,
            0.05604423210024834,
            0.048864588141441345,
            0.04318199306726456,
            0.019740549847483635,
            0.031396158039569855,
            0.03327455371618271,
            0.008456867188215256,
            0.03230440616607666
        ],
        "eo_cal": [
            0.014888770878314972,
            0.010576861910521984,
            0.017917178571224213,
            0.02219722978770733,
            0.004806395620107651,
            0.009405616670846939,
            0.013104512356221676,
            0.010345621965825558,
            0.07766113430261612
        ],
        "re_weigh": [
            0.041077643632888794,
            0.05051074177026749,
            0.08143645524978638,
            0.07492867112159729,
            0.016821391880512238,
            0.027278125286102295,
            0.038445308804512024,
            0.031248414888978004,
            0.020657315850257874
        ],
        "dp_exp": [
            0.020523596554994583,
            0.055617522448301315,
            0.12962618470191956,
            0.06755614280700684,
            0.03683880716562271,
            0.06285293400287628,
            0.06951022893190384,
            0.015434272587299347,
            0.014316750690340996
        ],
        "eo_exp": [
            0.013816144317388535,
            0.02903948724269867,
            0.14368999004364014,
            0.08334960043430328,
            0.05468982830643654,
            0.03430863469839096,
            0.08863885700702667,
            0.03233646973967552,
            0.0020018962677568197
        ],
        "tpr_exp": [
            0.029862599447369576,
            0.028426695615053177,
            0.13036546111106873,
            0.054177697747945786,
            0.02908560261130333,
            0.0877096951007843,
            0.0952940359711647,
            0.021382823586463928,
            0.01907573640346527
        ],
        "er_exp": [
            0.03667059168219566,
            0.13883095979690552,
            0.184226855635643,
            0.08235964179039001,
            0.13338834047317505,
            0.15915830433368683,
            0.052948612719774246,
            0.06539207696914673,
            0.008077673614025116
        ],
        "opt_shap": [
            0.020482081919908524,
            0.0505276583135128,
            0.06664837896823883,
            0.06270262598991394,
            0.01068961899727583,
            0.03371836245059967,
            0.02976263500750065,
            0.016645019873976707,
            0.0040729050524532795
        ],
        "opt_objBI": [
            0.022811923176050186,
            0.047648604959249496,
            0.07051161676645279,
            0.06339511275291443,
            0.01244388148188591,
            0.031590696424245834,
            0.03111852891743183,
            0.019368741661310196,
            0.005010418128222227
        ]
    },
    "shap": {
        "full": [
            0.025382958352565765,
            0.04764785245060921,
            0.07333818823099136,
            0.06560209393501282,
            0.010819485411047935,
            0.027156895026564598,
            0.029392670840024948,
            0.015583557076752186,
            0.060777273029088974
        ],
        "partial": [
            0.025086456909775734,
            0.041190214455127716,
            0.07238700240850449,
            0.061279550194740295,
            0.01617620140314102,
            0.040671661496162415,
            0.036221884191036224,
            0.008335208520293236
        ],
        "mip": [
            0.028106631711125374,
            0.046180590987205505,
            0.07611994445323944,
            0.06516009569168091,
            0.00978827103972435,
            0.02803567424416542,
            0.02963726781308651,
            0.016394734382629395
        ],
        "adv_deb": [
            0.02257658913731575,
            0.05615025386214256,
            0.05243357643485069,
            0.04001554474234581,
            0.020870840176939964,
            0.03250614553689957,
            0.031618520617485046,
            0.005580482538789511,
            0.029178405180573463
        ],
        "eo_cal": [
            0.005728980526328087,
            0.010918171145021915,
            0.019976401701569557,
            0.02172803319990635,
            0.003569543594494462,
            0.009454462677240372,
            0.010673191398382187,
            0.005525332875549793,
            0.07857441157102585
        ],
        "re_weigh": [
            0.028949785977602005,
            0.047499097883701324,
            0.08068611472845078,
            0.07049810141324997,
            0.008576726540923119,
            0.02171473205089569,
            0.03191112354397774,
            0.016331985592842102,
            0.0104245375841856
        ],
        "dp_exp": [
            0.006179140415042639,
            0.056705258786678314,
            0.15239138901233673,
            0.06337714195251465,
            0.036868635565042496,
            0.061073869466781616,
            0.05027312785387039,
            0.011371573433279991,
            0.0
        ],
        "eo_exp": [
            0.00735285272821784,
            0.027500184252858162,
            0.13873296976089478,
            0.0824383795261383,
            0.05710476264357567,
            0.043790608644485474,
            0.07906388491392136,
            0.018330151215195656,
            0.0
        ],
        "tpr_exp": [
            0.008160560391843319,
            0.0590813048183918,
            0.1393621414899826,
            0.056946784257888794,
            0.0302969291806221,
            0.09661193192005157,
            0.07560177147388458,
            0.018128786236047745,
            0.0
        ],
        "er_exp": [
            0.016020189970731735,
            0.1314821094274521,
            0.17614296078681946,
            0.0739060491323471,
            0.1277117133140564,
            0.1479775458574295,
            0.03999858349561691,
            0.055085595697164536,
            0.0
        ],
        "opt_shap": [
            0.025534631684422493,
            0.04950302094221115,
            0.06737376004457474,
            0.06303157657384872,
            0.009602686390280724,
            0.03285657986998558,
            0.02973097376525402,
            0.013162651099264622
        ],