{
    "error": {
        "full": 24.799999237060547,
        "partial": 25.25,
        "mip": 24.69999885559082,
        "adv_deb": 24.850000381469727,
        "eo_cal": 25.35000228881836,
        "re_weigh": 26.399999618530273,
        "dp_exp": 26.750001907348633,
        "eo_exp": 26.80000114440918,
        "tpr_exp": 25.899999618530273,
        "er_exp": 31.25,
        "opt_shap": 25.549999237060547,
        "opt_objBI": 25.25
    },
    "objBI": {
        "full": [
            0.003426056355237961,
            0.20979538559913635,
            0.008472922258079052
        ],
        "partial": [
            0.013906716369092464,
            0.20022061467170715,
            0.014611456543207169
        ],
        "mip": [
            0.004441384691745043,
            0.20862695574760437,
            0.00422248337417841
        ],
        "adv_deb": [
            0.013401379808783531,
            0.19987347722053528,
            0.021169641986489296
        ],
        "eo_cal": [
            0.0010212482884526253,
            0.1069517657160759,
            0.04181365668773651
        ],
        "re_weigh": [
            0.010737737640738487,
            0.21621911227703094,
            0.07377634942531586
        ],
        "dp_exp": [
            0.1548307090997696,
            0.29140979051589966,
            0.002814881270751357
        ],
        "eo_exp": [
            0.14579695463180542,
            0.2895168364048004,
            0.011804664507508278
        ],
        "tpr_exp": [
            0.12506376206874847,
            0.2959236800670624,
            0.01799999736249447
        ],
        "er_exp": [
            0.12779365479946136,
            0.30907097458839417,
            0.0144481360912323
        ],
        "opt_shap": [
            0.0013381177559494972,
            0.20887391269207,
            0.0006415522075258195
        ],
        "opt_objBI": [
            0.005772040691226721,
            0.2151566594839096,
            0.005776828154921532
        ]
    },
    "shap": {
        "full": [
            0.002191700506955385,
            0.20686273276805878,
            0.0
        ],
        "partial": [
            0.004326047375798225,
            0.20405299961566925
        ],
        "mip": [
            0.0023377123288810253,
            0.21142344176769257
        ],
        "adv_deb": [
            0.01311563141644001,
            0.21393601596355438
        ],
        "eo_cal": [
            0.000586246547754854,
            0.1114228218793869
        ],
        "re_weigh": [
            0.00589596526697278,
            0.21619781851768494
        ],
        "dp_exp": [
            0.16065029799938202,
            0.2806670069694519
        ],
        "eo_exp": [
            0.15466442704200745,
            0.2985519766807556
        ],
        "tpr_exp": [
            0.13780124485492706,
            0.2895779013633728
        ],
        "er_exp": [
            0.15106292068958282,
            0.34112781286239624
        ],
        "opt_shap": [
            0.0012262652162462473,
            0.20866276323795319
        ],
        "opt_objBI": [
            0.0002486735465936363,
            0.20793722569942474
        ]
    },
    "di": {
        "full": 0.7510717043427324,
        "partial": 0.725752508361204,
        "mip": 0.7774648642849479,
        "adv_deb": 0.8112430205453461,
        "eo_cal": 0.7025641025641025,
        "re_weigh": 0.9786566774109243,
        "dp_exp": 0.989374493191287,
        "eo_exp": 0.9658870218694587,
        "tpr_exp": 0.9482151835093011,
        "er_exp": 0.942528735632184,
        "opt_shap": 0.7195341971461374,
        "opt_objBI": 0.7298709782786216
    },
    "dd": {
        "full": -0.23387116948092557,
        "partial": -0.25230769230769234,
        "mip": -0.20755472170106326,
        "adv_deb": -0.174208880550344,
        "eo_cal": -0.2974358974358975,
        "re_weigh": -0.018386491557223272,
        "dp_exp": -0.013658536585365866,
        "eo_exp": -0.04437773608505313,
        "tpr_exp": -0.04735459662288932,
        "er_exp": -0.053833646028767945,
        "opt_shap": -0.2566604127579738,
        "opt_objBI": -0.2482551594746717
    },
    "eqopp": {
        "full": -0.14487559087839597,
        "partial": -0.1609526777829724,
        "mip": -0.12505044692982992,
        "adv_deb": -0.09419091116145806,
        "eo_cal": -0.18035426731078907,
        "re_weigh": 0.0096858105273252,
        "dp_exp": 0.010636810075800196,
        "eo_exp": 0.003218614018053012,
        "tpr_exp": -0.010297167379916372,
        "er_exp": 0.0509164359094233,
        "opt_shap": -0.16280073362822312,
        "opt_objBI": -0.15649137107762634
    },
    "eqodd": {
        "full": 0.24024601461728018,
        "partial": 0.25631412234477924,
        "mip": 0.2084891581448933,
        "adv_deb": 0.17436888642973453,
        "eo_cal": 0.3415895630339256,
        "re_weigh": 0.01602625020600451,
        "dp_exp": 0.00766624043199142,
        "eo_exp": 0.006578644856509497,
        "tpr_exp": 0.023789720369963685,
        "er_exp": 0.059112507860444585,
        "opt_shap": 0.26288786778152895,
        "opt_objBI": 0.2526710396135752
    }
}