{
    "error": {
        "full": 26.100000381469727,
        "partial": 26.350000381469727,
        "mip": 26.350000381469727,
        "adv_deb": 26.899999618530273,
        "eo_cal": 27.700000762939453,
        "re_weigh": 27.849998474121094,
        "dp_exp": 29.649999618530273,
        "eo_exp": 29.600000381469727,
        "tpr_exp": 29.600000381469727,
        "er_exp": 36.89999771118164,
        "opt_shap": 26.850000381469727,
        "opt_objBI": 26.44999885559082
    },
    "objBI": {
        "full": [
            0.0027514793910086155,
            0.19762472808361053,
            0.005102254915982485
        ],
        "partial": [
            0.011028160341084003,
            0.19513382017612457,
            0.011032012291252613
        ],
        "mip": [
            0.015432372689247131,
            0.1969626098871231,
            0.015488313511013985
        ],
        "adv_deb": [
            0.0059808287769556046,
            0.20361196994781494,
            0.004646085202693939
        ],
        "eo_cal": [
            0.014739311300218105,
            0.103652723133564,
            0.057889312505722046
        ],
        "re_weigh": [
            0.0018287480343133211,
            0.19370092451572418,
            0.0652855932712555
        ],
        "dp_exp": [
            0.026239493861794472,
            0.03389101102948189,
            0.0009951256215572357
        ],
        "eo_exp": [
            0.047910891473293304,
            0.05401025339961052,
            0.0020915477070957422
        ],
        "tpr_exp": [
            0.05893903598189354,
            0.12083512544631958,
            0.007135406136512756
        ],
        "er_exp": [
            0.14730648696422577,
            0.16313515603542328,
            0.007081389892846346
        ],
        "opt_shap": [
            0.00170533312484622,
            0.20552068948745728,
            0.001733194338157773
        ],
        "opt_objBI": [
            0.001192227704450488,
            0.1897510141134262,
            0.00048762414371594787
        ]
    },
    "shap": {
        "full": [
            0.0006984268547967076,
            0.1939702332019806,
            0.0
        ],
        "partial": [
            0.0006935240235179663,
            0.1942511945962906
        ],
        "mip": [
            0.0010387086076661944,
            0.19827817380428314
        ],
        "adv_deb": [
            0.013635167852044106,
            0.20448923110961914
        ],
        "eo_cal": [
            0.002980834571644664,
            0.10887783765792847
        ],
        "re_weigh": [
            7.735774124739692e-05,
            0.19999219477176666
        ],
        "dp_exp": [
            0.036354903131723404,
            0.04667987674474716
        ],
        "eo_exp": [
            0.06043686717748642,
            0.06501419097185135
        ],
        "tpr_exp": [
            0.05275028198957443,
            0.13312065601348877
        ],
        "er_exp": [
            0.15572133660316467,
            0.1713448315858841
        ],
        "opt_shap": [
            0.0008134452509693801,
            0.19884902238845825
        ],
        "opt_objBI": [
            0.0011264882050454617,
            0.19443270564079285
        ]
    },
    "di": {
        "full": 0.7821009415212313,
        "partial": 0.7375409057848594,
        "mip": 0.7932948492533984,
        "adv_deb": 0.7538474999453147,
        "eo_cal": 0.7397397397397397,
        "re_weigh": 0.9434506171000108,
        "dp_exp": 0.9713909428777046,
        "eo_exp": 0.9484520491714736,
        "tpr_exp": 0.9214177140103067,
        "er_exp": 0.9210182785525252,
        "opt_shap": 0.7146553961368776,
        "opt_objBI": 0.7407470297522653
    },
    "dd": {
        "full": -0.21028021028021027,
        "partial": -0.2493492493492494,
        "mip": -0.1992711992711993,
        "adv_deb": -0.23631623631623633,
        "eo_cal": -0.2602602602602603,
        "re_weigh": -0.05123905123905115,
        "dp_exp": -0.03506703506703501,
        "eo_exp": -0.05410605410605407,
        "tpr_exp": -0.08118508118508116,
        "er_exp": -0.048604048604048544,
        "opt_shap": -0.2693812693812694,
        "opt_objBI": -0.2473392473392474
    },
    "eqopp": {
        "full": -0.12196118927756983,
        "partial": -0.16195516544038546,
        "mip": -0.11868250075297959,
        "adv_deb": -0.15572909943634095,
        "eo_cal": -0.15245901639344261,
        "re_weigh": -0.013734348780172989,
        "dp_exp": -0.019013811798115454,
        "eo_exp": -0.032451271459919995,
        "tpr_exp": -0.022925003227055596,
        "er_exp": 0.0086829310270643,
        "opt_shap": -0.19047803450798162,
        "opt_objBI": -0.1613011488318059
    },
    "eqodd": {
        "full": 0.21448545099184124,
        "partial": 0.2485943664484521,
        "mip": 0.2004712801707267,
        "adv_deb": 0.23746808200243116,
        "eo_cal": 0.29088246449492183,
        "re_weigh": 0.03047130901271075,
        "dp_exp": 0.03496952409121844,
        "eo_exp": 0.05115140754498094,
        "tpr_exp": 0.07969566827522787,
        "er_exp": 0.05673666941074171,
        "opt_shap": 0.26348502945134267,
        "opt_objBI": 0.24731007038776515
    }
}