{
    "error": {
        "full": 26.899999618530273,
        "partial": 27.200000762939453,
        "mip": 27.100000381469727,
        "adv_deb": 26.649999618530273,
        "eo_cal": 27.350000381469727,
        "re_weigh": 26.850000381469727,
        "dp_exp": 28.799999237060547,
        "eo_exp": 29.350000381469727,
        "tpr_exp": 29.350000381469727,
        "er_exp": 36.849998474121094,
        "opt_shap": 27.149999618530273,
        "opt_objBI": 27.149999618530273
    },
    "objBI": {
        "full": [
            0.005293971858918667,
            0.18416348099708557,
            0.017843393608927727
        ],
        "partial": [
            0.012213032692670822,
            0.20200176537036896,
            0.01167370192706585
        ],
        "mip": [
            0.008932622149586678,
            0.20094890892505646,
            0.007549816742539406
        ],
        "adv_deb": [
            0.014605428092181683,
            0.21627944707870483,
            0.023733286187052727
        ],
        "eo_cal": [
            0.005383518058806658,
            0.09776197373867035,
            0.034908052533864975
        ],
        "re_weigh": [
            0.007729679811745882,
            0.19672857224941254,
            0.07645036280155182
        ],
        "dp_exp": [
            0.059240493923425674,
            0.07367974519729614,
            0.0005921685951761901
        ],
        "eo_exp": [
            0.10440054535865784,
            0.08118920773267746,
            0.005987689830362797
        ],
        "tpr_exp": [
            0.07422740012407303,
            0.12654024362564087,
            0.003556833602488041
        ],
        "er_exp": [
            0.14556241035461426,
            0.24134761095046997,
            0.01458311453461647
        ],
        "opt_shap": [
            0.0047760531306266785,
            0.19786664843559265,
            0.004755213391035795
        ],
        "opt_objBI": [
            0.009422068484127522,
            0.19786837697029114,
            0.009309113956987858
        ]
    },
    "shap": {
        "full": [
            0.0016585872508585453,
            0.1880253404378891,
            0.0
        ],
        "partial": [
            0.005362259689718485,
            0.20087604224681854
        ],
        "mip": [
            0.005982350558042526,
            0.20034192502498627
        ],
        "adv_deb": [
            0.016960974782705307,
            0.20392948389053345
        ],
        "eo_cal": [
            0.004597384016960859,
            0.10433024168014526
        ],
        "re_weigh": [
            0.005331119522452354,
            0.20317330956459045
        ],
        "dp_exp": [
            0.07458160817623138,
            0.0716857984662056
        ],
        "eo_exp": [
            0.10224013030529022,
            0.08081024140119553
        ],
        "tpr_exp": [
            0.0766599029302597,
            0.13939283788204193
        ],
        "er_exp": [
            0.15904641151428223,
            0.22489437460899353
        ],
        "opt_shap": [
            0.001598797389306128,
            0.19661232829093933
        ],
        "opt_objBI": [
            0.0017623055027797818,
            0.19708898663520813
        ]
    },
    "di": {
        "full": 0.734759656790918,
        "partial": 0.7583609470018263,
        "mip": 0.7630373762741911,
        "adv_deb": 0.7937478589106137,
        "eo_cal": 0.7156153050672182,
        "re_weigh": 0.9621424416457379,
        "dp_exp": 0.9760291043277064,
        "eo_exp": 0.9814293496069896,
        "tpr_exp": 0.9038209252437888,
        "er_exp": 0.8632795413925654,
        "opt_shap": 0.7712738286046458,
        "opt_objBI": 0.7712738286046458
    },
    "dd": {
        "full": -0.2549696619618764,
        "partial": -0.22900738904667184,
        "mip": -0.22480481244074801,
        "adv_deb": -0.19347369285151528,
        "eo_cal": -0.28438469493278185,
        "re_weigh": -0.032836759230802315,
        "dp_exp": -0.021280174109605365,
        "eo_exp": -0.016373831102070135,
        "tpr_exp": -0.07140375869321691,
        "er_exp": -0.13529033117064482,
        "opt_shap": -0.2174337853922922,
        "opt_objBI": -0.2174337853922922
    },
    "eqopp": {
        "full": -0.1729397394136808,
        "partial": -0.15930374592833874,
        "mip": -0.1556677524429967,
        "adv_deb": -0.12373778501628663,
        "eo_cal": -0.19218241042345274,
        "re_weigh": -0.009083876221498421,
        "dp_exp": -0.01162459283387629,
        "eo_exp": -0.01075325732899024,
        "tpr_exp": -0.029690553745928328,
        "er_exp": -0.04660423452768736,
        "opt_shap": -0.14752442996742665,
        "opt_objBI": -0.14752442996742665
    },
    "eqodd": {
        "full": 0.2715541868413952,
        "partial": 0.23696685551714872,
        "mip": 0.232315997584676,
        "adv_deb": 0.19853924716291116,
        "eo_cal": 0.31847080861115984,
        "re_weigh": 0.008864179110639803,
        "dp_exp": 0.020210166882022658,
        "eo_exp": 0.0006243754069978139,
        "tpr_exp": 0.08891786381232998,
        "er_exp": 0.15172473021067395,
        "opt_shap": 0.22687045946084983,
        "opt_objBI": 0.22687045946084983
    }
}