{
    "error": {
        "full": 28.200000762939453,
        "partial": 28.450000762939453,
        "mip": 28.349998474121094,
        "adv_deb": 28.150001525878906,
        "eo_cal": 28.950000762939453,
        "re_weigh": 28.75,
        "dp_exp": 29.049999237060547,
        "eo_exp": 32.650001525878906,
        "tpr_exp": 28.700000762939453,
        "er_exp": 35.04999923706055,
        "opt_shap": 28.200000762939453,
        "opt_objBI": 28.150001525878906
    },
    "objBI": {
        "full": [
            0.018801530823111534,
            0.19212999939918518,
            0.011472005397081375
        ],
        "partial": [
            0.012786982581019402,
            0.20540770888328552,
            0.00017479753296356648
        ],
        "mip": [
            0.017563985660672188,
            0.20343078672885895,
            9.928016515914351e-05
        ],
        "adv_deb": [
            0.019550593569874763,
            0.19986525177955627,
            0.006505731493234634
        ],
        "eo_cal": [
            0.009637989103794098,
            0.09399264305830002,
            0.046663448214530945
        ],
        "re_weigh": [
            0.01663808524608612,
            0.1916085034608841,
            0.06483829021453857
        ],
        "dp_exp": [
            0.11891371756792068,
            0.1258401870727539,
            0.008092151954770088
        ],
        "eo_exp": [
            0.11350518465042114,
            0.11619194597005844,
            0.0009597931639291346
        ],
        "tpr_exp": [
            0.10614830255508423,
            0.15644894540309906,
            0.009471789002418518
        ],
        "er_exp": [
            0.23512005805969238,
            0.2183273583650589,
            0.006822818424552679
        ],
        "opt_shap": [
            0.019213642925024033,
            0.18161307275295258,
            0.0091237872838974
        ],
        "opt_objBI": [
            0.020459024235606194,
            0.18963266909122467,
            0.013761701993644238
        ]
    },
    "shap": {
        "full": [
            0.01776796765625477,
            0.19289302825927734,
            0.0
        ],
        "partial": [
            0.013040161691606045,
            0.19657059013843536
        ],
        "mip": [
            0.017053090035915375,
            0.1954660564661026
        ],
        "adv_deb": [
            0.019149919971823692,
            0.19870293140411377
        ],
        "eo_cal": [
            0.00868570152670145,
            0.10003756731748581
        ],
        "re_weigh": [
            0.014897454530000687,
            0.1975071132183075
        ],
        "dp_exp": [
            0.1122833862900734,
            0.11559540778398514
        ],
        "eo_exp": [
            0.12235479801893234,
            0.14889688789844513
        ],
        "tpr_exp": [
            0.10825255513191223,
            0.15134453773498535
        ],
        "er_exp": [
            0.23219260573387146,
            0.21572016179561615
        ],
        "opt_shap": [
            0.017217079177498817,
            0.19112904369831085
        ],
        "opt_objBI": [
            0.017020609229803085,
            0.1937788724899292
        ]
    },
    "di": {
        "full": 0.8029429907408295,
        "partial": 0.7796678711663645,
        "mip": 0.832610790757042,
        "adv_deb": 0.8173734690961287,
        "eo_cal": 0.7649442755825735,
        "re_weigh": 1.0074888591878113,
        "dp_exp": 1.012057171494959,
        "eo_exp": 1.0155891549397111,
        "tpr_exp": 0.9801405408575142,
        "er_exp": 1.0382076825318738,
        "opt_shap": 0.8013154971853345,
        "opt_objBI": 0.791436265028255
    },
    "dd": {
        "full": -0.18499626436867833,
        "partial": -0.20271425870972193,
        "mip": -0.15582233397444167,
        "adv_deb": -0.17000673113756226,
        "eo_cal": -0.2350557244174265,
        "re_weigh": 0.006439088205906773,
        "dp_exp": 0.01309121241489819,
        "eo_exp": 0.008283399894582155,
        "tpr_exp": -0.02733161904361836,
        "er_exp": 0.021320603181937736,
        "opt_shap": -0.18338599223268737,
        "opt_objBI": -0.19250453326612194
    },
    "eqopp": {
        "full": -0.1255118477385444,
        "partial": -0.1387753804416939,
        "mip": -0.10281251324657714,
        "adv_deb": -0.11087702937560939,
        "eo_cal": -0.1548387096774193,
        "re_weigh": 0.022330549785935405,
        "dp_exp": 0.0046543173244033564,
        "eo_exp": 0.017966597431223863,
        "tpr_exp": -0.01601458183205462,
        "er_exp": 0.058272222457716905,
        "opt_shap": -0.12336272307235807,
        "opt_objBI": -0.1298143359755839
    },
    "eqodd": {
        "full": 0.18751263854424302,
        "partial": 0.20477867676987166,
        "mip": 0.15522421432408007,
        "adv_deb": 0.17151805277006757,
        "eo_cal": 0.26270545838094395,
        "re_weigh": 0.03214728259159666,
        "dp_exp": 0.030526773409366603,
        "eo_exp": 0.00658082295291651,
        "tpr_exp": 0.012087441581523722,
        "er_exp": 0.05010172262019916,
        "opt_shap": 0.18344836988356886,
        "opt_objBI": 0.1934861654359992
    }
}