{
    "error": {
        "full": 27.450000762939453,
        "partial": 27.350000381469727,
        "mip": 27.299999237060547,
        "adv_deb": 27.450000762939453,
        "eo_cal": 27.849998474121094,
        "re_weigh": 28.549999237060547,
        "dp_exp": 29.69999885559082,
        "eo_exp": 29.850000381469727,
        "tpr_exp": 29.30000114440918,
        "er_exp": 34.900001525878906,
        "opt_shap": 27.5,
        "opt_objBI": 27.5
    },
    "objBI": {
        "full": [
            0.009144606068730354,
            0.18489661812782288,
            0.005168327130377293
        ],
        "partial": [
            0.012572974897921085,
            0.17990630865097046,
            0.007657654117792845
        ],
        "mip": [
            0.006255920045077801,
            0.19241338968276978,
            0.0062200515531003475
        ],
        "adv_deb": [
            0.004011330660432577,
            0.2051665186882019,
            0.0015610572881996632
        ],
        "eo_cal": [
            0.015191927552223206,
            0.09233462065458298,
            0.04940449446439743
        ],
        "re_weigh": [
            0.013310750015079975,
            0.19698654115200043,
            0.07763632386922836
        ],
        "dp_exp": [
            0.10677701234817505,
            0.15513566136360168,
            0.011235907673835754
        ],
        "eo_exp": [
            0.12018544226884842,
            0.17762650549411774,
            0.0015581215266138315
        ],
        "tpr_exp": [
            0.09951218962669373,
            0.16750778257846832,
            0.0010000010952353477
        ],
        "er_exp": [
            0.16471032798290253,
            0.23604120314121246,
            9.78071620920673e-05
        ],
        "opt_shap": [
            0.007199996616691351,
            0.18431438505649567,
            0.0020361803472042084
        ],
        "opt_objBI": [
            0.008072741329669952,
            0.1869705766439438,
            0.004797168076038361
        ]
    },
    "shap": {
        "full": [
            0.007905777543783188,
            0.1926218867301941,
            0.0
        ],
        "partial": [
            0.010539602488279343,
            0.182064026594162
        ],
        "mip": [
            0.001858356292359531,
            0.19912222027778625
        ],
        "adv_deb": [
            0.0075218090787529945,
            0.1996563971042633
        ],
        "eo_cal": [
            0.0018904777243733406,
            0.1015227884054184
        ],
        "re_weigh": [
            0.0005553574301302433,
            0.20159393548965454
        ],
        "dp_exp": [
            0.09763171523809433,
            0.14206945896148682
        ],
        "eo_exp": [
            0.11561194062232971,
            0.17189164459705353
        ],
        "tpr_exp": [
            0.0904502421617508,
            0.17407794296741486
        ],
        "er_exp": [
            0.18144088983535767,
            0.2327800691127777
        ],
        "opt_shap": [
            0.007044585421681404,
            0.18789799511432648
        ],
        "opt_objBI": [
            0.0071798088029026985,
            0.1888205111026764
        ]
    },
    "di": {
        "full": 0.7819768364270983,
        "partial": 0.7990171423781383,
        "mip": 0.7920690710659363,
        "adv_deb": 0.8072996918335901,
        "eo_cal": 0.7666666666666667,
        "re_weigh": 0.9979983107130873,
        "dp_exp": 0.980592917633841,
        "eo_exp": 0.9713105495853099,
        "tpr_exp": 0.9526966570723241,
        "er_exp": 0.9702053649073517,
        "opt_shap": 0.7949074074074074,
        "opt_objBI": 0.7949074074074074
    },
    "dd": {
        "full": -0.20615061506150612,
        "partial": -0.19182918291829176,
        "mip": -0.19701970197019703,
        "adv_deb": -0.1801080108010802,
        "eo_cal": -0.23333333333333328,
        "re_weigh": -0.0017301730173017171,
        "dp_exp": -0.016331633163316317,
        "eo_exp": -0.01568156815681576,
        "tpr_exp": -0.052935293529353,
        "er_exp": -0.030573057305730567,
        "opt_shap": -0.19493949394939492,
        "opt_objBI": -0.19493949394939492
    },
    "eqopp": {
        "full": -0.12286313489126222,
        "partial": -0.10593563850410637,
        "mip": -0.11225370977406512,
        "adv_deb": -0.09848965492932926,
        "eo_cal": -0.12585034013605445,
        "re_weigh": 0.03924782348172429,
        "dp_exp": -0.001224842268513604,
        "eo_exp": -0.000986923266716011,
        "tpr_exp": -0.01596700856508404,
        "er_exp": 0.03369638010644671,
        "opt_shap": -0.10885234922984743,
        "opt_objBI": -0.10885234922984743
    },
    "eqodd": {
        "full": 0.2023028413283185,
        "partial": 0.19190548387013923,
        "mip": 0.19412384472774497,
        "adv_deb": 0.17425005343565003,
        "eo_cal": 0.25819880190882327,
        "re_weigh": 0.027682359000362977,
        "dp_exp": 0.0018120773945646679,
        "eo_exp": 0.0064111910327505905,
        "tpr_exp": 0.038706860054361275,
        "er_exp": 0.054051525489942354,
        "opt_shap": 0.1949943421804574,
        "opt_objBI": 0.1949943421804574
    }
}