{
    "error": {
        "full": 28.799999237060547,
        "partial": 28.5,
        "mip": 28.450000762939453,
        "adv_deb": 28.799999237060547,
        "eo_cal": 28.899999618530273,
        "re_weigh": 28.899999618530273,
        "dp_exp": 30.19999885559082,
        "eo_exp": 30.25,
        "tpr_exp": 29.0,
        "er_exp": 32.79999923706055,
        "opt_shap": 28.549999237060547,
        "opt_objBI": 28.450000762939453
    },
    "objBI": {
        "full": [
            0.012584935873746872,
            0.18336138129234314,
            0.005793339107185602
        ],
        "partial": [
            0.02690213918685913,
            0.1975770890712738,
            0.02111954428255558
        ],
        "mip": [
            0.017276421189308167,
            0.20996339619159698,
            0.014065591618418694
        ],
        "adv_deb": [
            0.013014580123126507,
            0.20131108164787292,
            0.011693031527101994
        ],
        "eo_cal": [
            0.01129104383289814,
            0.10658800601959229,
            0.042617395520210266
        ],
        "re_weigh": [
            0.01491081528365612,
            0.1960562914609909,
            0.06270679831504822
        ],
        "dp_exp": [
            0.18056832253932953,
            0.30856186151504517,
            0.01525682769715786
        ],
        "eo_exp": [
            0.18141670525074005,
            0.3143211305141449,
            0.014362412504851818
        ],
        "tpr_exp": [
            0.14431145787239075,
            0.3205316960811615,
            0.031145740300416946
        ],
        "er_exp": [
            0.17080362141132355,
            0.3262501060962677,
            0.015702474862337112
        ],
        "opt_shap": [
            0.015058360062539577,
            0.20803429186344147,
            0.0006816696259193122
        ],
        "opt_objBI": [
            0.015517261810600758,
            0.19928625226020813,
            0.0024415438529103994
        ]
    },
    "shap": {
        "full": [
            0.012508472427725792,
            0.18384729325771332,
            0.0
        ],
        "partial": [
            0.018812132999300957,
            0.21126291155815125
        ],
        "mip": [
            0.011569549329578876,
            0.2084081768989563
        ],
        "adv_deb": [
            0.025719771161675453,
            0.2010457068681717
        ],
        "eo_cal": [
            0.010735060088336468,
            0.11493905633687973
        ],
        "re_weigh": [
            0.014074928127229214,
            0.2111312299966812
        ],
        "dp_exp": [
            0.179351344704628,
            0.2898271977901459
        ],
        "eo_exp": [
            0.1892431676387787,
            0.30230188369750977
        ],
        "tpr_exp": [
            0.1449166089296341,
            0.30353984236717224
        ],
        "er_exp": [
            0.20657065510749817,
            0.367837518453598
        ],
        "opt_shap": [
            0.014843335375189781,
            0.2069489061832428
        ],
        "opt_objBI": [
            0.014709415845572948,
            0.20663270354270935
        ]
    },
    "di": {
        "full": 0.7833168227186059,
        "partial": 0.7881325879933203,
        "mip": 0.783447936079515,
        "adv_deb": 0.7250859550150824,
        "eo_cal": 0.7309941520467836,
        "re_weigh": 0.9694209379658295,
        "dp_exp": 0.9578509319490986,
        "eo_exp": 0.9862055137844611,
        "tpr_exp": 0.9237755574786493,
        "er_exp": 0.9933788996635987,
        "opt_shap": 0.8022256495940706,
        "opt_objBI": 0.8001392369813423
    },
    "dd": {
        "full": -0.20355760494094,
        "partial": -0.19729337031833516,
        "mip": -0.20232277019265021,
        "adv_deb": -0.25572086730629906,
        "eo_cal": -0.26900584795321636,
        "re_weigh": -0.026686039762879754,
        "dp_exp": -0.03277015262317329,
        "eo_exp": -0.017473812297112867,
        "tpr_exp": -0.05805924805168294,
        "er_exp": -0.017011499773847083,
        "opt_shap": -0.18477891054352746,
        "opt_objBI": -0.18672822828231883
    },
    "eqopp": {
        "full": -0.12781445889268117,
        "partial": -0.1220819347377512,
        "mip": -0.12347275532189583,
        "adv_deb": -0.17512405642261852,
        "eo_cal": -0.16692667706708264,
        "re_weigh": -0.01225918299597073,
        "dp_exp": 0.013040299080669726,
        "eo_exp": 0.013378782717372695,
        "tpr_exp": -0.006938914552409692,
        "er_exp": 0.03945938087871215,
        "opt_shap": -0.11099225610192698,
        "opt_objBI": -0.11099225610192698
    },
    "eqodd": {
        "full": 0.21544784569283917,
        "partial": 0.20667376594285064,
        "mip": 0.21388814745977652,
        "adv_deb": 0.26629897753649384,
        "eo_cal": 0.30294385801406076,
        "re_weigh": 0.010916960991237235,
        "dp_exp": 0.032934153907018676,
        "eo_exp": 0.028471896716898634,
        "tpr_exp": 0.066329719326595,
        "er_exp": 0.06939964206846685,
        "opt_shap": 0.19466088486277913,
        "opt_objBI": 0.1972582874601817
    }
}