{
    "error": {
        "full": 25.94999885559082,
        "partial": 25.850000381469727,
        "mip": 26.100000381469727,
        "adv_deb": 26.399999618530273,
        "eo_cal": 27.05000114440918,
        "re_weigh": 27.849998474121094,
        "dp_exp": 27.950000762939453,
        "eo_exp": 27.64999771118164,
        "tpr_exp": 27.799999237060547,
        "er_exp": 33.64999771118164,
        "opt_shap": 26.0,
        "opt_objBI": 26.19999885559082
    },
    "objBI": {
        "full": [
            0.042373333126306534,
            0.18475355207920074,
            0.014578072354197502
        ],
        "partial": [
            0.027994327247142792,
            0.18169738352298737,
            0.002673770533874631
        ],
        "mip": [
            0.012772365473210812,
            0.1976402997970581,
            0.004736867733299732
        ],
        "adv_deb": [
            0.019234463572502136,
            0.2102196365594864,
            0.026220932602882385
        ],
        "eo_cal": [
            0.0012746069114655256,
            0.10559158027172089,
            0.05662404000759125
        ],
        "re_weigh": [
            0.00832530576735735,
            0.193959578871727,
            0.07161810249090195
        ],
        "dp_exp": [
            0.14929251372814178,
            0.28311917185783386,
            0.002790414495393634
        ],
        "eo_exp": [
            0.14697398245334625,
            0.2966828942298889,
            0.013596830889582634
        ],
        "tpr_exp": [
            0.13093748688697815,
            0.2907828986644745,
            0.015168235637247562
        ],
        "er_exp": [
            0.1164274513721466,
            0.32895582914352417,
            0.015014578588306904
        ],
        "opt_shap": [
            0.034644629806280136,
            0.17876553535461426,
            0.011485189199447632
        ],
        "opt_objBI": [
            0.0333109050989151,
            0.1888354867696762,
            0.007305294740945101
        ]
    },
    "shap": {
        "full": [
            0.04172787442803383,
            0.1834963858127594,
            0.0
        ],
        "partial": [
            0.028174985200166702,
            0.18273985385894775
        ],
        "mip": [
            0.011953653767704964,
            0.19724279642105103
        ],
        "adv_deb": [
            0.01903809793293476,
            0.20989874005317688
        ],
        "eo_cal": [
            0.0008242311305366457,
            0.10236240923404694
        ],
        "re_weigh": [
            0.004638069309294224,
            0.2004317045211792
        ],
        "dp_exp": [
            0.14881207048892975,
            0.27665624022483826
        ],
        "eo_exp": [
            0.13902662694454193,
            0.2939036786556244
        ],
        "tpr_exp": [
            0.13681726157665253,
            0.2893655300140381
        ],
        "er_exp": [
            0.14901697635650635,
            0.34073033928871155
        ],
        "opt_shap": [
            0.03248211741447449,
            0.18139301240444183
        ],
        "opt_objBI": [
            0.03226668760180473,
            0.1860581487417221
        ]
    },
    "di": {
        "full": 0.7549466753540688,
        "partial": 0.7398061370224202,
        "mip": 0.7563857165491225,
        "adv_deb": 0.7834606955609156,
        "eo_cal": 0.7012448132780082,
        "re_weigh": 0.9713071003555283,
        "dp_exp": 0.9781528982773796,
        "eo_exp": 0.9537281528982774,
        "tpr_exp": 0.9538589211618257,
        "er_exp": 0.9223819076145201,
        "opt_shap": 0.7248666271487848,
        "opt_objBI": 0.7237924546732525
    },
    "dd": {
        "full": -0.22896874349156504,
        "partial": -0.24663163459843962,
        "mip": -0.22785930566013546,
        "adv_deb": -0.1966829010397475,
        "eo_cal": -0.29875518672199175,
        "re_weigh": -0.024760089075441805,
        "dp_exp": -0.018664188788670155,
        "eo_exp": -0.039338983322385834,
        "tpr_exp": -0.04008795398836895,
        "er_exp": -0.06672247232413209,
        "opt_shap": -0.26026129864304137,
        "opt_objBI": -0.26047757894230916
    },
    "eqopp": {
        "full": -0.15893506943584923,
        "partial": -0.1750439389063544,
        "mip": -0.15893506943584923,
        "adv_deb": -0.1317424561229794,
        "eo_cal": -0.1993299832495813,
        "re_weigh": -0.003112854914968932,
        "dp_exp": -0.007642894274327294,
        "eo_exp": -0.023949798252345444,
        "tpr_exp": -0.027299882004439335,
        "er_exp": -0.01258550552433757,
        "opt_shap": -0.1917943576668234,
        "opt_objBI": -0.19435642910777196
    },
    "eqodd": {
        "full": 0.21732516414571754,
        "partial": 0.2379027109868479,
        "mip": 0.2168325113625334,
        "adv_deb": 0.17955237831450643,
        "eo_cal": 0.3299102232324201,
        "re_weigh": 0.01623261468987061,
        "dp_exp": 0.035733276878996786,
        "eo_exp": 0.019660901963768018,
        "tpr_exp": 0.02051533680356879,
        "er_exp": 0.04491438488274088,
        "opt_shap": 0.2486256237536141,
        "opt_objBI": 0.2476745166169455
    }
}