{
    "error": {
        "full": 23.350000381469727,
        "partial": 23.450000762939453,
        "mip": 23.350000381469727,
        "adv_deb": 23.600000381469727,
        "eo_cal": 24.950000762939453,
        "re_weigh": 25.150001525878906,
        "dp_exp": 27.25,
        "eo_exp": 26.649999618530273,
        "tpr_exp": 26.499998092651367,
        "er_exp": 34.150001525878906,
        "opt_shap": 23.350000381469727,
        "opt_objBI": 23.399999618530273
    },
    "objBI": {
        "full": [
            0.017093036323785782,
            0.19945108890533447,
            0.004926364403218031
        ],
        "partial": [
            0.020134445279836655,
            0.19484929740428925,
            0.007848376408219337
        ],
        "mip": [
            0.015775246545672417,
            0.19880074262619019,
            0.002116150688380003
        ],
        "adv_deb": [
            0.02208436094224453,
            0.20586974918842316,
            0.011204213835299015
        ],
        "eo_cal": [
            0.012059198692440987,
            0.09897847473621368,
            0.04765006899833679
        ],
        "re_weigh": [
            0.01899600587785244,
            0.19792097806930542,
            0.06303975731134415
        ],
        "dp_exp": [
            0.06197834014892578,
            0.05776708200573921,
            0.0024868962354958057
        ],
        "eo_exp": [
            0.08684331923723221,
            0.09582661837339401,
            0.012454324401915073
        ],
        "tpr_exp": [
            0.07342229038476944,
            0.1075468510389328,
            0.0025385243352502584
        ],
        "er_exp": [
            0.20351582765579224,
            0.1681739240884781,
            0.01406985241919756
        ],
        "opt_shap": [
            0.018634380772709846,
            0.18751347064971924,
            0.009060836397111416
        ],
        "opt_objBI": [
            0.019505610689520836,
            0.1892702728509903,
            0.01453679520636797
        ]
    },
    "shap": {
        "full": [
            0.016432825475931168,
            0.19721680879592896,
            0.0
        ],
        "partial": [
            0.018854917958378792,
            0.190580353140831
        ],
        "mip": [
            0.015603147447109222,
            0.20021748542785645
        ],
        "adv_deb": [
            0.02320880815386772,
            0.19766660034656525
        ],
        "eo_cal": [
            0.011244264431297779,
            0.10545231401920319
        ],
        "re_weigh": [
            0.017560375854372978,
            0.2001250833272934
        ],
        "dp_exp": [
            0.06611913442611694,
            0.06670044362545013
        ],
        "eo_exp": [
            0.09864972531795502,
            0.10228471457958221
        ],
        "tpr_exp": [
            0.07746684551239014,
            0.10897091776132584
        ],
        "er_exp": [
            0.21251894533634186,
            0.1613864302635193
        ],
        "opt_shap": [
            0.015864646062254906,
            0.19603915512561798
        ],
        "opt_objBI": [
            0.015562852844595909,
            0.19524379074573517
        ]
    },
    "di": {
        "full": 0.7933939401710497,
        "partial": 0.80364592703006,
        "mip": 0.7970203524208297,
        "adv_deb": 0.7795308740121469,
        "eo_cal": 0.7385229540918163,
        "re_weigh": 0.9774991248629338,
        "dp_exp": 0.9771956611436099,
        "eo_exp": 0.959633900834207,
        "tpr_exp": 0.9340910889902938,
        "er_exp": 0.9440301343715952,
        "opt_shap": 0.7968063872255489,
        "opt_objBI": 0.7959505264444259
    },
    "dd": {
        "full": -0.1933567734270938,
        "partial": -0.183368733474934,
        "mip": -0.18935275741102964,
        "adv_deb": -0.20633082532330138,
        "eo_cal": -0.26147704590818366,
        "re_weigh": -0.019412077648310655,
        "dp_exp": -0.02076208304833216,
        "eo_exp": -0.039660158640634546,
        "tpr_exp": -0.08059832239328968,
        "er_exp": -0.06076024304097216,
        "opt_shap": -0.18934875739502965,
        "opt_objBI": -0.19035076140304563
    },
    "eqopp": {
        "full": -0.10899630122319193,
        "partial": -0.10581665098471826,
        "mip": -0.10485545569579191,
        "adv_deb": -0.12330472729632391,
        "eo_cal": -0.13831478537360886,
        "re_weigh": 0.0164498231725122,
        "dp_exp": -0.015196619188215799,
        "eo_exp": -0.020576473832776387,
        "tpr_exp": -0.030429739463352923,
        "er_exp": 0.009918156451769855,
        "opt_shap": -0.10644528081502869,
        "opt_objBI": -0.10644528081502869
    },
    "eqodd": {
        "full": 0.18160596549972202,
        "partial": 0.1673003477418643,
        "mip": 0.1771990941378912,
        "adv_deb": 0.19412210883119418,
        "eo_cal": 0.3037418430889492,
        "re_weigh": 0.02328968069752868,
        "dp_exp": 0.018938800477138973,
        "eo_exp": 0.011215299630928044,
        "tpr_exp": 0.02257565193148997,
        "er_exp": 0.04105864630638609,
        "opt_shap": 0.17565755809937872,
        "opt_objBI": 0.1779940066975096
    }
}