{
    "error": {
        "full": 28.650001525878906,
        "partial": 29.0,
        "mip": 28.799999237060547,
        "adv_deb": 28.950000762939453,
        "eo_cal": 29.850000381469727,
        "re_weigh": 27.950000762939453,
        "dp_exp": 30.19999885559082,
        "eo_exp": 34.599998474121094,
        "tpr_exp": 29.750001907348633,
        "er_exp": 38.5,
        "opt_shap": 28.799999237060547,
        "opt_objBI": 28.899999618530273
    },
    "objBI": {
        "full": [
            0.00861459318548441,
            0.1702556610107422,
            0.028073741123080254
        ],
        "partial": [
            0.003955069929361343,
            0.19670917093753815,
            0.0039171273820102215
        ],
        "mip": [
            0.0011698375456035137,
            0.19992254674434662,
            0.00026339685427956283
        ],
        "adv_deb": [
            0.01375290472060442,
            0.19424545764923096,
            0.016569791361689568
        ],
        "eo_cal": [
            0.00719906110316515,
            0.09797353297472,
            0.05005292221903801
        ],
        "re_weigh": [
            0.0018522711470723152,
            0.19713851809501648,
            0.06990881264209747
        ],
        "dp_exp": [
            0.06837581843137741,
            0.05686815083026886,
            0.0009637342300266027
        ],
        "eo_exp": [
            0.09836653620004654,
            0.0680629089474678,
            0.003495302051305771
        ],
        "tpr_exp": [
            0.06747470051050186,
            0.09257039427757263,
            0.011549322865903378
        ],
        "er_exp": [
            0.20968031883239746,
            0.1984606385231018,
            0.04829109087586403
        ],
        "opt_shap": [
            0.005191398784518242,
            0.20101238787174225,
            0.001382814603857696
        ],
        "opt_objBI": [
            0.0035922247916460037,
            0.18639081716537476,
            0.0014573688386008143
        ]
    },
    "shap": {
        "full": [
            0.008892957121133804,
            0.16436949372291565,
            0.0
        ],
        "partial": [
            0.0008561286958865821,
            0.199931338429451
        ],
        "mip": [
            0.001137365703471005,
            0.20042791962623596
        ],
        "adv_deb": [
            0.01566411927342415,
            0.2002534121274948
        ],
        "eo_cal": [
            0.001189861330203712,
            0.1035410463809967
        ],
        "re_weigh": [
            0.0010076845064759254,
            0.20192597806453705
        ],
        "dp_exp": [
            0.06227027252316475,
            0.06560927629470825
        ],
        "eo_exp": [
            0.09614201635122299,
            0.1320289522409439
        ],
        "tpr_exp": [
            0.061214935034513474,
            0.09153249859809875
        ],
        "er_exp": [
            0.20298342406749725,
            0.20366168022155762
        ],
        "opt_shap": [
            0.004995393566787243,
            0.194964200258255
        ],
        "opt_objBI": [
            0.003293372457846999,
            0.19573090970516205
        ]
    },
    "di": {
        "full": 0.7398527607361964,
        "partial": 0.7534409036418768,
        "mip": 0.765818909990689,
        "adv_deb": 0.8038382885008653,
        "eo_cal": 0.721881390593047,
        "re_weigh": 0.9624285061418936,
        "dp_exp": 0.9683221835147107,
        "eo_exp": 0.9839422624192721,
        "tpr_exp": 0.9414322297757881,
        "er_exp": 0.9392650030884743,
        "opt_shap": 0.7604842772887584,
        "opt_objBI": 0.7661088070468266
    },
    "dd": {
        "full": -0.254547200845209,
        "partial": -0.230877744828497,
        "mip": -0.22043268942168015,
        "adv_deb": -0.18464536835828538,
        "eo_cal": -0.278118609406953,
        "re_weigh": -0.03257176473413137,
        "dp_exp": -0.035865358833675476,
        "eo_exp": -0.012958271803552912,
        "tpr_exp": -0.0542262455028234,
        "er_exp": -0.05604312487243823,
        "opt_shap": -0.22639157352158445,
        "opt_objBI": -0.22038866811536784
    },
    "eqopp": {
        "full": -0.20464875596671317,
        "partial": -0.19328348751742497,
        "mip": -0.18523212098170905,
        "adv_deb": -0.15594347991382584,
        "eo_cal": -0.2108731466227347,
        "re_weigh": -0.02228910573226872,
        "dp_exp": -0.01225024289274701,
        "eo_exp": 0.01345414607358586,
        "tpr_exp": -0.038250327377180815,
        "er_exp": -0.034790689815401565,
        "opt_shap": -0.19237316774384317,
        "opt_objBI": -0.18523212098170905
    },
    "eqodd": {
        "full": 0.25435373798870287,
        "partial": 0.21678275197862293,
        "mip": 0.20538922214909336,
        "adv_deb": 0.16855225720981443,
        "eo_cal": 0.29950665417390104,
        "re_weigh": 0.029984632169335446,
        "dp_exp": 0.03819303365930618,
        "eo_exp": 0.023630249091703692,
        "tpr_exp": 0.050624087726885,
        "er_exp": 0.03094564401465591,
        "opt_shap": 0.21102586123263978,
        "opt_objBI": 0.206107628956694
    }
}