{
    "error": {
        "full": 27.950000762939453,
        "partial": 28.099998474121094,
        "mip": 28.099998474121094,
        "adv_deb": 27.450000762939453,
        "eo_cal": 28.049999237060547,
        "re_weigh": 27.849998474121094,
        "dp_exp": 29.0,
        "eo_exp": 28.549999237060547,
        "tpr_exp": 28.799999237060547,
        "er_exp": 36.0,
        "opt_shap": 28.150001525878906,
        "opt_objBI": 28.150001525878906
    },
    "objBI": {
        "full": [
            0.032643623650074005,
            0.14527083933353424,
            0.0373866967856884
        ],
        "partial": [
            0.01017319317907095,
            0.20104198157787323,
            0.010166080668568611
        ],
        "mip": [
            0.015063378028571606,
            0.19617816805839539,
            0.014971078373491764
        ],
        "adv_deb": [
            0.009207075461745262,
            0.19785550236701965,
            0.013138491660356522
        ],
        "eo_cal": [
            0.002672962611541152,
            0.10012761503458023,
            0.04044501483440399
        ],
        "re_weigh": [
            0.011235149577260017,
            0.19419381022453308,
            0.07175379991531372
        ],
        "dp_exp": [
            0.07585087418556213,
            0.07196443527936935,
            0.01211489737033844
        ],
        "eo_exp": [
            0.08787287771701813,
            0.10101224482059479,
            0.00897843949496746
        ],
        "tpr_exp": [
            0.06822007894515991,
            0.10124822705984116,
            0.0038837778847664595
        ],
        "er_exp": [
            0.18905654549598694,
            0.15750201046466827,
            0.010536398738622665
        ],
        "opt_shap": [
            0.005406277719885111,
            0.19252870976924896,
            0.004798844922333956
        ],
        "opt_objBI": [
            0.01191131304949522,
            0.20117610692977905,
            0.011993682011961937
        ]
    },
    "shap": {
        "full": [
            0.030295763164758682,
            0.15241104364395142,
            0.0
        ],
        "partial": [
            0.00015863221779000014,
            0.19691595435142517
        ],
        "mip": [
            0.0009198648622259498,
            0.1989578753709793
        ],
        "adv_deb": [
            0.019752031192183495,
            0.19242331385612488
        ],
        "eo_cal": [
            0.001903229160234332,
            0.1078610047698021
        ],
        "re_weigh": [
            0.0014600062277168036,
            0.203090637922287
        ],
        "dp_exp": [
            0.08354701846837997,
            0.08446665108203888
        ],
        "eo_exp": [
            0.10064608603715897,
            0.1033773422241211
        ],
        "tpr_exp": [
            0.07646531611680984,
            0.11427213996648788
        ],
        "er_exp": [
            0.20586122572422028,
            0.15464715659618378
        ],
        "opt_shap": [
            0.0041577997617423534,
            0.19299493730068207
        ],
        "opt_objBI": [
            0.004166138358414173,
            0.19292297959327698
        ]
    },
    "di": {
        "full": 0.7661491110638458,
        "partial": 0.7887969991810548,
        "mip": 0.7973689893006694,
        "adv_deb": 0.8779877709838799,
        "eo_cal": 0.7616731517509727,
        "re_weigh": 0.998116639421638,
        "dp_exp": 0.9880791194522631,
        "eo_exp": 0.9834305373809503,
        "tpr_exp": 0.9537921796262041,
        "er_exp": 1.027452909444641,
        "opt_shap": 0.8002975509269856,
        "opt_objBI": 0.8002975509269856
    },
    "dd": {
        "full": -0.2244679828985925,
        "partial": -0.19925221373556867,
        "mip": -0.19158220044514906,
        "adv_deb": -0.114229555971882,
        "eo_cal": -0.23832684824902728,
        "re_weigh": -0.001637283630366193,
        "dp_exp": -0.014203135258042288,
        "eo_exp": -0.01530800147315492,
        "tpr_exp": -0.039326832236473375,
        "er_exp": -0.005388224367904426,
        "opt_shap": -0.18860786856895806,
        "opt_objBI": -0.18860786856895806
    },
    "eqopp": {
        "full": -0.15738328491880504,
        "partial": -0.139200785730338,
        "mip": -0.1297370633328616,
        "adv_deb": -0.059791248761892124,
        "eo_cal": -0.15615141955835965,
        "re_weigh": 0.01529011261579949,
        "dp_exp": 0.010412591661603243,
        "eo_exp": 0.007545175332728582,
        "tpr_exp": -0.009030904838400855,
        "er_exp": 0.04426391883006087,
        "opt_shap": -0.1297370633328616,
        "opt_objBI": -0.1297370633328616
    },
    "eqodd": {
        "full": 0.22779738751372197,
        "partial": 0.19600582006759798,
        "mip": 0.19087071393314176,
        "adv_deb": 0.10741353320015003,
        "eo_cal": 0.2633548975964387,
        "re_weigh": 0.03915746201974564,
        "dp_exp": 0.00958268939785889,
        "eo_exp": 0.004128392021409591,
        "tpr_exp": 0.027045382226975223,
        "er_exp": 0.04766632372795426,
        "opt_shap": 0.1859961942690211,
        "opt_objBI": 0.1859961942690211
    }
}