{
    "error": {
        "full": 27.75,
        "partial": 27.75,
        "mip": 27.849998474121094,
        "adv_deb": 28.200000762939453,
        "eo_cal": 28.0,
        "re_weigh": 28.5,
        "dp_exp": 30.649999618530273,
        "eo_exp": 33.79999923706055,
        "tpr_exp": 29.499998092651367,
        "er_exp": 34.20000076293945,
        "opt_shap": 27.849998474121094,
        "opt_objBI": 27.900001525878906
    },
    "objBI": {
        "full": [
            0.008040661923587322,
            0.20830869674682617,
            0.0042594787664711475
        ],
        "partial": [
            0.007999894209206104,
            0.18716691434383392,
            0.0018134934362024069
        ],
        "mip": [
            0.009285769425332546,
            0.20495915412902832,
            0.001113050035201013
        ],
        "adv_deb": [
            0.01575121097266674,
            0.21617750823497772,
            0.008344537578523159
        ],
        "eo_cal": [
            0.007416512351483107,
            0.09274661540985107,
            0.03299807384610176
        ],
        "re_weigh": [
            0.008269593119621277,
            0.20495770871639252,
            0.06473133713006973
        ],
        "dp_exp": [
            0.12675903737545013,
            0.1205582469701767,
            0.02065170370042324
        ],
        "eo_exp": [
            0.13578423857688904,
            0.13565610349178314,
            0.000731922104023397
        ],
        "tpr_exp": [
            0.12114893645048141,
            0.15844979882240295,
            0.0034905208740383387
        ],
        "er_exp": [
            0.1751115322113037,
            0.24284274876117706,
            0.0009807785972952843
        ],
        "opt_shap": [
            0.010605364106595516,
            0.20008298754692078,
            0.00883003231137991
        ],
        "opt_objBI": [
            0.010889694094657898,
            0.1908673644065857,
            0.008071793243288994
        ]
    },
    "shap": {
        "full": [
            0.008255758322775364,
            0.20424416661262512,
            0.0
        ],
        "partial": [
            0.008280428126454353,
            0.1950671672821045
        ],
        "mip": [
            0.009379150345921516,
            0.20587033033370972
        ],
        "adv_deb": [
            0.015118640847504139,
            0.21474596858024597
        ],
        "eo_cal": [
            0.007448525168001652,
            0.10637978464365005
        ],
        "re_weigh": [
            0.007585580926388502,
            0.21000416576862335
        ],
        "dp_exp": [
            0.12535633146762848,
            0.11842962354421616
        ],
        "eo_exp": [
            0.1377093642950058,
            0.17557334899902344
        ],
        "tpr_exp": [
            0.12000733613967896,
            0.17066045105457306
        ],
        "er_exp": [
            0.18655279278755188,
            0.24979664385318756
        ],
        "opt_shap": [
            0.008520426228642464,
            0.2002180516719818
        ],
        "opt_objBI": [
            0.008148889988660812,
            0.199878990650177
        ]
    },
    "di": {
        "full": 0.7715201023790631,
        "partial": 0.7682613057481062,
        "mip": 0.7588201829983378,
        "adv_deb": 0.7316541978921399,
        "eo_cal": 0.7332667332667333,
        "re_weigh": 0.9760551948051946,
        "dp_exp": 1.0200086572743683,
        "eo_exp": 1.0250748018935443,
        "tpr_exp": 0.9476641779273359,
        "er_exp": 0.9178902729923138,
        "opt_shap": 0.7588201829983378,
        "opt_objBI": 0.7577618563832773
    },
    "dd": {
        "full": -0.21567221567221573,
        "partial": -0.21967621967621964,
        "mip": -0.22766022766022775,
        "adv_deb": -0.2506172506172507,
        "eo_cal": -0.2667332667332667,
        "re_weigh": -0.02070902070902081,
        "dp_exp": 0.013165013165013173,
        "eo_exp": 0.05535305535305535,
        "tpr_exp": -0.03675703675703679,
        "er_exp": -0.060433060433060515,
        "opt_shap": -0.22766022766022775,
        "opt_objBI": -0.22865922865922872
    },
    "eqopp": {
        "full": -0.12980731573588156,
        "partial": -0.1324704315814208,
        "mip": -0.14124522423261365,
        "adv_deb": -0.16726717318085693,
        "eo_cal": -0.15522875816993464,
        "re_weigh": 0.006788334508237348,
        "dp_exp": 0.02040199124478914,
        "eo_exp": 0.048675839621245665,
        "tpr_exp": -0.020145252952490367,
        "er_exp": -0.02526914005726566,
        "opt_shap": -0.14124522423261365,
        "opt_objBI": -0.14287921116071822
    },
    "eqodd": {
        "full": 0.22275256739609403,
        "partial": 0.22811638338337978,
        "mip": 0.23489825686296908,
        "adv_deb": 0.2545380977439238,
        "eo_cal": 0.29869407060167685,
        "re_weigh": 0.00772184782464691,
        "dp_exp": 0.04527853107309529,
        "eo_exp": 0.057033576436599884,
        "tpr_exp": 0.036094767171436115,
        "er_exp": 0.07452448690236257,
        "opt_shap": 0.23489825686296908,
        "opt_objBI": 0.23571525032702137
    }
}