{
    "error": {
        "full": 28.150001525878906,
        "partial": 28.099998474121094,
        "mip": 27.799999237060547,
        "adv_deb": 27.450000762939453,
        "eo_cal": 28.5,
        "re_weigh": 27.849998474121094,
        "dp_exp": 28.400001525878906,
        "eo_exp": 28.299999237060547,
        "tpr_exp": 28.049999237060547,
        "er_exp": 35.20000076293945,
        "opt_shap": 28.049999237060547,
        "opt_objBI": 28.049999237060547
    },
    "objBI": {
        "full": [
            0.0035545367281883955,
            0.18243356049060822,
            0.017319437116384506
        ],
        "partial": [
            0.03716552257537842,
            0.13187208771705627,
            0.005870082415640354
        ],
        "mip": [
            0.017879217863082886,
            0.20715704560279846,
            0.017887085676193237
        ],
        "adv_deb": [
            0.011233871802687645,
            0.2104557752609253,
            0.005775343161076307
        ],
        "eo_cal": [
            0.0056467000395059586,
            0.10037407279014587,
            0.03977622464299202
        ],
        "re_weigh": [
            0.007350033614784479,
            0.21254456043243408,
            0.07008393853902817
        ],
        "dp_exp": [
            0.12719064950942993,
            0.18667934834957123,
            0.004798801150172949
        ],
        "eo_exp": [
            0.13579238951206207,
            0.20715725421905518,
            0.02219301089644432
        ],
        "tpr_exp": [
            0.11655614525079727,
            0.1953659951686859,
            0.0019069683039560914
        ],
        "er_exp": [
            0.2032574862241745,
            0.25352948904037476,
            0.004955153912305832
        ],
        "opt_shap": [
            0.03221610188484192,
            0.13549135625362396,
            0.0029519719537347555
        ],
        "opt_objBI": [
            0.03412056714296341,
            0.1382264941930771,
            0.011391823180019855
        ]
    },
    "shap": {
        "full": [
            0.0014349266421049833,
            0.18749752640724182,
            0.0
        ],
        "partial": [
            0.03663339465856552,
            0.1283840835094452
        ],
        "mip": [
            0.0047420719638466835,
            0.20742098987102509
        ],
        "adv_deb": [
            0.018179163336753845,
            0.20967821776866913
        ],
        "eo_cal": [
            0.0005476793157868087,
            0.11153783649206161
        ],
        "re_weigh": [
            0.0072373393923044205,
            0.21211300790309906
        ],
        "dp_exp": [
            0.11483024060726166,
            0.1684470921754837
        ],
        "eo_exp": [
            0.13234348595142365,
            0.2120932787656784
        ],
        "tpr_exp": [
            0.10491049289703369,
            0.19474154710769653
        ],
        "er_exp": [
            0.22956636548042297,
            0.2758881747722626
        ],
        "opt_shap": [
            0.032569386065006256,
            0.13381096720695496
        ],
        "opt_objBI": [
            0.03249899670481682,
            0.13275094330310822
        ]
    },
    "di": {
        "full": 0.7460740948528797,
        "partial": 0.8376956725527455,
        "mip": 0.7618240072154839,
        "adv_deb": 0.7778965602679333,
        "eo_cal": 0.7244796828543112,
        "re_weigh": 0.9695393329196114,
        "dp_exp": 0.9560114454467831,
        "eo_exp": 0.9393648881202079,
        "tpr_exp": 0.9224133280729571,
        "er_exp": 0.961969295430698,
        "opt_shap": 0.8241695640871501,
        "opt_objBI": 0.8241695640871501
    },
    "dd": {
        "full": -0.2462389453545738,
        "partial": -0.16033898745798403,
        "mip": -0.2271203967521369,
        "adv_deb": -0.2079838466915821,
        "eo_cal": -0.2755203171456888,
        "re_weigh": -0.026311131201627314,
        "dp_exp": -0.04065329291672626,
        "eo_exp": -0.057159629930024325,
        "tpr_exp": -0.06939462096429816,
        "er_exp": -0.012926047009807817,
        "opt_shap": -0.17316902669116196,
        "opt_objBI": -0.17316902669116196
    },
    "eqopp": {
        "full": -0.17175196850393704,
        "partial": -0.09862709469008679,
        "mip": -0.16198516050878253,
        "adv_deb": -0.1450762164344842,
        "eo_cal": -0.1875,
        "re_weigh": 0.0013880476478901338,
        "dp_exp": -0.02051786795881294,
        "eo_exp": -0.022978497880072668,
        "tpr_exp": -0.04032909347869973,
        "er_exp": 0.0269028871391076,
        "opt_shap": -0.10430547143145574,
        "opt_objBI": -0.10430547143145574
    },
    "eqodd": {
        "full": 0.25696428459791076,
        "partial": 0.1725200351803522,
        "mip": 0.22676471205272392,
        "adv_deb": 0.2012569875911433,
        "eo_cal": 0.3028409090909091,
        "re_weigh": 0.006308496687326248,
        "dp_exp": 0.027134042947619633,
        "eo_exp": 0.04280553091134014,
        "tpr_exp": 0.04551418399306337,
        "er_exp": 0.06489301703064901,
        "opt_shap": 0.18834623653804966,
        "opt_objBI": 0.18834623653804966
    }
}