{
    "error": {
        "full": 27.149999618530273,
        "partial": 26.399999618530273,
        "mip": 26.750001907348633,
        "adv_deb": 26.600000381469727,
        "eo_cal": 26.649999618530273,
        "re_weigh": 26.100000381469727,
        "dp_exp": 28.549999237060547,
        "eo_exp": 28.60000228881836,
        "tpr_exp": 28.150001525878906,
        "er_exp": 30.799999237060547,
        "opt_shap": 26.850000381469727,
        "opt_objBI": 26.350000381469727
    },
    "objBI": {
        "full": [
            0.06519180536270142,
            0.14419259130954742,
            0.022225162014365196
        ],
        "partial": [
            0.01343857403844595,
            0.21759431064128876,
            0.005946666933596134
        ],
        "mip": [
            0.016968179494142532,
            0.20192909240722656,
            0.004353258293122053
        ],
        "adv_deb": [
            0.023240037262439728,
            0.19586575031280518,
            0.005624576471745968
        ],
        "eo_cal": [
            0.004889491014182568,
            0.09867484122514725,
            0.021155791357159615
        ],
        "re_weigh": [
            0.009324992075562477,
            0.20512576401233673,
            0.07761609554290771
        ],
        "dp_exp": [
            0.18773150444030762,
            0.30926933884620667,
            0.005688087083399296
        ],
        "eo_exp": [
            0.19541504979133606,
            0.29229792952537537,
            0.03475380316376686
        ],
        "tpr_exp": [
            0.1618371605873108,
            0.3072860538959503,
            0.004983014427125454
        ],
        "er_exp": [
            0.07095135003328323,
            0.2919667959213257,
            0.001279178773984313
        ],
        "opt_shap": [
            0.01673511043190956,
            0.20479950308799744,
            0.0027153538540005684
        ],
        "opt_objBI": [
            0.008513040840625763,
            0.20593200623989105,
            0.003185334848240018
        ]
    },
    "shap": {
        "full": [
            0.06247805804014206,
            0.13687464594841003,
            0.0
        ],
        "partial": [
            0.01236951258033514,
            0.21209417283535004
        ],
        "mip": [
            0.016170233488082886,
            0.20029373466968536
        ],
        "adv_deb": [
            0.024294039234519005,
            0.19689737260341644
        ],
        "eo_cal": [
            0.004392966162413359,
            0.10591387748718262
        ],
        "re_weigh": [
            0.00861850194633007,
            0.2114570140838623
        ],
        "dp_exp": [
            0.18691854178905487,
            0.2941262125968933
        ],
        "eo_exp": [
            0.1976064145565033,
            0.31012460589408875
        ],
        "tpr_exp": [
            0.15345346927642822,
            0.305729478597641
        ],
        "er_exp": [
            0.08838863670825958,
            0.2708328664302826
        ],
        "opt_shap": [
            0.016289882361888885,
            0.20718353986740112
        ],
        "opt_objBI": [
            0.008356043137609959,
            0.2075713574886322
        ]
    },
    "di": {
        "full": 0.806024555306837,
        "partial": 0.77733151248505,
        "mip": 0.7608400461150403,
        "adv_deb": 0.7985890445632915,
        "eo_cal": 0.7542799597180262,
        "re_weigh": 0.9634526470426551,
        "dp_exp": 0.9841089157508915,
        "eo_exp": 0.9893645764252205,
        "tpr_exp": 0.9273665659617321,
        "er_exp": 0.8578039105278165,
        "opt_shap": 0.7992472732858824,
        "opt_objBI": 0.7880257342800879
    },
    "dd": {
        "full": -0.18588510837031014,
        "partial": -0.20741116314699415,
        "mip": -0.22633509041943056,
        "adv_deb": -0.18541008509416956,
        "eo_cal": -0.2457200402819738,
        "re_weigh": -0.031248531178027728,
        "dp_exp": -0.014379704605525734,
        "eo_exp": -0.0075123681060371705,
        "tpr_exp": -0.07183752003848187,
        "er_exp": -0.10221800868242548,
        "opt_shap": -0.188193221467852,
        "opt_objBI": -0.19829171629409847
    },
    "eqopp": {
        "full": -0.12501221478477542,
        "partial": -0.12364212309245781,
        "mip": -0.14629851305353336,
        "adv_deb": -0.11819636488005081,
        "eo_cal": -0.14691943127962082,
        "re_weigh": -0.015472060715623459,
        "dp_exp": -0.00162660217260302,
        "eo_exp": 0.0058142375531342605,
        "tpr_exp": -0.02532328463705802,
        "er_exp": -0.012860132571130833,
        "opt_shap": -0.1148698718261918,
        "opt_objBI": -0.11802942948811912
    },
    "eqodd": {
        "full": 0.19311577550205583,
        "partial": 0.2193968191219865,
        "mip": 0.23954536042287056,
        "adv_deb": 0.18546903381087676,
        "eo_cal": 0.2831819378620326,
        "re_weigh": 0.02828076340254479,
        "dp_exp": 0.0036233925219853885,
        "eo_exp": 0.013924280919321713,
        "tpr_exp": 0.03212615302809274,
        "er_exp": 0.10947351298831728,
        "opt_shap": 0.19789308887124885,
        "opt_objBI": 0.20903275226209708
    }
}