{
    "error": {
        "full": 27.549999237060547,
        "partial": 27.399999618530273,
        "mip": 27.799999237060547,
        "adv_deb": 27.75,
        "eo_cal": 28.400001525878906,
        "re_weigh": 29.19999885559082,
        "dp_exp": 29.350000381469727,
        "eo_exp": 29.149999618530273,
        "tpr_exp": 29.850000381469727,
        "er_exp": 35.10000228881836,
        "opt_shap": 27.700000762939453,
        "opt_objBI": 27.700000762939453
    },
    "objBI": {
        "full": [
            0.041496582329273224,
            0.14651569724082947,
            0.007702752947807312
        ],
        "partial": [
            0.011734950356185436,
            0.176100954413414,
            0.011890742927789688
        ],
        "mip": [
            0.010123362764716148,
            0.19113872945308685,
            0.010094855912029743
        ],
        "adv_deb": [
            0.008137342520058155,
            0.18192198872566223,
            0.007498182822018862
        ],
        "eo_cal": [
            0.0038529466837644577,
            0.09619252383708954,
            0.046103183180093765
        ],
        "re_weigh": [
            0.0062070912681519985,
            0.18040567636489868,
            0.0659244954586029
        ],
        "dp_exp": [
            0.15352971851825714,
            0.23183196783065796,
            0.008565100841224194
        ],
        "eo_exp": [
            0.15338324010372162,
            0.2599858045578003,
            0.0010297613916918635
        ],
        "tpr_exp": [
            0.1394835114479065,
            0.2438807487487793,
            0.009051949717104435
        ],
        "er_exp": [
            0.12806716561317444,
            0.25187206268310547,
            0.017078446224331856
        ],
        "opt_shap": [
            0.009912809357047081,
            0.1770188957452774,
            0.00608754763379693
        ],
        "opt_objBI": [
            0.013848060742020607,
            0.17303311824798584,
            0.012683872133493423
        ]
    },
    "shap": {
        "full": [
            0.0391104556620121,
            0.14529897272586823,
            0.0
        ],
        "partial": [
            0.004696384537965059,
            0.18058279156684875
        ],
        "mip": [
            0.0006387809407897294,
            0.1829521507024765
        ],
        "adv_deb": [
            0.022842617705464363,
            0.1771376132965088
        ],
        "eo_cal": [
            0.002323273103684187,
            0.10295142233371735
        ],
        "re_weigh": [
            0.0035123461857438087,
            0.1895298957824707
        ],
        "dp_exp": [
            0.14435531198978424,
            0.22328387200832367
        ],
        "eo_exp": [
            0.15154021978378296,
            0.24918736517429352
        ],
        "tpr_exp": [
            0.13480481505393982,
            0.2359778732061386
        ],
        "er_exp": [
            0.16502928733825684,
            0.256479948759079
        ],
        "opt_shap": [
            0.008923929184675217,
            0.17552876472473145
        ],
        "opt_objBI": [
            0.008907092735171318,
            0.17570126056671143
        ]
    },
    "di": {
        "full": 0.7462330137854786,
        "partial": 0.7797804274587975,
        "mip": 0.7883310959728554,
        "adv_deb": 0.8625677021857237,
        "eo_cal": 0.7286973555337904,
        "re_weigh": 0.9980697410455207,
        "dp_exp": 0.9766983071044179,
        "eo_exp": 0.9652491898760872,
        "tpr_exp": 0.9483384598513543,
        "er_exp": 1.02054515983069,
        "opt_shap": 0.7833258191730278,
        "opt_objBI": 0.7833258191730278
    },
    "dd": {
        "full": -0.24547225326368927,
        "partial": -0.21077195043013963,
        "mip": -0.2030205320546361,
        "adv_deb": -0.13139594561201495,
        "eo_cal": -0.27130264446620955,
        "re_weigh": -0.001687744295234217,
        "dp_exp": -0.019711692856549723,
        "eo_exp": -0.03398298649704523,
        "tpr_exp": -0.035088474017041515,
        "er_exp": -0.002926290494107975,
        "opt_shap": -0.20914923481255232,
        "opt_objBI": -0.20914923481255232
    },
    "eqopp": {
        "full": -0.16820352450803921,
        "partial": -0.14170465438047852,
        "mip": -0.1384473253902505,
        "adv_deb": -0.08011251013849074,
        "eo_cal": -0.17100977198697065,
        "re_weigh": 0.010158008648620487,
        "dp_exp": 0.006482128063776016,
        "eo_exp": 0.007956817619937828,
        "tpr_exp": -0.00447828519628557,
        "er_exp": 0.05561965153953252,
        "opt_shap": -0.13785311224556174,
        "opt_objBI": -0.13785311224556174
    },
    "eqodd": {
        "full": 0.24426491583822582,
        "partial": 0.2031155712955886,
        "mip": 0.19604486188474549,
        "adv_deb": 0.11949394634904191,
        "eo_cal": 0.29680709729569665,
        "re_weigh": 0.03732177340918458,
        "dp_exp": 0.010737632852257747,
        "eo_exp": 0.01094034470813314,
        "tpr_exp": 0.016563682971556068,
        "er_exp": 0.050495512884794175,
        "opt_shap": 0.20697668759396498,
        "opt_objBI": 0.20697668759396498
    }
}