{
    "error": {
        "full": 31.0,
        "partial": 30.5,
        "mip": 30.000001907348633,
        "adv_deb": 32.0,
        "eo_cal": 31.0,
        "re_weigh": 29.499998092651367,
        "dp_exp": 30.5,
        "eo_exp": 30.000001907348633,
        "tpr_exp": 30.5,
        "er_exp": 28.5,
        "opt_shap": 30.000001907348633,
        "opt_objBI": 30.000001907348633
    },
    "objBI": {
        "full": [
            0.017365140840411186,
            0.06272921711206436,
            0.06555714458227158,
            0.06487849354743958,
            0.017621129751205444,
            0.028447844088077545,
            0.013093681074678898,
            0.01888955943286419,
            0.05214511230587959
        ],
        "partial": [
            0.01314834225922823,
            0.06979458779096603,
            0.05038950592279434,
            0.05281776934862137,
            0.014358875341713428,
            0.03674683719873428,
            0.01130159106105566,
            0.006596744060516357,
            0.001287677325308323
        ],
        "mip": [
            0.01209843996912241,
            0.06099100410938263,
            0.06727815419435501,
            0.06219959259033203,
            0.014690596610307693,
            0.027711277827620506,
            0.01011570543050766,
            0.015781881287693977,
            0.0017262588953599334
        ],
        "adv_deb": [
            0.013457361608743668,
            0.06602035462856293,
            0.04602392762899399,
            0.04242481291294098,
            0.013416503556072712,
            0.037283770740032196,
            0.010303155519068241,
            0.007827411405742168,
            0.029271915555000305
        ],
        "eo_cal": [
            0.00949533935636282,
            0.019385313615202904,
            0.02353266440331936,
            0.02086290530860424,
            0.00786004588007927,
            0.007525105029344559,
            0.007369094993919134,
            0.01266277302056551,
            0.027950936928391457
        ],
        "re_weigh": [
            0.01727142743766308,
            0.061039820313453674,
            0.07206619530916214,
            0.062189728021621704,
            0.016362512484192848,
            0.029298467561602592,
            0.010676654987037182,
            0.016997432336211205,
            0.015243863686919212
        ],
        "dp_exp": [
            0.008074999786913395,
            0.02422499656677246,
            0.060362495481967926,
            0.02658124640583992,
            0.019200000911951065,
            0.019231248646974564,
            0.001074999920092523,
            0.005037499591708183,
            0.0
        ],
        "eo_exp": [
            0.016198184341192245,
            0.042648158967494965,
            0.03756048530340195,
            0.03192253038287163,
            0.011294353753328323,
            0.03865794092416763,
            0.009966305457055569,
            0.012789160944521427,
            0.011746124364435673
        ],
        "tpr_exp": [
            0.02149999886751175,
            0.023237500339746475,
            0.05538124591112137,
            0.027674999088048935,
            0.018281249329447746,
            0.019612498581409454,
            0.010081248357892036,
            0.013024999760091305,
            0.009999998845160007
        ],
        "er_exp": [
            0.006836922839283943,
            0.041756678372621536,
            0.07702803611755371,
            0.060331154614686966,
            0.006049589719623327,
            0.04884118586778641,
            0.014956207014620304,
            0.02000955492258072,
            0.005204345565289259
        ],
        "opt_shap": [
            0.01297157071530819,
            0.061954911798238754,
            0.06320518255233765,
            0.05364638939499855,
            0.013584881089627743,
            0.028499286621809006,
            0.009886389598250389,
            0.01013326644897461,
            0.00038530054735019803
        ],
        "opt_objBI": [
            0.022406911477446556,
            0.0623873695731163,
            0.056957948952913284,
            0.058025091886520386,
            0.01931544579565525,
            0.03137262910604477,
            0.015522398054599762,
            0.016834741458296776,
            0.011873291805386543
        ]
    },
    "shap": {
        "full": [
            0.009524663910269737,
            0.06257694959640503,
            0.06665978580713272,
            0.06506429612636566,
            0.014585793949663639,
            0.02934519201517105,
            0.010120865888893604,
            0.014340231195092201,
            0.04281716048717499
        ],
        "partial": [
            0.010583442635834217,
            0.06798683851957321,
            0.05306778848171234,
            0.05435702204704285,
            0.014398174360394478,
            0.03625069558620453,
            0.010530512779951096,
            0.005500648636370897
        ],
        "mip": [
            0.009410501457750797,
            0.0616566501557827,
            0.0676608756184578,
            0.06598595529794693,
            0.01421123743057251,
            0.028929486870765686,
            0.009095420129597187,
            0.0148787721991539
        ],
        "adv_deb": [
            0.008674503304064274,
            0.060008514672517776,
            0.04305975139141083,
            0.0420076847076416,
            0.014059016481041908,
            0.03477392718195915,
            0.014731507748365402,
            0.008063409477472305,
            0.024859394878149033
        ],
        "eo_cal": [
            0.004376770928502083,
            0.018743351101875305,
            0.023590121418237686,
            0.021364951506257057,
            0.0026696007698774338,
            0.005252514034509659,
            0.003648823592811823,
            0.004175390116870403,
            0.044251278042793274
        ],
        "re_weigh": [
            0.00978897511959076,
            0.05964525043964386,
            0.07113576680421829,
            0.06488268077373505,
            0.013926493003964424,
            0.0279883723706007,
            0.007367350626736879,
            0.01196387317031622,
            0.013002846390008926
        ],
        "dp_exp": [
            0.0054878974333405495,
            0.04512976109981537,
            0.055611707270145416,
            0.02355734072625637,
            0.0076912702061235905,
            0.016835318878293037,
            0.0029373017605394125,
            0.004412698559463024,
            0.0
        ],
        "eo_exp": [
            0.0053300391882658005,
            0.053057752549648285,
            0.037699609994888306,
            0.02651589922606945,
            0.0028563642408698797,
            0.03514137119054794,
            0.004312893375754356,
            0.0027874892111867666,
            0.0
        ],
        "tpr_exp": [
            0.005456747021526098,
            0.044270239770412445,
            0.058550406247377396,
            0.02461964450776577,
            0.007631944492459297,
            0.015580952167510986,
            0.002658333396539092,
            0.004020635038614273,
            0.0
        ],
        "er_exp": [
            0.008304446935653687,
            0.052371520549058914,
            0.062082644551992416,
            0.06507465988397598,
            0.006589933764189482,
            0.045654721558094025,
            0.0066314381547272205,
            0.016742579638957977,
            0.0
        ],
        "opt_shap": [
            0.009044695645570755,
            0.06029157713055611,
            0.059473615139722824,
            0.060296524316072464,
            0.013858231715857983,
            0.029577231034636497,
            0.009743140079081059,
            0.010155908763408661
        ],