{
    "error": {
        "full": 32.251312255859375,
        "partial": 31.413612365722656,
        "mip": 32.14659881591797,
        "adv_deb": 30.68062973022461,
        "eo_cal": 34.45026397705078,
        "re_weigh": 34.76439666748047,
        "dp_exp": 44.71204376220703,
        "eo_exp": 43.560211181640625,
        "tpr_exp": 37.59162521362305,
        "er_exp": 31.204187393188477,
        "opt_shap": 32.356021881103516,
        "opt_objBI": 31.308900833129883
    },
    "objBI": {
        "full": [
            0.0077374218963086605,
            0.12592315673828125,
            0.004759242758154869,
            0.0051956321112811565,
            0.021178971976041794,
            0.16122250258922577,
            0.03193240985274315,
            0.04631752148270607
        ],
        "partial": [
            0.009119748137891293,
            0.14879463613033295,
            0.0034963684156537056,
            0.00318294670432806,
            0.015009678900241852,
            0.15674133598804474,
            0.026378467679023743,
            0.0006561494083143771
        ],
        "mip": [
            0.00847708061337471,
            0.1354081779718399,
            0.009762207046151161,
            0.006473439279943705,
            0.02168268896639347,
            0.14913520216941833,
            0.03187203034758568,
            0.006548136938363314
        ],
        "adv_deb": [
            0.023148810490965843,
            0.12536853551864624,
            0.028470531105995178,
            0.02459018863737583,
            0.0315411239862442,
            0.1606610268354416,
            0.04355718195438385,
            0.049372125416994095
        ],
        "eo_cal": [
            0.005364884156733751,
            0.06441232562065125,
            0.004741433076560497,
            0.004507011268287897,
            0.014582924544811249,
            0.0799398422241211,
            0.012714425101876259,
            0.06284452974796295
        ],
        "re_weigh": [
            0.011551930569112301,
            0.12940381467342377,
            0.012940547429025173,
            0.010092752985656261,
            0.020823825150728226,
            0.14306621253490448,
            0.03260135278105736,
            0.050033263862133026
        ],
        "dp_exp": [
            0.1219325065612793,
            0.18236854672431946,
            0.08505497127771378,
            0.07972518354654312,
            0.14571066200733185,
            0.3414957821369171,
            0.054612599313259125,
            0.0573839507997036
        ],
        "eo_exp": [
            0.06251175701618195,
            0.052584208548069,
            0.04919755086302757,
            0.04643303528428078,
            0.11401288211345673,
            0.20836080610752106,
            0.03241318091750145,
            0.04325881600379944
        ],
        "tpr_exp": [
            0.04457297921180725,
            0.08449499309062958,
            0.04662810266017914,
            0.05444207042455673,
            0.12365660071372986,
            0.31819790601730347,
            0.07064145058393478,
            0.03820180520415306
        ],
        "er_exp": [
            0.010268750600516796,
            0.2903687357902527,
            0.008774998597800732,
            0.00488749984651804,
            0.0190187506377697,
            0.29445624351501465,
            0.05988124758005142,
            0.002499999711290002
        ],
        "opt_shap": [
            0.014191658236086369,
            0.11146233230829239,
            0.020810164511203766,
            0.018272047862410545,
            0.03335457295179367,
            0.16027255356311798,
            0.030256900936365128,
            0.013084248639643192
        ],
        "opt_objBI": [
            0.012569684535264969,
            0.12698370218276978,
            0.014548485167324543,
            0.012722031213343143,
            0.030909599736332893,
            0.14331457018852234,
            0.03306623548269272,
            0.011697359383106232
        ]
    },
    "shap": {
        "full": [
            0.0065378956496715546,
            0.12363193929195404,
            0.0026804779190570116,
            0.0023819461930543184,
            0.01678180880844593,
            0.1500706523656845,
            0.026005003601312637,
            0.04866575077176094
        ],
        "partial": [
            0.008575297892093658,
            0.13838070631027222,
            0.003133361926302314,
            0.0027828996535390615,
            0.015340014360845089,
            0.15774928033351898,
            0.027465887367725372
        ],
        "mip": [
            0.004782224539667368,
            0.12681463360786438,
            0.0025022777263075113,
            0.0006610430427826941,
            0.013254443183541298,
            0.1490001678466797,
            0.02472587674856186
        ],
        "adv_deb": [
            0.013147409074008465,
            0.12699103355407715,
            0.003937167581170797,
            0.004815293475985527,
            0.011246669106185436,
            0.1616462618112564,
            0.026582270860671997,
            0.03935734182596207
        ],
        "eo_cal": [
            0.0028074809815734625,
            0.06460165977478027,
            0.0008994073141366243,
            0.0005920903640799224,
            0.009895824827253819,
            0.09204529970884323,
            0.01305935624986887,
            0.09018569439649582
        ],
        "re_weigh": [
            0.0053810966201126575,
            0.12756255269050598,
            0.00268287630751729,
            0.0008284232462756336,
            0.015319974161684513,
            0.14932140707969666,
            0.024088796228170395,
            0.04584081470966339
        ],
        "dp_exp": [
            0.08352993428707123,
            0.17264480888843536,
            0.026041440665721893,
            0.018930761143565178,
            0.10095003992319107,
            0.32417604327201843,
            0.020397884771227837,
            0.0
        ],
        "eo_exp": [
            0.037242937833070755,
            0.1427658349275589,
            0.012465761043131351,
            0.011623930186033249,
            0.07617998868227005,
            0.22975963354110718,
            0.03458540886640549,
            0.0
        ],
        "tpr_exp": [
            0.038978975266218185,
            0.14196351170539856,
            0.008089489303529263,
            0.01535547524690628,
            0.08299729228019714,
            0.3079136908054352,
            0.05180676281452179,
            0.0
        ],
        "er_exp": [
            0.011285091750323772,
            0.30434301495552063,
            0.005150585900992155,
            0.001709922682493925,
            0.019732609391212463,
            0.30989229679107666,
            0.07073996961116791,
            0.0
        ],
        "opt_shap": [
            0.006774065084755421,
            0.12802395224571228,
            0.005354244261980057,
            0.005158771760761738,
            0.019156383350491524,
            0.1468580961227417,
            0.025701487436890602
        ],
        "opt_objBI": [
            0.006970641203224659,
            0.12584437429904938,
            0.0026864283718168736,
            0.0025522715877741575,
            0.017917869612574577,
            0.15193955600261688,
            0.02650211565196514
        ]
    },
    "di": {
        "full": 0.3759004054520359,
        "partial": 0.5277015001271294,
        "mip": 0.5139499293674462,
        "adv_deb": 0.3948819615349558,
        "eo_cal": 0.28442028985507245,
        "re_weigh": 0.897039708845129,
        "dp_exp": 0.9703099838969402,
        "eo_exp": 0.8242753623188406,
        "tpr_exp": 0.7432032634761755,
        "er_exp": 0.5225781845919145,
        "opt_shap": 0.5238066375734066,
        "opt_objBI": 0.5488130934532733
    },