{
    "error": {
        "full": 27.5,
        "partial": 28.0,
        "mip": 28.349998474121094,
        "adv_deb": 27.849998474121094,
        "eo_cal": 28.200000762939453,
        "re_weigh": 28.700000762939453,
        "dp_exp": 29.649999618530273,
        "eo_exp": 29.850000381469727,
        "tpr_exp": 28.950000762939453,
        "er_exp": 32.0,
        "opt_shap": 28.0,
        "opt_objBI": 28.0
    },
    "objBI": {
        "full": [
            0.02221103198826313,
            0.1503390073776245,
            0.02635280415415764
        ],
        "partial": [
            0.002529424848034978,
            0.19431538879871368,
            0.0011509025935083628
        ],
        "mip": [
            0.010774707421660423,
            0.2030429095029831,
            0.01009134016931057
        ],
        "adv_deb": [
            0.017276780679821968,
            0.20012955367565155,
            0.004647349007427692
        ],
        "eo_cal": [
            0.00702844699844718,
            0.0904276967048645,
            0.05342880263924599
        ],
        "re_weigh": [
            0.016192559152841568,
            0.20300370454788208,
            0.0632636547088623
        ],
        "dp_exp": [
            0.16369681060314178,
            0.2765278220176697,
            0.007768153678625822
        ],
        "eo_exp": [
            0.15808416903018951,
            0.27975839376449585,
            0.010874359868466854
        ],
        "tpr_exp": [
            0.13133874535560608,
            0.2852969467639923,
            0.005468619521707296
        ],
        "er_exp": [
            0.12197839468717575,
            0.29231852293014526,
            0.004647037014365196
        ],
        "opt_shap": [
            0.006660365965217352,
            0.18894946575164795,
            0.001248489017598331
        ],
        "opt_objBI": [
            0.009497988037765026,
            0.1885828822851181,
            0.008338319137692451
        ]
    },
    "shap": {
        "full": [
            0.020129337906837463,
            0.14668281376361847,
            0.0
        ],
        "partial": [
            0.002401301171630621,
            0.1966380923986435
        ],
        "mip": [
            0.005171576514840126,
            0.19513307511806488
        ],
        "adv_deb": [
            0.027393771335482597,
            0.20418362319469452
        ],
        "eo_cal": [
            0.004099566023796797,
            0.10330823063850403
        ],
        "re_weigh": [
            0.01453174464404583,
            0.20086456835269928
        ],
        "dp_exp": [
            0.15831759572029114,
            0.26311835646629333
        ],
        "eo_exp": [
            0.15590974688529968,
            0.2829686999320984
        ],
        "tpr_exp": [
            0.12930718064308167,
            0.27122485637664795
        ],
        "er_exp": [
            0.15256255865097046,
            0.32277143001556396
        ],
        "opt_shap": [
            0.006368510890752077,
            0.19219373166561127
        ],
        "opt_objBI": [
            0.006319121457636356,
            0.19149035215377808
        ]
    },
    "di": {
        "full": 0.7419295254333618,
        "partial": 0.7411251589578669,
        "mip": 0.7636408838971029,
        "adv_deb": 0.7518755081684143,
        "eo_cal": 0.7111801242236024,
        "re_weigh": 0.9776728960081363,
        "dp_exp": 0.9723594767350845,
        "eo_exp": 0.9594658562049866,
        "tpr_exp": 0.924837790309866,
        "er_exp": 0.9204822607394882,
        "opt_shap": 0.7412905730314566,
        "opt_objBI": 0.7412905730314566
    },
    "dd": {
        "full": -0.25457629019146133,
        "partial": -0.24660707778191593,
        "mip": -0.22652986852801837,
        "adv_deb": -0.23708607149865246,
        "eo_cal": -0.28881987577639756,
        "re_weigh": -0.019692764836150567,
        "dp_exp": -0.01598848268598496,
        "eo_exp": -0.037727613120767556,
        "tpr_exp": -0.06762617585929331,
        "er_exp": -0.048524093852493455,
        "opt_shap": -0.248200920263825,
        "opt_objBI": -0.248200920263825
    },
    "eqopp": {
        "full": -0.16030509574813367,
        "partial": -0.16062966569295678,
        "mip": -0.14904251866277185,
        "adv_deb": -0.15417072379097696,
        "eo_cal": -0.18632478632478633,
        "re_weigh": 0.00712971978794763,
        "dp_exp": -0.0016661257167586152,
        "eo_exp": -0.017494320025965626,
        "tpr_exp": -0.03319268635724337,
        "er_exp": 0.05081683436113815,
        "opt_shap": -0.1622741534133939,
        "opt_objBI": -0.1622741534133939
    },
    "eqodd": {
        "full": 0.2715223254223651,
        "partial": 0.25407026505679636,
        "mip": 0.23342685719722647,
        "adv_deb": 0.24296677835777494,
        "eo_cal": 0.31625950602328556,
        "re_weigh": 0.007829951757490877,
        "dp_exp": 0.0017409914523211084,
        "eo_exp": 0.014976315164301396,
        "tpr_exp": 0.06711475781315807,
        "er_exp": 0.0878458952906718,
        "opt_shap": 0.2571030420266057,
        "opt_objBI": 0.2571030420266057
    }
}