{
    "error": {
        "full": 26.850000381469727,
        "partial": 27.200000762939453,
        "mip": 27.000001907348633,
        "adv_deb": 26.80000114440918,
        "eo_cal": 27.450000762939453,
        "re_weigh": 27.149999618530273,
        "dp_exp": 29.100000381469727,
        "eo_exp": 29.850000381469727,
        "tpr_exp": 28.0,
        "er_exp": 37.45000076293945,
        "opt_shap": 27.05000114440918,
        "opt_objBI": 27.05000114440918
    },
    "objBI": {
        "full": [
            0.022928304970264435,
            0.1645510196685791,
            0.03053220734000206
        ],
        "partial": [
            0.004287779331207275,
            0.19553014636039734,
            0.0036651119589805603
        ],
        "mip": [
            0.0028519800398498774,
            0.19641822576522827,
            0.0016567151760682464
        ],
        "adv_deb": [
            0.019512316212058067,
            0.2132575362920761,
            0.01921761967241764
        ],
        "eo_cal": [
            0.007477595936506987,
            0.10775067657232285,
            0.04989828169345856
        ],
        "re_weigh": [
            0.014455652795732021,
            0.20871223509311676,
            0.07368213683366776
        ],
        "dp_exp": [
            0.03008330427110195,
            0.02751946821808815,
            0.00836882647126913
        ],
        "eo_exp": [
            0.06790199130773544,
            0.05253246799111366,
            0.0020000003278255463
        ],
        "tpr_exp": [
            0.04654636234045029,
            0.0829588994383812,
            0.0006165314116515219
        ],
        "er_exp": [
            0.1857602298259735,
            0.17291446030139923,
            0.012490881606936455
        ],
        "opt_shap": [
            0.007189279422163963,
            0.19753529131412506,
            0.0016563882818445563
        ],
        "opt_objBI": [
            0.008038411848247051,
            0.19576089084148407,
            0.00455741910263896
        ]
    },
    "shap": {
        "full": [
            0.021997366100549698,
            0.16397657990455627,
            0.0
        ],
        "partial": [
            0.0031419110018759966,
            0.20558352768421173
        ],
        "mip": [
            0.0026346840895712376,
            0.20879989862442017
        ],
        "adv_deb": [
            0.013640123419463634,
            0.21059218049049377
        ],
        "eo_cal": [
            0.0014784412924200296,
            0.1096692830324173
        ],
        "re_weigh": [
            0.0011249003000557423,
            0.20866519212722778
        ],
        "dp_exp": [
            0.036371760070323944,
            0.033413659781217575
        ],
        "eo_exp": [
            0.07668077200651169,
            0.06005161255598068
        ],
        "tpr_exp": [
            0.05174570530653,
            0.07445941865444183
        ],
        "er_exp": [
            0.19105777144432068,
            0.17920194566249847
        ],
        "opt_shap": [
            0.007268574088811874,
            0.20060527324676514
        ],
        "opt_objBI": [
            0.00726955896243453,
            0.201572984457016
        ]
    },
    "di": {
        "full": 0.7534757544930485,
        "partial": 0.7720150917136923,
        "mip": 0.7823367363474315,
        "adv_deb": 0.7624207816927302,
        "eo_cal": 0.7242424242424242,
        "re_weigh": 0.9838499941948218,
        "dp_exp": 0.9862296017694605,
        "eo_exp": 0.9856920152903238,
        "tpr_exp": 0.9630537742570938,
        "er_exp": 0.9366767086065331,
        "opt_shap": 0.7848549876446872,
        "opt_objBI": 0.7848549876446872
    },
    "dd": {
        "full": -0.23993399339933996,
        "partial": -0.20970097009700972,
        "mip": -0.20150015001500154,
        "adv_deb": -0.21970197019701976,
        "eo_cal": -0.27575757575757576,
        "re_weigh": -0.013911391139113882,
        "dp_exp": -0.019551955195519555,
        "eo_exp": 0.0006000600060005468,
        "tpr_exp": -0.03041304130413036,
        "er_exp": -0.06286628662866278,
        "opt_shap": -0.19852985298529857,
        "opt_objBI": -0.19852985298529857
    },
    "eqopp": {
        "full": -0.16668211736349303,
        "partial": -0.16381858821832862,
        "mip": -0.14971931234098657,
        "adv_deb": -0.1658869215001596,
        "eo_cal": -0.19071310116086237,
        "re_weigh": 0.011081239763913397,
        "dp_exp": -0.0045775264464427146,
        "eo_exp": 0.0011927937950001466,
        "tpr_exp": -0.010409649475191296,
        "er_exp": -0.02814704943192936,
        "opt_shap": -0.1472348402912972,
        "opt_objBI": -0.1472348402912972
    },
    "eqodd": {
        "full": 0.2434280316444994,
        "partial": 0.17901649773934014,
        "mip": 0.176554998705314,
        "adv_deb": 0.19268065114523958,
        "eo_cal": 0.2994909175054958,
        "re_weigh": 0.03588031862778138,
        "dp_exp": 0.01212472940612436,
        "eo_exp": 0.008888969633313239,
        "tpr_exp": 0.02992572640579122,
        "er_exp": 0.027686684103372522,
        "opt_shap": 0.1728737382902254,
        "opt_objBI": 0.1728737382902254
    }
}