{
    "error": {
        "full": 26.149999618530273,
        "partial": 25.850000381469727,
        "mip": 25.600000381469727,
        "adv_deb": 25.5,
        "eo_cal": 26.0,
        "re_weigh": 26.249998092651367,
        "dp_exp": 28.60000228881836,
        "eo_exp": 29.0,
        "tpr_exp": 28.450000762939453,
        "er_exp": 36.79999923706055,
        "opt_shap": 25.650001525878906,
        "opt_objBI": 25.549999237060547
    },
    "objBI": {
        "full": [
            0.025614533573389053,
            0.15169480443000793,
            0.03328976035118103
        ],
        "partial": [
            0.01710854470729828,
            0.20061011612415314,
            0.01733904890716076
        ],
        "mip": [
            0.0034532365389168262,
            0.19519267976284027,
            0.0034531550481915474
        ],
        "adv_deb": [
            0.008381404913961887,
            0.20053863525390625,
            0.005260496865957975
        ],
        "eo_cal": [
            0.004379105754196644,
            0.10501021146774292,
            0.052070435136556625
        ],
        "re_weigh": [
            0.004026738926768303,
            0.19889868795871735,
            0.06759420782327652
        ],
        "dp_exp": [
            0.0768391340970993,
            0.0699552446603775,
            0.021761532872915268
        ],
        "eo_exp": [
            0.08586233854293823,
            0.10452287644147873,
            0.011375656351447105
        ],
        "tpr_exp": [
            0.09651385247707367,
            0.07624131441116333,
            0.011909370310604572
        ],
        "er_exp": [
            0.2127263844013214,
            0.15714509785175323,
            0.006581706460565329
        ],
        "opt_shap": [
            0.011058594100177288,
            0.19259747862815857,
            0.010334880091249943
        ],
        "opt_objBI": [
            0.007310202345252037,
            0.18929007649421692,
            0.007423751521855593
        ]
    },
    "shap": {
        "full": [
            0.026018226519227028,
            0.1561204046010971,
            0.0
        ],
        "partial": [
            0.0028914285358041525,
            0.201943501830101
        ],
        "mip": [
            0.0008768992265686393,
            0.2001008838415146
        ],
        "adv_deb": [
            0.013624696061015129,
            0.2070728838443756
        ],
        "eo_cal": [
            0.00345036038197577,
            0.10684558004140854
        ],
        "re_weigh": [
            0.0021382111590355635,
            0.20340240001678467
        ],
        "dp_exp": [
            0.0978226289153099,
            0.08911566436290741
        ],
        "eo_exp": [
            0.11191397160291672,
            0.10824783146381378
        ],
        "tpr_exp": [
            0.10185413062572479,
            0.0971391573548317
        ],
        "er_exp": [
            0.22638368606567383,
            0.1616511195898056
        ],
        "opt_shap": [
            0.007175504695624113,
            0.19872605800628662
        ],
        "opt_objBI": [
            0.0013994816690683365,
            0.19676539301872253
        ]
    },
    "di": {
        "full": 0.7497273965660922,
        "partial": 0.7788294160644446,
        "mip": 0.7947672622322026,
        "adv_deb": 0.7762548409142683,
        "eo_cal": 0.7324777887462981,
        "re_weigh": 0.9766316191398612,
        "dp_exp": 0.9990957333667844,
        "eo_exp": 1.00057834016373,
        "tpr_exp": 0.9960096059348602,
        "er_exp": 1.029759828812267,
        "opt_shap": 0.7952669352471919,
        "opt_objBI": 0.8000798776214555
    },
    "dd": {
        "full": -0.23759415341192658,
        "partial": -0.20548472691884934,
        "mip": -0.19067722445093227,
        "adv_deb": -0.20628986298684482,
        "eo_cal": -0.2675222112537019,
        "re_weigh": -0.02007739307943035,
        "dp_exp": 0.0011451935377078115,
        "eo_exp": -0.009349580079033304,
        "tpr_exp": -0.009609624026460484,
        "er_exp": 0.04133998645771131,
        "opt_shap": -0.1918724264400683,
        "opt_objBI": -0.18574139029495984
    },
    "eqopp": {
        "full": -0.1463093345446287,
        "partial": -0.11612536906654558,
        "mip": -0.10022711787417671,
        "adv_deb": -0.11670761670761676,
        "eo_cal": -0.15103338632750396,
        "re_weigh": 0.025435137199843028,
        "dp_exp": 0.030541159952924724,
        "eo_exp": 0.02646542646542649,
        "tpr_exp": 0.026779262073379773,
        "er_exp": 0.08221667045196457,
        "opt_shap": -0.10065244771127124,
        "opt_objBI": -0.09545764251646605
    },
    "eqodd": {
        "full": 0.24561770490672294,
        "partial": 0.20718422831207461,
        "mip": 0.19272468604922355,
        "adv_deb": 0.20376711480542128,
        "eo_cal": 0.3046833598304186,
        "re_weigh": 0.013587624283485283,
        "dp_exp": 0.018960816151577575,
        "eo_exp": 0.021200669922799925,
        "tpr_exp": 0.022940933229121094,
        "er_exp": 0.047378249493702534,
        "opt_shap": 0.1969456074961886,
        "opt_objBI": 0.18773578170370153
    }
}