{
    "error": {
        "full": 27.149999618530273,
        "partial": 27.000001907348633,
        "mip": 26.850000381469727,
        "adv_deb": 26.399999618530273,
        "eo_cal": 27.100000381469727,
        "re_weigh": 26.05000114440918,
        "dp_exp": 27.350000381469727,
        "eo_exp": 27.000001907348633,
        "tpr_exp": 26.30000114440918,
        "er_exp": 32.75,
        "opt_shap": 26.750001907348633,
        "opt_objBI": 26.750001907348633
    },
    "objBI": {
        "full": [
            0.02220357023179531,
            0.17095623910427094,
            0.017878666520118713
        ],
        "partial": [
            0.028552867472171783,
            0.12612871825695038,
            0.003635010216385126
        ],
        "mip": [
            0.008620906621217728,
            0.20959323644638062,
            0.0058294543996453285
        ],
        "adv_deb": [
            0.011388166807591915,
            0.19985446333885193,
            0.005094639956951141
        ],
        "eo_cal": [
            0.009022084064781666,
            0.09866774827241898,
            0.025933416560292244
        ],
        "re_weigh": [
            0.015045850537717342,
            0.20496200025081635,
            0.07368828356266022
        ],
        "dp_exp": [
            0.0686224028468132,
            0.07627218216657639,
            0.011873110197484493
        ],
        "eo_exp": [
            0.09562234580516815,
            0.09485320746898651,
            0.012237991206347942
        ],
        "tpr_exp": [
            0.06567215919494629,
            0.09544277936220169,
            0.015886705368757248
        ],
        "er_exp": [
            0.19771187007427216,
            0.13415773212909698,
            0.011486349627375603
        ],
        "opt_shap": [
            0.02505401521921158,
            0.1348760575056076,
            0.0041358256712555885
        ],
        "opt_objBI": [
            0.024305222555994987,
            0.13105908036231995,
            0.0025631303433328867
        ]
    },
    "shap": {
        "full": [
            0.019992655143141747,
            0.16836783289909363,
            0.0
        ],
        "partial": [
            0.02811945416033268,
            0.1280301809310913
        ],
        "mip": [
            0.007112185470759869,
            0.20397740602493286
        ],
        "adv_deb": [
            0.013120202347636223,
            0.20201373100280762
        ],
        "eo_cal": [
            0.005273113958537579,
            0.10351838916540146
        ],
        "re_weigh": [
            0.010758104734122753,
            0.2082257717847824
        ],
        "dp_exp": [
            0.08733227849006653,
            0.0875556692481041
        ],
        "eo_exp": [
            0.09979003667831421,
            0.10368377715349197
        ],
        "tpr_exp": [
            0.0754525363445282,
            0.11583675444126129
        ],
        "er_exp": [
            0.21025335788726807,
            0.13343445956707
        ],
        "opt_shap": [
            0.02390778809785843,
            0.13370661437511444
        ],
        "opt_objBI": [
            0.023911714553833008,
            0.13253042101860046
        ]
    },
    "di": {
        "full": 0.8159988977565616,
        "partial": 0.8930215170401966,
        "mip": 0.7886304958139068,
        "adv_deb": 0.8036311314145723,
        "eo_cal": 0.7838939857288482,
        "re_weigh": 0.964212982652742,
        "dp_exp": 0.9608307849133536,
        "eo_exp": 0.9522658649213883,
        "tpr_exp": 0.9260631755419078,
        "er_exp": 1.014672601828565,
        "opt_shap": 0.8834986099992128,
        "opt_objBI": 0.8834986099992128
    },
    "dd": {
        "full": -0.1776811428925842,
        "partial": -0.10477382335022944,
        "mip": -0.2024500844804975,
        "adv_deb": -0.1873116194946376,
        "eo_cal": -0.21610601427115184,
        "re_weigh": -0.03181848647361696,
        "dp_exp": -0.03595798083107993,
        "eo_exp": -0.03935820831320114,
        "tpr_exp": -0.06827364678648995,
        "er_exp": 0.03534175837477327,
        "opt_shap": -0.11398614899978887,
        "opt_objBI": -0.11398614899978887
    },
    "eqopp": {
        "full": -0.11242503077604138,
        "partial": -0.05398390549481202,
        "mip": -0.1452629153249525,
        "adv_deb": -0.13250374467104498,
        "eo_cal": -0.1355661881977671,
        "re_weigh": -0.028435242963960272,
        "dp_exp": -0.013626357632761543,
        "eo_exp": -0.0124013802220726,
        "tpr_exp": -0.03206772548377512,
        "er_exp": 0.017737915476558674,
        "opt_shap": -0.05876859449002736,
        "opt_objBI": -0.05876859449002736
    },
    "eqodd": {
        "full": 0.1922233235432651,
        "partial": 0.1167242052652149,
        "mip": 0.205264717303842,
        "adv_deb": 0.18595219166738197,
        "eo_cal": 0.2471616251723299,
        "re_weigh": 0.04209774921472394,
        "dp_exp": 0.024184869332532735,
        "eo_exp": 0.02758859286005494,
        "tpr_exp": 0.062197548984270934,
        "er_exp": 0.06713515436476553,
        "opt_shap": 0.12682964236906183,
        "opt_objBI": 0.12682964236906183
    }
}