{
    "error": {
        "full": 27.799999237060547,
        "partial": 28.0,
        "mip": 28.099998474121094,
        "adv_deb": 27.299999237060547,
        "eo_cal": 28.099998474121094,
        "re_weigh": 28.0,
        "dp_exp": 29.80000114440918,
        "eo_exp": 30.000001907348633,
        "tpr_exp": 29.399999618530273,
        "er_exp": 32.79999923706055,
        "opt_shap": 28.150001525878906,
        "opt_objBI": 28.150001525878906
    },
    "objBI": {
        "full": [
            0.01860143430531025,
            0.16619957983493805,
            0.02360149659216404
        ],
        "partial": [
            0.008037219755351543,
            0.20051856338977814,
            0.003847553627565503
        ],
        "mip": [
            0.008297375403344631,
            0.20193541049957275,
            0.005467818584293127
        ],
        "adv_deb": [
            0.017575036734342575,
            0.20517535507678986,
            0.0052819098345935345
        ],
        "eo_cal": [
            0.013920191675424576,
            0.10390911251306534,
            0.04510154575109482
        ],
        "re_weigh": [
            0.010968277230858803,
            0.20456857979297638,
            0.06999743729829788
        ],
        "dp_exp": [
            0.11688655614852905,
            0.13158079981803894,
            0.00460023432970047
        ],
        "eo_exp": [
            0.12914949655532837,
            0.13690383732318878,
            0.002627704292535782
        ],
        "tpr_exp": [
            0.11082170158624649,
            0.1776847541332245,
            0.0008552158833481371
        ],
        "er_exp": [
            0.17166662216186523,
            0.25649556517601013,
            0.020922422409057617
        ],
        "opt_shap": [
            0.011435873806476593,
            0.1967308521270752,
            0.0005618615541607141
        ],
        "opt_objBI": [
            0.011279968544840813,
            0.20300211012363434,
            0.0021840413101017475
        ]
    },
    "shap": {
        "full": [
            0.015818729996681213,
            0.16998639702796936,
            0.0
        ],
        "partial": [
            0.0073333559557795525,
            0.203582763671875
        ],
        "mip": [
            0.006940592546015978,
            0.20626677572727203
        ],
        "adv_deb": [
            0.018576249480247498,
            0.20676323771476746
        ],
        "eo_cal": [
            0.0026670810766518116,
            0.11269993335008621
        ],
        "re_weigh": [
            0.007021327968686819,
            0.20903153717517853
        ],
        "dp_exp": [
            0.10964285582304001,
            0.12773855030536652
        ],
        "eo_exp": [
            0.12201032787561417,
            0.13775497674942017
        ],
        "tpr_exp": [
            0.10930906981229782,
            0.17675551772117615
        ],
        "er_exp": [
            0.17258913815021515,
            0.25293052196502686
        ],
        "opt_shap": [
            0.01120687648653984,
            0.1982303112745285
        ],
        "opt_objBI": [
            0.011225065216422081,
            0.19834253191947937
        ]
    },
    "di": {
        "full": 0.7779712307756084,
        "partial": 0.7635927733538831,
        "mip": 0.7742852866337374,
        "adv_deb": 0.7403446226975638,
        "eo_cal": 0.711764705882353,
        "re_weigh": 0.9745754761234637,
        "dp_exp": 0.9660287695864372,
        "eo_exp": 0.9788521603331599,
        "tpr_exp": 0.9394808921351245,
        "er_exp": 0.8926077658395816,
        "opt_shap": 0.7841003648467004,
        "opt_objBI": 0.7841003648467004
    },
    "dd": {
        "full": -0.21432573029211688,
        "partial": -0.22096838735494195,
        "mip": -0.2112044817927171,
        "adv_deb": -0.24481792717086837,
        "eo_cal": -0.28823529411764703,
        "re_weigh": -0.021688675470188046,
        "dp_exp": -0.028731492597038777,
        "eo_exp": -0.019427771108443403,
        "tpr_exp": -0.07374949979991996,
        "er_exp": -0.04779911964785921,
        "opt_shap": -0.20246098439375748,
        "opt_objBI": -0.20246098439375748
    },
    "eqopp": {
        "full": -0.13837280784139616,
        "partial": -0.13704086337323473,
        "mip": -0.12907907993374423,
        "adv_deb": -0.1498608288792882,
        "eo_cal": -0.18312101910828027,
        "re_weigh": 0.015052680111336869,
        "dp_exp": -0.007223237308106034,
        "eo_exp": -0.013844538173869991,
        "tpr_exp": -0.029516230938679278,
        "er_exp": -0.03844708935981278,
        "opt_shap": -0.12539061832960496,
        "opt_objBI": -0.12539061832960496
    },
    "eqodd": {
        "full": 0.22243295895296739,
        "partial": 0.22846068984116122,
        "mip": 0.21896348903367835,
        "adv_deb": 0.25572580952075347,
        "eo_cal": 0.31987683608475237,
        "re_weigh": 0.008878162836062659,
        "dp_exp": 0.02005701561628591,
        "eo_exp": 0.006562253826705791,
        "tpr_exp": 0.07341317963986752,
        "er_exp": 0.06668005107422367,
        "opt_shap": 0.20819068680303726,
        "opt_objBI": 0.20819068680303726
    }
}