{
    "error": {
        "full": 27.299999237060547,
        "partial": 27.599998474121094,
        "mip": 27.599998474121094,
        "adv_deb": 27.950000762939453,
        "eo_cal": 27.599998474121094,
        "re_weigh": 27.599998474121094,
        "dp_exp": 28.850000381469727,
        "eo_exp": 36.89999771118164,
        "tpr_exp": 28.700000762939453,
        "er_exp": 32.400001525878906,
        "opt_shap": 27.350000381469727,
        "opt_objBI": 27.200000762939453
    },
    "objBI": {
        "full": [
            0.02216227725148201,
            0.19764573872089386,
            0.029910849407315254
        ],
        "partial": [
            0.009591166861355305,
            0.17726360261440277,
            0.008634595200419426
        ],
        "mip": [
            0.01612333208322525,
            0.20911437273025513,
            0.005236985627561808
        ],
        "adv_deb": [
            0.01776556670665741,
            0.19393795728683472,
            0.013128056190907955
        ],
        "eo_cal": [
            0.009700975380837917,
            0.10705220699310303,
            0.028463998809456825
        ],
        "re_weigh": [
            0.020524177700281143,
            0.20310381054878235,
            0.06967175006866455
        ],
        "dp_exp": [
            0.17882148921489716,
            0.29959893226623535,
            0.01418538112193346
        ],
        "eo_exp": [
            0.13482943177223206,
            0.1988641768693924,
            0.00162922078743577
        ],
        "tpr_exp": [
            0.14919234812259674,
            0.3098045587539673,
            0.022786308079957962
        ],
        "er_exp": [
            0.11832266300916672,
            0.31555989384651184,
            0.008290284313261509
        ],
        "opt_shap": [
            0.010290820151567459,
            0.18794728815555573,
            0.0008569621713832021
        ],
        "opt_objBI": [
            0.011003607884049416,
            0.18752500414848328,
            0.006368798203766346
        ]
    },
    "shap": {
        "full": [
            0.01932716742157936,
            0.18784365057945251,
            0.0
        ],
        "partial": [
            0.005884612910449505,
            0.1833868771791458
        ],
        "mip": [
            0.015396797098219395,
            0.21419931948184967
        ],
        "adv_deb": [
            0.02535821869969368,
            0.21085476875305176
        ],
        "eo_cal": [
            0.00905955582857132,
            0.11317943036556244
        ],
        "re_weigh": [
            0.01854391023516655,
            0.2193082571029663
        ],
        "dp_exp": [
            0.19402676820755005,
            0.3011680841445923
        ],
        "eo_exp": [
            0.1689373403787613,
            0.22645829617977142
        ],
        "tpr_exp": [
            0.16191589832305908,
            0.3045206665992737
        ],
        "er_exp": [
            0.1425146758556366,
            0.3054288327693939
        ],
        "opt_shap": [
            0.009905101731419563,
            0.1858355849981308
        ],
        "opt_objBI": [
            0.009919147938489914,
            0.18830759823322296
        ]
    },
    "di": {
        "full": 0.8277668546592849,
        "partial": 0.7902803958035088,
        "mip": 0.7842486124246302,
        "adv_deb": 0.7368468249189737,
        "eo_cal": 0.7539840637450199,
        "re_weigh": 0.9931962291678358,
        "dp_exp": 0.9831347256713058,
        "eo_exp": 0.9546470913117383,
        "tpr_exp": 0.9413280212483399,
        "er_exp": 0.9098891059963966,
        "opt_shap": 0.7676187427878338,
        "opt_objBI": 0.7621324226901917
    },
    "dd": {
        "full": -0.15978255652090434,
        "partial": -0.1998231971711547,
        "mip": -0.20167122673962778,
        "adv_deb": -0.24650794412710597,
        "eo_cal": -0.24601593625498008,
        "re_weigh": -0.0058200931214899,
        "dp_exp": -0.018092289476631662,
        "eo_exp": 0.014128226051616788,
        "tpr_exp": -0.05100881614105823,
        "er_exp": -0.05105281684506946,
        "opt_shap": -0.2207155314485032,
        "opt_objBI": -0.22568761100177603
    },
    "eqopp": {
        "full": -0.09578982333035768,
        "partial": -0.12735784425667962,
        "mip": -0.13400319707695818,
        "adv_deb": -0.17451265336627297,
        "eo_cal": -0.15047021943573669,
        "re_weigh": 0.011453424401586032,
        "dp_exp": 0.008098569619464868,
        "eo_exp": 0.029107932487699495,
        "tpr_exp": -0.020820444684340633,
        "er_exp": -0.004577632917436514,
        "opt_shap": -0.1388154207062634,
        "opt_objBI": -0.14195021694450793
    },
    "eqodd": {
        "full": 0.16370336007004926,
        "partial": 0.21328892598295288,
        "mip": 0.2081597963935003,
        "adv_deb": 0.2550793772692644,
        "eo_cal": 0.28151926272333283,
        "re_weigh": 0.024716350093906853,
        "dp_exp": 0.004278932355145745,
        "eo_exp": 0.01680147786021091,
        "tpr_exp": 0.04131855276266584,
        "er_exp": 0.054845025707565276,
        "opt_shap": 0.2374348286897528,
        "opt_objBI": 0.24239201888651152
    }
}