{
    "error": {
        "full": 26.850000381469727,
        "partial": 26.750001907348633,
        "mip": 26.80000114440918,
        "adv_deb": 26.750001907348633,
        "eo_cal": 27.75,
        "re_weigh": 28.60000228881836,
        "dp_exp": 30.599998474121094,
        "eo_exp": 29.80000114440918,
        "tpr_exp": 29.750001907348633,
        "er_exp": 35.70000076293945,
        "opt_shap": 27.000001907348633,
        "opt_objBI": 27.000001907348633
    },
    "objBI": {
        "full": [
            0.03486334905028343,
            0.15091682970523834,
            0.03193807974457741
        ],
        "partial": [
            0.006832640618085861,
            0.19720296561717987,
            0.00375672010704875
        ],
        "mip": [
            0.0025786394253373146,
            0.19666193425655365,
            8.062623965088278e-05
        ],
        "adv_deb": [
            0.006481153890490532,
            0.1917572170495987,
            0.0024057028349488974
        ],
        "eo_cal": [
            0.0098881209269166,
            0.10746386647224426,
            0.04234057664871216
        ],
        "re_weigh": [
            0.010626791045069695,
            0.2020791620016098,
            0.07764104753732681
        ],
        "dp_exp": [
            0.0644068568944931,
            0.03415088728070259,
            0.004564386792480946
        ],
        "eo_exp": [
            0.082183837890625,
            0.04110512509942055,
            0.008797919377684593
        ],
        "tpr_exp": [
            0.06663262844085693,
            0.06361179798841476,
            0.010777031071484089
        ],
        "er_exp": [
            0.15253445506095886,
            0.17842011153697968,
            0.0032168442849069834
        ],
        "opt_shap": [
            0.010509324260056019,
            0.1926211267709732,
            0.002763796132057905
        ],
        "opt_objBI": [
            0.009995483793318272,
            0.19568346440792084,
            0.0013675640802830458
        ]
    },
    "shap": {
        "full": [
            0.032940320670604706,
            0.15457747876644135,
            0.0
        ],
        "partial": [
            0.005979934707283974,
            0.1935499757528305
        ],
        "mip": [
            0.0025095916353166103,
            0.19879049062728882
        ],
        "adv_deb": [
            0.011502097360789776,
            0.1961004137992859
        ],
        "eo_cal": [
            0.0018184292130172253,
            0.11074170470237732
        ],
        "re_weigh": [
            0.003645733231678605,
            0.2058240920305252
        ],
        "dp_exp": [
            0.08832161873579025,
            0.043225761502981186
        ],
        "eo_exp": [
            0.10754464566707611,
            0.05818473920226097
        ],
        "tpr_exp": [
            0.08908477425575256,
            0.07479333132505417
        ],
        "er_exp": [
            0.18691058456897736,
            0.19232574105262756
        ],
        "opt_shap": [
            0.009935377165675163,
            0.18885096907615662
        ],
        "opt_objBI": [
            0.009950567036867142,
            0.18905802071094513
        ]
    },
    "di": {
        "full": 0.735859937039733,
        "partial": 0.7946431205924877,
        "mip": 0.7896870970288692,
        "adv_deb": 0.7878000508022522,
        "eo_cal": 0.75365141187926,
        "re_weigh": 0.9629875977709816,
        "dp_exp": 0.9669012422176979,
        "eo_exp": 0.9598312803221322,
        "tpr_exp": 0.9310318692597173,
        "er_exp": 0.9593619336731771,
        "opt_shap": 0.8040264217479407,
        "opt_objBI": 0.8040264217479407
    },
    "dd": {
        "full": -0.2516524546394322,
        "partial": -0.19501516605605485,
        "mip": -0.19993775462312025,
        "adv_deb": -0.2006412674839958,
        "eo_cal": -0.24634858812074,
        "re_weigh": -0.03240962661780433,
        "dp_exp": -0.033541451718302695,
        "eo_exp": -0.03657166074067997,
        "tpr_exp": -0.06475420581603986,
        "er_exp": -0.00840012369017007,
        "opt_shap": -0.1863058169405497,
        "opt_objBI": -0.1863058169405497
    },
    "eqopp": {
        "full": -0.16280678851174935,
        "partial": -0.12375108790252387,
        "mip": -0.12708442123585717,
        "adv_deb": -0.12352915578764145,
        "eo_cal": -0.14500000000000002,
        "re_weigh": -0.013920800696257674,
        "dp_exp": -0.023307223672758948,
        "eo_exp": -0.036640557006092256,
        "tpr_exp": -0.03627937336814613,
        "er_exp": 0.023681462140992204,
        "opt_shap": -0.11875108790252387,
        "opt_objBI": -0.11875108790252387
    },
    "eqodd": {
        "full": 0.24086328179844219,
        "partial": 0.1741293311872302,
        "mip": 0.1805533771658022,
        "adv_deb": 0.1822150864412644,
        "eo_cal": 0.2668793911007026,
        "re_weigh": 0.03508607209461312,
        "dp_exp": 0.012059972802399996,
        "eo_exp": 0.021856911917403368,
        "tpr_exp": 0.04207334924389386,
        "er_exp": 0.05163575070938353,
        "opt_shap": 0.1658480688129529,
        "opt_objBI": 0.1658480688129529
    }
}