{
    "error": {
        "full": 28.349998474121094,
        "partial": 27.700000762939453,
        "mip": 27.599998474121094,
        "adv_deb": 27.100000381469727,
        "eo_cal": 28.099998474121094,
        "re_weigh": 26.69999885559082,
        "dp_exp": 29.19999885559082,
        "eo_exp": 29.249998092651367,
        "tpr_exp": 29.0,
        "er_exp": 34.25,
        "opt_shap": 27.700000762939453,
        "opt_objBI": 27.700000762939453
    },
    "objBI": {
        "full": [
            0.03151385858654976,
            0.15940767526626587,
            0.025079524144530296
        ],
        "partial": [
            0.009082828648388386,
            0.19956617057323456,
            0.0032783066853880882
        ],
        "mip": [
            0.007908254861831665,
            0.1981949359178543,
            0.0003933048574253917
        ],
        "adv_deb": [
            0.013223019428551197,
            0.19529953598976135,
            0.021805159747600555
        ],
        "eo_cal": [
            0.002924930537119508,
            0.09902644157409668,
            0.04586327448487282
        ],
        "re_weigh": [
            0.01167488656938076,
            0.19516602158546448,
            0.07235827296972275
        ],
        "dp_exp": [
            0.12023201584815979,
            0.08398032933473587,
            0.01276416052132845
        ],
        "eo_exp": [
            0.1356433928012848,
            0.12188165634870529,
            0.011586559005081654
        ],
        "tpr_exp": [
            0.10600685328245163,
            0.14449991285800934,
            0.020975790917873383
        ],
        "er_exp": [
            0.12816421687602997,
            0.1852385252714157,
            0.015538336709141731
        ],
        "opt_shap": [
            0.020186636596918106,
            0.19342932105064392,
            0.01959461346268654
        ],
        "opt_objBI": [
            0.012841876596212387,
            0.1923867017030716,
            0.002990137320011854
        ]
    },
    "shap": {
        "full": [
            0.030135469511151314,
            0.16642579436302185,
            0.0
        ],
        "partial": [
            0.008677730336785316,
            0.19614575803279877
        ],
        "mip": [
            0.007673993706703186,
            0.19947785139083862
        ],
        "adv_deb": [
            0.010530231520533562,
            0.20206308364868164
        ],
        "eo_cal": [
            0.002664853585883975,
            0.10186547040939331
        ],
        "re_weigh": [
            0.004827539902180433,
            0.20432814955711365
        ],
        "dp_exp": [
            0.1232137456536293,
            0.10902184993028641
        ],
        "eo_exp": [
            0.1314588487148285,
            0.12387362122535706
        ],
        "tpr_exp": [
            0.11157261580228806,
            0.14597219228744507
        ],
        "er_exp": [
            0.13824564218521118,
            0.20241567492485046
        ],
        "opt_shap": [
            0.012662685476243496,
            0.1918509155511856
        ],
        "opt_objBI": [
            0.012742782942950726,
            0.1912567913532257
        ]
    },
    "di": {
        "full": 0.7516511190531049,
        "partial": 0.8023020079283005,
        "mip": 0.8000764822475008,
        "adv_deb": 0.8518830856219178,
        "eo_cal": 0.7425025853154085,
        "re_weigh": 0.9902338984232482,
        "dp_exp": 0.9933479025757215,
        "eo_exp": 0.9993704827617383,
        "tpr_exp": 0.9593415689555775,
        "er_exp": 0.9340360088033305,
        "opt_shap": 0.8120048839104789,
        "opt_objBI": 0.8120048839104789
    },
    "dd": {
        "full": -0.23200064870644121,
        "partial": -0.183727078788801,
        "mip": -0.18579533111558488,
        "adv_deb": -0.1352122461360421,
        "eo_cal": -0.25749741468459153,
        "re_weigh": -0.008414163023532595,
        "dp_exp": 0.0006086628338259903,
        "eo_exp": -0.0026919315134181776,
        "tpr_exp": -0.03989744832122177,
        "er_exp": -0.02367077747667201,
        "opt_shap": -0.17525585362459717,
        "opt_objBI": -0.17525585362459717
    },
    "eqopp": {
        "full": -0.1610894941634241,
        "partial": -0.11716952648253287,
        "mip": -0.11716952648253287,
        "adv_deb": -0.08117624545512536,
        "eo_cal": -0.1573770491803279,
        "re_weigh": 0.006374518934319839,
        "dp_exp": 0.0260466500818608,
        "eo_exp": 0.021398651952967196,
        "tpr_exp": -0.012612957411069381,
        "er_exp": 0.02778805468733392,
        "opt_shap": -0.10569411664646722,
        "opt_objBI": -0.10569411664646722
    },
    "eqodd": {
        "full": 0.24051866031112595,
        "partial": 0.18851612509898663,
        "mip": 0.1913172455471659,
        "adv_deb": 0.12941143831333898,
        "eo_cal": 0.29297423887587826,
        "re_weigh": 0.025344977516211592,
        "dp_exp": 0.015072667371617263,
        "eo_exp": 0.01285878016653251,
        "tpr_exp": 0.02765325743120431,
        "er_exp": 0.06744247009872287,
        "opt_shap": 0.18290137012428992,
        "opt_objBI": 0.18290137012428992
    }
}