{
    "error": {
        "full": 27.75,
        "partial": 27.5,
        "mip": 27.64999771118164,
        "adv_deb": 27.64999771118164,
        "eo_cal": 28.299999237060547,
        "re_weigh": 28.400001525878906,
        "dp_exp": 29.049999237060547,
        "eo_exp": 28.75,
        "tpr_exp": 28.950000762939453,
        "er_exp": 34.04999923706055,
        "opt_shap": 27.5,
        "opt_objBI": 27.64999771118164
    },
    "objBI": {
        "full": [
            0.003463983302935958,
            0.19407989084720612,
            0.005741942208260298
        ],
        "partial": [
            0.009685047902166843,
            0.1973845213651657,
            0.00931316427886486
        ],
        "mip": [
            0.006375962868332863,
            0.19926105439662933,
            0.006430713925510645
        ],
        "adv_deb": [
            0.014510471373796463,
            0.19725251197814941,
            0.016581961885094643
        ],
        "eo_cal": [
            0.00736068794503808,
            0.08744841814041138,
            0.03660397231578827
        ],
        "re_weigh": [
            0.001900738338008523,
            0.19848214089870453,
            0.0716547816991806
        ],
        "dp_exp": [
            0.09352333843708038,
            0.10621380060911179,
            0.014306214638054371
        ],
        "eo_exp": [
            0.10705924779176712,
            0.13407641649246216,
            0.011777502484619617
        ],
        "tpr_exp": [
            0.09538440406322479,
            0.1262911558151245,
            0.014797882176935673
        ],
        "er_exp": [
            0.1918756514787674,
            0.20719507336616516,
            0.0168028362095356
        ],
        "opt_shap": [
            0.0026241939049214125,
            0.1912112534046173,
            0.0007793818949721754
        ],
        "opt_objBI": [
            0.002717713126912713,
            0.1869666874408722,
            0.00024368807498831302
        ]
    },
    "shap": {
        "full": [
            0.0034409072250127792,
            0.19388774037361145,
            0.0
        ],
        "partial": [
            0.005530619528144598,
            0.19617260992527008
        ],
        "mip": [
            0.0017321405466645956,
            0.20061509311199188
        ],
        "adv_deb": [
            0.00892757810652256,
            0.19864675402641296
        ],
        "eo_cal": [
            0.0008729388355277479,
            0.09993539750576019
        ],
        "re_weigh": [
            0.0018457381520420313,
            0.20124760270118713
        ],
        "dp_exp": [
            0.09069494903087616,
            0.09922605752944946
        ],
        "eo_exp": [
            0.10327272862195969,
            0.11928144842386246
        ],
        "tpr_exp": [
            0.09326381981372833,
            0.12754181027412415
        ],
        "er_exp": [
            0.19307607412338257,
            0.2078918218612671
        ],
        "opt_shap": [
            0.0025387699715793133,
            0.19551368057727814
        ],
        "opt_objBI": [
            0.002605902263894677,
            0.1928909718990326
        ]
    },
    "di": {
        "full": 0.8185804917505579,
        "partial": 0.8123359790138517,
        "mip": 0.7970859962959396,
        "adv_deb": 0.8300666320526133,
        "eo_cal": 0.7850467289719626,
        "re_weigh": 1.0047277060547877,
        "dp_exp": 0.9849175594559684,
        "eo_exp": 0.9800608034465299,
        "tpr_exp": 0.9675021966610752,
        "er_exp": 1.0048654747274315,
        "opt_shap": 0.8103963700021963,
        "opt_objBI": 0.8117741033628885
    },
    "dd": {
        "full": -0.16777368217089195,
        "partial": -0.17608205633512275,
        "mip": -0.18980384145895723,
        "adv_deb": -0.15731536473432128,
        "eo_cal": -0.2149532710280374,
        "re_weigh": 0.004016498586564943,
        "dp_exp": -0.0077095543799461375,
        "eo_exp": -0.016313332952812454,
        "tpr_exp": -0.03159325116083911,
        "er_exp": -0.03321146649763518,
        "opt_shap": -0.17808479808858324,
        "opt_objBI": -0.17697227504453594
    },
    "eqopp": {
        "full": -0.11581821899004063,
        "partial": -0.1251601139886428,
        "mip": -0.13165437909151223,
        "adv_deb": -0.10426706387452911,
        "eo_cal": -0.14026402640264024,
        "re_weigh": 0.016979384411260345,
        "dp_exp": -0.007226512790343476,
        "eo_exp": -0.007892002853888469,
        "tpr_exp": -0.015370942909714524,
        "er_exp": -0.009504616706929925,
        "opt_shap": -0.1251601139886428,
        "opt_objBI": -0.1251601139886428
    },
    "eqodd": {
        "full": 0.1623874862115606,
        "partial": 0.17098683433940576,
        "mip": 0.18887152923285047,
        "adv_deb": 0.15304218808264952,
        "eo_cal": 0.2410003605402557,
        "re_weigh": 0.03691081675301011,
        "dp_exp": 0.019444461455107524,
        "eo_exp": 0.01662310180978828,
        "tpr_exp": 0.006737964551306624,
        "er_exp": 0.02407358068170365,
        "opt_shap": 0.17441991488869865,
        "opt_objBI": 0.17365131476572265
    }
}