{
    "error": {
        "full": 28.150001525878906,
        "partial": 28.099998474121094,
        "mip": 28.400001525878906,
        "adv_deb": 27.549999237060547,
        "eo_cal": 27.75,
        "re_weigh": 28.650001525878906,
        "dp_exp": 30.450000762939453,
        "eo_exp": 30.5,
        "tpr_exp": 29.30000114440918,
        "er_exp": 33.64999771118164,
        "opt_shap": 28.150001525878906,
        "opt_objBI": 27.950000762939453
    },
    "objBI": {
        "full": [
            0.008964027278125286,
            0.1860676109790802,
            0.006667466834187508
        ],
        "partial": [
            0.004332804586738348,
            0.1808251589536667,
            0.004117052536457777
        ],
        "mip": [
            0.007815134711563587,
            0.20507560670375824,
            0.0032335780560970306
        ],
        "adv_deb": [
            0.003434155834838748,
            0.2039218544960022,
            0.011372855864465237
        ],
        "eo_cal": [
            0.018086498603224754,
            0.0950973778963089,
            0.022885844111442566
        ],
        "re_weigh": [
            0.013569120317697525,
            0.19191598892211914,
            0.06568243354558945
        ],
        "dp_exp": [
            0.1748141497373581,
            0.3013392984867096,
            0.015824448317289352
        ],
        "eo_exp": [
            0.1877295821905136,
            0.2790745794773102,
            0.007906601764261723
        ],
        "tpr_exp": [
            0.13944046199321747,
            0.2847342789173126,
            0.004576439503580332
        ],
        "er_exp": [
            0.14609608054161072,
            0.289949893951416,
            0.02284187078475952
        ],
        "opt_shap": [
            0.00791901908814907,
            0.18746702373027802,
            0.0048125432804226875
        ],
        "opt_objBI": [
            0.007902778685092926,
            0.19019274413585663,
            0.005318128503859043
        ]
    },
    "shap": {
        "full": [
            0.007999638095498085,
            0.18762259185314178,
            0.0
        ],
        "partial": [
            0.0024196438025683165,
            0.18956878781318665
        ],
        "mip": [
            0.007084555458277464,
            0.204603910446167
        ],
        "adv_deb": [
            0.020523279905319214,
            0.1955891102552414
        ],
        "eo_cal": [
            0.010717392899096012,
            0.10750125348567963
        ],
        "re_weigh": [
            0.012853254564106464,
            0.20568165183067322
        ],
        "dp_exp": [
            0.17989757657051086,
            0.2639768719673157
        ],
        "eo_exp": [
            0.19101424515247345,
            0.28638556599617004
        ],
        "tpr_exp": [
            0.14125721156597137,
            0.26494717597961426
        ],
        "er_exp": [
            0.19112665951251984,
            0.31798824667930603
        ],
        "opt_shap": [
            0.006437970325350761,
            0.18583066761493683
        ],
        "opt_objBI": [
            0.0063818530179560184,
            0.188132181763649
        ]
    },
    "di": {
        "full": 0.7966650540986574,
        "partial": 0.7670407352521541,
        "mip": 0.7786296351911814,
        "adv_deb": 0.7654005236353433,
        "eo_cal": 0.762970498474059,
        "re_weigh": 0.9736622583926754,
        "dp_exp": 0.9769901348128265,
        "eo_exp": 0.9821896814817415,
        "tpr_exp": 0.9301602793800541,
        "er_exp": 0.9663156916308204,
        "opt_shap": 0.7727079094608341,
        "opt_objBI": 0.7659619156526435
    },
    "dd": {
        "full": -0.19213852803460196,
        "partial": -0.21967348563734923,
        "mip": -0.20939851617117355,
        "adv_deb": -0.22075879929299558,
        "eo_cal": -0.23702950152594104,
        "re_weigh": -0.02330773593568547,
        "dp_exp": -0.020555940666852734,
        "eo_exp": -0.012148510919655853,
        "tpr_exp": -0.0640275039486412,
        "er_exp": -0.002840820997268234,
        "opt_shap": -0.21455300581868164,
        "opt_objBI": -0.22069077963531458
    },
    "eqopp": {
        "full": -0.1115243723325211,
        "partial": -0.13035871649992226,
        "mip": -0.12210789141741396,
        "adv_deb": -0.1342854180706029,
        "eo_cal": -0.13036303630363033,
        "re_weigh": 0.01878682632661166,
        "dp_exp": 0.003874863926183192,
        "eo_exp": 0.015257546697078128,
        "tpr_exp": -0.013538264821246537,
        "er_exp": 0.036783128574637614,
        "opt_shap": -0.12836728699047917,
        "opt_objBI": -0.12870855148342053
    },
    "eqodd": {
        "full": 0.2026939650320724,
        "partial": 0.2333312962669666,
        "mip": 0.22452465790505635,
        "adv_deb": 0.22939200396825454,
        "eo_cal": 0.2694255499820539,
        "re_weigh": 0.03002121115242315,
        "dp_exp": 0.018742463204761098,
        "eo_exp": 0.024825622371712222,
        "tpr_exp": 0.06878742387809626,
        "er_exp": 0.054352278363859974,
        "opt_shap": 0.22703054172444664,
        "opt_objBI": 0.23515873365261494
    }
}