{
    "error": {
        "full": 27.200000762939453,
        "partial": 27.05000114440918,
        "mip": 26.649999618530273,
        "adv_deb": 26.80000114440918,
        "eo_cal": 26.80000114440918,
        "re_weigh": 27.000001907348633,
        "dp_exp": 28.099998474121094,
        "eo_exp": 27.75,
        "tpr_exp": 27.149999618530273,
        "er_exp": 34.75,
        "opt_shap": 27.100000381469727,
        "opt_objBI": 27.100000381469727
    },
    "objBI": {
        "full": [
            0.037408601492643356,
            0.1726527065038681,
            0.008799117058515549
        ],
        "partial": [
            0.01669362746179104,
            0.18778523802757263,
            0.002782587893307209
        ],
        "mip": [
            0.014135067351162434,
            0.19045013189315796,
            0.012748329900205135
        ],
        "adv_deb": [
            0.012022009119391441,
            0.19119617342948914,
            0.014512578956782818
        ],
        "eo_cal": [
            0.015802575275301933,
            0.19413252174854279,
            0.015783704817295074
        ],
        "re_weigh": [
            0.005215641111135483,
            0.2006298303604126,
            0.06913766264915466
        ],
        "dp_exp": [
            0.14225512742996216,
            0.23469871282577515,
            0.020002413541078568
        ],
        "eo_exp": [
            0.1492588222026825,
            0.2587275803089142,
            0.01988723874092102
        ],
        "tpr_exp": [
            0.13120895624160767,
            0.2548535466194153,
            0.015010759234428406
        ],
        "er_exp": [
            0.165822371840477,
            0.28795531392097473,
            0.010637009516358376
        ],
        "opt_shap": [
            0.021738320589065552,
            0.18249963223934174,
            0.008604786358773708
        ],
        "opt_objBI": [
            0.021451212465763092,
            0.18382081389427185,
            0.002764072734862566
        ]
    },
    "shap": {
        "full": [
            0.03649657219648361,
            0.1673000454902649,
            0.0
        ],
        "partial": [
            0.01605239324271679,
            0.18531036376953125
        ],
        "mip": [
            0.00880455318838358,
            0.19355377554893494
        ],
        "adv_deb": [
            0.01879027858376503,
            0.18697889149188995
        ],
        "eo_cal": [
            0.007186534348875284,
            0.1969701498746872
        ],
        "re_weigh": [
            0.004983275197446346,
            0.19748550653457642
        ],
        "dp_exp": [
            0.14421090483665466,
            0.22727514803409576
        ],
        "eo_exp": [
            0.14557108283042908,
            0.2529396414756775
        ],
        "tpr_exp": [
            0.12782549858093262,
            0.23601678013801575
        ],
        "er_exp": [
            0.20472250878810883,
            0.30682995915412903
        ],
        "opt_shap": [
            0.020100047811865807,
            0.1788703352212906
        ],
        "opt_objBI": [
            0.02019842341542244,
            0.17957745492458344
        ]
    },
    "di": {
        "full": 0.7465535524920467,
        "partial": 0.7708333333333334,
        "mip": 0.7770767613038907,
        "adv_deb": 0.767223382045929,
        "eo_cal": 0.7722457627118644,
        "re_weigh": 0.9649321266968326,
        "dp_exp": 0.9722814498933903,
        "eo_exp": 0.9473118279569892,
        "tpr_exp": 0.9320594479830149,
        "er_exp": 1.018284106891702,
        "opt_shap": 0.7827442827442828,
        "opt_objBI": 0.7827442827442828
    },
    "dd": {
        "full": -0.239,
        "partial": -0.21999999999999997,
        "mip": -0.21199999999999997,
        "adv_deb": -0.22299999999999998,
        "eo_cal": -0.21499999999999997,
        "re_weigh": -0.031000000000000028,
        "dp_exp": -0.025999999999999912,
        "eo_exp": -0.052000000000000046,
        "tpr_exp": -0.05699999999999994,
        "er_exp": 0.0020000000000000018,
        "opt_shap": -0.20899999999999996,
        "opt_objBI": -0.20899999999999996
    },
    "eqopp": {
        "full": -0.1647572477869511,
        "partial": -0.1451834615480163,
        "mip": -0.13811371220841162,
        "adv_deb": -0.14681478291832628,
        "eo_cal": -0.1428254982982916,
        "re_weigh": 0.007626634426677548,
        "dp_exp": -0.003981003800895944,
        "eo_exp": -0.019205289787265767,
        "tpr_exp": -0.011955432631395868,
        "er_exp": 0.06783854058843508,
        "opt_shap": -0.13666456885915157,
        "opt_objBI": -0.13666456885915157
    },
    "eqodd": {
        "full": 0.2364301084627311,
        "partial": 0.2235473155821599,
        "mip": 0.20973746650837916,
        "adv_deb": 0.22481395379157015,
        "eo_cal": 0.2101858465115367,
        "re_weigh": 0.00739676024390773,
        "dp_exp": 0.01131379263777009,
        "eo_exp": 0.033633145303589976,
        "tpr_exp": 0.051643660824364473,
        "er_exp": 0.04530713283247931,
        "opt_shap": 0.21260243215518643,
        "opt_objBI": 0.21260243215518643
    }
}