{
    "error": {
        "full": 27.149999618530273,
        "partial": 27.299999237060547,
        "mip": 27.599998474121094,
        "adv_deb": 27.900001525878906,
        "eo_cal": 28.0,
        "re_weigh": 28.349998474121094,
        "dp_exp": 29.30000114440918,
        "eo_exp": 29.149999618530273,
        "tpr_exp": 29.0,
        "er_exp": 33.599998474121094,
        "opt_shap": 27.64999771118164,
        "opt_objBI": 27.549999237060547
    },
    "objBI": {
        "full": [
            0.04566096514463425,
            0.12868326902389526,
            0.03854437544941902
        ],
        "partial": [
            0.010649969801306725,
            0.19854329526424408,
            0.010744701139628887
        ],
        "mip": [
            0.012178783304989338,
            0.18712007999420166,
            0.012154655531048775
        ],
        "adv_deb": [
            0.011614808812737465,
            0.1866852343082428,
            0.008806828409433365
        ],
        "eo_cal": [
            0.001571890083141625,
            0.09341859072446823,
            0.04280250519514084
        ],
        "re_weigh": [
            0.014086594805121422,
            0.1999153345823288,
            0.06865350902080536
        ],
        "dp_exp": [
            0.07587520778179169,
            0.03864773362874985,
            0.016098884865641594
        ],
        "eo_exp": [
            0.10524412989616394,
            0.054584916681051254,
            0.0018058005953207612
        ],
        "tpr_exp": [
            0.0700729638338089,
            0.06964686512947083,
            0.00349489226937294
        ],
        "er_exp": [
            0.18684910237789154,
            0.15895013511180878,
            0.009577183984220028
        ],
        "opt_shap": [
            0.009055018424987793,
            0.1891636997461319,
            0.007843151688575745
        ],
        "opt_objBI": [
            0.005767423659563065,
            0.18909382820129395,
            0.00577144231647253
        ]
    },
    "shap": {
        "full": [
            0.04592316597700119,
            0.1335953176021576,
            0.0
        ],
        "partial": [
            0.0013854935532435775,
            0.19735297560691833
        ],
        "mip": [
            0.006611677352339029,
            0.18811753392219543
        ],
        "adv_deb": [
            0.02054646983742714,
            0.18779635429382324
        ],
        "eo_cal": [
            0.0015619739424437284,
            0.10515423864126205
        ],
        "re_weigh": [
            0.0027440323028713465,
            0.19741544127464294
        ],
        "dp_exp": [
            0.08135253190994263,
            0.04331716522574425
        ],
        "eo_exp": [
            0.1093880757689476,
            0.06095094233751297
        ],
        "tpr_exp": [
            0.0818711593747139,
            0.07906808704137802
        ],
        "er_exp": [
            0.21488870680332184,
            0.17201757431030273
        ],
        "opt_shap": [
            0.005444814451038837,
            0.19279980659484863
        ],
        "opt_objBI": [
            0.002660817699506879,
            0.19179749488830566
        ]
    },
    "di": {
        "full": 0.7432457146657356,
        "partial": 0.7719778132360763,
        "mip": 0.7984396303590365,
        "adv_deb": 0.8238539139318095,
        "eo_cal": 0.7245934959349594,
        "re_weigh": 0.9591781489402019,
        "dp_exp": 0.9758706593277113,
        "eo_exp": 0.9596237374386389,
        "tpr_exp": 0.951854674796748,
        "er_exp": 0.972289972899729,
        "opt_shap": 0.7928472134462278,
        "opt_objBI": 0.786427397952736
    },
    "dd": {
        "full": -0.24715127072530563,
        "partial": -0.2161273285961206,
        "mip": -0.19164106011138848,
        "adv_deb": -0.1655703860188208,
        "eo_cal": -0.27540650406504064,
        "re_weigh": -0.03620126752448627,
        "dp_exp": -0.024910377056526434,
        "eo_exp": -0.03768164650150441,
        "tpr_exp": -0.045459637667242814,
        "er_exp": -0.06739325267268426,
        "opt_shap": -0.1967543691184943,
        "opt_objBI": -0.20285193009410407
    },
    "eqopp": {
        "full": -0.15824862461408862,
        "partial": -0.14208702599663914,
        "mip": -0.12469007681318633,
        "adv_deb": -0.10852847819573685,
        "eo_cal": -0.1714770797962648,
        "re_weigh": -0.014997894042093063,
        "dp_exp": -0.009659182193583082,
        "eo_exp": -0.01340865570410632,
        "tpr_exp": -0.03087073760632919,
        "er_exp": 0.005210617501595793,
        "opt_shap": -0.1314812482902662,
        "opt_objBI": -0.13487683402880613
    },
    "eqodd": {
        "full": 0.2497561417996333,
        "partial": 0.20852052262722792,
        "mip": 0.18384238775204378,
        "adv_deb": 0.1524195999114571,
        "eo_cal": 0.30092841331585396,
        "re_weigh": 0.016797875940228607,
        "dp_exp": 0.005923375208802248,
        "eo_exp": 0.022702144752898168,
        "tpr_exp": 0.028222359331422198,
        "er_exp": 0.029187099200328,
        "opt_shap": 0.18763286692345182,
        "opt_objBI": 0.1943939509319623
    }
}