{
    "error": {
        "full": 26.399999618530273,
        "partial": 27.25,
        "mip": 26.399999618530273,
        "adv_deb": 26.30000114440918,
        "eo_cal": 26.750001907348633,
        "re_weigh": 27.900001525878906,
        "dp_exp": 29.399999618530273,
        "eo_exp": 29.80000114440918,
        "tpr_exp": 30.25,
        "er_exp": 34.150001525878906,
        "opt_shap": 26.80000114440918,
        "opt_objBI": 26.80000114440918
    },
    "objBI": {
        "full": [
            0.020793549716472626,
            0.16822759807109833,
            0.03203822672367096
        ],
        "partial": [
            0.026698289439082146,
            0.1330023854970932,
            0.001636718981899321
        ],
        "mip": [
            0.012551508843898773,
            0.20436672866344452,
            0.012354369275271893
        ],
        "adv_deb": [
            0.014378675259649754,
            0.20457570254802704,
            0.007891249842941761
        ],
        "eo_cal": [
            0.008602762594819069,
            0.10830496996641159,
            0.036952752619981766
        ],
        "re_weigh": [
            0.011118785478174686,
            0.20355267822742462,
            0.07229311019182205
        ],
        "dp_exp": [
            0.08942663669586182,
            0.07209329307079315,
            0.005135831423103809
        ],
        "eo_exp": [
            0.09443659335374832,
            0.07884874194860458,
            0.02205321006476879
        ],
        "tpr_exp": [
            0.08393235504627228,
            0.1676761656999588,
            0.0031398225110024214
        ],
        "er_exp": [
            0.20611900091171265,
            0.1656532883644104,
            0.021129606291651726
        ],
        "opt_shap": [
            0.0208671223372221,
            0.13612909615039825,
            0.002430279040709138
        ],
        "opt_objBI": [
            0.021031050011515617,
            0.12927182018756866,
            0.0009616669267416
        ]
    },
    "shap": {
        "full": [
            0.01976986974477768,
            0.1698303073644638,
            0.0
        ],
        "partial": [
            0.025994587689638138,
            0.13316543400287628
        ],
        "mip": [
            0.005192266311496496,
            0.20603537559509277
        ],
        "adv_deb": [
            0.012531283311545849,
            0.20812804996967316
        ],
        "eo_cal": [
            0.004865611903369427,
            0.11065304279327393
        ],
        "re_weigh": [
            0.00993869174271822,
            0.21071425080299377
        ],
        "dp_exp": [
            0.09474363178014755,
            0.0715266764163971
        ],
        "eo_exp": [
            0.11192353814840317,
            0.08401291072368622
        ],
        "tpr_exp": [
            0.09196732938289642,
            0.1785035878419876
        ],
        "er_exp": [
            0.21351689100265503,
            0.16225993633270264
        ],
        "opt_shap": [
            0.021668387576937675,
            0.1384410858154297
        ],
        "opt_objBI": [
            0.021600650623440742,
            0.13745146989822388
        ]
    },
    "di": {
        "full": 0.7553544093040636,
        "partial": 0.8873227926991368,
        "mip": 0.7753845340942116,
        "adv_deb": 0.7599196964441501,
        "eo_cal": 0.7233626588465298,
        "re_weigh": 0.9753300995636374,
        "dp_exp": 0.9779717160334148,
        "eo_exp": 0.9761866873644818,
        "tpr_exp": 0.9064731514157431,
        "er_exp": 0.8910988682887724,
        "opt_shap": 0.8780643295404011,
        "opt_objBI": 0.8780643295404011
    },
    "dd": {
        "full": -0.23713344359166,
        "partial": -0.10898665393993423,
        "mip": -0.2126604974031262,
        "adv_deb": -0.22853089284231354,
        "eo_cal": -0.27663734115347016,
        "re_weigh": -0.021387313889047244,
        "dp_exp": -0.010601608250764727,
        "eo_exp": -0.020986101647771704,
        "tpr_exp": -0.09221778320731677,
        "er_exp": -0.057402365851535464,
        "opt_shap": -0.1176922592051195,
        "opt_objBI": -0.1176922592051195
    },
    "eqopp": {
        "full": -0.1517121912030528,
        "partial": -0.05775507129945767,
        "mip": -0.1328412666532771,
        "adv_deb": -0.14767858338354412,
        "eo_cal": -0.16666666666666663,
        "re_weigh": 0.020276829349936465,
        "dp_exp": -0.00428466224810875,
        "eo_exp": -0.007075550646046702,
        "tpr_exp": -0.013259858070563069,
        "er_exp": -0.006945839191270009,
        "opt_shap": -0.06386824663587065,
        "opt_objBI": -0.06386824663587065
    },
    "eqodd": {
        "full": 0.2416319095439654,
        "partial": 0.10442778568239343,
        "mip": 0.20849976480462262,
        "adv_deb": 0.22455375557660262,
        "eo_cal": 0.30764411027568916,
        "re_weigh": 0.013048533574111815,
        "dp_exp": 0.014287889559960215,
        "eo_exp": 0.014607684858453054,
        "tpr_exp": 0.06255102744107653,
        "er_exp": 0.05684381184819737,
        "opt_shap": 0.11040043126790502,
        "opt_objBI": 0.11040043126790502
    }
}