{
    "error": {
        "full": 27.599998474121094,
        "partial": 27.200000762939453,
        "mip": 27.25,
        "adv_deb": 27.299999237060547,
        "eo_cal": 27.700000762939453,
        "re_weigh": 28.200000762939453,
        "dp_exp": 29.350000381469727,
        "eo_exp": 29.69999885559082,
        "tpr_exp": 29.30000114440918,
        "er_exp": 35.70000076293945,
        "opt_shap": 27.299999237060547,
        "opt_objBI": 27.299999237060547
    },
    "objBI": {
        "full": [
            0.03630811348557472,
            0.15886545181274414,
            0.03390916436910629
        ],
        "partial": [
            0.00492313364520669,
            0.19706521928310394,
            0.004770788364112377
        ],
        "mip": [
            0.002215124201029539,
            0.20662088692188263,
            0.0014032908948138356
        ],
        "adv_deb": [
            0.010747367516160011,
            0.2247389554977417,
            0.020991545170545578
        ],
        "eo_cal": [
            0.002368258312344551,
            0.0970759466290474,
            0.03808533400297165
        ],
        "re_weigh": [
            0.003318561939522624,
            0.20984922349452972,
            0.07246556878089905
        ],
        "dp_exp": [
            0.09030505269765854,
            0.07799693197011948,
            0.007000000216066837
        ],
        "eo_exp": [
            0.10517702996730804,
            0.11494236439466476,
            0.010148746892809868
        ],
        "tpr_exp": [
            0.10086353868246078,
            0.11176923662424088,
            0.025921588763594627
        ],
        "er_exp": [
            0.2165587842464447,
            0.16630832850933075,
            0.0015509335789829493
        ],
        "opt_shap": [
            0.011085344478487968,
            0.1995910406112671,
            0.010638282634317875
        ],
        "opt_objBI": [
            0.006723524071276188,
            0.2122754156589508,
            0.0031990509014576674
        ]
    },
    "shap": {
        "full": [
            0.03501223772764206,
            0.1563563495874405,
            0.0
        ],
        "partial": [
            0.0019908028189092875,
            0.20530185103416443
        ],
        "mip": [
            0.001969354460015893,
            0.20708701014518738
        ],
        "adv_deb": [
            0.011710379272699356,
            0.2176789790391922
        ],
        "eo_cal": [
            0.00022851726680528373,
            0.10988926142454147
        ],
        "re_weigh": [
            0.002119791926816106,
            0.21239207684993744
        ],
        "dp_exp": [
            0.10243123024702072,
            0.09939950704574585
        ],
        "eo_exp": [
            0.11905885487794876,
            0.11870300769805908
        ],
        "tpr_exp": [
            0.1066233441233635,
            0.1297585517168045
        ],
        "er_exp": [
            0.2107851356267929,
            0.1598852574825287
        ],
        "opt_shap": [
            0.0059857177548110485,
            0.20038488507270813
        ],
        "opt_objBI": [
            0.006008514203131199,
            0.1995207518339157
        ]
    },
    "di": {
        "full": 0.744857209973489,
        "partial": 0.7824181092789507,
        "mip": 0.7822276780386339,
        "adv_deb": 0.8202878635731021,
        "eo_cal": 0.7400793650793651,
        "re_weigh": 0.9634568724417033,
        "dp_exp": 0.9734299516908214,
        "eo_exp": 0.9644006080531693,
        "tpr_exp": 0.9516117754003217,
        "er_exp": 0.9704395434576242,
        "opt_shap": 0.7938553867662353,
        "opt_objBI": 0.7938553867662353
    },
    "dd": {
        "full": -0.24331157194060415,
        "partial": -0.20332501280081927,
        "mip": -0.20438108038914493,
        "adv_deb": -0.16322644649257556,
        "eo_cal": -0.2599206349206349,
        "re_weigh": -0.031570020481310745,
        "dp_exp": -0.026609703020993303,
        "eo_exp": -0.03533026113671278,
        "tpr_exp": -0.04721902201740913,
        "er_exp": -0.010640681003584285,
        "opt_shap": -0.19346838197644645,
        "opt_objBI": -0.19346838197644645
    },
    "eqopp": {
        "full": -0.15208635482010868,
        "partial": -0.12298397665519223,
        "mip": -0.11801708923797372,
        "adv_deb": -0.08995002533680474,
        "eo_cal": -0.14735099337748347,
        "re_weigh": -4.368414615041338e-06,
        "dp_exp": 0.001808523650596694,
        "eo_exp": -0.00421988851805899,
        "tpr_exp": -0.01345471701410128,
        "er_exp": 0.06354732740393854,
        "opt_shap": -0.10973894354260949,
        "opt_objBI": -0.10973894354260949
    },
    "eqodd": {
        "full": 0.24731126575735063,
        "partial": 0.1959804371724806,
        "mip": 0.2020440020108799,
        "adv_deb": 0.14853344543475594,
        "eo_cal": 0.2877844075798308,
        "re_weigh": 0.005671981956313188,
        "dp_exp": 0.005459632534478065,
        "eo_exp": 0.016778170588340746,
        "tpr_exp": 0.020896279888574856,
        "er_exp": 0.031503862068154004,
        "opt_shap": 0.19047918658894036,
        "opt_objBI": 0.19047918658894036
    }
}