{
    "error": {
        "full": 28.349998474121094,
        "partial": 28.200000762939453,
        "mip": 28.200000762939453,
        "adv_deb": 28.60000228881836,
        "eo_cal": 28.899999618530273,
        "re_weigh": 28.400001525878906,
        "dp_exp": 30.19999885559082,
        "eo_exp": 29.649999618530273,
        "tpr_exp": 29.499998092651367,
        "er_exp": 35.04999923706055,
        "opt_shap": 28.549999237060547,
        "opt_objBI": 28.549999237060547
    },
    "objBI": {
        "full": [
            0.00742676155641675,
            0.1918567270040512,
            0.010037385858595371
        ],
        "partial": [
            0.007668900303542614,
            0.20002904534339905,
            0.007775961887091398
        ],
        "mip": [
            0.010128575377166271,
            0.20098519325256348,
            0.005469970405101776
        ],
        "adv_deb": [
            0.01765269599854946,
            0.21922539174556732,
            0.007557553239166737
        ],
        "eo_cal": [
            0.003459265921264887,
            0.10493835806846619,
            0.04404837638139725
        ],
        "re_weigh": [
            0.009205053560435772,
            0.19754575192928314,
            0.065780408680439
        ],
        "dp_exp": [
            0.11334237456321716,
            0.11636947095394135,
            0.012697592377662659
        ],
        "eo_exp": [
            0.11332070082426071,
            0.13334280252456665,
            0.005608940962702036
        ],
        "tpr_exp": [
            0.12362202256917953,
            0.1552015244960785,
            0.009488613344728947
        ],
        "er_exp": [
            0.1910838484764099,
            0.25615057349205017,
            0.009772892110049725
        ],
        "opt_shap": [
            0.016179632395505905,
            0.19889825582504272,
            0.015432997606694698
        ],
        "opt_objBI": [
            0.008385849185287952,
            0.2012145072221756,
            0.005752036347985268
        ]
    },
    "shap": {
        "full": [
            0.006888922769576311,
            0.20295292139053345,
            0.0
        ],
        "partial": [
            0.0029381616041064262,
            0.19768553972244263
        ],
        "mip": [
            0.00880296342074871,
            0.20604662597179413
        ],
        "adv_deb": [
            0.019650379195809364,
            0.21040542423725128
        ],
        "eo_cal": [
            0.0020420460496097803,
            0.11053521186113358
        ],
        "re_weigh": [
            0.008856689557433128,
            0.205900639295578
        ],
        "dp_exp": [
            0.10813166201114655,
            0.11271641403436661
        ],
        "eo_exp": [
            0.11918512731790543,
            0.1402144730091095
        ],
        "tpr_exp": [
            0.1205977275967598,
            0.14982342720031738
        ],
        "er_exp": [
            0.1996861845254898,
            0.2499198466539383
        ],
        "opt_shap": [
            0.0067144432105124,
            0.2034567892551422
        ],
        "opt_objBI": [
            0.006695101968944073,
            0.20233367383480072
        ]
    },
    "di": {
        "full": 0.7505573071255548,
        "partial": 0.7727517136554738,
        "mip": 0.7755885548714234,
        "adv_deb": 0.7487831191226565,
        "eo_cal": 0.7171314741035857,
        "re_weigh": 0.9444687005403046,
        "dp_exp": 0.9877696517902611,
        "eo_exp": 0.9663204632872398,
        "tpr_exp": 0.9609974342113745,
        "er_exp": 0.9061829604658289,
        "opt_shap": 0.7693308399056834,
        "opt_objBI": 0.771461950265533
    },
    "dd": {
        "full": -0.23767180274884392,
        "partial": -0.21469943519096302,
        "mip": -0.21066737067793084,
        "adv_deb": -0.2365877854045665,
        "eo_cal": -0.2828685258964143,
        "re_weigh": -0.048840781452503146,
        "dp_exp": -0.019416310660970604,
        "eo_exp": -0.02332837325397208,
        "tpr_exp": -0.03629258068129093,
        "er_exp": -0.03164050624809989,
        "opt_shap": -0.2156154498471975,
        "opt_objBI": -0.21362341797468754
    },
    "eqopp": {
        "full": -0.16952231666514028,
        "partial": -0.15261417098120056,
        "mip": -0.14735792919407842,
        "adv_deb": -0.16711356080564466,
        "eo_cal": -0.1944894651539708,
        "re_weigh": -0.018094420673983036,
        "dp_exp": -0.0062657468953458695,
        "eo_exp": -0.01599022015304441,
        "tpr_exp": -0.022779887421012557,
        "er_exp": 0.017553462240462392,
        "opt_shap": -0.1518261606646547,
        "opt_objBI": -0.15020541512170504
    },
    "eqodd": {
        "full": 0.23965697448518986,
        "partial": 0.21152067612230074,
        "mip": 0.2072212154079689,
        "adv_deb": 0.23852956615245124,
        "eo_cal": 0.30913103748654613,
        "re_weigh": 0.022670829007616633,
        "dp_exp": 0.010409885659786518,
        "eo_exp": 0.009656452951588373,
        "tpr_exp": 0.014974527799791013,
        "er_exp": 0.07482792796431167,
        "opt_shap": 0.2133313001355051,
        "opt_objBI": 0.21122893769994758
    }
}