{
    "error": {
        "full": 25.200000762939453,
        "partial": 25.899999618530273,
        "mip": 25.049999237060547,
        "adv_deb": 25.35000228881836,
        "eo_cal": 26.0,
        "re_weigh": 26.600000381469727,
        "dp_exp": 29.249998092651367,
        "eo_exp": 29.499998092651367,
        "tpr_exp": 28.299999237060547,
        "er_exp": 32.400001525878906,
        "opt_shap": 26.0,
        "opt_objBI": 26.0
    },
    "objBI": {
        "full": [
            0.00839899480342865,
            0.18321466445922852,
            0.0072998604737222195
        ],
        "partial": [
            0.03798786923289299,
            0.12303637713193893,
            0.009395084343850613
        ],
        "mip": [
            0.019582374021410942,
            0.20210586488246918,
            0.019778821617364883
        ],
        "adv_deb": [
            0.007655354216694832,
            0.20476801693439484,
            0.008127976208925247
        ],
        "eo_cal": [
            0.002579971682280302,
            0.10422931611537933,
            0.029737532138824463
        ],
        "re_weigh": [
            0.006155815906822681,
            0.19488155841827393,
            0.07607676833868027
        ],
        "dp_exp": [
            0.10641808807849884,
            0.16895560920238495,
            0.010936248116195202
        ],
        "eo_exp": [
            0.1330225020647049,
            0.17079196870326996,
            0.01104276068508625
        ],
        "tpr_exp": [
            0.09841806441545486,
            0.1891946643590927,
            0.011625891551375389
        ],
        "er_exp": [
            0.14728279411792755,
            0.23084072768688202,
            0.0005850205197930336
        ],
        "opt_shap": [
            0.03152681514620781,
            0.1288985162973404,
            0.011520430445671082
        ],
        "opt_objBI": [
            0.03167833387851715,
            0.13084925711154938,
            0.006207064725458622
        ]
    },
    "shap": {
        "full": [
            0.006203962489962578,
            0.1828639805316925,
            0.0
        ],
        "partial": [
            0.0364571288228035,
            0.12353379279375076
        ],
        "mip": [
            0.004305659793317318,
            0.20074555277824402
        ],
        "adv_deb": [
            0.011900168843567371,
            0.2047727406024933
        ],
        "eo_cal": [
            0.0011751882266253233,
            0.10658761858940125
        ],
        "re_weigh": [
            0.0031894277781248093,
            0.20314373075962067
        ],
        "dp_exp": [
            0.10683248937129974,
            0.14069606363773346
        ],
        "eo_exp": [
            0.12219621241092682,
            0.16276077926158905
        ],
        "tpr_exp": [
            0.09761033207178116,
            0.17797335982322693
        ],
        "er_exp": [
            0.15758126974105835,
            0.24298720061779022
        ],
        "opt_shap": [
            0.0320119746029377,
            0.12941162288188934
        ],
        "opt_objBI": [
            0.032149411737918854,
            0.12853261828422546
        ]
    },
    "di": {
        "full": 0.7903845454025588,
        "partial": 0.8504788431069803,
        "mip": 0.7616573218563268,
        "adv_deb": 0.7520165131787869,
        "eo_cal": 0.7442786069651741,
        "re_weigh": 0.9574970950237475,
        "dp_exp": 0.9775042422523077,
        "eo_exp": 0.9889874661029616,
        "tpr_exp": 0.9486206307518203,
        "er_exp": 0.9305173479010178,
        "opt_shap": 0.8440098591478011,
        "opt_objBI": 0.8440098591478011
    },
    "dd": {
        "full": -0.20161004025100626,
        "partial": -0.14816870421760542,
        "mip": -0.22636565914147855,
        "adv_deb": -0.23427585689642239,
        "eo_cal": -0.2557213930348259,
        "re_weigh": -0.037675941898547505,
        "dp_exp": -0.004375109377734443,
        "eo_exp": -0.009290232255806385,
        "tpr_exp": -0.044106102652566315,
        "er_exp": -0.07836695917397929,
        "opt_shap": -0.15410885272131802,
        "opt_objBI": -0.15410885272131802
    },
    "eqopp": {
        "full": -0.10813074014046453,
        "partial": -0.06645056726094001,
        "mip": -0.13379670032830482,
        "adv_deb": -0.14453725636869885,
        "eo_cal": -0.1410048622366289,
        "re_weigh": 0.016955491833935854,
        "dp_exp": 0.001861779495490934,
        "eo_exp": -0.00017038606989994154,
        "tpr_exp": -0.019280638324398525,
        "er_exp": 0.0008415409549931141,
        "opt_shap": -0.06908739558658528,
        "opt_objBI": -0.06908739558658528
    },
    "eqodd": {
        "full": 0.20726604137207835,
        "partial": 0.16306824694861913,
        "mip": 0.2246902465918676,
        "adv_deb": 0.23056400099662466,
        "eo_cal": 0.28957459606676805,
        "re_weigh": 0.033417808252139344,
        "dp_exp": 0.008069450434557625,
        "eo_exp": 0.009976204475558914,
        "tpr_exp": 0.030891479145194814,
        "er_exp": 0.039176712894814336,
        "opt_shap": 0.17082996008051393,
        "opt_objBI": 0.17082996008051393
    }
}