{
    "error": {
        "full": 27.05000114440918,
        "partial": 27.799999237060547,
        "mip": 27.75,
        "adv_deb": 27.799999237060547,
        "eo_cal": 27.950000762939453,
        "re_weigh": 27.100000381469727,
        "dp_exp": 29.850000381469727,
        "eo_exp": 29.55000114440918,
        "tpr_exp": 28.60000228881836,
        "er_exp": 33.599998474121094,
        "opt_shap": 27.849998474121094,
        "opt_objBI": 27.799999237060547
    },
    "objBI": {
        "full": [
            0.054496053606271744,
            0.14006191492080688,
            0.003078726353123784
        ],
        "partial": [
            0.011876117438077927,
            0.20238608121871948,
            0.009951954707503319
        ],
        "mip": [
            0.009152672253549099,
            0.202593594789505,
            0.009175373241305351
        ],
        "adv_deb": [
            0.016360178589820862,
            0.18875671923160553,
            0.012870918028056622
        ],
        "eo_cal": [
            0.002262804424390197,
            0.0983503982424736,
            0.03283623233437538
        ],
        "re_weigh": [
            0.006795831490308046,
            0.20582051575183868,
            0.07072918117046356
        ],
        "dp_exp": [
            0.18217414617538452,
            0.28203481435775757,
            0.011491670273244381
        ],
        "eo_exp": [
            0.19485953450202942,
            0.28738832473754883,
            0.003971341997385025
        ],
        "tpr_exp": [
            0.1378672569990158,
            0.31186720728874207,
            0.003235578304156661
        ],
        "er_exp": [
            0.14760294556617737,
            0.30048686265945435,
            0.009499805048108101
        ],
        "opt_shap": [
            0.013123294338583946,
            0.20693273842334747,
            0.007508239708840847
        ],
        "opt_objBI": [
            0.020969552919268608,
            0.2080516368150711,
            0.020932922139763832
        ]
    },
    "shap": {
        "full": [
            0.05288149043917656,
            0.13695640861988068,
            0.0
        ],
        "partial": [
            0.007663947995752096,
            0.20864242315292358
        ],
        "mip": [
            0.0024698057677596807,
            0.20197683572769165
        ],
        "adv_deb": [
            0.017577460035681725,
            0.19439294934272766
        ],
        "eo_cal": [
            0.0018121805042028427,
            0.10717688500881195
        ],
        "re_weigh": [
            0.006064987275749445,
            0.2084268480539322
        ],
        "dp_exp": [
            0.18616588413715363,
            0.2681151032447815
        ],
        "eo_exp": [
            0.19964052736759186,
            0.2888756990432739
        ],
        "tpr_exp": [
            0.16367022693157196,
            0.2827751338481903
        ],
        "er_exp": [
            0.1876353770494461,
            0.33751165866851807
        ],
        "opt_shap": [
            0.011677274480462074,
            0.20374929904937744
        ],
        "opt_objBI": [
            0.0036445879377424717,
            0.20348316431045532
        ]
    },
    "di": {
        "full": 0.7771842070437214,
        "partial": 0.7692552253739929,
        "mip": 0.7761497456163059,
        "adv_deb": 0.7956719738835786,
        "eo_cal": 0.7467204843592331,
        "re_weigh": 0.9696244635316028,
        "dp_exp": 0.9907640236835502,
        "eo_exp": 1.000202483876387,
        "tpr_exp": 0.9635194295206696,
        "er_exp": 0.9585162924082408,
        "opt_shap": 0.7865686355395626,
        "opt_objBI": 0.7772158853767679
    },
    "dd": {
        "full": -0.21552845780508223,
        "partial": -0.21702357890989166,
        "mip": -0.21187016148308013,
        "adv_deb": -0.19460776322882156,
        "eo_cal": -0.2532795156407669,
        "re_weigh": -0.026522148294011783,
        "dp_exp": 0.009425763486842431,
        "eo_exp": 0.008218665711922757,
        "tpr_exp": -0.0449026371136062,
        "er_exp": -0.010355838822944663,
        "opt_shap": -0.2017973455849924,
        "opt_objBI": -0.2108610797474595
    },
    "eqopp": {
        "full": -0.14727320414524214,
        "partial": -0.16243054157746095,
        "mip": -0.15107931221675297,
        "adv_deb": -0.14042952905512152,
        "eo_cal": -0.17377567140600314,
        "re_weigh": -0.00264719695999327,
        "dp_exp": 0.02368448340012319,
        "eo_exp": 0.028362824571355416,
        "tpr_exp": -0.027685776500942394,
        "er_exp": -0.004135482808468649,
        "opt_shap": -0.143473195605897,
        "opt_objBI": -0.15107931221675297
    },
    "eqodd": {
        "full": 0.22809865177402736,
        "partial": 0.2174366154236756,
        "mip": 0.21834691867820888,
        "adv_deb": 0.19917594734397379,
        "eo_cal": 0.2838152100046776,
        "re_weigh": 0.003141648951967335,
        "dp_exp": 0.004040361802862727,
        "eo_exp": 0.014956499452028538,
        "tpr_exp": 0.020980204671605468,
        "er_exp": 0.01724129324008261,
        "opt_shap": 0.20756062014931723,
        "opt_objBI": 0.21695027063351616
    }
}