{
    "error": {
        "full": 30.000001907348633,
        "partial": 29.499998092651367,
        "mip": 29.499998092651367,
        "adv_deb": 25.0,
        "eo_cal": 29.499998092651367,
        "re_weigh": 28.0,
        "dp_exp": 29.499998092651367,
        "eo_exp": 29.0,
        "tpr_exp": 30.5,
        "er_exp": 29.0,
        "opt_shap": 29.499998092651367,
        "opt_objBI": 28.5
    },
    "objBI": {
        "full": [
            0.02172570861876011,
            0.10498344153165817,
            0.037697359919548035,
            0.057227879762649536,
            0.023105714470148087,
            0.03455477952957153,
            0.025954589247703552,
            0.01602499559521675,
            0.041553955525159836
        ],
        "partial": [
            0.018975453451275826,
            0.09568044543266296,
            0.03370062634348869,
            0.055815208703279495,
            0.023365778848528862,
            0.042236294597387314,
            0.023517906665802002,
            0.007034365087747574,
            0.002610918367281556
        ],
        "mip": [
            0.04596013203263283,
            0.10143161565065384,
            0.04575609043240547,
            0.06812997907400131,
            0.038893748074769974,
            0.04385525733232498,
            0.042697567492723465,
            0.03435475006699562,
            0.036331478506326675
        ],
        "adv_deb": [
            0.014204873703420162,
            0.09893614053726196,
            0.034132059663534164,
            0.052838899195194244,
            0.02219107560813427,
            0.03609723225235939,
            0.02533005177974701,
            0.005433178506791592,
            0.03123992122709751
        ],
        "eo_cal": [
            0.0033622446935623884,
            0.03538871183991432,
            0.012885725125670433,
            0.026774119585752487,
            0.012071208097040653,
            0.0045240046456456184,
            0.008868932723999023,
            0.005724905524402857,
            0.031138163059949875
        ],
        "re_weigh": [
            0.018631860613822937,
            0.08605337888002396,
            0.03366084024310112,
            0.05948770046234131,
            0.02225342206656933,
            0.028596213087439537,
            0.021023698151111603,
            0.011799180880188942,
            0.00244721956551075
        ],
        "dp_exp": [
            0.02126695215702057,
            0.18504491448402405,
            0.03174203261733055,
            0.0673866868019104,
            0.04703310504555702,
            0.06811856478452682,
            0.04161836951971054,
            0.020903687924146652,
            0.012328602373600006
        ],
        "eo_exp": [
            0.02259541116654873,
            0.18759948015213013,
            0.017185717821121216,
            0.04937497153878212,
            0.021635670214891434,
            0.023867515847086906,
            0.053614988923072815,
            0.02618778683245182,
            0.0023397805634886026
        ],
        "tpr_exp": [
            0.03403124958276749,
            0.19136875867843628,
            0.0175624992698431,
            0.03826874867081642,
            0.0513250008225441,
            0.0825437530875206,
            0.04608750343322754,
            0.05239999666810036,
            0.027500001713633537
        ],
        "er_exp": [
            0.031150002032518387,
            0.15033748745918274,
            0.0635875016450882,
            0.07401249557733536,
            0.03974375128746033,
            0.06857499480247498,
            0.03477499634027481,
            0.017799997702240944,
            0.02250000275671482
        ],
        "opt_shap": [
            0.02559533156454563,
            0.1052456647157669,
            0.041963595896959305,
            0.06351370364427567,
            0.024978909641504288,
            0.03684591129422188,
            0.026240911334753036,
            0.021061772480607033,
            0.011935222893953323
        ],
        "opt_objBI": [
            0.014845948666334152,
            0.09771312773227692,
            0.03649260476231575,
            0.060147203505039215,
            0.019371898844838142,
            0.03557558357715607,
            0.02492336742579937,
            0.013112196698784828,
            0.0026517645455896854
        ]
    },
    "shap": {
        "full": [
            0.00984122697263956,
            0.10054478794336319,
            0.037316855043172836,
            0.05843542143702507,
            0.019487962126731873,
            0.03305607661604881,
            0.021698247641324997,
            0.010269289836287498,
            0.03435294330120087
        ],
        "partial": [
            0.010825511999428272,
            0.09958890825510025,
            0.035181332379579544,
            0.05544619262218475,
            0.022338742390275,
            0.04095282405614853,
            0.02492535673081875,
            0.004763354547321796
        ],
        "mip": [
            0.009939002804458141,
            0.09827522188425064,
            0.0363621823489666,
            0.059385109692811966,
            0.020033229142427444,
            0.03356897458434105,
            0.022681886330246925,
            0.009434666484594345
        ],
        "adv_deb": [
            0.009857164695858955,
            0.08662132173776627,
            0.031864069402217865,
            0.046825576573610306,
            0.025858549401164055,
            0.034359872341156006,
            0.026206450536847115,
            0.009836781769990921,
            0.02682618796825409
        ],
        "eo_cal": [
            0.0016912356950342655,
            0.034982308745384216,
            0.012428329326212406,
            0.030421433970332146,
            0.012257814407348633,
            0.005210560746490955,
            0.008422684855759144,
            0.003573567373678088,
            0.05873407423496246
        ],
        "re_weigh": [
            0.010222749784588814,
            0.09883100539445877,
            0.03448181971907616,
            0.05911821871995926,
            0.02113340049982071,
            0.030916007235646248,
            0.022316882386803627,
            0.008212625049054623,
            0.0005709975375793874
        ],
        "dp_exp": [
            0.004066402092576027,
            0.16504248976707458,
            0.04106665030121803,
            0.06096981093287468,
            0.039946116507053375,
            0.06683152914047241,
            0.03352455794811249,
            0.01796657219529152,
            0.0
        ],
        "eo_exp": [
            0.005761525593698025,
            0.20373843610286713,
            0.06288130581378937,
            0.052035294473171234,
            0.038349103182554245,
            0.06519141793251038,
            0.03925717622041702,
            0.020508835092186928,
            0.0
        ],
        "tpr_exp": [
            0.004117460921406746,
            0.19194959104061127,
            0.009581548161804676,
            0.03327738121151924,
            0.05225913226604462,
            0.08130159229040146,
            0.03967619314789772,
            0.026824407279491425,
            0.0
        ],
        "er_exp": [
            0.004761706572026014,
            0.1769932508468628,
            0.06761488318443298,
            0.06992778182029724,
            0.03496309742331505,
            0.05285079404711723,
            0.02973591350018978,
            0.014390873722732067,
            0.0
        ],
        "opt_shap": [
            0.011855442076921463,
            0.10382717102766037,
            0.039254579693078995,
            0.06068037822842598,
            0.01889578066766262,
            0.03333519771695137,
            0.02058701030910015,
            0.01007088739424944
        ],