{
    "error": {
        "full": 33.5,
        "partial": 32.5,
        "mip": 31.0,
        "adv_deb": 32.5,
        "eo_cal": 32.0,
        "re_weigh": 32.0,
        "dp_exp": 31.5,
        "eo_exp": 32.0,
        "tpr_exp": 31.0,
        "er_exp": 31.0,
        "opt_shap": 33.0,
        "opt_objBI": 30.5
    },
    "objBI": {
        "full": [
            0.009434529580175877,
            0.09216518700122833,
            0.01581207476556301,
            0.04109484702348709,
            0.018682340160012245,
            0.026030855253338814,
            0.02038923092186451,
            0.014738237485289574,
            0.04921572655439377
        ],
        "partial": [
            0.013331742025911808,
            0.10617273300886154,
            0.013376094400882721,
            0.03340109437704086,
            0.022771496325731277,
            0.029692377895116806,
            0.02758222259581089,
            0.013226845301687717,
            0.011637931689620018
        ],
        "mip": [
            0.009984214790165424,
            0.09119817614555359,
            0.01359361782670021,
            0.039009470492601395,
            0.019014786928892136,
            0.02825094759464264,
            0.021717017516493797,
            0.01584596186876297,
            0.007185354363173246
        ],
        "adv_deb": [
            0.009302868507802486,
            0.05446189269423485,
            0.018045244738459587,
            0.026691248640418053,
            0.018079662695527077,
            0.028063464909791946,
            0.020032374188303947,
            0.010577697306871414,
            0.03590250387787819
        ],
        "eo_cal": [
            0.013181686401367188,
            0.07529774308204651,
            0.02063927799463272,
            0.039133548736572266,
            0.023456741124391556,
            0.032319217920303345,
            0.011355693452060223,
            0.01121160015463829,
            0.02981768548488617
        ],
        "re_weigh": [
            0.023661769926548004,
            0.09413968771696091,
            0.024325087666511536,
            0.040320683270692825,
            0.022903040051460266,
            0.028498442843556404,
            0.027607889845967293,
            0.023159634321928024,
            0.025203287601470947
        ],
        "dp_exp": [
            0.004837894346565008,
            0.082856185734272,
            0.005010948050767183,
            0.015275619924068451,
            0.013994201086461544,
            0.024371357634663582,
            0.015164940617978573,
            0.004495335277169943,
            0.004093611147254705
        ],
        "eo_exp": [
            0.024606389924883842,
            0.10846063494682312,
            0.02604152262210846,
            0.019134897738695145,
            0.031651146709918976,
            0.035334013402462006,
            0.027468116953969002,
            0.022750498726963997,
            0.02503231354057789
        ],
        "tpr_exp": [
            0.025480899959802628,
            0.08327031135559082,
            0.02571336179971695,
            0.03559275344014168,
            0.025999417528510094,
            0.028155148029327393,
            0.02335210144519806,
            0.025573357939720154,
            0.02500000223517418
        ],
        "er_exp": [
            0.02579120360314846,
            0.11274215579032898,
            0.01463465578854084,
            0.04337237402796745,
            0.030754659324884415,
            0.040610600262880325,
            0.014656031504273415,
            0.05154477059841156,
            0.015886830165982246
        ],
        "opt_shap": [
            0.008661871775984764,
            0.10562430322170258,
            0.0134268244728446,
            0.04002586379647255,
            0.015215677209198475,
            0.02442903444170952,
            0.018313514068722725,
            0.011633520014584064,
            0.004612445365637541
        ],
        "opt_objBI": [
            0.013212166726589203,
            0.09602031856775284,
            0.013394732028245926,
            0.03942150995135307,
            0.016612933948636055,
            0.025714969262480736,
            0.020474009215831757,
            0.01602812483906746,
            0.008988939225673676
        ]
    },
    "shap": {
        "full": [
            0.002667435444891453,
            0.10064131021499634,
            0.014467078261077404,
            0.039418600499629974,
            0.016014456748962402,
            0.02606058306992054,
            0.018160929903388023,
            0.009190828539431095,
            0.04301474615931511
        ],
        "partial": [
            0.0018328449223190546,
            0.10062514990568161,
            0.007215954829007387,
            0.03030191734433174,
            0.01927037537097931,
            0.030089054256677628,
            0.020850326865911484,
            0.004302132409065962
        ],
        "mip": [
            0.002935493364930153,
            0.09614807367324829,
            0.013228077441453934,
            0.03672763705253601,
            0.015943381935358047,
            0.025585386902093887,
            0.017185159027576447,
            0.009794353507459164
        ],
        "adv_deb": [
            0.002357346238568425,
            0.06205612048506737,
            0.0196243803948164,
            0.02789456769824028,
            0.018107730895280838,
            0.030802275985479355,
            0.019641106948256493,
            0.008114873431622982,
            0.030730219557881355
        ],
        "eo_cal": [
            0.0024930564686656,
            0.076406329870224,
            0.01966380514204502,
            0.033337779343128204,
            0.020376307889819145,
            0.027507107704877853,
            0.0030503759626299143,
            0.001139035215601325,
            0.038012437522411346
        ],
        "re_weigh": [
            0.002250193851068616,
            0.09638357162475586,
            0.013975130394101143,
            0.03338193520903587,
            0.012919404543936253,
            0.022598393261432648,
            0.01532062329351902,
            0.007135829888284206,
            0.013846785761415958
        ],
        "dp_exp": [
            0.0010470906272530556,
            0.10462966561317444,
            0.015758972615003586,
            0.026042846962809563,
            0.0150397177785635,
            0.025039726868271828,
            0.011434081941843033,
            0.004235486499965191,
            0.0
        ],
        "eo_exp": [
            0.001271402696147561,
            0.11634227633476257,
            0.027263788506388664,
            0.02328222431242466,
            0.0220077745616436,
            0.036987099796533585,
            0.013282328844070435,
            0.004959132056683302,
            0.0
        ],
        "tpr_exp": [
            0.001005654688924551,
            0.09724029898643494,
            0.010962910950183868,
            0.024162746965885162,
            0.012002391740679741,
            0.021300911903381348,
            0.00959198921918869,
            0.0033372342586517334,
            0.0
        ],
        "er_exp": [
            0.008627652190625668,
            0.11718790978193283,
            0.019507048651576042,
            0.03769869729876518,
            0.021327607333660126,
            0.03727702051401138,
            0.01066584326326847,
            0.035240042954683304,
            0.0
        ],
        "opt_shap": [
            0.003531817113980651,
            0.102554090321064,
            0.012856194749474525,
            0.037799518555402756,
            0.01381476130336523,
            0.02365790866315365,
            0.01582856848835945,
            0.007859007455408573
        ],