{
    "error": {
        "full": 32.251312255859375,
        "partial": 31.623035430908203,
        "mip": 31.308900833129883,
        "adv_deb": 29.94764518737793,
        "eo_cal": 33.61256408691406,
        "re_weigh": 33.403141021728516,
        "dp_exp": 42.72251510620117,
        "eo_exp": 47.74869155883789,
        "tpr_exp": 37.48691177368164,
        "er_exp": 31.518325805664062,
        "opt_shap": 31.832460403442383,
        "opt_objBI": 30.890052795410156
    },
    "objBI": {
        "full": [
            0.037369489669799805,
            0.09986743330955505,
            0.017321648076176643,
            0.023981261998414993,
            0.036713507026433945,
            0.15439392626285553,
            0.01972184330224991,
            0.0535663478076458
        ],
        "partial": [
            0.03027447499334812,
            0.119701087474823,
            0.009065420366823673,
            0.016017025336623192,
            0.03515337035059929,
            0.18316471576690674,
            0.014916888438165188,
            0.0068206763826310635
        ],
        "mip": [
            0.029412472620606422,
            0.1030518114566803,
            0.006752138026058674,
            0.014354772865772247,
            0.028938794508576393,
            0.1522161364555359,
            0.018336782231926918,
            0.004638535436242819
        ],
        "adv_deb": [
            0.0201556459069252,
            0.11729107797145844,
            0.012126251123845577,
            0.012951934710144997,
            0.031161408871412277,
            0.16931933164596558,
            0.008533931337296963,
            0.04260967671871185
        ],
        "eo_cal": [
            0.01239573210477829,
            0.05984876677393913,
            0.003211463335901499,
            0.006891376338899136,
            0.01110259909182787,
            0.08057627826929092,
            0.010393173433840275,
            0.0629376620054245
        ],
        "re_weigh": [
            0.03133733943104744,
            0.1074443981051445,
            0.008324448950588703,
            0.015009629540145397,
            0.034417327493429184,
            0.14178985357284546,
            0.023113898932933807,
            0.04266318306326866
        ],
        "dp_exp": [
            0.02145311050117016,
            0.18470364809036255,
            0.007500000763684511,
            0.039539266377687454,
            0.10110316425561905,
            0.3850176930427551,
            0.043240152299404144,
            0.007500000763684511
        ],
        "eo_exp": [
            0.15689581632614136,
            0.04161681979894638,
            0.0333629734814167,
            0.07886265963315964,
            0.08212123066186905,
            0.11651735007762909,
            0.045734673738479614,
            0.03218153119087219
        ],
        "tpr_exp": [
            0.010382774285972118,
            0.05349968373775482,
            0.017985617741942406,
            0.025555873289704323,
            0.0881791040301323,
            0.35370612144470215,
            0.008105574175715446,
            0.006564344745129347
        ],
        "er_exp": [
            0.081637442111969,
            0.21581082046031952,
            0.023170089349150658,
            0.03085322305560112,
            0.06553404033184052,
            0.3361484408378601,
            0.047859277576208115,
            0.014108164235949516
        ],
        "opt_shap": [
            0.040266938507556915,
            0.1086575910449028,
            0.02440989948809147,
            0.034373942762613297,
            0.04794958233833313,
            0.16069839894771576,
            0.02197634056210518,
            0.024765660986304283
        ],
        "opt_objBI": [
            0.02860911935567856,
            0.10012108087539673,
            0.0071017383597791195,
            0.013501781038939953,
            0.03218740597367287,
            0.16512040793895721,
            0.010948305018246174,
            0.006151361856609583
        ]
    },
    "shap": {
        "full": [
            0.026956941932439804,
            0.10084742307662964,
            0.0011549139162525535,
            0.0075546326115727425,
            0.023225409910082817,
            0.1605740636587143,
            0.007633638568222523,
            0.04705168306827545
        ],
        "partial": [
            0.027966730296611786,
            0.11340805888175964,
            0.0017371716676279902,
            0.007829289883375168,
            0.022482024505734444,
            0.1686612218618393,
            0.009770577773451805
        ],
        "mip": [
            0.02519090473651886,
            0.10459249466657639,
            0.0022425311617553234,
            0.0081950593739748,
            0.02495216578245163,
            0.1552993357181549,
            0.014091266319155693
        ],
        "adv_deb": [
            0.018310124054551125,
            0.11210697889328003,
            0.004479750990867615,
            0.007640451658517122,
            0.024604925885796547,
            0.16684553027153015,
            0.013516750186681747,
            0.03518112748861313
        ],
        "eo_cal": [
            0.009978611022233963,
            0.05574841797351837,
            0.0003583151556085795,
            0.005384983494877815,
            0.012423471547663212,
            0.0868677943944931,
            0.007598226889967918,
            0.08839742094278336
        ],
        "re_weigh": [
            0.02511877380311489,
            0.10457582771778107,
            0.0022417698055505753,
            0.007992200553417206,
            0.027573058381676674,
            0.15470951795578003,
            0.014848140999674797,
            0.04590491205453873
        ],
        "dp_exp": [
            0.017373735085129738,
            0.20033179223537445,
            1.5770416439409018e-06,
            0.023953845724463463,
            0.08837777376174927,
            0.3607683479785919,
            0.04058685153722763,
            0.0
        ],
        "eo_exp": [
            0.12652890384197235,
            0.14886701107025146,
            0.010205353610217571,
            0.048619456589221954,
            0.05242224782705307,
            0.1875603049993515,
            0.05299483239650726,
            0.0
        ],
        "tpr_exp": [
            0.043678127229213715,
            0.13206955790519714,
            0.00681040296331048,
            0.015918653458356857,
            0.08150949329137802,
            0.36760440468788147,
            0.024196403101086617,
            0.0
        ],
        "er_exp": [
            0.07172543555498123,
            0.23937144875526428,
            0.0043574487790465355,
            0.01529186125844717,
            0.037725456058979034,
            0.3349224925041199,
            0.04158640280365944,
            0.0
        ],
        "opt_shap": [
            0.025818444788455963,
            0.10145237296819687,
            0.0018095489358529449,
            0.00931677408516407,
            0.027308877557516098,
            0.16076259315013885,
            0.007295732386410236
        ],
        "opt_objBI": [
            0.024977944791316986,
            0.10159643739461899,
            0.0017933642957359552,
            0.006619825027883053,
            0.022612368687987328,
            0.16404534876346588,
            0.006519864313304424
        ]
    },
    "di": {
        "full": 0.3500321130378934,
        "partial": 0.5600513808606294,
        "mip": 0.574464467868072,
        "adv_deb": 0.41196087149844374,
        "eo_cal": 0.2466281310211946,
        "re_weigh": 0.9871873418395887,
        "dp_exp": 0.90694887796087,
        "eo_exp": 0.9189793376552868,
        "tpr_exp": 0.713447806868412,
        "er_exp": 0.6041650170243091,
        "opt_shap": 0.5262369578652707,
        "opt_objBI": 0.5754374078073501
    },
    "dd": {
        "full": -0.4830036591186297,