{
    "error": {
        "full": 30.471202850341797,
        "partial": 30.157068252563477,
        "mip": 29.528797149658203,
        "adv_deb": 29.319372177124023,
        "eo_cal": 32.77486801147461,
        "re_weigh": 34.13612365722656,
        "dp_exp": 42.82722473144531,
        "eo_exp": 45.44502639770508,
        "tpr_exp": 38.21989440917969,
        "er_exp": 29.633506774902344,
        "opt_shap": 29.214658737182617,
        "opt_objBI": 29.528797149658203
    },
    "objBI": {
        "full": [
            0.015627674758434296,
            0.1239451915025711,
            0.0123654305934906,
            0.012867653742432594,
            0.019068952649831772,
            0.14062994718551636,
            0.023897143080830574,
            0.06362833082675934
        ],
        "partial": [
            0.014393792487680912,
            0.14472803473472595,
            0.0062128775753080845,
            0.006582160014659166,
            0.013334291987121105,
            0.14717741310596466,
            0.022379733622074127,
            0.005755179096013308
        ],
        "mip": [
            0.021942438557744026,
            0.10912186652421951,
            0.011315290816128254,
            0.011095602065324783,
            0.01809329353272915,
            0.13158626854419708,
            0.017992911860346794,
            0.011237658560276031
        ],
        "adv_deb": [
            0.027690865099430084,
            0.11891498416662216,
            0.02385665848851204,
            0.02260606922209263,
            0.02131224423646927,
            0.17654207348823547,
            0.024224163964390755,
            0.04999310150742531
        ],
        "eo_cal": [
            0.010849440470337868,
            0.06656693667173386,
            0.008738614618778229,
            0.008884117938578129,
            0.012006361037492752,
            0.07890404015779495,
            0.0092324735596776,
            0.09529958665370941
        ],
        "re_weigh": [
            0.026570701971650124,
            0.11504419147968292,
            0.014341440051794052,
            0.014586086384952068,
            0.020571699365973473,
            0.13980025053024292,
            0.016612602397799492,
            0.06009781360626221
        ],
        "dp_exp": [
            0.10011430829763412,
            0.1401139795780182,
            0.034326888620853424,
            0.011812272481620312,
            0.07523227483034134,
            0.35861504077911377,
            0.08031508326530457,
            0.01052801962941885
        ],
        "eo_exp": [
            0.10461197048425674,
            0.04842698946595192,
            0.022877179086208344,
            0.025905461981892586,
            0.05835390090942383,
            0.12367727607488632,
            0.08506867289543152,
            0.005297496449202299
        ],
        "tpr_exp": [
            0.05417478084564209,
            0.046922825276851654,
            0.004985264036804438,
            0.0041957758367061615,
            0.09028615057468414,
            0.3240233361721039,
            0.008888405747711658,
            0.004206177778542042
        ],
        "er_exp": [
            0.07182499766349792,
            0.23360000550746918,
            0.047981251031160355,
            0.051981255412101746,
            0.0390937477350235,
            0.4046874940395355,
            0.057737503200769424,
            0.04750000312924385
        ],
        "opt_shap": [
            0.013301893137395382,
            0.11856585741043091,
            0.008560377173125744,
            0.010125772096216679,
            0.01857507787644863,
            0.16404280066490173,
            0.021699950098991394,
            0.007060877047479153
        ],
        "opt_objBI": [
            0.009703594259917736,
            0.11817695945501328,
            0.0058100358583033085,
            0.006751525215804577,
            0.013452057726681232,
            0.16304835677146912,
            0.0213843435049057,
            0.005608396138995886
        ]
    },
    "shap": {
        "full": [
            0.00882608350366354,
            0.11986015737056732,
            0.00035434929304756224,
            0.001551767927594483,
            0.008955349214375019,
            0.14404818415641785,
            0.016467366367578506,
            0.059207040816545486
        ],
        "partial": [
            0.011024131439626217,
            0.13648571074008942,
            0.000561952474527061,
            0.0016443609492853284,
            0.007596880663186312,
            0.15807141363620758,
            0.017249446362257004
        ],
        "mip": [
            0.015926543623209,
            0.11573728919029236,
            0.0003716828941833228,
            0.0006619423511438072,
            0.007034482900053263,
            0.15214712917804718,
            0.009800377301871777
        ],
        "adv_deb": [
            0.018770860508084297,
            0.12654343247413635,
            0.003071502083912492,
            0.0054002366960048676,
            0.008386894129216671,
            0.17132216691970825,
            0.019153859466314316,
            0.039911217987537384
        ],
        "eo_cal": [
            0.00627787783741951,
            0.0611598826944828,
            0.0003947641816921532,
            3.421053406782448e-05,
            0.00445391284301877,
            0.08883624523878098,
            0.0027263774536550045,
            0.10663474351167679
        ],
        "re_weigh": [
            0.016658581793308258,
            0.11759424954652786,
            0.0003369765472598374,
            0.0005919667892158031,
            0.008026201277971268,
            0.15255536139011383,
            0.009633404202759266,
            0.052052292972803116
        ],
        "dp_exp": [
            0.08092489838600159,
            0.14120322465896606,
            0.02141108736395836,
            0.0012968633091077209,
            0.0753694400191307,
            0.34073203802108765,
            0.08886624127626419,
            0.0
        ],
        "eo_exp": [
            0.12556327879428864,
            0.10952699184417725,
            0.02250533550977707,
            0.02977912500500679,
            0.06305485963821411,
            0.15051230788230896,
            0.06672821193933487,
            0.0
        ],
        "tpr_exp": [
            0.05477651208639145,
            0.16462251543998718,
            0.0008683452615514398,
            0.002789961639791727,
            0.0753888189792633,
            0.3214135468006134,
            0.02136625163257122,
            0.0
        ],
        "er_exp": [
            0.059086017310619354,
            0.24106258153915405,
            0.001210421440191567,
            0.005392545834183693,
            0.009373722597956657,
            0.39352691173553467,
            0.023588381707668304,
            0.0
        ],
        "opt_shap": [
            0.009071124717593193,
            0.1218743771314621,
            0.0017834851751103997,
            0.002463867887854576,
            0.012022187002003193,
            0.14973509311676025,
            0.017383579164743423
        ],
        "opt_objBI": [
            0.007643695920705795,
            0.12446523457765579,
            0.00035790447145700455,
            0.0015670157736167312,
            0.008177126757800579,
            0.14863507449626923,
            0.01734190620481968
        ]
    },
    "di": {
        "full": 0.28045798132503336,
        "partial": 0.5240203193033381,
        "mip": 0.5343667739105002,
        "adv_deb": 0.35432998530132287,
        "eo_cal": 0.2173076923076923,
        "re_weigh": 1.0311785986290938,
        "dp_exp": 0.8326834455866715,
        "eo_exp": 0.9193640517897943,
        "tpr_exp": 0.7817832167832168,
        "er_exp": 0.577871963562753,
        "opt_shap": 0.5586375488917862,
        "opt_objBI": 0.5189054366685946
    },