{
    "error": {
        "full": 28.5,
        "partial": 29.0,
        "mip": 30.5,
        "adv_deb": 28.5,
        "eo_cal": 28.5,
        "re_weigh": 29.0,
        "dp_exp": 30.000001907348633,
        "eo_exp": 30.000001907348633,
        "tpr_exp": 28.0,
        "er_exp": 27.5,
        "opt_shap": 30.000001907348633,
        "opt_objBI": 30.5
    },
    "objBI": {
        "full": [
            0.021313076838850975,
            0.13369090855121613,
            0.016199136152863503,
            0.06821978092193604,
            0.007159572094678879,
            0.052252594381570816,
            0.010182837024331093,
            0.0187920480966568,
            0.026453426107764244
        ],
        "partial": [
            0.034903742372989655,
            0.1263124644756317,
            0.024696264415979385,
            0.07312313467264175,
            0.021954737603664398,
            0.0632517859339714,
            0.022090086713433266,
            0.029855618253350258,
            0.022037819027900696
        ],
        "mip": [
            0.02198662981390953,
            0.12802617251873016,
            0.01645779050886631,
            0.06761376559734344,
            0.010476038791239262,
            0.05488074943423271,
            0.014261774718761444,
            0.024717379361391068,
            0.00835441704839468
        ],
        "adv_deb": [
            0.01871315762400627,
            0.08270061761140823,
            0.031459495425224304,
            0.056438613682985306,
            0.01888401247560978,
            0.036119747906923294,
            0.015175518579781055,
            0.004679461475461721,
            0.02279827557504177
        ],
        "eo_cal": [
            0.028918080031871796,
            0.11067622154951096,
            0.016272103413939476,
            0.0607624389231205,
            0.011233771219849586,
            0.050578899681568146,
            0.016645485535264015,
            0.01925710216164589,
            0.02081555873155594
        ],
        "re_weigh": [
            0.021953344345092773,
            0.13127748668193817,
            0.014686583541333675,
            0.06769515573978424,
            0.01402374729514122,
            0.05478782206773758,
            0.012681188993155956,
            0.013358673080801964,
            0.011627726256847382
        ],
        "dp_exp": [
            0.06234581768512726,
            0.20222929120063782,
            0.05261804535984993,
            0.0818709060549736,
            0.06482090801000595,
            0.09319862723350525,
            0.056263960897922516,
            0.053738947957754135,
            0.058270346373319626
        ],
        "eo_exp": [
            0.029071802273392677,
            0.17076963186264038,
            0.017433635890483856,
            0.0987013503909111,
            0.037741079926490784,
            0.09649653732776642,
            0.023902101442217827,
            0.02107594721019268,
            0.01413035485893488
        ],
        "tpr_exp": [
            0.01716473512351513,
            0.21884985268115997,
            0.014072934165596962,
            0.05564887821674347,
            0.02793622575700283,
            0.06486447155475616,
            0.007189738564193249,
            0.009670134633779526,
            0.0037383316084742546
        ],
        "er_exp": [
            0.01272021047770977,
            0.2419719696044922,
            0.03603309765458107,
            0.007508915849030018,
            0.02451459877192974,
            0.061459966003894806,
            0.017216838896274567,
            0.026676660403609276,
            0.008313165046274662
        ],
        "opt_shap": [
            0.023611044511198997,
            0.12671694159507751,
            0.013977532275021076,
            0.07204652577638626,
            0.00813433900475502,
            0.057283591479063034,
            0.011466906405985355,
            0.023258158937096596,
            0.004816143307834864
        ],
        "opt_objBI": [
            0.01549256406724453,
            0.12122884392738342,
            0.014033693820238113,
            0.06696943193674088,
            0.007078166119754314,
            0.05071911960840225,
            0.010106954723596573,
            0.021555501967668533,
            0.00324095762334764
        ]
    },
    "shap": {
        "full": [
            0.014843281358480453,
            0.12807391583919525,
            0.014605394564568996,
            0.06687804311513901,
            0.0072854794561862946,
            0.053177930414676666,
            0.009406345896422863,
            0.018014343455433846,
            0.02333257347345352
        ],
        "partial": [
            0.015288982540369034,
            0.12281172722578049,
            0.014599652029573917,
            0.06657534837722778,
            0.011684749275445938,
            0.05818871036171913,
            0.010829024016857147,
            0.013727727346122265
        ],
        "mip": [
            0.015055482275784016,
            0.12692272663116455,
            0.014509327709674835,
            0.06645786762237549,
            0.00685869948938489,
            0.05383428558707237,
            0.009496121667325497,
            0.017542175948619843
        ],
        "adv_deb": [
            0.01261955127120018,
            0.08142127841711044,
            0.031999893486499786,
            0.055523622781038284,
            0.021293358877301216,
            0.03695588931441307,
            0.016944685950875282,
            0.009029519744217396,
            0.022488456219434738
        ],
        "eo_cal": [
            0.02001604065299034,
            0.10835050791501999,
            0.015428273938596249,
            0.058786358684301376,
            0.008588741533458233,
            0.048613108694553375,
            0.011999395675957203,
            0.01301258523017168,
            0.03305745869874954
        ],
        "re_weigh": [
            0.014746512286365032,
            0.12462984025478363,
            0.012660414911806583,
            0.06222320720553398,
            0.011989704333245754,
            0.05499463155865669,
            0.008359475992619991,
            0.008478024043142796,
            0.007315678056329489
        ],
        "dp_exp": [
            0.01027768012136221,
            0.20138508081436157,
            0.028891487047076225,
            0.06004299968481064,
            0.03637046739459038,
            0.08302631229162216,
            0.013312291353940964,
            0.014188742265105247,
            0.0
        ],
        "eo_exp": [
            0.009483077563345432,
            0.17596590518951416,
            0.014080656692385674,
            0.0789254829287529,
            0.040139008313417435,
            0.09073648601770401,
            0.020858468487858772,
            0.01378089189529419,
            0.0
        ],
        "tpr_exp": [
            0.010353555902838707,
            0.20973919332027435,
            0.027849480509757996,
            0.06224478781223297,
            0.029440145939588547,
            0.07262998819351196,
            0.010901062749326229,
            0.012380498461425304,
            0.0
        ],
        "er_exp": [
            0.009831705130636692,
            0.24592986702919006,
            0.041174083948135376,
            0.023554915562272072,
            0.02656986191868782,
            0.06575995683670044,
            0.009748497046530247,
            0.027187366038560867,
            0.0
        ],
        "opt_shap": [
            0.016862502321600914,
            0.1215444877743721,
            0.012996128760278225,
            0.06544116139411926,
            0.006743795704096556,
            0.05177300423383713,
            0.008814222179353237,
            0.019069401547312737
        ],