{
    "error": {
        "full": 30.5,
        "partial": 31.0,
        "mip": 30.5,
        "adv_deb": 30.5,
        "eo_cal": 30.000001907348633,
        "re_weigh": 30.5,
        "dp_exp": 30.5,
        "eo_exp": 30.000001907348633,
        "tpr_exp": 31.5,
        "er_exp": 31.0,
        "opt_shap": 31.5,
        "opt_objBI": 31.0
    },
    "objBI": {
        "full": [
            0.010671394877135754,
            0.031137287616729736,
            0.05515982583165169,
            0.05932497978210449,
            0.013495354913175106,
            0.006933772470802069,
            0.0239345021545887,
            0.022794237360358238,
            0.04493870586156845
        ],
        "partial": [
            0.011772220954298973,
            0.02830466441810131,
            0.04269362986087799,
            0.05558384582400322,
            0.01223830971866846,
            0.005654321517795324,
            0.025338683277368546,
            0.01602061465382576,
            0.005593764595687389
        ],
        "mip": [
            0.019999973475933075,
            0.029000161215662956,
            0.05239062011241913,
            0.05909397453069687,
            0.01497700810432434,
            0.009576196782290936,
            0.025480622425675392,
            0.024665838107466698,
            0.00793290976434946
        ],
        "adv_deb": [
            0.014923794195055962,
            0.05111647769808769,
            0.03493766859173775,
            0.04884966462850571,
            0.013350587338209152,
            0.013785689137876034,
            0.030484585091471672,
            0.00948608759790659,
            0.027575908228754997
        ],
        "eo_cal": [
            0.019623562693595886,
            0.03975779190659523,
            0.03025219962000847,
            0.04596167057752609,
            0.01167601253837347,
            0.01132626086473465,
            0.0313323475420475,
            0.011373305693268776,
            0.030005378648638725
        ],
        "re_weigh": [
            0.013201062567532063,
            0.033215656876564026,
            0.0527966171503067,
            0.0625142976641655,
            0.012710840441286564,
            0.007699909154325724,
            0.02974614128470421,
            0.019359640777111053,
            0.02181396447122097
        ],
        "dp_exp": [
            0.014706251211464405,
            0.008749999105930328,
            0.025362499058246613,
            0.018131250515580177,
            0.010668749921023846,
            0.008531250059604645,
            0.009899999015033245,
            0.014862499199807644,
            0.014999999664723873
        ],
        "eo_exp": [
            0.0016677003586664796,
            0.019839059561491013,
            0.009022491984069347,
            0.0058948262594640255,
            0.002021938795223832,
            0.010222185403108597,
            0.007380851544439793,
            0.0005780955543741584,
            0.0007623723358847201
        ],
        "tpr_exp": [
            0.0017968746833503246,
            0.002038143342360854,
            0.009231709875166416,
            0.009580515325069427,
            0.0018370405305176973,
            0.0017186579061672091,
            0.005633732303977013,
            0.0016911763232201338,
            0.0016911763232201338
        ],
        "er_exp": [
            0.0034562500659376383,
            0.007668750360608101,
            0.022443749010562897,
            0.015974998474121094,
            0.010843749158084393,
            0.016068749129772186,
            0.006787499412894249,
            0.007474999874830246,
            0.002499999711290002
        ],
        "opt_shap": [
            0.013866890221834183,
            0.02692008577287197,
            0.039669159799814224,
            0.05549848452210426,
            0.013997784815728664,
            0.008148728869855404,
            0.02358110435307026,
            0.02171582728624344,
            0.006245426367968321
        ],
        "opt_objBI": [
            0.016582973301410675,
            0.03269023820757866,
            0.052835613489151,
            0.060476064682006836,
            0.016497157514095306,
            0.012538847513496876,
            0.028001222759485245,
            0.02516981214284897,
            0.011483325622975826
        ]
    },
    "shap": {
        "full": [
            0.008974682539701462,
            0.02929571084678173,
            0.04830995574593544,
            0.05731302127242088,
            0.012354029342532158,
            0.005904912482947111,
            0.020017115399241447,
            0.020678922533988953,
            0.03659127652645111
        ],
        "partial": [
            0.008317206054925919,
            0.03005741909146309,
            0.04367133975028992,
            0.05323580652475357,
            0.011057469062507153,
            0.0007998619112186134,
            0.021884426474571228,
            0.011695321649312973
        ],
        "mip": [
            0.0096743144094944,
            0.02882659249007702,
            0.048784039914608,
            0.05888329818844795,
            0.011989767663180828,
            0.006271463818848133,
            0.019981637597084045,
            0.022050270810723305
        ],
        "adv_deb": [
            0.008299740962684155,
            0.047398895025253296,
            0.03077978640794754,
            0.04452727735042572,
            0.013676903210580349,
            0.014773087576031685,
            0.023888669908046722,
            0.009050046093761921,
            0.021245617419481277
        ],
        "eo_cal": [
            0.00915739219635725,
            0.04035496711730957,
            0.027888359501957893,
            0.044445861130952835,
            0.006384287029504776,
            0.0019351541996002197,
            0.025119516998529434,
            0.0012249668361619115,
            0.03771572187542915
        ],
        "re_weigh": [
            0.00870937667787075,
            0.031112346798181534,
            0.04939143732190132,
            0.060095224529504776,
            0.011121850460767746,
            0.004308571107685566,
            0.024147816002368927,
            0.01391910295933485,
            0.017673209309577942
        ],
        "dp_exp": [
            0.0005200396990403533,
            0.012018454261124134,
            0.027265874668955803,
            0.014441469684243202,
            0.0033319443464279175,
            0.003150397213175893,
            0.007522420957684517,
            0.0016515874303877354,
            0.0
        ],
        "eo_exp": [
            0.00038096532807685435,
            0.016694793477654457,
            0.014372273348271847,
            0.007440684828907251,
            0.004570483695715666,
            0.012463441118597984,
            0.0063749048858881,
            0.0036378514487296343,
            0.0
        ],
        "tpr_exp": [
            0.00015005836030468345,
            0.0035591740161180496,
            0.008699893020093441,
            0.004840388894081116,
            0.0011502685956656933,
            0.0003931635292246938,
            0.0025535309687256813,
            0.0002748832921497524,
            0.0
        ],
        "er_exp": [
            0.00046031747478991747,
            0.007647222373634577,
            0.02529444545507431,
            0.011621428653597832,
            0.009170039556920528,
            0.011775000020861626,
            0.003780159167945385,
            0.0032291668467223644,
            0.0
        ],
        "opt_shap": [
            0.010206472128629684,
            0.026278629899024963,
            0.03820589557290077,
            0.04937481880187988,
            0.011725143529474735,
            0.006686907261610031,
            0.020692095160484314,
            0.018472999334335327
        ],