{
    "error": {
        "full": 25.799999237060547,
        "partial": 25.850000381469727,
        "mip": 26.0,
        "opt_shap": 25.850000381469727,
        "opt_objBI": 25.899999618530273
    },
    "objBI": {
        "full": [
            0.014786673709750175,
            0.22306644916534424,
            0.021845728158950806
        ],
        "partial": [
            0.006261487491428852,
            0.21299967169761658,
            0.006254727020859718
        ],
        "mip": [
            0.004192677326500416,
            0.20941969752311707,
            0.004212517291307449
        ],
        "opt_shap": [
            0.00553877605125308,
            0.2297111451625824,
            0.00554650230333209
        ],
        "opt_objBI": [
            0.003524690866470337,
            0.22505570948123932,
            0.0035210519563406706
        ]
    },
    "shap": {
        "full": [
            3.402205095426325e-08,
            -4.127001318465773e-08,
            0.0
        ],
        "partial": [
            -3.408843838315079e-07,
            5.166530741007591e-07
        ],
        "mip": [
            -3.040887122551794e-06,
            -1.4231204659154173e-06
        ],
        "opt_shap": [
            7.291598080882977e-08,
            1.0299682884351569e-07
        ],
        "opt_objBI": [
            -6.149761588858382e-08,
            2.081394256947533e-07
        ]
    },
    "di": {
        "full": 0.6871263902069715,
        "partial": 0.7267647441175197,
        "mip": 0.7594897631042984,
        "opt_shap": 0.7267647441175197,
        "opt_objBI": 0.735445873010045
    },
    "dd": {
        "full": -0.293511097595621,
        "partial": -0.25229974511741804,
        "mip": -0.22444472008930894,
        "opt_shap": -0.25229974511741804,
        "opt_objBI": -0.24506340054177556
    },
    "eqopp": {
        "full": -0.19650687010119405,
        "partial": -0.16481336137883407,
        "mip": -0.13989472472503894,
        "opt_shap": -0.16481336137883407,
        "opt_objBI": -0.15775175545997766
    },
    "eqodd": {
        "full": 0.2912668644257368,
        "partial": 0.24266467534591457,
        "mip": 0.21872388861512354,
        "opt_shap": 0.24266467534591457,
        "opt_objBI": 0.23705649752919555
    }
}