{
    "error": {
        "full": 27.149999618530273,
        "partial": 26.94999885559082,
        "mip": 27.64999771118164,
        "opt_shap": 27.000001907348633,
        "opt_objBI": 27.000001907348633
    },
    "objBI": {
        "full": [
            0.006713218055665493,
            0.21054616570472717,
            0.007142309099435806
        ],
        "partial": [
            0.015411260537803173,
            0.22147493064403534,
            0.015421349555253983
        ],
        "mip": [
            0.003933825064450502,
            0.1971030980348587,
            0.0031259655952453613
        ],
        "opt_shap": [
            0.00542998593300581,
            0.2130073755979538,
            0.0054232412949204445
        ],
        "opt_objBI": [
            0.003333272645249963,
            0.20111368596553802,
            0.0014970656484365463
        ]
    },
    "shap": {
        "full": [
            1.4386704094704328e-07,
            2.8115186978538986e-06,
            0.0
        ],
        "partial": [
            3.409611508686794e-07,
            6.115436690379283e-08
        ],
        "mip": [
            3.69824476820213e-07,
            -4.194021130388137e-06
        ],
        "opt_shap": [
            -6.747681027263752e-07,
            -5.498528707903461e-07
        ],
        "opt_objBI": [
            -4.793681000592187e-06,
            4.87804391013924e-06
        ]
    },
    "di": {
        "full": 0.7393722167915716,
        "partial": 0.7305962854349951,
        "mip": 0.7444135121009462,
        "opt_shap": 0.729499294015423,
        "opt_objBI": 0.729499294015423
    },
    "dd": {
        "full": -0.23998399839983997,
        "partial": -0.2480648064806481,
        "mip": -0.23964396439643953,
        "opt_shap": -0.24907490749074912,
        "opt_objBI": -0.24907490749074912
    },
    "eqopp": {
        "full": -0.16135542391868163,
        "partial": -0.16476839320195802,
        "mip": -0.16176297516770632,
        "opt_shap": -0.16647487784359627,
        "opt_objBI": -0.16647487784359627
    },
    "eqodd": {
        "full": 0.22193038348199967,
        "partial": 0.2310626106978953,
        "mip": 0.22930910567605886,
        "opt_shap": 0.23191585301871442,
        "opt_objBI": 0.23191585301871442
    }
}