{
    "error": {
        "full": 26.249998092651367,
        "partial": 26.499998092651367,
        "mip": 26.94999885559082,
        "opt_shap": 26.44999885559082,
        "opt_objBI": 26.69999885559082
    },
    "objBI": {
        "full": [
            0.03723209351301193,
            0.2117622047662735,
            0.006102668587118387
        ],
        "partial": [
            0.03837033733725548,
            0.2095279097557068,
            0.010891239158809185
        ],
        "mip": [
            0.014317106455564499,
            0.2171129584312439,
            0.009367898106575012
        ],
        "opt_shap": [
            0.02300737239420414,
            0.20375576615333557,
            0.0019645015709102154
        ],
        "opt_objBI": [
            0.03646644949913025,
            0.20742222666740417,
            7.669687875022646e-06
        ]
    },
    "shap": {
        "full": [
            -1.9635506760096177e-05,
            -8.286266165669076e-06,
            0.0
        ],
        "partial": [
            9.351610788144171e-05,
            -1.871061249403283e-05
        ],
        "mip": [
            5.383059487940045e-06,
            -1.0496139111637603e-05
        ],
        "opt_shap": [
            -3.910782834282145e-05,
            -3.000497827088111e-06
        ],
        "opt_objBI": [
            4.286169996703393e-07,
            -9.781360859051347e-06
        ]
    },
    "di": {
        "full": 0.7498707228171075,
        "partial": 0.747541931752458,
        "mip": 0.7472818475797621,
        "opt_shap": 0.7607808221479327,
        "opt_objBI": 0.7408864928363155
    },
    "dd": {
        "full": -0.2380182746315469,
        "partial": -0.24098270150901735,
        "mip": -0.23823430574002658,
        "opt_shap": -0.22787281368517076,
        "opt_objBI": -0.24707957945944226
    },
    "eqopp": {
        "full": -0.1510682593416236,
        "partial": -0.1527157057996137,
        "mip": -0.15380396677577957,
        "opt_shap": -0.14447847350966314,
        "opt_objBI": -0.16260038454755443
    },
    "eqodd": {
        "full": 0.23989620636244485,
        "partial": 0.2455051546090444,
        "mip": 0.24054387571232483,
        "opt_shap": 0.22944748206563115,
        "opt_objBI": 0.2497273096158168
    }
}