{
    "error": {
        "full": 28.799999237060547,
        "partial": 28.60000228881836,
        "mip": 28.650001525878906,
        "opt_shap": 28.75,
        "opt_objBI": 28.850000381469727
    },
    "objBI": {
        "full": [
            0.01436428539454937,
            0.1985403299331665,
            0.007949627004563808
        ],
        "partial": [
            0.017811035737395287,
            0.19716432690620422,
            0.01751049980521202
        ],
        "mip": [
            0.01624094322323799,
            0.2115754932165146,
            0.015052644535899162
        ],
        "opt_shap": [
            0.006423294078558683,
            0.2111084759235382,
            0.004463297314941883
        ],
        "opt_objBI": [
            0.015721770003437996,
            0.20317387580871582,
            0.008993919938802719
        ]
    },
    "shap": {
        "full": [
            1.2569455066113733e-05,
            -8.303009053634014e-06,
            0.0
        ],
        "partial": [
            2.7728965505957603e-05,
            9.369254257762805e-06
        ],
        "mip": [
            1.0248787475575227e-05,
            9.354829671792686e-06
        ],
        "opt_shap": [
            6.002394457027549e-06,
            7.05218326402246e-06
        ],
        "opt_objBI": [
            2.0738549210364e-05,
            -2.1855830709682778e-06
        ]
    },
    "di": {
        "full": 0.762186977255137,
        "partial": 0.7795096309420093,
        "mip": 0.7764567211602521,
        "opt_shap": 0.7790345885919572,
        "opt_objBI": 0.7881551556256926
    },
    "dd": {
        "full": -0.22876977316463698,
        "partial": -0.21097279917059542,
        "mip": -0.21389392867400336,
        "opt_shap": -0.21210862718922097,
        "opt_objBI": -0.2020472924762151
    },
    "eqopp": {
        "full": -0.1740375996067367,
        "partial": -0.15902997806483055,
        "mip": -0.16211164216344387,
        "opt_shap": -0.157489146015524,
        "opt_objBI": -0.1519268662450377
    },
    "eqodd": {
        "full": 0.23432784579082844,
        "partial": 0.21360234889070023,
        "mip": 0.21646593226275823,
        "opt_shap": 0.21811711105871412,
        "opt_objBI": 0.20475978768979852
    }
}