{
    "error": {
        "full": 26.600000381469727,
        "partial": 26.80000114440918,
        "mip": 26.55000114440918,
        "opt_shap": 26.649999618530273,
        "opt_objBI": 26.499998092651367
    },
    "objBI": {
        "full": [
            0.0038608908653259277,
            0.19657912850379944,
            0.008460838347673416
        ],
        "partial": [
            0.007483183406293392,
            0.20329920947551727,
            0.0007593529298901558
        ],
        "mip": [
            0.010114475153386593,
            0.19973112642765045,
            0.010118232108652592
        ],
        "opt_shap": [
            0.009838391095399857,
            0.19649270176887512,
            0.01009297277778387
        ],
        "opt_objBI": [
            0.002661032136529684,
            0.18936465680599213,
            0.0026564684230834246
        ]
    },
    "shap": {
        "full": [
            6.487394443865924e-08,
            2.7880597031071375e-07,
            0.0
        ],
        "partial": [
            3.7858560517634032e-06,
            7.596135219500866e-06
        ],
        "mip": [
            9.886482530419016e-07,
            6.8521501361829e-07
        ],
        "opt_shap": [
            -3.705773451656569e-06,
            -6.226062851055758e-06
        ],
        "opt_objBI": [
            -9.47445499832611e-08,
            -1.225471493171426e-07
        ]
    },
    "di": {
        "full": 0.767596339323268,
        "partial": 0.7627894906210748,
        "mip": 0.7703861225070153,
        "opt_shap": 0.7680940072456998,
        "opt_objBI": 0.7803013821810324
    },
    "dd": {
        "full": -0.2244446312015015,
        "partial": -0.22862265336422827,
        "mip": -0.219728348520684,
        "opt_shap": -0.22351017892660052,
        "opt_objBI": -0.2121746925511947
    },
    "eqopp": {
        "full": -0.1327372257388636,
        "partial": -0.13966370931534056,
        "mip": -0.13088650979846594,
        "opt_shap": -0.13309556481616158,
        "opt_objBI": -0.12124297286530039
    },
    "eqodd": {
        "full": 0.24061331827944887,
        "partial": 0.24337396044909856,
        "mip": 0.23210992156589963,
        "opt_shap": 0.23873487464937357,
        "opt_objBI": 0.22809112409198973
    }
}