{
    "error": {
        "full": 27.000001907348633,
        "partial": 27.299999237060547,
        "mip": 27.000001907348633,
        "opt_shap": 27.100000381469727,
        "opt_objBI": 27.100000381469727
    },
    "objBI": {
        "full": [
            0.011653679423034191,
            0.20023053884506226,
            0.005532122682780027
        ],
        "partial": [
            0.012048556469380856,
            0.19983644783496857,
            0.0035953291226178408
        ],
        "mip": [
            0.011781023815274239,
            0.19347473978996277,
            0.000977110001258552
        ],
        "opt_shap": [
            0.00543811684474349,
            0.19827604293823242,
            9.53545531956479e-05
        ],
        "opt_objBI": [
            0.009485374204814434,
            0.1952880322933197,
            0.0019694194197654724
        ]
    },
    "shap": {
        "full": [
            1.7109949794757995e-06,
            -3.615252808231162e-08,
            0.0
        ],
        "partial": [
            4.237293978803791e-06,
            -1.7371773992636008e-06
        ],
        "mip": [
            1.562871693749912e-05,
            -3.225147884222679e-05
        ],
        "opt_shap": [
            1.2888893252238631e-05,
            1.1349320629960857e-05
        ],
        "opt_objBI": [
            1.7178431335196365e-06,
            1.549053195049055e-05
        ]
    },
    "di": {
        "full": 0.8074867892623123,
        "partial": 0.7987778299710961,
        "mip": 0.8043146407620008,
        "opt_shap": 0.8011202705559078,
        "opt_objBI": 0.8013378434875147
    },
    "dd": {
        "full": -0.18215891454263278,
        "partial": -0.19019904318469105,
        "mip": -0.18613497815965063,
        "opt_shap": -0.1881830109281749,
        "opt_objBI": -0.18817501080017285
    },
    "eqopp": {
        "full": -0.12267769683500018,
        "partial": -0.1326316006091287,
        "mip": -0.1294110383998024,
        "opt_shap": -0.1290982425813887,
        "opt_objBI": -0.13038029386343997
    },
    "eqodd": {
        "full": 0.178918319884371,
        "partial": 0.18657623691888836,
        "mip": 0.1818361683764619,
        "opt_shap": 0.18480955790501835,
        "opt_objBI": 0.18411010097231745
    }
}