{
    "error": {
        "full": 25.200000762939453,
        "partial": 25.0,
        "mip": 24.950000762939453,
        "opt_shap": 25.0,
        "opt_objBI": 25.0
    },
    "objBI": {
        "full": [
            0.009896747767925262,
            0.19676825404167175,
            0.00737291295081377
        ],
        "partial": [
            0.012602264061570168,
            0.18661800026893616,
            0.0062886793166399
        ],
        "mip": [
            0.007205693516880274,
            0.1973799616098404,
            0.005986394826322794
        ],
        "opt_shap": [
            0.010657199658453465,
            0.19201914966106415,
            0.010457860305905342
        ],
        "opt_objBI": [
            0.02439437247812748,
            0.19053511321544647,
            0.02326190657913685
        ]
    },
    "shap": {
        "full": [
            -6.320123247860465e-06,
            -7.57043653720757e-06,
            0.0
        ],
        "partial": [
            -2.2600614101975225e-05,
            -2.0345925804576837e-05
        ],
        "mip": [
            -6.811989351263037e-06,
            -1.122975390899228e-05
        ],
        "opt_shap": [
            -2.565280055932817e-06,
            3.874063622788526e-06
        ],
        "opt_objBI": [
            6.054162895452464e-06,
            2.402210157015361e-05
        ]
    },
    "di": {
        "full": 0.816817876344086,
        "partial": 0.8032754010695188,
        "mip": 0.7876306270096463,
        "opt_shap": 0.8056296691568836,
        "opt_objBI": 0.7991978609625668
    },
    "dd": {
        "full": -0.17454853995901642,
        "partial": -0.1884605532786885,
        "mip": -0.20301293545081966,
        "opt_shap": -0.18660348360655743,
        "opt_objBI": -0.1923668032786885
    },
    "eqopp": {
        "full": -0.08458642010601891,
        "partial": -0.09606227181024407,
        "mip": -0.10723387050665278,
        "opt_shap": -0.09425104752881219,
        "opt_objBI": -0.09918239661523631
    },
    "eqodd": {
        "full": 0.18462780781644605,
        "partial": 0.1992516393781995,
        "mip": 0.2142282954188518,
        "opt_shap": 0.19809355174608007,
        "opt_objBI": 0.2034226678381369
    }
}