{
    "error": {
        "full": 26.0,
        "partial": 26.0,
        "mip": 26.100000381469727,
        "opt_shap": 25.899999618530273,
        "opt_objBI": 25.899999618530273
    },
    "objBI": {
        "full": [
            0.008066224865615368,
            0.21725548803806305,
            0.008557318709790707
        ],
        "partial": [
            0.007175283040851355,
            0.21930064260959625,
            0.00412167701870203
        ],
        "mip": [
            0.010880276560783386,
            0.20262274146080017,
            0.000570108590181917
        ],
        "opt_shap": [
            0.003908616025000811,
            0.21227703988552094,
            0.0029777586460113525
        ],
        "opt_objBI": [
            0.015585723333060741,
            0.22100912034511566,
            0.015595472417771816
        ]
    },
    "shap": {
        "full": [
            3.7679185993511055e-08,
            1.526638300219929e-07,
            0.0
        ],
        "partial": [
            -9.043008503795136e-06,
            -1.229292138305027e-05
        ],
        "mip": [
            -2.3958013116498478e-05,
            -2.3386955945170484e-05
        ],
        "opt_shap": [
            6.798494723625481e-06,
            3.946006472688168e-06
        ],
        "opt_objBI": [
            8.784327860666963e-07,
            -7.282495744220796e-07
        ]
    },
    "di": {
        "full": 0.7464002051354677,
        "partial": 0.7405169875758111,
        "mip": 0.7718266211416897,
        "opt_shap": 0.7362303479950539,
        "opt_objBI": 0.7362303479950539
    },
    "dd": {
        "full": -0.23637223637223637,
        "partial": -0.24237424237424243,
        "mip": -0.21632021632021625,
        "opt_shap": -0.24637824637824635,
        "opt_objBI": -0.24637824637824635
    },
    "eqopp": {
        "full": -0.1644459240481959,
        "partial": -0.17174188579954752,
        "mip": -0.14174782204110448,
        "opt_shap": -0.17333424248744567,
        "opt_objBI": -0.17333424248744567
    },
    "eqodd": {
        "full": 0.22897999680410236,
        "partial": 0.2339756865746569,
        "mip": 0.21887448395959935,
        "opt_shap": 0.2388149916032421,
        "opt_objBI": 0.2388149916032421
    }
}