{
    "error": {
        "full": 28.0,
        "partial": 27.849998474121094,
        "mip": 28.75,
        "opt_shap": 27.950000762939453,
        "opt_objBI": 27.700000762939453
    },
    "objBI": {
        "full": [
            0.020640097558498383,
            0.19390226900577545,
            0.005671483464539051
        ],
        "partial": [
            0.020365433767437935,
            0.1952321082353592,
            0.0043488177470862865
        ],
        "mip": [
            0.016571637243032455,
            0.2000647783279419,
            0.012190540321171284
        ],
        "opt_shap": [
            0.013442323543131351,
            0.19302508234977722,
            0.008805789984762669
        ],
        "opt_objBI": [
            0.020690498873591423,
            0.19876958429813385,
            0.003635894972831011
        ]
    },
    "shap": {
        "full": [
            1.9072625946137123e-05,
            1.0485706297913566e-05,
            0.0
        ],
        "partial": [
            2.9486664061550982e-05,
            -2.341800973226782e-05
        ],
        "mip": [
            2.9727962100878358e-05,
            -4.105776497453917e-06
        ],
        "opt_shap": [
            1.7496384316473268e-05,
            -5.76496120174852e-07
        ],
        "opt_objBI": [
            2.2915348381502554e-05,
            3.174257290083915e-05
        ]
    },
    "di": {
        "full": 0.8336552761585667,
        "partial": 0.8266930234143349,
        "mip": 0.778920264354991,
        "opt_shap": 0.8097408339568737,
        "opt_objBI": 0.8144521587826888
    },
    "dd": {
        "full": -0.15578573258196726,
        "partial": -0.16281378073770492,
        "mip": -0.20618276127049184,
        "opt_shap": -0.17911116803278693,
        "opt_objBI": -0.174132300204918
    },
    "eqopp": {
        "full": -0.09227814924701794,
        "partial": -0.09653827190395048,
        "mip": -0.14051917271445502,
        "opt_shap": -0.11118920134593924,
        "opt_objBI": -0.1019207314435977
    },
    "eqodd": {
        "full": 0.15442398894290604,
        "partial": 0.1625169570963481,
        "mip": 0.20639595956256623,
        "opt_shap": 0.1797841084831671,
        "opt_objBI": 0.17581826644176854
    }
}