{
    "error": {
        "full": 34.45026397705078,
        "partial": 34.13612365722656,
        "mip": 34.24083709716797,
        "adv_deb": 33.926700592041016,
        "eo_cal": 35.392669677734375,
        "re_weigh": 37.277488708496094,
        "dp_exp": 45.34031295776367,
        "eo_exp": 45.235599517822266,
        "tpr_exp": 40.83769607543945,
        "er_exp": 35.392669677734375,
        "opt_shap": 34.55497360229492,
        "opt_objBI": 34.13612365722656
    },
    "objBI": {
        "full": [
            0.019962500780820847,
            0.1134745329618454,
            0.014406532049179077,
            0.02721312828361988,
            0.022166021168231964,
            0.16416530311107635,
            0.031448859721422195,
            0.03348895162343979
        ],
        "partial": [
            0.015833646059036255,
            0.12122267484664917,
            0.008575650863349438,
            0.02124433033168316,
            0.016652191057801247,
            0.16687855124473572,
            0.03214089199900627,
            0.0061395480297505856
        ],
        "mip": [
            0.011979012750089169,
            0.10594029724597931,
            0.011226489208638668,
            0.010253209620714188,
            0.018176216632127762,
            0.16337673366069794,
            0.02327505499124527,
            0.0037775137461721897
        ],
        "adv_deb": [
            0.012180047109723091,
            0.12248961627483368,
            0.019011162221431732,
            0.013520057313144207,
            0.019527344033122063,
            0.18431982398033142,
            0.021593214944005013,
            0.020829634740948677
        ],
        "eo_cal": [
            0.00980411097407341,
            0.06251807510852814,
            0.013058898039162159,
            0.01340864971280098,
            0.016889285296201706,
            0.08866995573043823,
            0.013176091015338898,
            0.05737721920013428
        ],
        "re_weigh": [
            0.03780435398221016,
            0.10979919135570526,
            0.03915192186832428,
            0.040314074605703354,
            0.048994433134794235,
            0.1573483794927597,
            0.041947368532419205,
            0.07230775058269501
        ],
        "dp_exp": [
            0.06370165944099426,
            0.14860591292381287,
            0.04706618934869766,
            0.09240351617336273,
            0.10944666713476181,
            0.25311020016670227,
            0.0934622585773468,
            0.04081344231963158
        ],
        "eo_exp": [
            0.02123374678194523,
            0.039350200444459915,
            0.03927912935614586,
            0.04694119095802307,
            0.06959995627403259,
            0.15972885489463806,
            0.06537069380283356,
            0.027363033965229988
        ],
        "tpr_exp": [
            0.027764849364757538,
            0.071723572909832,
            0.02598685957491398,
            0.04734020680189133,
            0.08103522658348083,
            0.2782282829284668,
            0.023005589842796326,
            0.025303276255726814
        ],
        "er_exp": [
            0.0326872356235981,
            0.23222431540489197,
            0.022743798792362213,
            0.03280838951468468,
            0.03296816721558571,
            0.3650027811527252,
            0.05602216348052025,
            0.008919811807572842
        ],
        "opt_shap": [
            0.020536405965685844,
            0.11736777424812317,
            0.01430336944758892,
            0.023500951007008553,
            0.023467151448130608,
            0.1569632589817047,
            0.03645089268684387,
            0.012218066491186619
        ],
        "opt_objBI": [
            0.015255613252520561,
            0.10715696215629578,
            0.006790980231016874,
            0.020206019282341003,
            0.01417429931461811,
            0.16902458667755127,
            0.029695739969611168,
            0.005168020259588957
        ]
    },
    "shap": {
        "full": [
            0.012670207768678665,
            0.10956297069787979,
            0.0026524346321821213,
            0.01325541827827692,
            0.011469914577901363,
            0.16168056428432465,
            0.02457747422158718,
            0.025484204292297363
        ],
        "partial": [
            0.012509296648204327,
            0.1171208918094635,
            0.002402488375082612,
            0.013191413134336472,
            0.010755584575235844,
            0.16911253333091736,
            0.02592216245830059
        ],
        "mip": [
            0.009586729109287262,
            0.11481040716171265,
            0.004121497739106417,
            0.008022082038223743,
            0.014765916392207146,
            0.1657709777355194,
            0.01945916749536991
        ],
        "adv_deb": [
            0.016693832352757454,
            0.12012965232133865,
            0.006647202186286449,
            0.00882193073630333,
            0.014155790209770203,
            0.18146978318691254,
            0.01810794323682785,
            0.01686289720237255
        ],
        "eo_cal": [
            0.004855337552726269,
            0.06038764491677284,
            0.00431900704279542,
            0.006476794835180044,
            0.009296296164393425,
            0.0963532105088234,
            0.007508100010454655,
            0.08453335613012314
        ],
        "re_weigh": [
            0.00992387905716896,
            0.11486315727233887,
            0.0042760600335896015,
            0.007549209054559469,
            0.016684504225850105,
            0.16567108035087585,
            0.0189376100897789,
            0.05368685722351074
        ],
        "dp_exp": [
            0.04395978897809982,
            0.1763775497674942,
            0.012447787448763847,
            0.05040184408426285,
            0.08375050872564316,
            0.28053492307662964,
            0.07532024383544922,
            0.0
        ],
        "eo_exp": [
            0.01006065309047699,
            0.1395268440246582,
            0.009008047170937061,
            0.025329219177365303,
            0.0489191897213459,
            0.22188197076320648,
            0.03544968366622925,
            0.0
        ],
        "tpr_exp": [
            0.044166892766952515,
            0.17114460468292236,
            0.007336942013353109,
            0.01910240761935711,
            0.06983905285596848,
            0.2797423005104065,
            0.04796714708209038,
            0.0
        ],
        "er_exp": [
            0.02778545580804348,
            0.25289350748062134,
            0.009933524765074253,
            0.017031537368893623,
            0.021345555782318115,
            0.347963809967041,
            0.04828138276934624,
            0.0
        ],
        "opt_shap": [
            0.012100879102945328,
            0.11160387098789215,
            0.0024537185672670603,
            0.014828957617282867,
            0.011678473092615604,
            0.16670767962932587,
            0.025878747925162315
        ],
        "opt_objBI": [
            0.01411046925932169,
            0.10882943123579025,
            0.0029696382116526365,
            0.012747679837048054,
            0.011250387877225876,
            0.16276076436042786,
            0.02550307661294937
        ]
    },
    "di": {
        "full": 0.39678030303030304,
        "partial": 0.5975787728026534,
        "mip": 0.616475549083849,
        "adv_deb": 0.5239765844689596,
        "eo_cal": 0.29850746268656714,
        "re_weigh": 1.1639843365589633,
        "dp_exp": 0.8298220436280137,
        "eo_exp": 0.9579858062628036,
        "tpr_exp": 0.8518255136871696,
        "er_exp": 0.6197894456289978,
        "opt_shap": 0.6005003392130257,
        "opt_objBI": 0.5773226756127618
    },
    "dd": {
        "full": -0.38007159904534604,