{
    "error": {
        "full": 26.05000114440918,
        "partial": 26.30000114440918,
        "mip": 26.55000114440918,
        "opt_shap": 25.94999885559082,
        "opt_objBI": 26.100000381469727
    },
    "objBI": {
        "full": [
            0.0032340579200536013,
            0.21386034786701202,
            0.006326647475361824
        ],
        "partial": [
            0.006877815816551447,
            0.21070751547813416,
            0.0023183482699096203
        ],
        "mip": [
            0.007706929929554462,
            0.20128805935382843,
            0.007852241396903992
        ],
        "opt_shap": [
            0.023122940212488174,
            0.20970089733600616,
            0.02325424551963806
        ],
        "opt_objBI": [
            0.012713543139398098,
            0.20439015328884125,
            0.013018262572586536
        ]
    },
    "shap": {
        "full": [
            3.8220127862587105e-07,
            -9.291414926337893e-07,
            0.0
        ],
        "partial": [
            2.4897531147871632e-06,
            6.288289711164907e-08
        ],
        "mip": [
            3.3620110571064288e-06,
            1.8621683466335526e-06
        ],
        "opt_shap": [
            -3.890559128194582e-06,
            -1.5687942322983872e-07
        ],
        "opt_objBI": [
            4.909709332423517e-07,
            2.3167729068518383e-06
        ]
    },
    "di": {
        "full": 0.7091422732463786,
        "partial": 0.7246762157989537,
        "mip": 0.7601901195448653,
        "opt_shap": 0.7316222876720562,
        "opt_objBI": 0.7240548379045931
    },
    "dd": {
        "full": -0.27160978895374943,
        "partial": -0.25739303354929755,
        "mip": -0.22696292257360962,
        "opt_shap": -0.25061742254153574,
        "opt_objBI": -0.2571043684649432
    },
    "eqopp": {
        "full": -0.15090282973794045,
        "partial": -0.14086938492188694,
        "mip": -0.11416311334276885,
        "opt_shap": -0.13083594010583344,
        "opt_objBI": -0.13952167602700827
    },
    "eqodd": {
        "full": 0.25862601804357344,
        "partial": 0.24487913690538793,
        "mip": 0.21914504873487647,
        "opt_shap": 0.23748146211640878,
        "opt_objBI": 0.24277671102937715
    }
}