{
    "error": {
        "full": 26.100000381469727,
        "partial": 26.19999885559082,
        "mip": 25.94999885559082,
        "opt_shap": 26.249998092651367,
        "opt_objBI": 26.05000114440918
    },
    "objBI": {
        "full": [
            0.01128577720373869,
            0.2046123594045639,
            0.01097078900784254
        ],
        "partial": [
            0.006173098459839821,
            0.21000277996063232,
            0.006147784646600485
        ],
        "mip": [
            0.006249533500522375,
            0.20244717597961426,
            0.004856964573264122
        ],
        "opt_shap": [
            0.003121613757684827,
            0.21596047282218933,
            0.0031398979481309652
        ],
        "opt_objBI": [
            0.00346570392139256,
            0.21084247529506683,
            0.0015698517672717571
        ]
    },
    "shap": {
        "full": [
            -2.040670096903341e-06,
            1.4944266695238184e-06,
            0.0
        ],
        "partial": [
            -3.6671431757895334e-07,
            -6.171464974613627e-07
        ],
        "mip": [
            -6.152622518129647e-06,
            -1.8182396388510824e-06
        ],
        "opt_shap": [
            1.9453791821888444e-07,
            -6.024241656632512e-07
        ],
        "opt_objBI": [
            -5.153268602953176e-07,
            1.1687278629324283e-06
        ]
    },
    "di": {
        "full": 0.76423196104471,
        "partial": 0.7569382406611599,
        "mip": 0.766475152023485,
        "opt_shap": 0.7598542002203951,
        "opt_objBI": 0.7708782703580582
    },
    "dd": {
        "full": -0.22369557912926608,
        "partial": -0.2296396742347877,
        "mip": -0.2227395638330213,
        "opt_shap": -0.2266436262980207,
        "opt_objBI": -0.21669946719147504
    },
    "eqopp": {
        "full": -0.12383706519044868,
        "partial": -0.13062463851937534,
        "mip": -0.12439064694703794,
        "opt_shap": -0.1277389903329752,
        "opt_objBI": -0.11649591010493265
    },
    "eqodd": {
        "full": 0.2458595569336532,
        "partial": 0.2504656467431773,
        "mip": 0.24416779841925398,
        "opt_shap": 0.2476604248298137,
        "opt_objBI": 0.23870793750293506
    }
}