{
    "error": {
        "full": 27.799999237060547,
        "partial": 28.200000762939453,
        "mip": 28.400001525878906,
        "opt_shap": 28.200000762939453,
        "opt_objBI": 28.25
    },
    "objBI": {
        "full": [
            0.0021976600401103497,
            0.20704385638237,
            0.0166766494512558
        ],
        "partial": [
            0.0136838648468256,
            0.2001221925020218,
            0.013710754923522472
        ],
        "mip": [
            0.002366430126130581,
            0.2004445344209671,
            0.0014883236726745963
        ],
        "opt_shap": [
            0.002541488269343972,
            0.1929105967283249,
            0.002085944404825568
        ],
        "opt_objBI": [
            0.009701887145638466,
            0.19383138418197632,
            0.00951858889311552
        ]
    },
    "shap": {
        "full": [
            -2.643870971041906e-07,
            -6.328404538180621e-07,
            0.0
        ],
        "partial": [
            4.41537804363179e-06,
            -5.363940999814076e-06
        ],
        "mip": [
            -1.916336714202771e-06,
            -3.0275582503236365e-06
        ],
        "opt_shap": [
            -9.501613931206521e-07,
            2.5087595076911384e-06
        ],
        "opt_objBI": [
            1.906163106468739e-06,
            -1.1533498991411761e-06
        ]
    },
    "di": {
        "full": 0.7304082395448317,
        "partial": 0.7742656500166448,
        "mip": 0.7782702988627347,
        "opt_shap": 0.7742656500166448,
        "opt_objBI": 0.7758203398946464
    },
    "dd": {
        "full": -0.2596664916622915,
        "partial": -0.2136053401335033,
        "mip": -0.20959523988099704,
        "opt_shap": -0.2136053401335033,
        "opt_objBI": -0.21258031450786263
    },
    "eqopp": {
        "full": -0.15377984084880636,
        "partial": -0.12650309460654285,
        "mip": -0.12816976127320956,
        "opt_shap": -0.12650309460654285,
        "opt_objBI": -0.1291556145004421
    },
    "eqodd": {
        "full": 0.2755635802156181,
        "partial": 0.21994628733050425,
        "mip": 0.21372429765208714,
        "opt_shap": 0.21994628733050425,
        "opt_objBI": 0.2174750789230235
    }
}