{
    "error": {
        "full": 27.200000762939453,
        "partial": 26.94999885559082,
        "mip": 27.399999618530273,
        "opt_shap": 27.000001907348633,
        "opt_objBI": 26.899999618530273
    },
    "objBI": {
        "full": [
            0.017282631248235703,
            0.18876317143440247,
            0.01584433764219284
        ],
        "partial": [
            0.007344573270529509,
            0.18726053833961487,
            0.005652575753629208
        ],
        "mip": [
            0.012252649292349815,
            0.19146829843521118,
            0.0026720736641436815
        ],
        "opt_shap": [
            0.00847542379051447,
            0.1845577359199524,
            0.008221445605158806
        ],
        "opt_objBI": [
            0.014425781555473804,
            0.18501074612140656,
            0.007953948341310024
        ]
    },
    "shap": {
        "full": [
            -1.2165064617875032e-06,
            -8.38705545902485e-06,
            0.0
        ],
        "partial": [
            6.6672300818027e-06,
            -3.259897312091198e-06
        ],
        "mip": [
            -3.073886091442546e-06,
            5.411982328951126e-06
        ],
        "opt_shap": [
            7.933899723866489e-07,
            2.484321726115013e-07
        ],
        "opt_objBI": [
            -7.4393601607880555e-06,
            1.4448166041347577e-07
        ]
    },
    "di": {
        "full": 0.8046085907610749,
        "partial": 0.8150304960552885,
        "mip": 0.7986955976420419,
        "opt_shap": 0.8141788445442589,
        "opt_objBI": 0.8308977035490606
    },
    "dd": {
        "full": -0.1887147178679467,
        "partial": -0.17771944298607456,
        "mip": -0.19260481512037797,
        "opt_shap": -0.17872446811170273,
        "opt_objBI": -0.16281407035175877
    },
    "eqopp": {
        "full": -0.12081379574268647,
        "partial": -0.10714661953995552,
        "mip": -0.12702067598451183,
        "opt_shap": -0.11009203898273379,
        "opt_objBI": -0.09693439884419164
    },
    "eqodd": {
        "full": 0.19099632876565217,
        "partial": 0.1800977000138802,
        "mip": 0.19248010425241852,
        "opt_shap": 0.180268326401936,
        "opt_objBI": 0.16327283966599826
    }
}