{
    "error": {
        "full": 28.549999237060547,
        "partial": 28.349998474121094,
        "mip": 28.049999237060547,
        "opt_shap": 28.349998474121094,
        "opt_objBI": 28.349998474121094
    },
    "objBI": {
        "full": [
            0.017580822110176086,
            0.1953272968530655,
            0.017550326883792877
        ],
        "partial": [
            0.008270221762359142,
            0.1952258199453354,
            0.008258185349404812
        ],
        "mip": [
            0.002105553401634097,
            0.18774843215942383,
            0.0016127309063449502
        ],
        "opt_shap": [
            0.004255278035998344,
            0.192476287484169,
            0.004240587819367647
        ],
        "opt_objBI": [
            0.002938741585239768,
            0.18576475977897644,
            0.002427459927275777
        ]
    },
    "shap": {
        "full": [
            1.0592925718810875e-06,
            -6.599896096304292e-08,
            0.0
        ],
        "partial": [
            3.9737358292768477e-07,
            -3.5965442179985985e-07
        ],
        "mip": [
            3.511547106427315e-07,
            2.704083954085945e-06
        ],
        "opt_shap": [
            6.411847408571703e-08,
            -9.894370833762878e-08
        ],
        "opt_objBI": [
            -2.0275954284443287e-06,
            -1.6618073459540028e-06
        ]
    },
    "di": {
        "full": 0.8028604561267878,
        "partial": 0.7927238652277783,
        "mip": 0.7754445402758913,
        "opt_shap": 0.7927238652277783,
        "opt_objBI": 0.7945728643216081
    },
    "dd": {
        "full": -0.19125478136953422,
        "partial": -0.20129503237580937,
        "mip": -0.2174054351358784,
        "opt_shap": -0.20129503237580937,
        "opt_objBI": -0.19929498237455934
    },
    "eqopp": {
        "full": -0.13608940609056464,
        "partial": -0.14242069264403634,
        "mip": -0.152952812498659,
        "opt_shap": -0.14242069264403634,
        "opt_objBI": -0.13946208737218346
    },
    "eqodd": {
        "full": 0.18760103099457695,
        "partial": 0.19822936083847698,
        "mip": 0.21385458385445455,
        "opt_shap": 0.19822936083847698,
        "opt_objBI": 0.19675005820255054
    }
}