{
    "error": {
        "full": 32.46073532104492,
        "partial": 33.403141021728516,
        "mip": 33.19371795654297,
        "adv_deb": 32.14659881591797,
        "eo_cal": 33.403141021728516,
        "re_weigh": 35.287960052490234,
        "dp_exp": 42.40837860107422,
        "eo_exp": 41.46596908569336,
        "tpr_exp": 40.0,
        "er_exp": 33.403141021728516,
        "opt_shap": 33.61256408691406,
        "opt_objBI": 34.13612365722656
    },
    "objBI": {
        "full": [
            0.043162599205970764,
            0.10970579087734222,
            0.005031927023082972,
            0.0049240379594266415,
            0.009157137013971806,
            0.15795667469501495,
            0.016394952312111855,
            0.059611525386571884
        ],
        "partial": [
            0.048919424414634705,
            0.12177667021751404,
            0.020292365923523903,
            0.020336860790848732,
            0.024110861122608185,
            0.15517602860927582,
            0.027659140527248383,
            0.01903454028069973
        ],
        "mip": [
            0.04870619252324104,
            0.1063171848654747,
            0.01834908314049244,
            0.01868145912885666,
            0.024198556318879128,
            0.14480265974998474,
            0.029476065188646317,
            0.018362119793891907
        ],
        "adv_deb": [
            0.04960688203573227,
            0.11415985226631165,
            0.025553705170750618,
            0.024524366483092308,
            0.02818208374083042,
            0.16623008251190186,
            0.03470754995942116,
            0.05453795567154884
        ],
        "eo_cal": [
            0.02212587557733059,
            0.05926450341939926,
            0.006083224434405565,
            0.006609243340790272,
            0.007331032771617174,
            0.08086984604597092,
            0.0112827243283391,
            0.09563930332660675
        ],
        "re_weigh": [
            0.04465927556157112,
            0.11429424583911896,
            0.004811486694961786,
            0.005698114633560181,
            0.013696229085326195,
            0.14477434754371643,
            0.019022662192583084,
            0.05060622841119766
        ],
        "dp_exp": [
            0.10446237772703171,
            0.19002418220043182,
            0.04839639738202095,
            0.05177486315369606,
            0.09059726446866989,
            0.2618902921676636,
            0.03132520243525505,
            0.01972152478992939
        ],
        "eo_exp": [
            0.11772073060274124,
            0.11512580513954163,
            0.04686060547828674,
            0.044413499534130096,
            0.09410854429006577,
            0.3020130395889282,
            0.015105986967682838,
            0.0009368109167553484
        ],
        "tpr_exp": [
            0.12807726860046387,
            0.17340631783008575,
            0.06883514672517776,
            0.06602325290441513,
            0.11712132394313812,
            0.310131311416626,
            0.05865329131484032,
            0.05587894096970558
        ],
        "er_exp": [
            0.09652499854564667,
            0.21309371292591095,
            0.043981246650218964,
            0.049418751150369644,
            0.04115624725818634,
            0.3953937590122223,
            0.06596250832080841,
            0.03999999538064003
        ],
        "opt_shap": [
            0.05290814861655235,
            0.10930605232715607,
            0.022612662985920906,
            0.022511543706059456,
            0.030148202553391457,
            0.15232020616531372,
            0.029667921364307404,
            0.02201284095644951
        ],
        "opt_objBI": [
            0.04921955615282059,
            0.102751225233078,
            0.012291569262742996,
            0.010181626304984093,
            0.018566707149147987,
            0.15262152254581451,
            0.02072020061314106,
            0.009568867273628712
        ]
    },
    "shap": {
        "full": [
            0.04267727956175804,
            0.10527567565441132,
            0.002057206118479371,
            0.0017759610200300813,
            0.008937777951359749,
            0.146623432636261,
            0.015459110960364342,
            0.06167658045887947
        ],
        "partial": [
            0.04497242718935013,
            0.1215725690126419,
            0.001545271254144609,
            0.0025816112756729126,
            0.00769101083278656,
            0.15989239513874054,
            0.01666673831641674
        ],
        "mip": [
            0.03919334337115288,
            0.1074197068810463,
            0.0005763087538070977,
            0.0015106408391147852,
            0.007983438670635223,
            0.14991794526576996,
            0.016672758385539055
        ],
        "adv_deb": [
            0.03500516712665558,
            0.11228382587432861,
            0.0041641248390078545,
            0.006772502791136503,
            0.010050173848867416,
            0.1620354950428009,
            0.017661407589912415,
            0.04712163284420967
        ],
        "eo_cal": [
            0.018609315156936646,
            0.056983765214681625,
            0.0003030915977433324,
            0.0009365186560899019,
            0.001993998419493437,
            0.08449298143386841,
            0.005785855930298567,
            0.11152056604623795
        ],
        "re_weigh": [
            0.04032566025853157,
            0.11002765595912933,
            5.367389530874789e-05,
            0.0011164677562192082,
            0.009514190256595612,
            0.1506391018629074,
            0.015978068113327026,
            0.04719265177845955
        ],
        "dp_exp": [
            0.08994141221046448,
            0.18068374693393707,
            0.027950599789619446,
            0.041603248566389084,
            0.06930732727050781,
            0.2520149350166321,
            0.020459391176700592,
            0.0
        ],
        "eo_exp": [
            0.11577204614877701,
            0.1485067456960678,
            0.029249005019664764,
            0.04653742164373398,
            0.06968578696250916,
            0.29340440034866333,
            0.01630241982638836,
            0.0
        ],
        "tpr_exp": [
            0.08916112035512924,
            0.16698317229747772,
            0.009918536059558392,
            0.011511378921568394,
            0.0813329815864563,
            0.28969573974609375,
            0.016762634739279747,
            0.0
        ],
        "er_exp": [
            0.07965445518493652,
            0.2025880366563797,
            0.004119172226637602,
            0.010337945073843002,
            0.0013067813124507666,
            0.3753480613231659,
            0.032286837697029114,
            0.0
        ],
        "opt_shap": [
            0.04544268548488617,
            0.10859975218772888,
            0.002017545746639371,
            0.004247416742146015,
            0.011501580476760864,
            0.14904090762138367,
            0.015312056057155132
        ],
        "opt_objBI": [
            0.04288318753242493,
            0.10905350744724274,
            0.0020509741734713316,
            0.0017349929548799992,
            0.009436356835067272,
            0.1508811116218567,
            0.01579376682639122
        ]
    },
    "di": {
        "full": 0.3143345187757273,
        "partial": 0.5606908987377812,
        "mip": 0.5633569057584067,
        "adv_deb": 0.3578784728071144,
        "eo_cal": 0.24202626641651032,
        "re_weigh": 0.950093808630394,
        "dp_exp": 0.8736494792003623,
        "eo_exp": 0.7879199862232736,
        "tpr_exp": 0.7444294118086753,
        "er_exp": 0.6020296231470547,
        "opt_shap": 0.5567961683369178,
        "opt_objBI": 0.5376045213443588
    },
    "dd": {
        "full": -0.5443079057112117,