{
    "error": {
        "full": 27.000001907348633,
        "partial": 27.299999237060547,
        "mip": 27.399999618530273,
        "adv_deb": 26.94999885559082,
        "eo_cal": 27.700000762939453,
        "re_weigh": 27.549999237060547,
        "dp_exp": 27.599998474121094,
        "eo_exp": 28.049999237060547,
        "tpr_exp": 27.350000381469727,
        "er_exp": 34.599998474121094,
        "opt_shap": 27.350000381469727,
        "opt_objBI": 27.399999618530273
    },
    "objBI": {
        "full": [
            0.03635237365961075,
            0.17720499634742737,
            0.017730068415403366
        ],
        "partial": [
            0.021179817616939545,
            0.18117353320121765,
            0.0018561631441116333
        ],
        "mip": [
            0.007436142303049564,
            0.19981838762760162,
            0.0074776541441679
        ],
        "adv_deb": [
            0.018277406692504883,
            0.20890747010707855,
            0.00479141715914011
        ],
        "eo_cal": [
            0.0037348417099565268,
            0.10247916728258133,
            0.03538181260228157
        ],
        "re_weigh": [
            0.007570280227810144,
            0.19972890615463257,
            0.06822174042463303
        ],
        "dp_exp": [
            0.14182375371456146,
            0.2511976361274719,
            0.012412679381668568
        ],
        "eo_exp": [
            0.1488076001405716,
            0.28192010521888733,
            0.007204353343695402
        ],
        "tpr_exp": [
            0.14048674702644348,
            0.2715601921081543,
            0.007601624354720116
        ],
        "er_exp": [
            0.15594549477100372,
            0.30188679695129395,
            0.0005822950042784214
        ],
        "opt_shap": [
            0.025499187409877777,
            0.1811208873987198,
            0.004539822228252888
        ],
        "opt_objBI": [
            0.025576995685696602,
            0.1839696764945984,
            0.0016322926385328174
        ]
    },
    "shap": {
        "full": [
            0.03491080552339554,
            0.18294402956962585,
            0.0
        ],
        "partial": [
            0.020953133702278137,
            0.18136556446552277
        ],
        "mip": [
            0.003680034540593624,
            0.1976379156112671
        ],
        "adv_deb": [
            0.028659390285611153,
            0.2118711918592453
        ],
        "eo_cal": [
            0.0031186670530587435,
            0.10998369008302689
        ],
        "re_weigh": [
            0.005989354103803635,
            0.20611725747585297
        ],
        "dp_exp": [
            0.1578846275806427,
            0.25580134987831116
        ],
        "eo_exp": [
            0.1442936658859253,
            0.2813510596752167
        ],
        "tpr_exp": [
            0.14597713947296143,
            0.2669562101364136
        ],
        "er_exp": [
            0.1956336498260498,
            0.3439577519893646
        ],
        "opt_shap": [
            0.02495560795068741,
            0.18331824243068695
        ],
        "opt_objBI": [
            0.024886883795261383,
            0.18462665379047394
        ]
    },
    "di": {
        "full": 0.7690547200453353,
        "partial": 0.7516073138479777,
        "mip": 0.7518907424863539,
        "adv_deb": 0.75809767155921,
        "eo_cal": 0.7102897102897103,
        "re_weigh": 0.9303596403596404,
        "dp_exp": 0.9826143019975618,
        "eo_exp": 0.9267161410018552,
        "tpr_exp": 0.9498527788001472,
        "er_exp": 0.9965618796787628,
        "opt_shap": 0.738148780679901,
        "opt_objBI": 0.7386459694152002
    },
    "dd": {
        "full": -0.22169822169822173,
        "partial": -0.23969023969023973,
        "mip": -0.2376782376782376,
        "adv_deb": -0.22664722664722659,
        "eo_cal": -0.28971028971028967,
        "re_weigh": -0.06273906273906271,
        "dp_exp": -0.015800015800015776,
        "eo_exp": -0.05975605975605969,
        "tpr_exp": -0.05178005178005174,
        "er_exp": -0.0003750003750003783,
        "opt_shap": -0.2526772526772527,
        "opt_objBI": -0.2516742516742516
    },
    "eqopp": {
        "full": -0.14824473668983873,
        "partial": -0.1623918200679456,
        "mip": -0.16496664710404285,
        "adv_deb": -0.16529315005083534,
        "eo_cal": -0.1961414790996785,
        "re_weigh": -0.043123186668760694,
        "dp_exp": 0.0038229775415568046,
        "eo_exp": -0.036369948503459204,
        "tpr_exp": -0.02157812512915469,
        "er_exp": 0.013328759536779144,
        "opt_shap": -0.1736458393605501,
        "opt_objBI": -0.1739682093586491
    },
    "eqodd": {
        "full": 0.22694773636507243,
        "partial": 0.24966735787838354,
        "mip": 0.2432242588544964,
        "adv_deb": 0.2160471648127838,
        "eo_cal": 0.31970662345485246,
        "re_weigh": 0.029053325566140514,
        "dp_exp": 0.007982478156993614,
        "eo_exp": 0.0362367657010067,
        "tpr_exp": 0.02440955980422707,
        "er_exp": 0.04079958860102015,
        "opt_shap": 0.2632099348070077,
        "opt_objBI": 0.2611086763671432
    }
}