{
    "error": {
        "full": 27.950000762939453,
        "partial": 27.950000762939453,
        "mip": 27.849998474121094,
        "adv_deb": 27.64999771118164,
        "eo_cal": 27.849998474121094,
        "re_weigh": 28.450000762939453,
        "dp_exp": 29.899999618530273,
        "eo_exp": 29.80000114440918,
        "tpr_exp": 30.5,
        "er_exp": 37.95000076293945,
        "opt_shap": 27.900001525878906,
        "opt_objBI": 27.900001525878906
    },
    "objBI": {
        "full": [
            0.015110243111848831,
            0.19198428094387054,
            0.00018746948626358062
        ],
        "partial": [
            0.019669555127620697,
            0.1853359192609787,
            0.008004294708371162
        ],
        "mip": [
            0.01458809245377779,
            0.19301238656044006,
            0.00021086524066049606
        ],
        "adv_deb": [
            0.015233295038342476,
            0.19166074693202972,
            0.011599847115576267
        ],
        "eo_cal": [
            0.0060453033074736595,
            0.09862969070672989,
            0.03294505923986435
        ],
        "re_weigh": [
            0.014375654049217701,
            0.19995222985744476,
            0.06874746829271317
        ],
        "dp_exp": [
            0.035789210349321365,
            0.03665017709136009,
            0.002015389734879136
        ],
        "eo_exp": [
            0.06516223400831223,
            0.06513044983148575,
            0.006862096022814512
        ],
        "tpr_exp": [
            0.06773602217435837,
            0.12600746750831604,
            0.0018990057287737727
        ],
        "er_exp": [
            0.13219749927520752,
            0.1619814783334732,
            0.012855978682637215
        ],
        "opt_shap": [
            0.015999997034668922,
            0.18893936276435852,
            0.007815971039235592
        ],
        "opt_objBI": [
            0.01481051929295063,
            0.18643949925899506,
            0.0015251112636178732
        ]
    },
    "shap": {
        "full": [
            0.0153355048969388,
            0.19139832258224487,
            0.0
        ],
        "partial": [
            0.01846601441502571,
            0.1834852546453476
        ],
        "mip": [
            0.014719038270413876,
            0.19581250846385956
        ],
        "adv_deb": [
            0.01802481897175312,
            0.18755505979061127
        ],
        "eo_cal": [
            0.005453626625239849,
            0.10390254110097885
        ],
        "re_weigh": [
            0.013376031070947647,
            0.19458618760108948
        ],
        "dp_exp": [
            0.042327627539634705,
            0.03859866037964821
        ],
        "eo_exp": [
            0.07718304544687271,
            0.06910412758588791
        ],
        "tpr_exp": [
            0.06515267491340637,
            0.1358717381954193
        ],
        "er_exp": [
            0.13624989986419678,
            0.18275649845600128
        ],
        "opt_shap": [
            0.01473266165703535,
            0.18711310625076294
        ],
        "opt_objBI": [
            0.014836616814136505,
            0.18845444917678833
        ]
    },
    "di": {
        "full": 0.8032927442210142,
        "partial": 0.8073152349815496,
        "mip": 0.7990648876724826,
        "adv_deb": 0.8246191396876329,
        "eo_cal": 0.7577577577577578,
        "re_weigh": 0.9681124190707054,
        "dp_exp": 0.9855420101826673,
        "eo_exp": 0.9642697090395835,
        "tpr_exp": 0.9284507912167487,
        "er_exp": 0.936593537982427,
        "opt_shap": 0.8022357800838813,
        "opt_objBI": 0.8022357800838813
    },
    "dd": {
        "full": -0.18629218629218636,
        "partial": -0.18229018229018235,
        "mip": -0.19029619029619027,
        "adv_deb": -0.16627016627016622,
        "eo_cal": -0.24224224224224222,
        "re_weigh": -0.028256028256028243,
        "dp_exp": -0.0060720060720060864,
        "eo_exp": -0.0341260341260341,
        "tpr_exp": -0.0691910691910691,
        "er_exp": -0.04960504960504952,
        "opt_shap": -0.18729318729318734,
        "opt_objBI": -0.18729318729318734
    },
    "eqopp": {
        "full": -0.10967956274782986,
        "partial": -0.1080184331797236,
        "mip": -0.11134069231593613,
        "adv_deb": -0.09527810524059588,
        "eo_cal": -0.14617940199335544,
        "re_weigh": 0.0034101382488479492,
        "dp_exp": -0.007771942985746461,
        "eo_exp": -0.006867431143500191,
        "tpr_exp": -0.020928089165148323,
        "er_exp": 0.017200728753617,
        "opt_shap": -0.10967956274782986,
        "opt_objBI": -0.10967956274782986
    },
    "eqodd": {
        "full": 0.18875342574207435,
        "partial": 0.1831915798898328,
        "mip": 0.19336232805761364,
        "adv_deb": 0.16453345978910827,
        "eo_cal": 0.2670443609462999,
        "re_weigh": 0.0024964023537322882,
        "dp_exp": 0.009374934625522385,
        "eo_exp": 0.008218600122235166,
        "tpr_exp": 0.07034745876264845,
        "er_exp": 0.06697092557235898,
        "opt_shap": 0.19001287158590308,
        "opt_objBI": 0.19001287158590308
    }
}