{
    "error": {
        "full": 26.350000381469727,
        "partial": 25.650001525878906,
        "mip": 25.94999885559082,
        "adv_deb": 26.100000381469727,
        "eo_cal": 27.149999618530273,
        "re_weigh": 26.44999885559082,
        "dp_exp": 28.899999618530273,
        "eo_exp": 28.650001525878906,
        "tpr_exp": 29.350000381469727,
        "er_exp": 35.60000228881836,
        "opt_shap": 26.05000114440918,
        "opt_objBI": 26.0
    },
    "objBI": {
        "full": [
            0.003849770175293088,
            0.17045430839061737,
            0.01929585635662079
        ],
        "partial": [
            0.0059622409753501415,
            0.20047588646411896,
            0.005043839104473591
        ],
        "mip": [
            0.00519020389765501,
            0.20131847262382507,
            0.0009926968486979604
        ],
        "adv_deb": [
            0.008441845886409283,
            0.20765522122383118,
            0.0033857894595712423
        ],
        "eo_cal": [
            0.011452557519078255,
            0.10148110240697861,
            0.03892328590154648
        ],
        "re_weigh": [
            0.0064014857634902,
            0.19774700701236725,
            0.06982149928808212
        ],
        "dp_exp": [
            0.0498339869081974,
            0.0588562935590744,
            0.0020000003278255463
        ],
        "eo_exp": [
            0.09296464174985886,
            0.08436992764472961,
            0.0023321169428527355
        ],
        "tpr_exp": [
            0.048060957342386246,
            0.062263742089271545,
            0.00021811577607877553
        ],
        "er_exp": [
            0.23359255492687225,
            0.1576879322528839,
            0.013654233887791634
        ],
        "opt_shap": [
            0.0024281751830130816,
            0.18979284167289734,
            0.0003741235996130854
        ],
        "opt_objBI": [
            0.01852615736424923,
            0.18554255366325378,
            0.01852506771683693
        ]
    },
    "shap": {
        "full": [
            0.0029216348193585873,
            0.1662621647119522,
            0.0
        ],
        "partial": [
            0.004627204034477472,
            0.1969992220401764
        ],
        "mip": [
            0.004932190757244825,
            0.19769415259361267
        ],
        "adv_deb": [
            0.014816664159297943,
            0.20069554448127747
        ],
        "eo_cal": [
            0.004621048923581839,
            0.10659243911504745
        ],
        "re_weigh": [
            0.00503837876021862,
            0.2039661854505539
        ],
        "dp_exp": [
            0.0522008053958416,
            0.0549287348985672
        ],
        "eo_exp": [
            0.08698495477437973,
            0.0799749568104744
        ],
        "tpr_exp": [
            0.04347893223166466,
            0.06283841282129288
        ],
        "er_exp": [
            0.2292240411043167,
            0.1439443677663803
        ],
        "opt_shap": [
            0.0024456095416098833,
            0.19043540954589844
        ],
        "opt_objBI": [
            0.00044879066990688443,
            0.19219763576984406
        ]
    },
    "di": {
        "full": 0.7635251924242891,
        "partial": 0.7473389989607429,
        "mip": 0.7564956653744339,
        "adv_deb": 0.7682790869534749,
        "eo_cal": 0.721881390593047,
        "re_weigh": 0.9462324996067327,
        "dp_exp": 0.9769293187602198,
        "eo_exp": 0.9742520056630486,
        "tpr_exp": 0.9695997311596609,
        "er_exp": 0.9761054560786101,
        "opt_shap": 0.7631947795317203,
        "opt_objBI": 0.7639751422919777
    },
    "dd": {
        "full": -0.23022743007615687,
        "partial": -0.24128878377134533,
        "mip": -0.23302078205851628,
        "adv_deb": -0.21834367834031665,
        "eo_cal": -0.278118609406953,
        "re_weigh": -0.04787517158304622,
        "dp_exp": -0.021594451714629814,
        "eo_exp": -0.01958347840354724,
        "tpr_exp": -0.033644283833375366,
        "er_exp": -0.013020301826083824,
        "opt_shap": -0.22684179142705063,
        "opt_objBI": -0.22586331784583735
    },
    "eqopp": {
        "full": -0.15500911658801786,
        "partial": -0.16557559675057265,
        "mip": -0.1606251017010677,
        "adv_deb": -0.15799026173160935,
        "eo_cal": -0.17491749174917492,
        "re_weigh": -0.00978207808138587,
        "dp_exp": 0.00042557985254909614,
        "eo_exp": -0.006840570277002467,
        "tpr_exp": -0.010460085199417435,
        "er_exp": 0.067266650811731,
        "opt_shap": -0.15858899417122496,
        "opt_objBI": -0.15858899417122496
    },
    "eqodd": {
        "full": 0.2347102558222871,
        "partial": 0.23604851615213313,
        "mip": 0.22849367080584734,
        "adv_deb": 0.20366347327608258,
        "eo_cal": 0.31057702544447996,
        "re_weigh": 0.019361783350146933,
        "dp_exp": 0.02491236440637665,
        "eo_exp": 0.013370720967533334,
        "tpr_exp": 0.03148706657297594,
        "er_exp": 0.053790785974727306,
        "opt_shap": 0.2207551869333991,
        "opt_objBI": 0.21859068476889693
    }
}