{
    "error": {
        "full": 27.700000762939453,
        "partial": 27.549999237060547,
        "mip": 27.549999237060547,
        "adv_deb": 27.75,
        "eo_cal": 28.049999237060547,
        "re_weigh": 27.64999771118164,
        "dp_exp": 27.700000762939453,
        "eo_exp": 28.299999237060547,
        "tpr_exp": 27.799999237060547,
        "er_exp": 36.19999694824219,
        "opt_shap": 27.5,
        "opt_objBI": 27.5
    },
    "objBI": {
        "full": [
            0.05182870849967003,
            0.14391088485717773,
            0.01573636382818222
        ],
        "partial": [
            0.013151399791240692,
            0.1711193174123764,
            0.010817175731062889
        ],
        "mip": [
            0.016718905419111252,
            0.1829676479101181,
            0.01009973045438528
        ],
        "adv_deb": [
            0.012855981476604939,
            0.18542514741420746,
            0.0035479445941746235
        ],
        "eo_cal": [
            0.004732081666588783,
            0.1022377535700798,
            0.03954558074474335
        ],
        "re_weigh": [
            0.011488806456327438,
            0.18825507164001465,
            0.07812146842479706
        ],
        "dp_exp": [
            0.12489821016788483,
            0.23018963634967804,
            0.0032018525525927544
        ],
        "eo_exp": [
            0.1490960717201233,
            0.2404720038175583,
            0.01643499918282032
        ],
        "tpr_exp": [
            0.1065337210893631,
            0.25101912021636963,
            0.017623381689190865
        ],
        "er_exp": [
            0.10645171999931335,
            0.22474615275859833,
            0.0015465784817934036
        ],
        "opt_shap": [
            0.015271514654159546,
            0.17490875720977783,
            0.006479679606854916
        ],
        "opt_objBI": [
            0.01402803510427475,
            0.16774716973304749,
            0.0002666008076630533
        ]
    },
    "shap": {
        "full": [
            0.05145779252052307,
            0.14227968454360962,
            0.0
        ],
        "partial": [
            0.009880182333290577,
            0.17806284129619598
        ],
        "mip": [
            0.015050756745040417,
            0.18136855959892273
        ],
        "adv_deb": [
            0.01586686633527279,
            0.18611887097358704
        ],
        "eo_cal": [
            0.0031569162383675575,
            0.10136453807353973
        ],
        "re_weigh": [
            0.010897470638155937,
            0.18723590672016144
        ],
        "dp_exp": [
            0.131642684340477,
            0.2035399228334427
        ],
        "eo_exp": [
            0.15542244911193848,
            0.22913818061351776
        ],
        "tpr_exp": [
            0.11162839084863663,
            0.21174748241901398
        ],
        "er_exp": [
            0.14497186243534088,
            0.23438070714473724
        ],
        "opt_shap": [
            0.013998742215335369,
            0.17393238842487335
        ],
        "opt_objBI": [
            0.013890152797102928,
            0.1731259971857071
        ]
    },
    "di": {
        "full": 0.77008069777118,
        "partial": 0.7652350164203612,
        "mip": 0.7593895931475321,
        "adv_deb": 0.763074928701063,
        "eo_cal": 0.7507389162561576,
        "re_weigh": 0.9540507256024497,
        "dp_exp": 0.9683563748079876,
        "eo_exp": 0.9810261561850325,
        "tpr_exp": 0.9292355642015208,
        "er_exp": 0.9691283858651395,
        "opt_shap": 0.7747406368096024,
        "opt_objBI": 0.7747406368096024
    },
    "dd": {
        "full": -0.22385036633242472,
        "partial": -0.22880648145832816,
        "mip": -0.2347478182591083,
        "adv_deb": -0.2285064139431372,
        "eo_cal": -0.24926108374384237,
        "re_weigh": -0.0414243204721062,
        "dp_exp": -0.03298242104473503,
        "eo_exp": -0.02061963941886924,
        "tpr_exp": -0.058538171088494906,
        "er_exp": -0.02644595033882624,
        "opt_shap": -0.21999949988747458,
        "opt_objBI": -0.21999949988747458
    },
    "eqopp": {
        "full": -0.16279809873830964,
        "partial": -0.16567668285271375,
        "mip": -0.17170487326633055,
        "adv_deb": -0.17018140007596838,
        "eo_cal": -0.17007874015748037,
        "re_weigh": -0.03185537270683403,
        "dp_exp": -0.010957919699411733,
        "eo_exp": 0.003383670913365333,
        "tpr_exp": -0.0272479955650915,
        "er_exp": -0.004586845158044972,
        "opt_shap": -0.15753164491987393,
        "opt_objBI": -0.15753164491987393
    },
    "eqodd": {
        "full": 0.22958832990995637,
        "partial": 0.23497499038821104,
        "mip": 0.24062066454238787,
        "adv_deb": 0.2297068275126341,
        "eo_cal": 0.2758288437629507,
        "re_weigh": 0.027600791133716385,
        "dp_exp": 0.01721780898859615,
        "eo_exp": 0.003401276395402969,
        "tpr_exp": 0.047873620871686354,
        "er_exp": 0.05976549438441567,
        "opt_shap": 0.22661710203502144,
        "opt_objBI": 0.22661710203502144
    }
}