{
    "error": {
        "full": 26.399999618530273,
        "partial": 26.30000114440918,
        "mip": 26.350000381469727,
        "opt_shap": 26.44999885559082,
        "opt_objBI": 26.30000114440918
    },
    "objBI": {
        "full": [
            0.01705661229789257,
            0.1879052221775055,
            0.013653014786541462
        ],
        "partial": [
            0.015071031637489796,
            0.19225159287452698,
            0.013799354434013367
        ],
        "mip": [
            0.009202889166772366,
            0.18840762972831726,
            0.002715125447139144
        ],
        "opt_shap": [
            0.006421108264476061,
            0.19277429580688477,
            0.004041329026222229
        ],
        "opt_objBI": [
            0.016164729371666908,
            0.18197199702262878,
            0.002512600738555193
        ]
    },
    "shap": {
        "full": [
            1.9409962987992913e-05,
            -1.689100645307917e-05,
            0.0
        ],
        "partial": [
            -1.012703069136478e-05,
            1.4336705135065131e-05
        ],
        "mip": [
            -1.0052338438981678e-05,
            3.0784606224187883e-06
        ],
        "opt_shap": [
            -5.8308764891989995e-06,
            -1.1250376985572075e-07
        ],
        "opt_objBI": [
            -3.4556612718006363e-06,
            -3.24794054904487e-05
        ]
    },
    "di": {
        "full": 0.7945764060402128,
        "partial": 0.8119929217722279,
        "mip": 0.810924510033054,
        "opt_shap": 0.8078794824522065,
        "opt_objBI": 0.823137411701986
    },
    "dd": {
        "full": -0.19840227971311475,
        "partial": -0.1802958504098361,
        "mip": -0.1813204405737705,
        "opt_shap": -0.1851786629098361,
        "opt_objBI": -0.1699538934426229
    },
    "eqopp": {
        "full": -0.11578947368421044,
        "partial": -0.10203007518796992,
        "mip": -0.10369674185463662,
        "opt_shap": -0.10620300751879697,
        "opt_objBI": -0.09328320802005008
    },
    "eqodd": {
        "full": 0.20691328325521008,
        "partial": 0.18453509031475318,
        "mip": 0.18536842364808653,
        "opt_shap": 0.19192893738771707,
        "opt_objBI": 0.17439532270706892
    }
}