{
    "error": {
        "full": 26.19999885559082,
        "partial": 26.0,
        "mip": 26.350000381469727,
        "opt_shap": 25.94999885559082,
        "opt_objBI": 26.0
    },
    "objBI": {
        "full": [
            0.01020383182913065,
            0.22169129550457,
            0.014160703867673874
        ],
        "partial": [
            0.014394632540643215,
            0.22092531621456146,
            0.01429782249033451
        ],
        "mip": [
            0.00920637883245945,
            0.20086897909641266,
            0.0009986743098124862
        ],
        "opt_shap": [
            0.009251922369003296,
            0.21252113580703735,
            0.009184996597468853
        ],
        "opt_objBI": [
            0.002056458033621311,
            0.21796615421772003,
            0.001787851215340197
        ]
    },
    "shap": {
        "full": [
            7.81191999976727e-09,
            -1.1636797125902376e-07,
            0.0
        ],
        "partial": [
            1.0304240277037024e-05,
            -3.441691433181404e-06
        ],
        "mip": [
            -2.2931688363314606e-05,
            4.62317484561936e-06
        ],
        "opt_shap": [
            -8.704567335371394e-06,
            1.1632442920017638e-06
        ],
        "opt_objBI": [
            -1.624148353585042e-06,
            4.738569145956717e-07
        ]
    },
    "di": {
        "full": 0.7265366699958672,
        "partial": 0.7399939608232762,
        "mip": 0.7840244651991981,
        "opt_shap": 0.7493741659604726,
        "opt_objBI": 0.7525009010062047
    },
    "dd": {
        "full": -0.2544373246975109,
        "partial": -0.2405663353130435,
        "mip": -0.20162202054612766,
        "opt_shap": -0.23188745392442256,
        "opt_objBI": -0.22899449346154888
    },
    "eqopp": {
        "full": -0.15778380934756242,
        "partial": -0.14582896387226785,
        "mip": -0.11569921658133364,
        "opt_shap": -0.1380770258877717,
        "opt_objBI": -0.13652663829087242
    },
    "eqodd": {
        "full": 0.26030729379593726,
        "partial": 0.2433263069532221,
        "mip": 0.2057843802855892,
        "opt_shap": 0.2343482971446475,
        "opt_objBI": 0.23102208293803456
    }
}