{
    "error": {
        "full": 26.80000114440918,
        "partial": 26.899999618530273,
        "mip": 26.69999885559082,
        "opt_shap": 26.80000114440918,
        "opt_objBI": 26.94999885559082
    },
    "objBI": {
        "full": [
            0.008408180437982082,
            0.19608214497566223,
            0.004061262123286724
        ],
        "partial": [
            0.007150893099606037,
            0.2119671106338501,
            0.0001724145549815148
        ],
        "mip": [
            0.00705660879611969,
            0.19294878840446472,
            0.007006374653428793
        ],
        "opt_shap": [
            0.003743235720321536,
            0.19668008387088776,
            0.0013819149462506175
        ],
        "opt_objBI": [
            0.008809292688965797,
            0.1995822936296463,
            0.00335282483138144
        ]
    },
    "shap": {
        "full": [
            4.2586207200656645e-06,
            -1.0607373042148538e-06,
            0.0
        ],
        "partial": [
            -4.697572535405925e-07,
            -6.835222393419826e-06
        ],
        "mip": [
            3.0882094961270923e-06,
            1.5280246543625253e-06
        ],
        "opt_shap": [
            -1.8737958953352063e-06,
            -2.1840332919964567e-06
        ],
        "opt_objBI": [
            -1.7600992578081787e-05,
            -6.302714155026479e-06
        ]
    },
    "di": {
        "full": 0.7816849571734475,
        "partial": 0.7783515458422174,
        "mip": 0.7864805437100213,
        "opt_shap": 0.7781650213447171,
        "opt_objBI": 0.775303171641791
    },
    "dd": {
        "full": -0.20892033811475408,
        "partial": -0.21301869877049184,
        "mip": -0.20520619877049184,
        "opt_shap": -0.21297067110655743,
        "opt_objBI": -0.21594838627049184
    },
    "eqopp": {
        "full": -0.1381656314699793,
        "partial": -0.1394989648033127,
        "mip": -0.1330683229813664,
        "opt_shap": -0.1394989648033127,
        "opt_objBI": -0.14260455486542445
    },
    "eqodd": {
        "full": 0.21371486044854343,
        "partial": 0.22101869525680307,
        "mip": 0.2116436165442463,
        "opt_shap": 0.2201220953499563,
        "opt_objBI": 0.22388727976154316
    }
}