{
    "error": {
        "full": 27.64999771118164,
        "partial": 27.75,
        "mip": 27.75,
        "opt_shap": 27.64999771118164,
        "opt_objBI": 27.399999618530273
    },
    "objBI": {
        "full": [
            0.002904545282945037,
            0.2000642567873001,
            0.010591587983071804
        ],
        "partial": [
            0.00455611664801836,
            0.21681451797485352,
            0.0032653585076332092
        ],
        "mip": [
            0.015905125066637993,
            0.20000408589839935,
            0.015012174844741821
        ],
        "opt_shap": [
            0.005810244008898735,
            0.21413111686706543,
            0.005808094050735235
        ],
        "opt_objBI": [
            0.003955104388296604,
            0.20898032188415527,
            0.003348488127812743
        ]
    },
    "shap": {
        "full": [
            5.231175919107045e-07,
            -3.271384684921941e-06,
            0.0
        ],
        "partial": [
            2.1328777677354083e-07,
            -5.6594608395243995e-06
        ],
        "mip": [
            1.6368841897929087e-05,
            1.484274889662629e-06
        ],
        "opt_shap": [
            2.1663802272087196e-06,
            -1.6775130688984063e-06
        ],
        "opt_objBI": [
            -4.633128810382914e-06,
            1.6360580730179208e-06
        ]
    },
    "di": {
        "full": 0.7441769148154909,
        "partial": 0.7603569301454948,
        "mip": 0.7902063689734923,
        "opt_shap": 0.7582766102271761,
        "opt_objBI": 0.7801199693695227
    },
    "dd": {
        "full": -0.2411747285686272,
        "partial": -0.22543110865658977,
        "mip": -0.1982099336078662,
        "opt_shap": -0.22738805581901633,
        "opt_objBI": -0.2068401106135369
    },
    "eqopp": {
        "full": -0.1587453058668411,
        "partial": -0.14796930148742515,
        "mip": -0.12849197710604965,
        "opt_shap": -0.14796930148742515,
        "opt_objBI": -0.12756113822211912
    },
    "eqodd": {
        "full": 0.24986896160400307,
        "partial": 0.2320166602280042,
        "mip": 0.2022747647560749,
        "opt_shap": 0.2346140628254068,
        "opt_objBI": 0.2140203708031434
    }
}