{
    "error": {
        "full": 28.549999237060547,
        "partial": 28.850000381469727,
        "mip": 28.349998474121094,
        "opt_shap": 28.799999237060547,
        "opt_objBI": 28.549999237060547
    },
    "objBI": {
        "full": [
            0.014837631955742836,
            0.21373015642166138,
            0.00809608493000269
        ],
        "partial": [
            0.019087165594100952,
            0.20533613860607147,
            0.006185219157487154
        ],
        "mip": [
            0.014292404055595398,
            0.19293621182441711,
            0.0035388132091611624
        ],
        "opt_shap": [
            0.010140199214220047,
            0.20648972690105438,
            0.0025564096868038177
        ],
        "opt_objBI": [
            0.022115398198366165,
            0.20883595943450928,
            0.020554352551698685
        ]
    },
    "shap": {
        "full": [
            -1.0294834282831289e-05,
            -9.551453331368975e-06,
            0.0
        ],
        "partial": [
            -5.1989361963933334e-05,
            -4.9958347517531365e-05
        ],
        "mip": [
            -2.546303039707709e-05,
            8.640587111585774e-06
        ],
        "opt_shap": [
            2.5806606572587043e-05,
            3.5572052183852065e-06
        ],
        "opt_objBI": [
            -2.6101282855961472e-05,
            -3.075265703955665e-05
        ]
    },
    "di": {
        "full": 0.717165838159665,
        "partial": 0.7254834656615072,
        "mip": 0.7430856729818154,
        "opt_shap": 0.7453252319721163,
        "opt_objBI": 0.7294810730038249
    },
    "dd": {
        "full": -0.26681928513350106,
        "partial": -0.256752067000107,
        "mip": -0.24314642071690673,
        "opt_shap": -0.2379367903516325,
        "opt_objBI": -0.2549278462693986
    },
    "eqopp": {
        "full": -0.22366695425332517,
        "partial": -0.21594494653131746,
        "mip": -0.20534095335997082,
        "opt_shap": -0.19881008470548878,
        "opt_objBI": -0.21574302398391143
    },
    "eqodd": {
        "full": 0.2526974294603269,
        "partial": 0.24148786551987922,
        "mip": 0.226429165855755,
        "opt_shap": 0.22239411881749116,
        "opt_objBI": 0.23848223691747705
    }
}