{
    "error": {
        "full": 26.55000114440918,
        "partial": 26.19999885559082,
        "mip": 26.30000114440918,
        "opt_shap": 26.19999885559082,
        "opt_objBI": 26.350000381469727
    },
    "objBI": {
        "full": [
            0.02736029587686062,
            0.1912231743335724,
            0.016395365819334984
        ],
        "partial": [
            0.027742568403482437,
            0.19504034519195557,
            0.005410320591181517
        ],
        "mip": [
            0.020811842754483223,
            0.18934793770313263,
            0.008891290053725243
        ],
        "opt_shap": [
            0.01823911815881729,
            0.19342337548732758,
            0.0052414583042263985
        ],
        "opt_objBI": [
            0.028497248888015747,
            0.19448208808898926,
            0.010303949937224388
        ]
    },
    "shap": {
        "full": [
            -3.2905016269069165e-05,
            2.8275419026613235e-05,
            0.0
        ],
        "partial": [
            -5.393323226599023e-05,
            3.724861016962677e-05
        ],
        "mip": [
            3.058055153815076e-05,
            1.9578934370656498e-05
        ],
        "opt_shap": [
            2.285577380689574e-07,
            -1.9281626009615138e-05
        ],
        "opt_objBI": [
            -2.1232963263173588e-05,
            1.820492798287887e-05
        ]
    },
    "di": {
        "full": 0.8512695455052852,
        "partial": 0.8246357526084266,
        "mip": 0.8268732537465076,
        "opt_shap": 0.8247904495808992,
        "opt_objBI": 0.8186164229471317
    },
    "dd": {
        "full": -0.13860348249151777,
        "partial": -0.16556238397029643,
        "mip": -0.1636258882273861,
        "opt_shap": -0.1655943921643941,
        "opt_objBI": -0.17032360284232761
    },
    "eqopp": {
        "full": -0.0814732142857143,
        "partial": -0.10431547619047621,
        "mip": -0.1056382275132276,
        "opt_shap": -0.1056382275132276,
        "opt_objBI": -0.10395171957671956
    },
    "eqodd": {
        "full": 0.1325385854929878,
        "partial": 0.16117696168613022,
        "mip": 0.15784897564537825,
        "opt_shap": 0.16050855011346338,
        "opt_objBI": 0.1689738067835072
    }
}