{
    "error": {
        "full": 27.100000381469727,
        "partial": 26.850000381469727,
        "mip": 27.299999237060547,
        "opt_shap": 26.899999618530273,
        "opt_objBI": 27.000001907348633
    },
    "objBI": {
        "full": [
            0.020481275394558907,
            0.1953394114971161,
            0.008113080635666847
        ],
        "partial": [
            0.015637774020433426,
            0.1811159998178482,
            0.002506865421310067
        ],
        "mip": [
            0.003139653243124485,
            0.1989731639623642,
            0.0029245128389447927
        ],
        "opt_shap": [
            0.009128262288868427,
            0.1752399355173111,
            0.004460099618881941
        ],
        "opt_objBI": [
            0.021506736055016518,
            0.18445008993148804,
            0.006236673332750797
        ]
    },
    "shap": {
        "full": [
            1.8151025869883597e-05,
            -2.442764753141091e-06,
            0.0
        ],
        "partial": [
            -2.421474528091494e-05,
            -3.8295209378702566e-05
        ],
        "mip": [
            -2.0565055365295848e-06,
            -6.03842727286974e-06
        ],
        "opt_shap": [
            -1.806717409635894e-05,
            -1.7301052139373496e-05
        ],
        "opt_objBI": [
            9.502410648565274e-06,
            4.531741069513373e-06
        ]
    },
    "di": {
        "full": 0.8225501847671389,
        "partial": 0.8202584535321567,
        "mip": 0.7911119329388561,
        "opt_shap": 0.8265285996055227,
        "opt_objBI": 0.8044850900946078
    },
    "dd": {
        "full": -0.1693511928337954,
        "partial": -0.17244980016083145,
        "mip": -0.19660053370460606,
        "opt_shap": -0.1653784141691771,
        "opt_objBI": -0.18718668859096377
    },
    "eqopp": {
        "full": -0.10298111219195849,
        "partial": -0.10504417963683521,
        "mip": -0.1282769941634242,
        "opt_shap": -0.09829361219195853,
        "opt_objBI": -0.11651264591439692
    },
    "eqodd": {
        "full": 0.17813525202932085,
        "partial": 0.18149236714710806,
        "mip": 0.20223077416167728,
        "opt_shap": 0.17346592063397204,
        "opt_objBI": 0.19792178745166433
    }
}