{
    "error": {
        "full": 25.75,
        "partial": 25.700000762939453,
        "mip": 25.150001525878906,
        "opt_shap": 25.650001525878906,
        "opt_objBI": 25.75
    },
    "objBI": {
        "full": [
            0.017479155212640762,
            0.22308194637298584,
            0.009603554382920265
        ],
        "partial": [
            0.012800069525837898,
            0.21682296693325043,
            0.0016465780790895224
        ],
        "mip": [
            0.015005206689238548,
            0.2111748903989792,
            0.012521889992058277
        ],
        "opt_shap": [
            0.006374933756887913,
            0.22001023590564728,
            0.002416754374280572
        ],
        "opt_objBI": [
            0.017880791798233986,
            0.22506004571914673,
            0.009728222154080868
        ]
    },
    "shap": {
        "full": [
            -2.112445599777857e-06,
            -4.3221734813414514e-07,
            0.0
        ],
        "partial": [
            -4.48336977569852e-05,
            -2.9057026040391065e-05
        ],
        "mip": [
            -2.8774588827218395e-06,
            7.563829171886027e-07
        ],
        "opt_shap": [
            -1.5909026842564344e-05,
            2.3835898446122883e-06
        ],
        "opt_objBI": [
            -4.733651803690009e-05,
            1.3754606698057614e-05
        ]
    },
    "di": {
        "full": 0.6806886321065878,
        "partial": 0.6688786190681172,
        "mip": 0.7103061722751498,
        "opt_shap": 0.6735355687145065,
        "opt_objBI": 0.662931895472762
    },
    "dd": {
        "full": -0.3022326318838314,
        "partial": -0.3153085165129772,
        "mip": -0.2794563190086903,
        "opt_shap": -0.31025034300770393,
        "opt_objBI": -0.3206493143353668
    },
    "eqopp": {
        "full": -0.20493890807856885,
        "partial": -0.21656957261432186,
        "mip": -0.17809970614012471,
        "opt_shap": -0.21198123421147608,
        "opt_objBI": -0.22038459555601386
    },
    "eqodd": {
        "full": 0.3099198489535591,
        "partial": 0.32423547018310006,
        "mip": 0.2927919066242908,
        "opt_shap": 0.3183894805231913,
        "opt_objBI": 0.3303329257880243
    }
}