{
    "error": {
        "full": 26.649999618530273,
        "partial": 26.499998092651367,
        "mip": 26.44999885559082,
        "opt_shap": 26.44999885559082,
        "opt_objBI": 26.600000381469727
    },
    "objBI": {
        "full": [
            0.028602713719010353,
            0.19953079521656036,
            0.010981239378452301
        ],
        "partial": [
            0.03300132229924202,
            0.20471377670764923,
            0.002183438977226615
        ],
        "mip": [
            0.010396554134786129,
            0.21053938567638397,
            0.0048193009570240974
        ],
        "opt_shap": [
            0.025193387642502785,
            0.19284690916538239,
            0.0013957505580037832
        ],
        "opt_objBI": [
            0.028789924457669258,
            0.19717097282409668,
            0.009947692975401878
        ]
    },
    "shap": {
        "full": [
            2.888904418796301e-05,
            4.045884998049587e-05,
            0.0
        ],
        "partial": [
            -2.6261061066179536e-05,
            -5.53178797417786e-05
        ],
        "mip": [
            -2.8450117497413885e-06,
            1.877337672340218e-05
        ],
        "opt_shap": [
            -5.360318755265325e-05,
            5.756110112997703e-05
        ],
        "opt_objBI": [
            -9.454607607040089e-06,
            -4.05722857976798e-06
        ]
    },
    "di": {
        "full": 0.8587140439932318,
        "partial": 0.8394716559917081,
        "mip": 0.7706594682956207,
        "opt_shap": 0.8273898838978812,
        "opt_objBI": 0.8286815318787042
    },
    "dd": {
        "full": -0.13195969093045934,
        "partial": -0.1510389837713485,
        "mip": -0.21329799204821087,
        "opt_shap": -0.16223650321322303,
        "opt_objBI": -0.16119126803530792
    },
    "eqopp": {
        "full": -0.06115953121656548,
        "partial": -0.07434612282521025,
        "mip": -0.1293413493983836,
        "opt_shap": -0.08408638256546996,
        "opt_objBI": -0.08408638256546996
    },
    "eqodd": {
        "full": 0.13593506694890675,
        "partial": 0.1586506257457706,
        "mip": 0.21808698762338297,
        "opt_shap": 0.16943844753618248,
        "opt_objBI": 0.16894080981644244
    }
}