{
    "error": {
        "full": 32.56544494628906,
        "partial": 31.308900833129883,
        "mip": 31.413612365722656,
        "adv_deb": 31.623035430908203,
        "eo_cal": 36.12565231323242,
        "re_weigh": 34.345550537109375,
        "dp_exp": 48.48167419433594,
        "eo_exp": 46.073299407958984,
        "tpr_exp": 38.01047134399414,
        "er_exp": 30.890052795410156,
        "opt_shap": 31.832460403442383,
        "opt_objBI": 31.93717384338379
    },
    "objBI": {
        "full": [
            0.005725426599383354,
            0.11006957292556763,
            0.004643436521291733,
            0.005504727829247713,
            0.015097943134605885,
            0.1330130249261856,
            0.014234133996069431,
            0.06222465634346008
        ],
        "partial": [
            0.007575441617518663,
            0.12474744021892548,
            0.006739771459251642,
            0.007769245654344559,
            0.015683913603425026,
            0.13948753476142883,
            0.01569170318543911,
            0.00398784875869751
        ],
        "mip": [
            0.011258760467171669,
            0.10555761307477951,
            0.012700106017291546,
            0.011218761093914509,
            0.021494628861546516,
            0.12923260033130646,
            0.02390061318874359,
            0.00732111232355237
        ],
        "adv_deb": [
            0.013457229360938072,
            0.11265257745981216,
            0.011473352089524269,
            0.012301722541451454,
            0.01671379990875721,
            0.14704620838165283,
            0.021277181804180145,
            0.048955038189888
        ],
        "eo_cal": [
            0.02454509027302265,
            0.06485593318939209,
            0.025849493220448494,
            0.025043370202183723,
            0.02660852111876011,
            0.07463418692350388,
            0.026688482612371445,
            0.09883121401071548
        ],
        "re_weigh": [
            0.020989658311009407,
            0.10916337370872498,
            0.025471650063991547,
            0.022378094494342804,
            0.036081574857234955,
            0.13127246499061584,
            0.03329530358314514,
            0.05640939623117447
        ],
        "dp_exp": [
            0.17752395570278168,
            0.17281833291053772,
            0.05866289138793945,
            0.06917085498571396,
            0.0877801775932312,
            0.17888090014457703,
            0.06130195036530495,
            0.03425392508506775
        ],
        "eo_exp": [
            0.027488093823194504,
            0.025062773376703262,
            0.02151818946003914,
            0.01892753317952156,
            0.040393780916929245,
            0.13016188144683838,
            0.017742717638611794,
            0.0011546037858352065
        ],
        "tpr_exp": [
            0.12567974627017975,
            0.06890477240085602,
            0.06727628409862518,
            0.071869395673275,
            0.10553260147571564,
            0.25912773609161377,
            0.0958111509680748,
            0.053953684866428375
        ],
        "er_exp": [
            0.037031255662441254,
            0.2902812361717224,
            0.02786249667406082,
            0.026900000870227814,
            0.048743754625320435,
            0.3092312514781952,
            0.05256874859333038,
            0.017499998211860657
        ],
        "opt_shap": [
            0.009180087596178055,
            0.1162625104188919,
            0.011195847764611244,
            0.010992845520377159,
            0.02471253089606762,
            0.13288623094558716,
            0.01699789986014366,
            0.008382255211472511
        ],
        "opt_objBI": [
            0.009024152532219887,
            0.10774901509284973,
            0.010813670232892036,
            0.010276472195982933,
            0.02391117997467518,
            0.11824207007884979,
            0.01769324578344822,
            0.00841803103685379
        ]
    },
    "shap": {
        "full": [
            0.005010559689253569,
            0.10933637619018555,
            0.002545221708714962,
            0.00305960769765079,
            0.01686745695769787,
            0.12751467525959015,
            0.01337378565222025,
            0.05633670836687088
        ],
        "partial": [
            0.005836921744048595,
            0.12535208463668823,
            0.003187191905453801,
            0.0031861774623394012,
            0.0164213664829731,
            0.1396852731704712,
            0.01321403682231903
        ],
        "mip": [
            0.007049683481454849,
            0.10898353159427643,
            0.004058241378515959,
            0.0032458214554935694,
            0.014926399104297161,
            0.1337462216615677,
            0.017726508900523186
        ],
        "adv_deb": [
            0.011124961078166962,
            0.1103973314166069,
            0.00676835747435689,
            0.00640614191070199,
            0.012162205763161182,
            0.1449383944272995,
            0.018080757930874825,
            0.04535848647356033
        ],
        "eo_cal": [
            0.005599471274763346,
            0.05541380122303963,
            0.002507878001779318,
            0.002322831656783819,
            0.004762202966958284,
            0.07985536009073257,
            0.008408648893237114,
            0.10146681219339371
        ],
        "re_weigh": [
            0.006684871856123209,
            0.1118808314204216,
            0.00459895608946681,
            0.0022332645021378994,
            0.01613990031182766,
            0.13488753139972687,
            0.018111662939190865,
            0.04475411772727966
        ],
        "dp_exp": [
            0.17251823842525482,
            0.1907423436641693,
            0.023052215576171875,
            0.019567228853702545,
            0.07252580672502518,
            0.16911040246486664,
            0.05016380548477173,
            0.0
        ],
        "eo_exp": [
            0.027327850461006165,
            0.125748410820961,
            0.01454165019094944,
            0.010707061737775803,
            0.03163888305425644,
            0.16913188993930817,
            0.03534993901848793,
            0.0
        ],
        "tpr_exp": [
            0.09529059380292892,
            0.1599474996328354,
            0.015868214890360832,
            0.021511290222406387,
            0.06725234538316727,
            0.2603064179420471,
            0.06036721169948578,
            0.0
        ],
        "er_exp": [
            0.02525130659341812,
            0.28149178624153137,
            0.00834816787391901,
            0.009383073076605797,
            0.024845300242304802,
            0.3163706064224243,
            0.05172288790345192,
            0.0
        ],
        "opt_shap": [
            0.005193592514842749,
            0.11405126750469208,
            0.004029179457575083,
            0.0032640653662383556,
            0.01746278442442417,
            0.129634290933609,
            0.011721075512468815
        ],
        "opt_objBI": [
            0.005308939144015312,
            0.11180714517831802,
            0.0036103406455367804,
            0.002544454066082835,
            0.016553286463022232,
            0.13011984527111053,
            0.01362319104373455
        ]
    },
    "di": {
        "full": 0.2801056394730909,
        "partial": 0.5567698100851343,
        "mip": 0.56137990742899,
        "adv_deb": 0.38971042481786766,
        "eo_cal": 0.25736738703339884,
        "re_weigh": 1.0139755149664123,
        "dp_exp": 0.9841991079991433,
        "eo_exp": 0.9638506876227898,
        "tpr_exp": 0.8214636542239686,
        "er_exp": 0.5515926438854714,
        "opt_shap": 0.5308533979607933,
        "opt_objBI": 0.5407205614916631
    },
    "dd": {
        "full": -0.5907653272485398,