{
    "error": {
        "full": 34.76439666748047,
        "partial": 35.18324661254883,
        "mip": 35.916229248046875,
        "adv_deb": 33.298431396484375,
        "eo_cal": 35.392669677734375,
        "re_weigh": 35.18324661254883,
        "dp_exp": 46.91099548339844,
        "eo_exp": 42.198951721191406,
        "tpr_exp": 41.675392150878906,
        "er_exp": 34.76439666748047,
        "opt_shap": 34.76439666748047,
        "opt_objBI": 35.287960052490234
    },
    "objBI": {
        "full": [
            0.033433400094509125,
            0.12034166604280472,
            0.022154008969664574,
            0.022510692477226257,
            0.033391986042261124,
            0.11527671664953232,
            0.027264630421996117,
            0.07068145275115967
        ],
        "partial": [
            0.03127935156226158,
            0.13586820662021637,
            0.022333884611725807,
            0.024943575263023376,
            0.03940869867801666,
            0.12577129900455475,
            0.025930890813469887,
            0.022382810711860657
        ],
        "mip": [
            0.027826976031064987,
            0.10071059316396713,
            0.0005902110133320093,
            0.00229459535330534,
            0.013316372409462929,
            0.12945561110973358,
            0.013146715238690376,
            0.0005172427627258003
        ],
        "adv_deb": [
            0.0391736775636673,
            0.11736007034778595,
            0.0234301146119833,
            0.02284008264541626,
            0.02677086554467678,
            0.14856427907943726,
            0.028677495196461678,
            0.06834139674901962
        ],
        "eo_cal": [
            0.018383033573627472,
            0.05792858451604843,
            0.0021431162022054195,
            0.0015166733646765351,
            0.006633053533732891,
            0.07694853842258453,
            0.007224732544273138,
            0.10171321034431458
        ],
        "re_weigh": [
            0.034948162734508514,
            0.1030164435505867,
            0.007404963485896587,
            0.008163082413375378,
            0.01964258961379528,
            0.11932656913995743,
            0.016853416338562965,
            0.0424385592341423
        ],
        "dp_exp": [
            0.06205201521515846,
            0.2059428095817566,
            0.029956841841340065,
            0.02464514784514904,
            0.10642272979021072,
            0.24958376586437225,
            0.015870723873376846,
            0.01580829918384552
        ],
        "eo_exp": [
            0.04210714250802994,
            0.08825722336769104,
            0.01676430180668831,
            0.01367027498781681,
            0.09500928968191147,
            0.25060924887657166,
            0.026623181998729706,
            0.012109789066016674
        ],
        "tpr_exp": [
            0.10208375751972198,
            0.056030865758657455,
            0.0137919457629323,
            0.019029706716537476,
            0.09618867933750153,
            0.2475324273109436,
            0.056437138468027115,
            0.005668274592608213
        ],
        "er_exp": [
            0.10611873865127563,
            0.2484937459230423,
            0.02630625292658806,
            0.02590625360608101,
            0.04149375110864639,
            0.33790624141693115,
            0.0502374991774559,
            0.02500000223517418
        ],
        "opt_shap": [
            0.023493051528930664,
            0.11949668824672699,
            0.012313328683376312,
            0.008785523474216461,
            0.02271207608282566,
            0.11565100401639938,
            0.016261301934719086,
            0.007730024866759777
        ],
        "opt_objBI": [
            0.031901951879262924,
            0.11201122403144836,
            0.025072811171412468,
            0.028696374967694283,
            0.03664056211709976,
            0.12290694564580917,
            0.030635977163910866,
            0.02499639242887497
        ]
    },
    "shap": {
        "full": [
            0.020303016528487206,
            0.11707578599452972,
            0.0006362604326568544,
            0.003892006352543831,
            0.016514869406819344,
            0.11739210039377213,
            0.01096207182854414,
            0.06009364128112793
        ],
        "partial": [
            0.020954342558979988,
            0.1339612752199173,
            0.00014710745017509907,
            0.004150069784373045,
            0.01577107422053814,
            0.13193392753601074,
            0.01113932579755783
        ],
        "mip": [
            0.028718313202261925,
            0.10647924989461899,
            0.00012197044270578772,
            0.001762030995450914,
            0.015686577185988426,
            0.12751050293445587,
            0.011883133091032505
        ],
        "adv_deb": [
            0.02471870742738247,
            0.10801690816879272,
            0.0020805310923606157,
            0.005641328636556864,
            0.015938641503453255,
            0.1450570672750473,
            0.01866845414042473,
            0.05232726410031319
        ],
        "eo_cal": [
            0.01754998415708542,
            0.057306982576847076,
            0.0013375638518482447,
            0.001095269457437098,
            0.006822282448410988,
            0.07723743468523026,
            0.007083830889314413,
            0.1010974571108818
        ],
        "re_weigh": [
            0.030201857909560204,
            0.10707961767911911,
            0.00017254463455174118,
            0.0015855284873396158,
            0.016725799068808556,
            0.12757673859596252,
            0.012625807896256447,
            0.045455120503902435
        ],
        "dp_exp": [
            0.05723213031888008,
            0.20656712353229523,
            0.011838763020932674,
            0.01145301666110754,
            0.09088008105754852,
            0.24542133510112762,
            0.022772736847400665,
            0.0
        ],
        "eo_exp": [
            0.06024711951613426,
            0.13905437290668488,
            0.008866016753017902,
            0.012051080353558064,
            0.07265300303697586,
            0.24503585696220398,
            0.027565354481339455,
            0.0
        ],
        "tpr_exp": [
            0.08134714514017105,
            0.15434381365776062,
            0.004763562697917223,
            0.0075337812304496765,
            0.08330029994249344,
            0.23322288691997528,
            0.05175705999135971,
            0.0
        ],
        "er_exp": [
            0.08845961838960648,
            0.2693112790584564,
            0.0032661433797329664,
            0.006144726648926735,
            0.029201319441199303,
            0.33396196365356445,
            0.02466280199587345,
            0.0
        ],
        "opt_shap": [
            0.02118055894970894,
            0.12049143761396408,
            0.0027631944976747036,
            0.0018735264893621206,
            0.016996528953313828,
            0.11992212384939194,
            0.010027619078755379
        ],
        "opt_objBI": [
            0.019246084615588188,
            0.12142787873744965,
            0.0002677384181879461,
            0.0040773856453597546,
            0.01483593974262476,
            0.12130217999219894,
            0.011830485425889492
        ]
    },
    "di": {
        "full": 0.2565019063180828,
        "partial": 0.5540441176470589,
        "mip": 0.5866686163101604,
        "adv_deb": 0.3344848388271717,
        "eo_cal": 0.24080882352941177,
        "re_weigh": 1.0798718047428395,
        "dp_exp": 0.9671890846855983,
        "eo_exp": 0.9227187801350049,
        "tpr_exp": 0.8336713995943205,
        "er_exp": 0.5930384250474384,
        "opt_shap": 0.5288602941176471,
        "opt_objBI": 0.5391921191553545
    },