{
    "error": {
        "full": 27.000001907348633,
        "partial": 27.5,
        "mip": 27.5,
        "adv_deb": 27.5,
        "eo_cal": 27.5,
        "re_weigh": 28.5,
        "dp_exp": 27.5,
        "eo_exp": 29.0,
        "tpr_exp": 27.000001907348633,
        "er_exp": 31.0,
        "opt_shap": 26.499998092651367,
        "opt_objBI": 28.5
    },
    "objBI": {
        "full": [
            0.016606278717517853,
            0.07525229454040527,
            0.023852912709116936,
            0.050166890025138855,
            0.029891863465309143,
            0.05200096219778061,
            0.029285652562975883,
            0.013496525585651398,
            0.052206382155418396
        ],
        "partial": [
            0.005832325201481581,
            0.07108704000711441,
            0.020013418048620224,
            0.04071716219186783,
            0.032204363495111465,
            0.06787247955799103,
            0.030518434941768646,
            0.0012526091886684299,
            0.0002537044638302177
        ],
        "mip": [
            0.01138957031071186,
            0.07980909943580627,
            0.026141270995140076,
            0.05243273079395294,
            0.024466905742883682,
            0.058563508093357086,
            0.027516432106494904,
            0.01125579234212637,
            0.004370719660073519
        ],
        "adv_deb": [
            0.0042079295963048935,
            0.06012078374624252,
            0.02740626409649849,
            0.03478534147143364,
            0.025730254128575325,
            0.058349188417196274,
            0.026550589129328728,
            0.007563390303403139,
            0.029683297500014305
        ],
        "eo_cal": [
            0.0075884051620960236,
            0.0869206115603447,
            0.023975715041160583,
            0.036852531135082245,
            0.03255081921815872,
            0.0626276433467865,
            0.03915109485387802,
            0.019992584362626076,
            0.0171159990131855
        ],
        "re_weigh": [
            0.01022059004753828,
            0.07628487795591354,
            0.028294945135712624,
            0.05251724272966385,
            0.024079127237200737,
            0.05579988658428192,
            0.0321105420589447,
            0.009834782220423222,
            0.006762641482055187
        ],
        "dp_exp": [
            0.03334375098347664,
            0.12121251225471497,
            0.05445624515414238,
            0.08831249922513962,
            0.04915624484419823,
            0.08320000767707825,
            0.05807500332593918,
            0.03280000388622284,
            0.027500001713633537
        ],
        "eo_exp": [
            0.025831231847405434,
            0.115469790995121,
            0.024309396743774414,
            0.03898133710026741,
            0.048994775861501694,
            0.08639517426490784,
            0.0525398813188076,
            0.024900494143366814,
            0.02119317092001438
        ],
        "tpr_exp": [
            0.016479922458529472,
            0.11229216307401657,
            0.02742341347038746,
            0.05274521932005882,
            0.04665259271860123,
            0.09090413898229599,
            0.05579321086406708,
            0.02456957846879959,
            0.012663086876273155
        ],
        "er_exp": [
            0.0266275517642498,
            0.13175150752067566,
            0.06655434519052505,
            0.08642199635505676,
            0.04574435204267502,
            0.07101788371801376,
            0.03602707386016846,
            0.015789564698934555,
            0.013133734464645386
        ],
        "opt_shap": [
            0.00952807255089283,
            0.07475832849740982,
            0.021145589649677277,
            0.050874169915914536,
            0.026701753959059715,
            0.05696463957428932,
            0.032111238688230515,
            0.010093352757394314,
            0.005209595430642366
        ],
        "opt_objBI": [
            0.013930490240454674,
            0.0758756697177887,
            0.027652526274323463,
            0.048635344952344894,
            0.02852446585893631,
            0.05539365112781525,
            0.029239511117339134,
            0.010081606917083263,
            0.00842546857893467
        ]
    },
    "shap": {
        "full": [
            0.005203671287745237,
            0.07963087409734726,
            0.024756621569395065,
            0.04836888238787651,
            0.027540460228919983,
            0.05679791793227196,
            0.025608982890844345,
            0.006351367104798555,
            0.04776979610323906
        ],
        "partial": [
            0.004762657452374697,
            0.07621583342552185,
            0.02076083980500698,
            0.040001533925533295,
            0.03217392414808273,
            0.06610822677612305,
            0.02757488191127777,
            0.0010956699261441827
        ],
        "mip": [
            0.004698284436017275,
            0.08032673597335815,
            0.025875499472022057,
            0.04742806404829025,
            0.025583000853657722,
            0.05534027889370918,
            0.024312904104590416,
            0.007134503219276667
        ],
        "adv_deb": [
            0.003690937766805291,
            0.058737918734550476,
            0.02448297291994095,
            0.03800811246037483,
            0.030698470771312714,
            0.06008395180106163,
            0.026764845475554466,
            0.008696205914020538,
            0.027607327327132225
        ],
        "eo_cal": [
            0.000835583487059921,
            0.08585918694734573,
            0.022931434214115143,
            0.03600460663437843,
            0.029701456427574158,
            0.06287786364555359,
            0.030381398275494576,
            0.013184542767703533,
            0.014283881522715092
        ],
        "re_weigh": [
            0.003415200626477599,
            0.07688215374946594,
            0.027050858363509178,
            0.05186590179800987,
            0.02354373410344124,
            0.0574939139187336,
            0.02681768126785755,
            0.004496193956583738,
            0.0036293307784944773
        ],
        "dp_exp": [
            0.004503968171775341,
            0.12239247560501099,
            0.040103573352098465,
            0.057256557047367096,
            0.041006945073604584,
            0.07739028334617615,
            0.033650003373622894,
            0.006198809947818518,
            0.0
        ],
        "eo_exp": [
            0.004470137879252434,
            0.12461525201797485,
            0.04513738676905632,
            0.05966721102595329,
            0.04794555529952049,
            0.08590007573366165,
            0.041742488741874695,
            0.011086705140769482,
            0.0
        ],
        "tpr_exp": [
            0.0032391867134720087,
            0.12228597700595856,
            0.034764982759952545,
            0.05372120812535286,
            0.05180327966809273,
            0.09663821011781693,
            0.04157751426100731,
            0.012695792131125927,
            0.0
        ],
        "er_exp": [
            0.010101866908371449,
            0.11738619208335876,
            0.06187625229358673,
            0.07977616041898727,
            0.04333556070923805,
            0.08387207239866257,
            0.03927164152264595,
            0.011724866926670074,
            0.0
        ],
        "opt_shap": [
            0.003770513227209449,
            0.07721073180437088,
            0.0217879768460989,
            0.046344537287950516,
            0.025898024439811707,
            0.05775659531354904,
            0.025878215208649635,
            0.005652742460370064
        ],