{
    "error": {
        "full": 34.345550537109375,
        "partial": 33.50785446166992,
        "mip": 33.298431396484375,
        "adv_deb": 32.56544494628906,
        "eo_cal": 35.60209655761719,
        "re_weigh": 34.55497360229492,
        "dp_exp": 44.71204376220703,
        "eo_exp": 44.502620697021484,
        "tpr_exp": 38.74345397949219,
        "er_exp": 32.77486801147461,
        "opt_shap": 33.61256408691406,
        "opt_objBI": 33.403141021728516
    },
    "objBI": {
        "full": [
            0.024728303775191307,
            0.11849405616521835,
            0.02149728685617447,
            0.019548937678337097,
            0.03645121678709984,
            0.14696615934371948,
            0.030914049595594406,
            0.05802934616804123
        ],
        "partial": [
            0.01778959296643734,
            0.12238515913486481,
            0.006284738890826702,
            0.002530398778617382,
            0.018104111775755882,
            0.13801585137844086,
            0.025087513029575348,
            0.001311904052272439
        ],
        "mip": [
            0.0230159480124712,
            0.12006890028715134,
            0.024566149339079857,
            0.020839812234044075,
            0.0357104167342186,
            0.13995361328125,
            0.02772366814315319,
            0.019477102905511856
        ],
        "adv_deb": [
            0.018224237486720085,
            0.12880203127861023,
            0.016033107414841652,
            0.012251083739101887,
            0.019187353551387787,
            0.16142083704471588,
            0.01607857272028923,
            0.04218760132789612
        ],
        "eo_cal": [
            0.012975579127669334,
            0.06414185464382172,
            0.01591581106185913,
            0.015460312366485596,
            0.024724211543798447,
            0.08344480395317078,
            0.019502125680446625,
            0.09197702258825302
        ],
        "re_weigh": [
            0.0182681605219841,
            0.11530528217554092,
            0.007635964546352625,
            0.006827969569712877,
            0.019205935299396515,
            0.13572800159454346,
            0.01793788932263851,
            0.045324381440877914
        ],
        "dp_exp": [
            0.05151724815368652,
            0.18234296143054962,
            0.03124070167541504,
            0.049551501870155334,
            0.11443690210580826,
            0.3250559866428375,
            0.08678551018238068,
            0.02500000223517418
        ],
        "eo_exp": [
            0.13726921379566193,
            0.07219353318214417,
            0.07937241345643997,
            0.12718236446380615,
            0.11109432578086853,
            0.2159813642501831,
            0.11677905172109604,
            0.056059643626213074
        ],
        "tpr_exp": [
            0.033425092697143555,
            0.08198006451129913,
            0.04690892994403839,
            0.030544262379407883,
            0.0769360139966011,
            0.3197218179702759,
            0.0058278669603168964,
            0.0070046414621174335
        ],
        "er_exp": [
            0.05698125809431076,
            0.21473126113414764,
            0.05805625021457672,
            0.042387496680021286,
            0.06010625511407852,
            0.3570375144481659,
            0.06891249865293503,
            0.04249999672174454
        ],
        "opt_shap": [
            0.0225736852735281,
            0.10926467180252075,
            0.019162533804774284,
            0.0178407970815897,
            0.031631194055080414,
            0.1321798413991928,
            0.03312287479639053,
            0.017592934891581535
        ],
        "opt_objBI": [
            0.017186809331178665,
            0.11395707726478577,
            0.01221509464085102,
            0.007801204454153776,
            0.027063541114330292,
            0.1515309363603592,
            0.02302660420536995,
            0.007660978008061647
        ]
    },
    "shap": {
        "full": [
            0.015295020304620266,
            0.1118965893983841,
            0.003945334814488888,
            0.0007198081584647298,
            0.01927429437637329,
            0.14181828498840332,
            0.020678488537669182,
            0.05080286040902138
        ],
        "partial": [
            0.016465604305267334,
            0.125191330909729,
            0.004722001496702433,
            0.0009463067981414497,
            0.018153496086597443,
            0.15184640884399414,
            0.022880850359797478
        ],
        "mip": [
            0.014156736433506012,
            0.11452977359294891,
            0.005663830786943436,
            0.002670187270268798,
            0.016874803230166435,
            0.14225982129573822,
            0.015558481216430664
        ],
        "adv_deb": [
            0.019090726971626282,
            0.1223880797624588,
            0.00708346301689744,
            0.008493474684655666,
            0.01348952203989029,
            0.15648986399173737,
            0.02339281141757965,
            0.0400252565741539
        ],
        "eo_cal": [
            0.0059031350538134575,
            0.06140345335006714,
            0.0033689970150589943,
            0.003851124783977866,
            0.01043344009667635,
            0.08883176743984222,
            0.010586882010102272,
            0.09869091212749481
        ],
        "re_weigh": [
            0.015012885443866253,
            0.11450636386871338,
            0.006155884824693203,
            0.0035613642539829016,
            0.01845812238752842,
            0.14190438389778137,
            0.015076840296387672,
            0.04403116554021835
        ],
        "dp_exp": [
            0.042436596006155014,
            0.1671408712863922,
            0.010620714165270329,
            0.045087311416864395,
            0.09074011445045471,
            0.32282760739326477,
            0.08437386900186539,
            0.0
        ],
        "eo_exp": [
            0.12711530923843384,
            0.0780789852142334,
            0.03789805620908737,
            0.08152226358652115,
            0.0450306236743927,
            0.21118491888046265,
            0.0808257907629013,
            0.0
        ],
        "tpr_exp": [
            0.026100585237145424,
            0.15234975516796112,
            0.02729242481291294,
            0.01852354221045971,
            0.0779082328081131,
            0.30941277742385864,
            0.028051918372511864,
            0.0
        ],
        "er_exp": [
            0.037242334336042404,
            0.23671792447566986,
            0.012707056477665901,
            0.0006407380569726229,
            0.027590250596404076,
            0.3620823919773102,
            0.03508937731385231,
            0.0
        ],
        "opt_shap": [
            0.015096189454197884,
            0.1138075590133667,
            0.005894034635275602,
            0.0015766395954415202,
            0.016298988834023476,
            0.14371073246002197,
            0.022086290642619133
        ],
        "opt_objBI": [
            0.013710256665945053,
            0.11246863007545471,
            0.00416384544223547,
            0.00041249985224567354,
            0.01944219507277012,
            0.14441151916980743,
            0.02095905877649784
        ]
    },
    "di": {
        "full": 0.33992805755395683,
        "partial": 0.5422062350119904,
        "mip": 0.5539089640834861,
        "adv_deb": 0.3869551417689378,
        "eo_cal": 0.2787769784172662,
        "re_weigh": 1.0205433643035322,
        "dp_exp": 0.9031139495183514,
        "eo_exp": 0.7761280106349703,
        "tpr_exp": 0.7519241959373678,
        "er_exp": 0.5996943703778236,
        "opt_shap": 0.541709822803236,
        "opt_objBI": 0.5382194244604317
    },
    "dd": {
        "full": -0.5343439534087016,