{
    "error": {
        "full": 26.19999885559082,
        "partial": 26.350000381469727,
        "mip": 26.30000114440918,
        "adv_deb": 26.399999618530273,
        "eo_cal": 27.299999237060547,
        "re_weigh": 27.149999618530273,
        "dp_exp": 29.750001907348633,
        "eo_exp": 29.0,
        "tpr_exp": 29.30000114440918,
        "er_exp": 33.39999771118164,
        "opt_shap": 26.350000381469727,
        "opt_objBI": 26.350000381469727
    },
    "objBI": {
        "full": [
            0.010925806127488613,
            0.21275971829891205,
            0.008493813686072826
        ],
        "partial": [
            0.019448667764663696,
            0.18913398683071136,
            0.019263869151473045
        ],
        "mip": [
            0.008762544021010399,
            0.20473147928714752,
            0.0019985607359558344
        ],
        "adv_deb": [
            0.01035253144800663,
            0.18786954879760742,
            0.003661341732367873
        ],
        "eo_cal": [
            0.0037256362847983837,
            0.09934109449386597,
            0.03922360762953758
        ],
        "re_weigh": [
            0.010426406748592854,
            0.1947808414697647,
            0.07077784836292267
        ],
        "dp_exp": [
            0.06390045583248138,
            0.061237793415784836,
            0.0075501627288758755
        ],
        "eo_exp": [
            0.08131121844053268,
            0.09960158169269562,
            0.0007072644075378776
        ],
        "tpr_exp": [
            0.06363103538751602,
            0.08244546502828598,
            0.009300469420850277
        ],
        "er_exp": [
            0.20263168215751648,
            0.17151705920696259,
            0.0029694517143070698
        ],
        "opt_shap": [
            0.010364226996898651,
            0.2062617987394333,
            0.008812816813588142
        ],
        "opt_objBI": [
            0.008290069177746773,
            0.1978931874036789,
            0.003084943862631917
        ]
    },
    "shap": {
        "full": [
            0.007175644394010305,
            0.19974219799041748,
            0.0
        ],
        "partial": [
            0.005239613354206085,
            0.19767260551452637
        ],
        "mip": [
            0.008799525909125805,
            0.20435123145580292
        ],
        "adv_deb": [
            0.011363795958459377,
            0.19937454164028168
        ],
        "eo_cal": [
            0.003386190626770258,
            0.10783323645591736
        ],
        "re_weigh": [
            0.01019610371440649,
            0.20717516541481018
        ],
        "dp_exp": [
            0.07683522254228592,
            0.0715695172548294
        ],
        "eo_exp": [
            0.09125372022390366,
            0.095772385597229
        ],
        "tpr_exp": [
            0.07701511681079865,
            0.09642373025417328
        ],
        "er_exp": [
            0.20824655890464783,
            0.16884493827819824
        ],
        "opt_shap": [
            0.0076767089776694775,
            0.20178142189979553
        ],
        "opt_objBI": [
            0.007946777157485485,
            0.20066696405410767
        ]
    },
    "di": {
        "full": 0.7131685722433954,
        "partial": 0.7348059094008726,
        "mip": 0.7581291698220171,
        "adv_deb": 0.7390481704516937,
        "eo_cal": 0.7259858442871587,
        "re_weigh": 0.9490638635731299,
        "dp_exp": 0.9557143036208208,
        "eo_exp": 0.9408932815949264,
        "tpr_exp": 0.9384715270464739,
        "er_exp": 0.9640335355578024,
        "opt_shap": 0.719036520368117,
        "opt_objBI": 0.7233680656715396
    },
    "dd": {
        "full": -0.26555313192896335,
        "partial": -0.2481440254270766,
        "mip": -0.22871267423358232,
        "adv_deb": -0.25062732590643466,
        "eo_cal": -0.27401415571284127,
        "re_weigh": -0.0450414500154519,
        "dp_exp": -0.041413010974327924,
        "eo_exp": -0.06088836749246662,
        "tpr_exp": -0.05462360945674427,
        "er_exp": 0.014983813041377969,
        "opt_shap": -0.26234374359297474,
        "opt_objBI": -0.2582992542097593
    },
    "eqopp": {
        "full": -0.1731378695253104,
        "partial": -0.16486413937620148,
        "mip": -0.15442997419600646,
        "adv_deb": -0.16417574424605585,
        "eo_cal": -0.1643835616438356,
        "re_weigh": 0.0005909807249363519,
        "dp_exp": -0.03077429298789458,
        "eo_exp": -0.030854389276622207,
        "tpr_exp": -0.0380717143203505,
        "er_exp": 0.010670124517257462,
        "opt_shap": -0.17729854701002712,
        "opt_objBI": -0.17387388947578064
    },
    "eqodd": {
        "full": 0.2482973298243836,
        "partial": 0.2299909922470233,
        "mip": 0.20833170988139266,
        "adv_deb": 0.24210470713986293,
        "eo_cal": 0.29824116353796715,
        "re_weigh": 0.007338139071783545,
        "dp_exp": 0.022136394288069287,
        "eo_exp": 0.03532015910587054,
        "tpr_exp": 0.033288736024926255,
        "er_exp": 0.045921877791902405,
        "opt_shap": 0.24381201200108538,
        "opt_objBI": 0.239630547431493
    }
}