{
    "error": {
        "full": 28.150001525878906,
        "partial": 28.299999237060547,
        "mip": 27.700000762939453,
        "adv_deb": 28.099998474121094,
        "eo_cal": 28.450000762939453,
        "re_weigh": 29.19999885559082,
        "dp_exp": 31.450000762939453,
        "eo_exp": 40.900001525878906,
        "tpr_exp": 30.30000114440918,
        "er_exp": 38.75,
        "opt_shap": 28.150001525878906,
        "opt_objBI": 28.150001525878906
    },
    "objBI": {
        "full": [
            0.0027688941918313503,
            0.1996573656797409,
            0.005895278416574001
        ],
        "partial": [
            0.00398992607370019,
            0.19735971093177795,
            0.0002469556056894362
        ],
        "mip": [
            0.003726300550624728,
            0.19289328157901764,
            0.0025824462063610554
        ],
        "adv_deb": [
            0.008372191339731216,
            0.187456414103508,
            0.005233583506196737
        ],
        "eo_cal": [
            0.0038986450526863337,
            0.09981666505336761,
            0.0481872484087944
        ],
        "re_weigh": [
            0.006922882981598377,
            0.20040717720985413,
            0.07600083202123642
        ],
        "dp_exp": [
            0.051411714404821396,
            0.044420015066862106,
            0.003080890281125903
        ],
        "eo_exp": [
            0.05334542691707611,
            0.07066899538040161,
            0.00773602956905961
        ],
        "tpr_exp": [
            0.05122626945376396,
            0.076851487159729,
            0.011132117360830307
        ],
        "er_exp": [
            0.30257314443588257,
            0.23996083438396454,
            0.012477395124733448
        ],
        "opt_shap": [
            0.0033157365396618843,
            0.18816150724887848,
            0.002984619466587901
        ],
        "opt_objBI": [
            0.006906444672495127,
            0.1916259378194809,
            0.00688866525888443
        ]
    },
    "shap": {
        "full": [
            0.0025981394574046135,
            0.19249610602855682,
            0.0
        ],
        "partial": [
            0.004257512744516134,
            0.1926838457584381
        ],
        "mip": [
            0.003143608570098877,
            0.19484972953796387
        ],
        "adv_deb": [
            0.012092708609998226,
            0.19418607652187347
        ],
        "eo_cal": [
            0.00353931519202888,
            0.10469312220811844
        ],
        "re_weigh": [
            0.0029676819685846567,
            0.19661928713321686
        ],
        "dp_exp": [
            0.05179407447576523,
            0.043380700051784515
        ],
        "eo_exp": [
            0.09423571825027466,
            0.12666469812393188
        ],
        "tpr_exp": [
            0.057096920907497406,
            0.07619844377040863
        ],
        "er_exp": [
            0.3012450337409973,
            0.2405221313238144
        ],
        "opt_shap": [
            0.0020314387511461973,
            0.18818604946136475
        ],
        "opt_objBI": [
            0.001962647307664156,
            0.19322006404399872
        ]
    },
    "di": {
        "full": 0.7826482799185298,
        "partial": 0.7651494567388991,
        "mip": 0.8029442729467736,
        "adv_deb": 0.7760817767502204,
        "eo_cal": 0.7644749754661433,
        "re_weigh": 0.997985091767064,
        "dp_exp": 0.9888636286727722,
        "eo_exp": 0.9667935810824878,
        "tpr_exp": 0.9687760285664806,
        "er_exp": 0.9335355517887413,
        "opt_shap": 0.7793354829664937,
        "opt_objBI": 0.7664078814881673
    },
    "dd": {
        "full": -0.20848926462452955,
        "partial": -0.22048659566103357,
        "mip": -0.18761472891713904,
        "adv_deb": -0.2154727856756289,
        "eo_cal": -0.2355250245338567,
        "re_weigh": -0.0017376272834493944,
        "dp_exp": -0.0038423871017437827,
        "eo_exp": -0.0036273094587145893,
        "tpr_exp": -0.03230166089958475,
        "er_exp": -0.05256697667858101,
        "opt_shap": -0.2078430313343117,
        "opt_objBI": -0.21954325511509654
    },
    "eqopp": {
        "full": -0.1453117563065207,
        "partial": -0.16789840335770856,
        "mip": -0.12616502963956555,
        "adv_deb": -0.15123534247760806,
        "eo_cal": -0.14710743801652892,
        "re_weigh": 0.020204664445502063,
        "dp_exp": -0.00151010341395863,
        "eo_exp": 0.017084937908355413,
        "tpr_exp": -0.017695036995370117,
        "er_exp": -0.02643546363203675,
        "opt_shap": -0.1556401713469776,
        "opt_objBI": -0.16590151875730175
    },
    "eqodd": {
        "full": 0.19994611168472812,
        "partial": 0.19929014871685602,
        "mip": 0.17402109314966546,
        "adv_deb": 0.20762751117290765,
        "eo_cal": 0.2559208687667186,
        "re_weigh": 0.03921028208806415,
        "dp_exp": 0.007928233820699408,
        "eo_exp": 0.009028168982622015,
        "tpr_exp": 0.024355493935497532,
        "er_exp": 0.044410920743786386,
        "opt_shap": 0.1870110738967351,
        "opt_objBI": 0.1982917064166526
    }
}