{
    "error": {
        "full": 28.450000762939453,
        "partial": 28.75,
        "mip": 28.549999237060547,
        "adv_deb": 28.349998474121094,
        "eo_cal": 28.950000762939453,
        "re_weigh": 28.75,
        "dp_exp": 29.19999885559082,
        "eo_exp": 29.80000114440918,
        "tpr_exp": 28.850000381469727,
        "er_exp": 34.0,
        "opt_shap": 28.650001525878906,
        "opt_objBI": 28.650001525878906
    },
    "objBI": {
        "full": [
            0.013792035169899464,
            0.21391333639621735,
            0.02902854233980179
        ],
        "partial": [
            0.01981191709637642,
            0.18209506571292877,
            0.014466766268014908
        ],
        "mip": [
            0.008815070614218712,
            0.21409186720848083,
            0.0007820419850759208
        ],
        "adv_deb": [
            0.008998150005936623,
            0.21490606665611267,
            0.0241401344537735
        ],
        "eo_cal": [
            0.004068732261657715,
            0.10622763633728027,
            0.02087422087788582
        ],
        "re_weigh": [
            0.010716687887907028,
            0.21037371456623077,
            0.08220236748456955
        ],
        "dp_exp": [
            0.08805673569440842,
            0.07548139244318008,
            0.0048910146579146385
        ],
        "eo_exp": [
            0.09272073954343796,
            0.07314334064722061,
            0.003437001956626773
        ],
        "tpr_exp": [
            0.1000070795416832,
            0.10473822057247162,
            0.0007407357916235924
        ],
        "er_exp": [
            0.09938044846057892,
            0.22787509858608246,
            0.009305431507527828
        ],
        "opt_shap": [
            0.013124892488121986,
            0.18133707344532013,
            0.008526160381734371
        ],
        "opt_objBI": [
            0.011976899579167366,
            0.18546484410762787,
            0.00014456296048592776
        ]
    },
    "shap": {
        "full": [
            0.007867734879255295,
            0.20834949612617493,
            0.0
        ],
        "partial": [
            0.01581665314733982,
            0.179340660572052
        ],
        "mip": [
            0.008487972430884838,
            0.21683235466480255
        ],
        "adv_deb": [
            0.01087066251784563,
            0.2154620885848999
        ],
        "eo_cal": [
            0.002868079114705324,
            0.11470923572778702
        ],
        "re_weigh": [
            0.009902408346533775,
            0.21811062097549438
        ],
        "dp_exp": [
            0.10539665073156357,
            0.09040699154138565
        ],
        "eo_exp": [
            0.11295255273580551,
            0.09462582319974899
        ],
        "tpr_exp": [
            0.10303395986557007,
            0.11593646556138992
        ],
        "er_exp": [
            0.11118284612894058,
            0.2067619413137436
        ],
        "opt_shap": [
            0.011720222420990467,
            0.18467502295970917
        ],
        "opt_objBI": [
            0.01166208740323782,
            0.18442882597446442
        ]
    },
    "di": {
        "full": 0.8356090873097676,
        "partial": 0.8268329202318433,
        "mip": 0.7709432979541022,
        "adv_deb": 0.8535603851930382,
        "eo_cal": 0.7764820213799806,
        "re_weigh": 0.9842695793286556,
        "dp_exp": 1.0023448940015567,
        "eo_exp": 1.0048956126544337,
        "tpr_exp": 0.9722617136742338,
        "er_exp": 0.9303269293065212,
        "opt_shap": 0.8141161226395319,
        "opt_objBI": 0.8141161226395319
    },
    "dd": {
        "full": -0.15084686221111954,
        "partial": -0.1642501343629993,
        "mip": -0.21655412201661606,
        "adv_deb": -0.1327156138312321,
        "eo_cal": -0.22351797862001943,
        "re_weigh": -0.01354338999098248,
        "dp_exp": -0.005929987119167257,
        "eo_exp": -0.0035219619700168625,
        "tpr_exp": -0.028397882619282777,
        "er_exp": -0.07232982938651411,
        "opt_shap": -0.17573779548600377,
        "opt_objBI": -0.17573779548600377
    },
    "eqopp": {
        "full": -0.09835410914493548,
        "partial": -0.09813082105606674,
        "mip": -0.1414744743068408,
        "adv_deb": -0.08522734592048375,
        "eo_cal": -0.13622291021671828,
        "re_weigh": 0.01259216001167962,
        "dp_exp": 0.0021040608374162106,
        "eo_exp": -0.0023788769467930626,
        "tpr_exp": -0.009796764899112409,
        "er_exp": -0.02844990832306349,
        "opt_shap": -0.11051472198485934,
        "opt_objBI": -0.11051472198485934
    },
    "eqodd": {
        "full": 0.14777757676567924,
        "partial": 0.17522206849147987,
        "mip": 0.22875290294976505,
        "adv_deb": 0.1252977460672915,
        "eo_cal": 0.25349004518668816,
        "re_weigh": 0.006677281050226219,
        "dp_exp": 0.009718968463293065,
        "eo_exp": 0.02415005179317227,
        "tpr_exp": 0.011659973162601436,
        "er_exp": 0.06720416277342911,
        "opt_shap": 0.18455240015692054,
        "opt_objBI": 0.18455240015692054
    }
}