{
    "error": {
        "full": 25.799999237060547,
        "partial": 26.149999618530273,
        "mip": 26.100000381469727,
        "adv_deb": 25.450000762939453,
        "eo_cal": 26.05000114440918,
        "re_weigh": 26.80000114440918,
        "dp_exp": 26.750001907348633,
        "eo_exp": 26.149999618530273,
        "tpr_exp": 26.600000381469727,
        "er_exp": 34.45000076293945,
        "opt_shap": 25.94999885559082,
        "opt_objBI": 25.94999885559082
    },
    "objBI": {
        "full": [
            0.008752437308430672,
            0.18692074716091156,
            0.015202658250927925
        ],
        "partial": [
            0.004473758861422539,
            0.19564206898212433,
            0.0027871960774064064
        ],
        "mip": [
            0.00933980755507946,
            0.1953800916671753,
            0.008864914998412132
        ],
        "adv_deb": [
            0.01696929894387722,
            0.19329018890857697,
            0.014525536447763443
        ],
        "eo_cal": [
            0.000479278271086514,
            0.1064089983701706,
            0.03344664350152016
        ],
        "re_weigh": [
            0.0021614849101752043,
            0.1976136863231659,
            0.06546945124864578
        ],
        "dp_exp": [
            0.09494432806968689,
            0.10102295130491257,
            0.0061882114969193935
        ],
        "eo_exp": [
            0.10194215178489685,
            0.14148066937923431,
            0.0026095544453710318
        ],
        "tpr_exp": [
            0.10279496759176254,
            0.1368493288755417,
            0.008720360696315765
        ],
        "er_exp": [
            0.20388385653495789,
            0.22272348403930664,
            0.002755418187007308
        ],
        "opt_shap": [
            0.007949678227305412,
            0.19484229385852814,
            0.0021490633953362703
        ],
        "opt_objBI": [
            0.008941540494561195,
            0.19378575682640076,
            0.005437431391328573
        ]
    },
    "shap": {
        "full": [
            0.008241078816354275,
            0.18659904599189758,
            0.0
        ],
        "partial": [
            0.0037871594540774822,
            0.19860544800758362
        ],
        "mip": [
            0.0037155295722186565,
            0.20028811693191528
        ],
        "adv_deb": [
            0.014577164314687252,
            0.19479328393936157
        ],
        "eo_cal": [
            0.0002930284244939685,
            0.10882280021905899
        ],
        "re_weigh": [
            0.0016621544491499662,
            0.1978977471590042
        ],
        "dp_exp": [
            0.0906035378575325,
            0.09852486103773117
        ],
        "eo_exp": [
            0.10581706464290619,
            0.13209131360054016
        ],
        "tpr_exp": [
            0.10201236605644226,
            0.13349701464176178
        ],
        "er_exp": [
            0.20612990856170654,
            0.22062432765960693
        ],
        "opt_shap": [
            0.00739726796746254,
            0.1940700113773346
        ],
        "opt_objBI": [
            0.007468428462743759,
            0.19437997043132782
        ]
    },
    "di": {
        "full": 0.7569509046083506,
        "partial": 0.7781559981073728,
        "mip": 0.7771030129949136,
        "adv_deb": 0.7837046754473421,
        "eo_cal": 0.7278165503489531,
        "re_weigh": 0.9717055343509315,
        "dp_exp": 0.9835214525378458,
        "eo_exp": 0.9748201746691256,
        "tpr_exp": 0.9822607446477771,
        "er_exp": 0.9762919745564403,
        "opt_shap": 0.7979405664861955,
        "opt_objBI": 0.7979405664861955
    },
    "dd": {
        "full": -0.23305409748687744,
        "partial": -0.21005089045801417,
        "mip": -0.21104789943109492,
        "adv_deb": -0.20609885488969404,
        "eo_cal": -0.2721834496510469,
        "re_weigh": -0.025286227576048148,
        "dp_exp": -0.01366412297710673,
        "eo_exp": -0.03353830184471662,
        "tpr_exp": -0.02355021195190754,
        "er_exp": -0.03829634466710197,
        "opt_shap": -0.19212872915856238,
        "opt_objBI": -0.19212872915856238
    },
    "eqopp": {
        "full": -0.15763771837242635,
        "partial": -0.14131787463965595,
        "mip": -0.14131787463965595,
        "adv_deb": -0.13757265953592412,
        "eo_cal": -0.17868338557993735,
        "re_weigh": 0.0035876876545738456,
        "dp_exp": 0.0038161024558529544,
        "eo_exp": -0.014669743702840243,
        "tpr_exp": -0.009967549345473503,
        "er_exp": 0.011385296387895538,
        "opt_shap": -0.12627794143129434,
        "opt_objBI": -0.12627794143129434
    },
    "eqodd": {
        "full": 0.24078301102973526,
        "partial": 0.21308379931124077,
        "mip": 0.2144536623249394,
        "adv_deb": 0.2059839035429229,
        "eo_cal": 0.30714991196805086,
        "re_weigh": 0.004056503133495606,
        "dp_exp": 0.014373357922216237,
        "eo_exp": 0.0067500068572698,
        "tpr_exp": 0.013441165649745013,
        "er_exp": 0.05869269506783831,
        "opt_shap": 0.19435276475912838,
        "opt_objBI": 0.19435276475912838
    }
}