{
    "error": {
        "full": 25.799999237060547,
        "partial": 25.5,
        "mip": 25.5,
        "adv_deb": 26.0,
        "eo_cal": 26.05000114440918,
        "re_weigh": 27.25,
        "dp_exp": 29.249998092651367,
        "eo_exp": 29.350000381469727,
        "tpr_exp": 28.700000762939453,
        "er_exp": 36.599998474121094,
        "opt_shap": 25.450000762939453,
        "opt_objBI": 25.549999237060547
    },
    "objBI": {
        "full": [
            0.0072536650113761425,
            0.20441018044948578,
            0.005760980769991875
        ],
        "partial": [
            0.007943695411086082,
            0.18326285481452942,
            0.007166468538343906
        ],
        "mip": [
            0.008962075226008892,
            0.2089700847864151,
            0.006459361407905817
        ],
        "adv_deb": [
            0.012589491903781891,
            0.19553683698177338,
            0.013429521583020687
        ],
        "eo_cal": [
            0.008692498318850994,
            0.09415150433778763,
            0.029053596779704094
        ],
        "re_weigh": [
            0.007630955893546343,
            0.19485680758953094,
            0.07013405114412308
        ],
        "dp_exp": [
            0.12504173815250397,
            0.1577916294336319,
            0.014910805970430374
        ],
        "eo_exp": [
            0.14256912469863892,
            0.1912676990032196,
            0.02200000174343586
        ],
        "tpr_exp": [
            0.11026762425899506,
            0.17536243796348572,
            0.005350170191377401
        ],
        "er_exp": [
            0.22146326303482056,
            0.25231751799583435,
            0.005172001197934151
        ],
        "opt_shap": [
            0.005454064346849918,
            0.1856563687324524,
            0.002270651049911976
        ],
        "opt_objBI": [
            0.006229529157280922,
            0.19128380715847015,
            0.0050495523028075695
        ]
    },
    "shap": {
        "full": [
            0.005030219443142414,
            0.1936573088169098,
            0.0
        ],
        "partial": [
            0.004625109024345875,
            0.1941402703523636
        ],
        "mip": [
            0.006822721567004919,
            0.1995893269777298
        ],
        "adv_deb": [
            0.01076079998165369,
            0.19919265806674957
        ],
        "eo_cal": [
            0.004544847644865513,
            0.10513347387313843
        ],
        "re_weigh": [
            0.006552519742399454,
            0.20383064448833466
        ],
        "dp_exp": [
            0.11294276267290115,
            0.1469600796699524
        ],
        "eo_exp": [
            0.13259561359882355,
            0.1797012984752655
        ],
        "tpr_exp": [
            0.10795201361179352,
            0.16747373342514038
        ],
        "er_exp": [
            0.2508775591850281,
            0.25674787163734436
        ],
        "opt_shap": [
            0.005135431420058012,
            0.18967047333717346
        ],
        "opt_objBI": [
            0.0049043879844248295,
            0.19313031435012817
        ]
    },
    "di": {
        "full": 0.7256551901336074,
        "partial": 0.7480082050062429,
        "mip": 0.7813710468960502,
        "adv_deb": 0.8209432454036771,
        "eo_cal": 0.7482014388489209,
        "re_weigh": 0.9659903291966805,
        "dp_exp": 0.9857134363347574,
        "eo_exp": 0.9676317813000974,
        "tpr_exp": 0.9600371383996898,
        "er_exp": 1.0554984583761562,
        "opt_shap": 0.7612185383967959,
        "opt_objBI": 0.7465987027190185
    },
    "dd": {
        "full": -0.25644694982642346,
        "partial": -0.23751514854328815,
        "mip": -0.2081977761788344,
        "adv_deb": -0.16946754183799984,
        "eo_cal": -0.2517985611510791,
        "re_weigh": -0.03006892024285701,
        "dp_exp": -0.016386946083695064,
        "eo_exp": -0.021308533921228556,
        "tpr_exp": -0.03883531094167647,
        "er_exp": -0.011775584401028327,
        "opt_shap": -0.22599374944334416,
        "opt_objBI": -0.23859693716719488
    },
    "eqopp": {
        "full": -0.15271564809749094,
        "partial": -0.1300507407288214,
        "mip": -0.10641607397633523,
        "adv_deb": -0.08369109301751787,
        "eo_cal": -0.1295336787564767,
        "re_weigh": 0.020023814887522917,
        "dp_exp": 0.01757152511826987,
        "eo_exp": 0.012935131250067067,
        "tpr_exp": 0.0014825303854364424,
        "er_exp": 0.13136377777062613,
        "opt_shap": -0.11871828704448661,
        "opt_objBI": -0.13350497216232748
    },
    "eqodd": {
        "full": 0.2506387039133817,
        "partial": 0.2356249039081067,
        "mip": 0.20743586888097412,
        "adv_deb": 0.16266687545191527,
        "eo_cal": 0.28050287998737544,
        "re_weigh": 0.019958402161829786,
        "dp_exp": 0.030354805366440814,
        "eo_exp": 0.022586164759197294,
        "tpr_exp": 0.038635508558937645,
        "er_exp": 0.05254607748812895,
        "opt_shap": 0.22557993283947936,
        "opt_objBI": 0.2350997673726075
    }
}