{
    "error": {
        "full": 29.0,
        "partial": 28.700000762939453,
        "mip": 28.850000381469727,
        "adv_deb": 29.30000114440918,
        "eo_cal": 29.600000381469727,
        "re_weigh": 30.399999618530273,
        "dp_exp": 31.549999237060547,
        "eo_exp": 31.650001525878906,
        "tpr_exp": 30.549999237060547,
        "er_exp": 35.900001525878906,
        "opt_shap": 29.049999237060547,
        "opt_objBI": 29.149999618530273
    },
    "objBI": {
        "full": [
            0.02179904468357563,
            0.17520393431186676,
            0.007852025330066681
        ],
        "partial": [
            0.02146621234714985,
            0.17376555502414703,
            0.00010879326146095991
        ],
        "mip": [
            0.0117865651845932,
            0.19217149913311005,
            0.011710256338119507
        ],
        "adv_deb": [
            0.007818765938282013,
            0.19912448525428772,
            0.0074370261281728745
        ],
        "eo_cal": [
            0.006252112798392773,
            0.09870224446058273,
            0.02937052585184574
        ],
        "re_weigh": [
            0.010784030891954899,
            0.19477273523807526,
            0.06964530050754547
        ],
        "dp_exp": [
            0.14713473618030548,
            0.2604905962944031,
            0.0029307019431144
        ],
        "eo_exp": [
            0.15687066316604614,
            0.2646864950656891,
            0.0010212322231382132
        ],
        "tpr_exp": [
            0.13036562502384186,
            0.2493322491645813,
            0.006679699756205082
        ],
        "er_exp": [
            0.1885344684123993,
            0.29721635580062866,
            0.0014657523715868592
        ],
        "opt_shap": [
            0.020146531984210014,
            0.1727217137813568,
            0.0024606746155768633
        ],
        "opt_objBI": [
            0.02149568870663643,
            0.1739853173494339,
            0.0024358632508665323
        ]
    },
    "shap": {
        "full": [
            0.020221848040819168,
            0.17695292830467224,
            0.0
        ],
        "partial": [
            0.02024991065263748,
            0.16743682324886322
        ],
        "mip": [
            0.002924917498603463,
            0.19540739059448242
        ],
        "adv_deb": [
            0.013046832755208015,
            0.1936374455690384
        ],
        "eo_cal": [
            0.0031898580491542816,
            0.1048874631524086
        ],
        "re_weigh": [
            0.009337297640740871,
            0.19821864366531372
        ],
        "dp_exp": [
            0.1452838033437729,
            0.22468741238117218
        ],
        "eo_exp": [
            0.16473105549812317,
            0.2475261092185974
        ],
        "tpr_exp": [
            0.1336727738380432,
            0.2297833114862442
        ],
        "er_exp": [
            0.22043102979660034,
            0.3244958519935608
        ],
        "opt_shap": [
            0.019545601680874825,
            0.17218002676963806
        ],
        "opt_objBI": [
            0.020156225189566612,
            0.1712702214717865
        ]
    },
    "di": {
        "full": 0.7719598981871072,
        "partial": 0.7913702005937039,
        "mip": 0.7833084530696025,
        "adv_deb": 0.8274253926427839,
        "eo_cal": 0.7623188405797101,
        "re_weigh": 0.9956895088755388,
        "dp_exp": 0.9810033939744889,
        "eo_exp": 0.9792459449977061,
        "tpr_exp": 0.9643753243348795,
        "er_exp": 1.0509577082803627,
        "opt_shap": 0.7721631891275991,
        "opt_objBI": 0.7701730778154147
    },
    "dd": {
        "full": -0.2197692172911817,
        "partial": -0.20300868563990881,
        "mip": -0.20928136967785538,
        "adv_deb": -0.16524242196690953,
        "eo_cal": -0.2376811594202899,
        "re_weigh": -0.0038146729743936403,
        "dp_exp": -0.030927886661159976,
        "eo_exp": -0.014893244224174595,
        "tpr_exp": -0.037480914119796704,
        "er_exp": 0.02224224675227149,
        "opt_shap": -0.22122600185226904,
        "opt_objBI": -0.22315836900202746
    },
    "eqopp": {
        "full": -0.16241737693985758,
        "partial": -0.14288858717563713,
        "mip": -0.14768742603969398,
        "adv_deb": -0.11647971825890624,
        "eo_cal": -0.16366612111292966,
        "re_weigh": 0.0022490470970512044,
        "dp_exp": -0.00965216045817796,
        "eo_exp": -0.013840792745515529,
        "tpr_exp": -0.01395193751484658,
        "er_exp": 0.03570798128409258,
        "opt_shap": -0.16447028620867765,
        "opt_objBI": -0.16774360863093618
    },
    "eqodd": {
        "full": 0.21143263486386282,
        "partial": 0.19804233626106843,
        "mip": 0.20402357547796723,
        "adv_deb": 0.15546697956676575,
        "eo_cal": 0.25400287187721954,
        "re_weigh": 0.03531161577211932,
        "dp_exp": 0.01433021031228049,
        "eo_exp": 0.020191642188305894,
        "tpr_exp": 0.02371914316686123,
        "er_exp": 0.03233251519961239,
        "opt_shap": 0.2147514541605899,
        "opt_objBI": 0.21638811537171918
    }
}