{
    "error": {
        "full": 27.450000762939453,
        "partial": 27.64999771118164,
        "mip": 27.000001907348633,
        "opt_shap": 27.25,
        "opt_objBI": 27.5
    },
    "objBI": {
        "full": [
            0.025895265862345695,
            0.19214686751365662,
            0.005618183873593807
        ],
        "partial": [
            0.019528217613697052,
            0.20365773141384125,
            0.0041240788996219635
        ],
        "mip": [
            0.014977551065385342,
            0.19044576585292816,
            0.0010329278884455562
        ],
        "opt_shap": [
            0.008355209603905678,
            0.1948389708995819,
            0.00460927514359355
        ],
        "opt_objBI": [
            0.027416395023465157,
            0.1997203379869461,
            0.015810010954737663
        ]
    },
    "shap": {
        "full": [
            4.171121690887958e-05,
            -3.3378978514519986e-06,
            0.0
        ],
        "partial": [
            -5.898949530092068e-05,
            7.6246260505286045e-06
        ],
        "mip": [
            -1.43520273923059e-05,
            2.5209546947735362e-05
        ],
        "opt_shap": [
            -2.465900070092175e-05,
            -9.17577744985465e-06
        ],
        "opt_objBI": [
            5.999334007356083e-06,
            1.0926246432063635e-05
        ]
    },
    "di": {
        "full": 0.8210050928296192,
        "partial": 0.8022838811152748,
        "mip": 0.8221599874868457,
        "opt_shap": 0.8083689167290019,
        "opt_objBI": 0.8117277079226184
    },
    "dd": {
        "full": -0.16606849461645157,
        "partial": -0.18403265629390664,
        "mip": -0.16713750423753815,
        "opt_shap": -0.180098620887588,
        "opt_objBI": -0.17505357548217926
    },
    "eqopp": {
        "full": -0.1131672867460144,
        "partial": -0.12602902308041952,
        "mip": -0.11077675460009084,
        "opt_shap": -0.12232959041093594,
        "opt_objBI": -0.11799043787141628
    },
    "eqodd": {
        "full": 0.15459767917218037,
        "partial": 0.176652667285763,
        "mip": 0.15804909621232732,
        "opt_shap": 0.17253311665455723,
        "opt_objBI": 0.16655044406046454
    }
}