{
    "error": {
        "full": 26.850000381469727,
        "partial": 26.750001907348633,
        "mip": 26.69999885559082,
        "opt_shap": 26.750001907348633,
        "opt_objBI": 26.69999885559082
    },
    "objBI": {
        "full": [
            0.004456823226064444,
            0.18226468563079834,
            0.01025234442204237
        ],
        "partial": [
            0.0013601015089079738,
            0.18105123937129974,
            0.000938672455959022
        ],
        "mip": [
            0.003500670427456498,
            0.193649023771286,
            0.0024489001370966434
        ],
        "opt_shap": [
            0.002159690950065851,
            0.18907290697097778,
            0.002183958189561963
        ],
        "opt_objBI": [
            0.00030531539232470095,
            0.18018892407417297,
            0.00027499767020344734
        ]
    },
    "shap": {
        "full": [
            2.0852333193488448e-08,
            1.5088102145455196e-07,
            0.0
        ],
        "partial": [
            8.799284501037619e-07,
            -9.355842962577299e-07
        ],
        "mip": [
            -3.8533659107997664e-07,
            -1.3237595339887775e-06
        ],
        "opt_shap": [
            7.676319455640623e-07,
            -9.148120625468437e-07
        ],
        "opt_objBI": [
            4.0390074218521477e-07,
            8.022784925287851e-08
        ]
    },
    "di": {
        "full": 0.7889130572860429,
        "partial": 0.8015919389959896,
        "mip": 0.7899510427263479,
        "opt_shap": 0.8015919389959896,
        "opt_objBI": 0.8119011873319134
    },
    "dd": {
        "full": -0.20278460475077298,
        "partial": -0.1888485772388221,
        "mip": -0.19827630185123502,
        "opt_shap": -0.1888485772388221,
        "opt_objBI": -0.17959090177061166
    },
    "eqopp": {
        "full": -0.11771548387645558,
        "partial": -0.10761221833771406,
        "mip": -0.11891060810983234,
        "opt_shap": -0.10761221833771406,
        "opt_objBI": -0.10007995848963513
    },
    "eqodd": {
        "full": 0.20867754337981628,
        "partial": 0.19007701900157836,
        "mip": 0.19509721891959725,
        "opt_shap": 0.19007701900157836,
        "opt_objBI": 0.18075193354918315
    }
}