{
    "error": {
        "full": 26.30000114440918,
        "partial": 25.94999885559082,
        "mip": 26.30000114440918,
        "opt_shap": 25.850000381469727,
        "opt_objBI": 25.94999885559082
    },
    "objBI": {
        "full": [
            0.011593300849199295,
            0.1841965764760971,
            0.021712590008974075
        ],
        "partial": [
            0.01981658861041069,
            0.18470346927642822,
            0.006116047501564026
        ],
        "mip": [
            0.01566794328391552,
            0.18963415920734406,
            0.0156785286962986
        ],
        "opt_shap": [
            0.01007100846618414,
            0.1862826943397522,
            0.001219589146785438
        ],
        "opt_objBI": [
            0.012144233100116253,
            0.1753840297460556,
            0.0024562280159443617
        ]
    },
    "shap": {
        "full": [
            7.862704478611704e-06,
            -9.2217669589445e-06,
            0.0
        ],
        "partial": [
            -6.371043582475977e-06,
            -1.8850147171178833e-05
        ],
        "mip": [
            -9.767711084407438e-09,
            9.893416972772684e-06
        ],
        "opt_shap": [
            1.5171747236308875e-06,
            -1.1188507414772175e-05
        ],
        "opt_objBI": [
            1.7131578715634532e-05,
            2.6318966774852015e-05
        ]
    },
    "di": {
        "full": 0.7508428394233311,
        "partial": 0.7817623140475471,
        "mip": 0.7828799364803297,
        "opt_shap": 0.7840506591923596,
        "opt_objBI": 0.7930240876434579
    },
    "dd": {
        "full": -0.24511404235230105,
        "partial": -0.2122616032742417,
        "mip": -0.20677052702329657,
        "opt_shap": -0.20806478069701662,
        "opt_objBI": -0.20256770326984097
    },
    "eqopp": {
        "full": -0.16889182403407943,
        "partial": -0.14382608074822412,
        "mip": -0.14202334630350189,
        "opt_shap": -0.14452218612786927,
        "opt_objBI": -0.13548471542974094
    },
    "eqodd": {
        "full": 0.26532446498861595,
        "partial": 0.22401252357824641,
        "mip": 0.21283983852642793,
        "opt_shap": 0.21318486567375378,
        "opt_objBI": 0.21570747399394025
    }
}