{
    "error": {
        "full": 29.0,
        "partial": 28.850000381469727,
        "mip": 28.60000228881836,
        "opt_shap": 28.700000762939453,
        "opt_objBI": 28.60000228881836
    },
    "objBI": {
        "full": [
            0.010520745068788528,
            0.205577090382576,
            0.021786848083138466
        ],
        "partial": [
            0.005263513885438442,
            0.19990350306034088,
            0.0014898127410560846
        ],
        "mip": [
            0.012127610854804516,
            0.2041967511177063,
            0.006079561077058315
        ],
        "opt_shap": [
            0.0025337538681924343,
            0.1942308098077774,
            0.0018017253605648875
        ],
        "opt_objBI": [
            0.01043133158236742,
            0.2085758000612259,
            0.006442755926400423
        ]
    },
    "shap": {
        "full": [
            -1.2352798876236193e-05,
            4.0105833249981515e-06,
            0.0
        ],
        "partial": [
            -2.1706522090880753e-07,
            -2.1828711851412663e-06
        ],
        "mip": [
            1.0870128789974842e-05,
            8.461088327749167e-06
        ],
        "opt_shap": [
            6.4292030401702505e-06,
            2.7835369564854773e-06
        ],
        "opt_objBI": [
            -8.086412890406791e-07,
            7.827997251297347e-06
        ]
    },
    "di": {
        "full": 0.8094079532867653,
        "partial": 0.7723944757991976,
        "mip": 0.7694951947691003,
        "opt_shap": 0.7748208458802421,
        "opt_objBI": 0.7619515761081912
    },
    "dd": {
        "full": -0.1786087144348577,
        "partial": -0.2176108704434817,
        "mip": -0.22061288245152977,
        "opt_shap": -0.21461685846743384,
        "opt_objBI": -0.22664490657962633
    },
    "eqopp": {
        "full": -0.11744743874561325,
        "partial": -0.1511961106281593,
        "mip": -0.1508612640458482,
        "opt_shap": -0.1511961106281593,
        "opt_objBI": -0.15809910170964936
    },
    "eqodd": {
        "full": 0.1784128497840092,
        "partial": 0.22162324160804991,
        "mip": 0.22531185944799978,
        "opt_shap": 0.21529412768399928,
        "opt_objBI": 0.2290283995743587
    }
}