{
    "error": {
        "full": 25.94999885559082,
        "partial": 25.94999885559082,
        "mip": 26.0,
        "opt_shap": 26.0,
        "opt_objBI": 26.0
    },
    "objBI": {
        "full": [
            0.008199543692171574,
            0.20472405850887299,
            0.004391504917293787
        ],
        "partial": [
            0.014304416254162788,
            0.2144942283630371,
            0.01175974402576685
        ],
        "mip": [
            0.0037539510522037745,
            0.20041216909885406,
            0.0029488776344805956
        ],
        "opt_shap": [
            0.007227662019431591,
            0.2097654789686203,
            0.006051891949027777
        ],
        "opt_objBI": [
            0.008997649885714054,
            0.20912620425224304,
            0.005106309894472361
        ]
    },
    "shap": {
        "full": [
            6.045831469236873e-06,
            -5.729847089241957e-06,
            0.0
        ],
        "partial": [
            1.5658632037229836e-05,
            -2.730482810875401e-05
        ],
        "mip": [
            -5.916193003940862e-06,
            5.055308520240942e-06
        ],
        "opt_shap": [
            5.481421794684138e-06,
            -2.1210908016655594e-06
        ],
        "opt_objBI": [
            9.250834409613162e-06,
            7.398128673230531e-06
        ]
    },
    "di": {
        "full": 0.7565724748141034,
        "partial": 0.752848221680059,
        "mip": 0.7614663681725546,
        "opt_shap": 0.7497753717956507,
        "opt_objBI": 0.7497753717956507
    },
    "dd": {
        "full": -0.2282291365166419,
        "partial": -0.23223522978450228,
        "mip": -0.22612293298106423,
        "opt_shap": -0.23512262150731267,
        "opt_objBI": -0.23512262150731267
    },
    "eqopp": {
        "full": -0.13675475230414746,
        "partial": -0.13675475230414746,
        "mip": -0.13688676075268813,
        "opt_shap": -0.13982694892473113,
        "opt_objBI": -0.13982694892473113
    },
    "eqodd": {
        "full": 0.23683125147924644,
        "partial": 0.24458991821713438,
        "mip": 0.23695067165351943,
        "opt_shap": 0.24741467632124065,
        "opt_objBI": 0.24741467632124065
    }
}