{
    "error": {
        "full": 26.899999618530273,
        "partial": 26.899999618530273,
        "mip": 27.25,
        "opt_shap": 27.000001907348633,
        "opt_objBI": 26.80000114440918
    },
    "objBI": {
        "full": [
            0.014282505959272385,
            0.20369024574756622,
            0.014471243135631084
        ],
        "partial": [
            0.023134037852287292,
            0.18375802040100098,
            0.022830761969089508
        ],
        "mip": [
            0.013683603145182133,
            0.1996147781610489,
            0.014076605439186096
        ],
        "opt_shap": [
            0.0018431175267323852,
            0.19603662192821503,
            0.0017614553216844797
        ],
        "opt_objBI": [
            0.009741909801959991,
            0.18827374279499054,
            0.009768420830368996
        ]
    },
    "shap": {
        "full": [
            -7.196126716735307e-07,
            -2.622169176902389e-06,
            0.0
        ],
        "partial": [
            5.106607659399742e-06,
            -2.9313565619304427e-07
        ],
        "mip": [
            3.7051829622214427e-06,
            1.4947176168789156e-05
        ],
        "opt_shap": [
            3.976174411945976e-06,
            -5.022287155043159e-07
        ],
        "opt_objBI": [
            -4.1989378019025025e-07,
            1.8119811784345075e-07
        ]
    },
    "di": {
        "full": 0.7952184128586008,
        "partial": 0.7896695540583895,
        "mip": 0.7604740549600079,
        "opt_shap": 0.7876804619826756,
        "opt_objBI": 0.7817131857555342
    },
    "dd": {
        "full": -0.19753645294492927,
        "partial": -0.2035455928467199,
        "mip": -0.23130080852977386,
        "opt_shap": -0.20547052066192684,
        "opt_objBI": -0.2112453041075476
    },
    "eqopp": {
        "full": -0.1271430598483586,
        "partial": -0.1329010711957539,
        "mip": -0.15844196438669977,
        "opt_shap": -0.13603096164958794,
        "opt_objBI": -0.13759590687650503
    },
    "eqodd": {
        "full": 0.1998215299241793,
        "partial": 0.20645053559787696,
        "mip": 0.2354709821933499,
        "opt_shap": 0.20801548082479399,
        "opt_objBI": 0.2150479534382525
    }
}