{
    "error": {
        "full": 24.5,
        "partial": 24.5,
        "mip": 25.0,
        "adv_deb": 27.5,
        "eo_cal": 27.000001907348633,
        "re_weigh": 25.0,
        "dp_exp": 24.5,
        "eo_exp": 25.5,
        "tpr_exp": 26.499998092651367,
        "er_exp": 24.5,
        "opt_shap": 25.0,
        "opt_objBI": 25.0
    },
    "objBI": {
        "full": [
            0.0027113929390907288,
            0.0541481114923954,
            0.04686744511127472,
            0.0469357967376709,
            0.013538975268602371,
            0.03488146886229515,
            0.026348046958446503,
            0.0027860128320753574,
            0.030443508177995682
        ],
        "partial": [
            0.013539798557758331,
            0.0518956296145916,
            0.04384256899356842,
            0.0457080714404583,
            0.015878397971391678,
            0.043680254369974136,
            0.032272063195705414,
            0.016253069043159485,
            0.011291751638054848
        ],
        "mip": [
            0.0017308759270235896,
            0.0536990724503994,
            0.04773453250527382,
            0.04716881364583969,
            0.01421776320785284,
            0.03355952724814415,
            0.027013001963496208,
            0.0010227110469713807,
            0.00029712915420532227
        ],
        "adv_deb": [
            0.005758040118962526,
            0.04230411350727081,
            0.026348495855927467,
            0.029407160356640816,
            0.015783363953232765,
            0.03762345016002655,
            0.02812226302921772,
            0.007543689105659723,
            0.02681080251932144
        ],
        "eo_cal": [
            0.005917329341173172,
            0.018911300227046013,
            0.03031661920249462,
            0.02603456750512123,
            0.00995845627039671,
            0.01868310198187828,
            0.01748051680624485,
            0.0080287866294384,
            0.017311040312051773
        ],
        "re_weigh": [
            0.01163233257830143,
            0.05426670238375664,
            0.041244860738515854,
            0.04324151948094368,
            0.017352215945720673,
            0.037390243262052536,
            0.027839411050081253,
            0.008915925398468971,
            0.01350498665124178
        ],
        "dp_exp": [
            0.01306531298905611,
            0.02885844185948372,
            0.02732783369719982,
            0.02660151943564415,
            0.019793547689914703,
            0.03153819218277931,
            0.024831213057041168,
            0.013817506842315197,
            0.011739768087863922
        ],
        "eo_exp": [
            0.02356371097266674,
            0.03230458125472069,
            0.030951745808124542,
            0.02929488569498062,
            0.020834865048527718,
            0.03629068285226822,
            0.030565032735466957,
            0.02517177164554596,
            0.022606562823057175
        ],
        "tpr_exp": [
            0.009120749309659004,
            0.03488399460911751,
            0.02273300662636757,
            0.012494564056396484,
            0.02031135745346546,
            0.024380464106798172,
            0.02074960246682167,
            0.007915434427559376,
            0.007851303555071354
        ],
        "er_exp": [
            0.012863967567682266,
            0.025000445544719696,
            0.03662271425127983,
            0.031227344647049904,
            0.012423818930983543,
            0.024385374039411545,
            0.017771130427718163,
            0.013098529540002346,
            0.01250000111758709
        ],
        "opt_shap": [
            0.012321041896939278,
            0.057005275040864944,
            0.04076572507619858,
            0.05340903252363205,
            0.016418110579252243,
            0.03687495365738869,
            0.03176011145114899,
            0.011283095926046371,
            0.011103197000920773
        ],
        "opt_objBI": [
            0.006434195674955845,
            0.05270380899310112,
            0.05151866748929024,
            0.04631924256682396,
            0.015131487511098385,
            0.03507111966609955,
            0.027387559413909912,
            0.005729502998292446,
            0.005475285463035107
        ]
    },
    "shap": {
        "full": [
            0.0014571259962394834,
            0.05415836349129677,
            0.047839678823947906,
            0.0470384918153286,
            0.013093487359583378,
            0.03531933203339577,
            0.025461841374635696,
            0.001642711111344397,
            0.03011912852525711
        ],
        "partial": [
            0.002129885833710432,
            0.04981677979230881,
            0.045886408537626266,
            0.04395448789000511,
            0.012564336881041527,
            0.040108293294906616,
            0.026200685650110245,
            0.006466062273830175
        ],
        "mip": [
            0.0016762524610385299,
            0.05413224175572395,
            0.049883998930454254,
            0.045806884765625,
            0.014182264916598797,
            0.034757811576128006,
            0.02634337916970253,
            0.0007331726956181228
        ],
        "adv_deb": [
            0.003005345817655325,
            0.04158951714634895,
            0.025874579325318336,
            0.03006810136139393,
            0.020090429112315178,
            0.038583170622587204,
            0.026698555797338486,
            0.006458718795329332,
            0.023385517299175262
        ],
        "eo_cal": [
            0.0018691016593948007,
            0.016575181856751442,
            0.031214427202939987,
            0.02522563934326172,
            0.008946474641561508,
            0.01786310039460659,
            0.012634084559977055,
            0.003992237616330385,
            0.056010082364082336
        ],
        "re_weigh": [
            0.0019113300368189812,
            0.055448513478040695,
            0.04304889589548111,
            0.041306883096694946,
            0.015762872993946075,
            0.035328757017850876,
            0.024041080847382545,
            0.001752409152686596,
            0.007728241849690676
        ],
        "dp_exp": [
            0.00034154485911130905,
            0.04410422220826149,
            0.04330379143357277,
            0.021031569689512253,
            0.009725389070808887,
            0.02159852720797062,
            0.011195837520062923,
            0.004163460340350866,
            0.0
        ],
        "eo_exp": [
            0.0003984567883890122,
            0.040913138538599014,
            0.03669777512550354,
            0.023799214512109756,
            0.008357956074178219,
            0.025017164647579193,
            0.011655048467218876,
            0.004336328711360693,
            0.0
        ],
        "tpr_exp": [
            0.0007411561673507094,
            0.05219586193561554,
            0.04215620085597038,
            0.02364359423518181,
            0.01267880480736494,
            0.017595386132597923,
            0.011166694574058056,
            0.0071095870807766914,
            0.0
        ],
        "er_exp": [
            0.0004814260464627296,
            0.0506727360188961,
            0.054903917014598846,
            0.030404476448893547,
            0.011163348332047462,
            0.025892771780490875,
            0.016368580982089043,
            0.00947369821369648,
            0.0
        ],
        "opt_shap": [
            0.0009920848533511162,
            0.05743970349431038,
            0.04214083030819893,
            0.05024085193872452,
            0.013426372781395912,
            0.03438561037182808,
            0.025842946022748947,
            0.0019606950227171183
        ],