{
    "error": {
        "full": 26.600000381469727,
        "partial": 27.05000114440918,
        "mip": 26.499998092651367,
        "adv_deb": 26.69999885559082,
        "eo_cal": 27.149999618530273,
        "re_weigh": 26.850000381469727,
        "dp_exp": 27.350000381469727,
        "eo_exp": 27.200000762939453,
        "tpr_exp": 27.25,
        "er_exp": 32.79999923706055,
        "opt_shap": 27.149999618530273,
        "opt_objBI": 27.100000381469727
    },
    "objBI": {
        "full": [
            0.006871930323541164,
            0.20419901609420776,
            0.014222869649529457
        ],
        "partial": [
            0.011749526485800743,
            0.20690511167049408,
            0.0007913981098681688
        ],
        "mip": [
            0.0010252106003463268,
            0.21564045548439026,
            0.0004843571223318577
        ],
        "adv_deb": [
            0.00422244518995285,
            0.22416745126247406,
            0.014718132093548775
        ],
        "eo_cal": [
            0.0009629088453948498,
            0.10687965154647827,
            0.05680564045906067
        ],
        "re_weigh": [
            0.004198169801384211,
            0.21790555119514465,
            0.07607660442590714
        ],
        "dp_exp": [
            0.15735851228237152,
            0.3148089349269867,
            0.011904056183993816
        ],
        "eo_exp": [
            0.14618901908397675,
            0.3073180317878723,
            0.015621366910636425
        ],
        "tpr_exp": [
            0.12409806996583939,
            0.2957155406475067,
            0.023716626688838005
        ],
        "er_exp": [
            0.1285383254289627,
            0.3376414477825165,
            0.002510728780180216
        ],
        "opt_shap": [
            0.009154561907052994,
            0.20333200693130493,
            0.007153018843382597
        ],
        "opt_objBI": [
            0.012516511604189873,
            0.20034605264663696,
            0.011362707242369652
        ]
    },
    "shap": {
        "full": [
            0.0015860197599977255,
            0.2090405374765396,
            0.0
        ],
        "partial": [
            0.011324658989906311,
            0.20539917051792145
        ],
        "mip": [
            0.0009589862893335521,
            0.21157659590244293
        ],
        "adv_deb": [
            0.013462534174323082,
            0.21896445751190186
        ],
        "eo_cal": [
            0.0008601093431934714,
            0.11540389806032181
        ],
        "re_weigh": [
            0.001940109534189105,
            0.21383681893348694
        ],
        "dp_exp": [
            0.1519312560558319,
            0.28555265069007874
        ],
        "eo_exp": [
            0.15114490687847137,
            0.30982720851898193
        ],
        "tpr_exp": [
            0.13545167446136475,
            0.30035579204559326
        ],
        "er_exp": [
            0.15561886131763458,
            0.36291173100471497
        ],
        "opt_shap": [
            0.007320290431380272,
            0.21035046875476837
        ],
        "opt_objBI": [
            0.007215593010187149,
            0.2080695927143097
        ]
    },
    "di": {
        "full": 0.6945096653117557,
        "partial": 0.6807113415005246,
        "mip": 0.7196424430248983,
        "adv_deb": 0.7433208680270202,
        "eo_cal": 0.6574642126789366,
        "re_weigh": 0.9146544057566688,
        "dp_exp": 0.9319876687554464,
        "eo_exp": 0.9115386998822582,
        "tpr_exp": 0.8950661884806208,
        "er_exp": 0.879768418725474,
        "opt_shap": 0.6748209832618548,
        "opt_objBI": 0.6861483330460558
    },
    "dd": {
        "full": -0.2905446235978213,
        "partial": -0.3002313119549862,
        "mip": -0.26609278890983235,
        "adv_deb": -0.24186106075340463,
        "eo_cal": -0.3425357873210634,
        "re_weigh": -0.07565861877148539,
        "dp_exp": -0.06411303070686203,
        "eo_exp": -0.08815866879569711,
        "tpr_exp": -0.0939854889766647,
        "er_exp": -0.09119013602583648,
        "opt_shap": -0.3044973767303375,
        "opt_objBI": -0.29511883751735846
    },
    "eqopp": {
        "full": -0.18661100803957953,
        "partial": -0.20548598227169657,
        "mip": -0.16217446574589434,
        "adv_deb": -0.14824692503263937,
        "eo_cal": -0.2154882154882155,
        "re_weigh": -0.03386758743901597,
        "dp_exp": -0.023921184635470327,
        "eo_exp": -0.04029667422524563,
        "tpr_exp": -0.04243970315398893,
        "er_exp": -0.014004844361987234,
        "opt_shap": -0.21135247028104165,
        "opt_objBI": -0.20211897890469321
    },
    "eqodd": {
        "full": 0.29850946060242284,
        "partial": 0.30185232236834125,
        "mip": 0.27457243945558024,
        "adv_deb": 0.24488239108774826,
        "eo_cal": 0.37727535774410775,
        "re_weigh": 0.04364291486796737,
        "dp_exp": 0.04082916310463579,
        "eo_exp": 0.055049024028803434,
        "tpr_exp": 0.07520942404739671,
        "er_exp": 0.08379009747838528,
        "opt_shap": 0.3044901357007449,
        "opt_objBI": 0.2962625706848396
    }
}