{
    "error": {
        "full": 26.899999618530273,
        "partial": 26.750001907348633,
        "mip": 26.850000381469727,
        "adv_deb": 26.44999885559082,
        "eo_cal": 27.799999237060547,
        "re_weigh": 27.299999237060547,
        "dp_exp": 29.850000381469727,
        "eo_exp": 30.000001907348633,
        "tpr_exp": 29.049999237060547,
        "er_exp": 40.04999923706055,
        "opt_shap": 26.94999885559082,
        "opt_objBI": 26.899999618530273
    },
    "objBI": {
        "full": [
            0.005005946848541498,
            0.18393400311470032,
            0.016522275283932686
        ],
        "partial": [
            0.009851939976215363,
            0.20006626844406128,
            0.009705724194645882
        ],
        "mip": [
            0.009390592575073242,
            0.19288815557956696,
            0.006574532482773066
        ],
        "adv_deb": [
            0.007348919287323952,
            0.20139570534229279,
            0.0011260462924838066
        ],
        "eo_cal": [
            0.011950446292757988,
            0.10484256595373154,
            0.038126036524772644
        ],
        "re_weigh": [
            0.0063775344751775265,
            0.20341616868972778,
            0.07835893332958221
        ],
        "dp_exp": [
            0.04647768661379814,
            0.046982795000076294,
            0.0039058856200426817
        ],
        "eo_exp": [
            0.08762997388839722,
            0.0690707415342331,
            0.001999387750402093
        ],
        "tpr_exp": [
            0.06133216246962547,
            0.11286085844039917,
            0.004435359966009855
        ],
        "er_exp": [
            0.16697940230369568,
            0.16676867008209229,
            0.0013925356324762106
        ],
        "opt_shap": [
            0.0073544057086110115,
            0.2002134770154953,
            0.0072166030295193195
        ],
        "opt_objBI": [
            0.005358428694307804,
            0.20148049294948578,
            0.005169597454369068
        ]
    },
    "shap": {
        "full": [
            0.0037213857285678387,
            0.18834567070007324,
            0.0
        ],
        "partial": [
            0.0058423844166100025,
            0.20119169354438782
        ],
        "mip": [
            0.007671578321605921,
            0.20238132774829865
        ],
        "adv_deb": [
            0.017337825149297714,
            0.2025696039199829
        ],
        "eo_cal": [
            0.0032652763184159994,
            0.11204250901937485
        ],
        "re_weigh": [
            0.004755455069243908,
            0.20586425065994263
        ],
        "dp_exp": [
            0.04700794443488121,
            0.0470239520072937
        ],
        "eo_exp": [
            0.08513014018535614,
            0.06807322800159454
        ],
        "tpr_exp": [
            0.05539040267467499,
            0.11295617371797562
        ],
        "er_exp": [
            0.16853035986423492,
            0.17052346467971802
        ],
        "opt_shap": [
            0.002916628262028098,
            0.19706153869628906
        ],
        "opt_objBI": [
            0.0026629427447915077,
            0.1970052868127823
        ]
    },
    "di": {
        "full": 0.7692571037315987,
        "partial": 0.7909798964934156,
        "mip": 0.7894615875718238,
        "adv_deb": 0.7959303413207258,
        "eo_cal": 0.7145669291338582,
        "re_weigh": 0.9867345993515517,
        "dp_exp": 0.9877323328314368,
        "eo_exp": 0.9911951900581117,
        "tpr_exp": 0.9435906524546168,
        "er_exp": 1.025379168208001,
        "opt_shap": 0.8001139436404143,
        "opt_objBI": 0.7990680430604922
    },
    "dd": {
        "full": -0.22112860892388453,
        "partial": -0.19585013763523462,
        "mip": -0.19791466615453557,
        "adv_deb": -0.1920411625376096,
        "eo_cal": -0.2854330708661418,
        "re_weigh": -0.011458933486972578,
        "dp_exp": -0.0179966071314257,
        "eo_exp": -0.008498175532936414,
        "tpr_exp": -0.04567569297740226,
        "er_exp": -0.02479834837718453,
        "opt_shap": -0.18810415466359387,
        "opt_objBI": -0.1890884066320978
    },
    "eqopp": {
        "full": -0.16979166666666667,
        "partial": -0.14921874999999996,
        "mip": -0.14765625000000004,
        "adv_deb": -0.14375000000000004,
        "eo_cal": -0.19843750000000004,
        "re_weigh": -0.008333333333333415,
        "dp_exp": 0.0033854166666665853,
        "eo_exp": -0.005468750000000022,
        "tpr_exp": -0.018750000000000044,
        "er_exp": -0.029687499999999978,
        "opt_shap": -0.13984375000000004,
        "opt_objBI": -0.13984375000000004
    },
    "eqodd": {
        "full": 0.21260465918045707,
        "partial": 0.17917005269897554,
        "mip": 0.18533324714342003,
        "adv_deb": 0.1760909180457053,
        "eo_cal": 0.3159740691489362,
        "re_weigh": 0.04716312056737591,
        "dp_exp": 0.004166051024428661,
        "eo_exp": 0.006628004334121328,
        "tpr_exp": 0.03920317425137904,
        "er_exp": 0.05886986554373522,
        "opt_shap": 0.17576308855397954,
        "opt_objBI": 0.17709287578802207
    }
}