{
    "error": {
        "full": 28.0,
        "partial": 27.350000381469727,
        "mip": 27.350000381469727,
        "adv_deb": 27.599998474121094,
        "eo_cal": 27.450000762939453,
        "re_weigh": 28.700000762939453,
        "dp_exp": 29.249998092651367,
        "eo_exp": 29.100000381469727,
        "tpr_exp": 28.950000762939453,
        "er_exp": 34.25,
        "opt_shap": 27.849998474121094,
        "opt_objBI": 27.849998474121094
    },
    "objBI": {
        "full": [
            0.010768954642117023,
            0.21563605964183807,
            0.010329828597605228
        ],
        "partial": [
            0.01605967804789543,
            0.20190753042697906,
            0.0018832740606740117
        ],
        "mip": [
            0.015837404876947403,
            0.20763042569160461,
            0.01480011735111475
        ],
        "adv_deb": [
            0.006367594934999943,
            0.2165503352880478,
            0.009679427370429039
        ],
        "eo_cal": [
            0.0032582173589617014,
            0.11042601615190506,
            0.03948928415775299
        ],
        "re_weigh": [
            0.008447124622762203,
            0.217059925198555,
            0.07461103051900864
        ],
        "dp_exp": [
            0.12213164567947388,
            0.10008961707353592,
            0.005573655012995005
        ],
        "eo_exp": [
            0.13172388076782227,
            0.13485296070575714,
            0.02182682976126671
        ],
        "tpr_exp": [
            0.12205273658037186,
            0.1473342776298523,
            0.013495209626853466
        ],
        "er_exp": [
            0.2168721854686737,
            0.20521140098571777,
            0.009823346510529518
        ],
        "opt_shap": [
            0.012589123100042343,
            0.2001514583826065,
            0.004978337790817022
        ],
        "opt_objBI": [
            0.011340082623064518,
            0.20473767817020416,
            0.0020528638269752264
        ]
    },
    "shap": {
        "full": [
            0.01018542516976595,
            0.20747581124305725,
            0.0
        ],
        "partial": [
            0.015677064657211304,
            0.20167285203933716
        ],
        "mip": [
            0.00967527087777853,
            0.21218790113925934
        ],
        "adv_deb": [
            0.010228226892650127,
            0.21592874825000763
        ],
        "eo_cal": [
            0.002871531993150711,
            0.11745516955852509
        ],
        "re_weigh": [
            0.008435039781033993,
            0.2122165560722351
        ],
        "dp_exp": [
            0.13637733459472656,
            0.11997422575950623
        ],
        "eo_exp": [
            0.14297060668468475,
            0.1374741494655609
        ],
        "tpr_exp": [
            0.1232718974351883,
            0.15372495353221893
        ],
        "er_exp": [
            0.20742151141166687,
            0.1879444569349289
        ],
        "opt_shap": [
            0.011531263589859009,
            0.2057729810476303
        ],
        "opt_objBI": [
            0.01159917376935482,
            0.20659399032592773
        ]
    },
    "di": {
        "full": 0.7399143018837415,
        "partial": 0.7524148761635712,
        "mip": 0.7564807541241163,
        "adv_deb": 0.7496389401909898,
        "eo_cal": 0.7293233082706767,
        "re_weigh": 0.9575778598616241,
        "dp_exp": 0.9809595932276735,
        "eo_exp": 0.9697889301567172,
        "tpr_exp": 0.9356518504742422,
        "er_exp": 0.9167652276759314,
        "opt_shap": 0.7296570866418383,
        "opt_objBI": 0.7296570866418383
    },
    "dd": {
        "full": -0.23257663389242345,
        "partial": -0.22668851616220032,
        "mip": -0.22660818713450293,
        "adv_deb": -0.22976511792301257,
        "eo_cal": -0.2706766917293233,
        "re_weigh": -0.036348885033095524,
        "dp_exp": -0.01602564102564108,
        "eo_exp": -0.024910031488978857,
        "tpr_exp": -0.05037433326907015,
        "er_exp": -0.05429438982070567,
        "opt_shap": -0.24723668144720778,
        "opt_objBI": -0.24723668144720778
    },
    "eqopp": {
        "full": -0.15657948031863322,
        "partial": -0.14519943212270736,
        "mip": -0.14597064876298493,
        "adv_deb": -0.1510111734357804,
        "eo_cal": -0.17404129793510326,
        "re_weigh": -0.010846128983426073,
        "dp_exp": 0.010946366689987275,
        "eo_exp": 0.006257696823896652,
        "tpr_exp": -0.011089563413646308,
        "er_exp": 0.002325923925717732,
        "opt_shap": -0.1702731784353917,
        "opt_objBI": -0.1702731784353917
    },
    "eqodd": {
        "full": 0.23556170063648252,
        "partial": 0.23552295982566263,
        "mip": 0.23820402542981153,
        "adv_deb": 0.23816373830241844,
        "eo_cal": 0.307227902853562,
        "re_weigh": 0.012526329945382164,
        "dp_exp": 0.00990313757822825,
        "eo_exp": 0.023595169655471634,
        "tpr_exp": 0.044742777689615335,
        "er_exp": 0.032852345711438774,
        "opt_shap": 0.25350627231204453,
        "opt_objBI": 0.25350627231204453
    }
}