{
    "error": {
        "full": 27.05000114440918,
        "partial": 26.80000114440918,
        "mip": 27.000001907348633,
        "adv_deb": 26.600000381469727,
        "eo_cal": 26.94999885559082,
        "re_weigh": 27.549999237060547,
        "dp_exp": 29.649999618530273,
        "eo_exp": 28.549999237060547,
        "tpr_exp": 28.200000762939453,
        "er_exp": 36.0,
        "opt_shap": 26.899999618530273,
        "opt_objBI": 26.899999618530273
    },
    "objBI": {
        "full": [
            0.004859314300119877,
            0.20057141780853271,
            0.004341722000390291
        ],
        "partial": [
            0.007706981617957354,
            0.19304503500461578,
            0.005059473216533661
        ],
        "mip": [
            0.011443264782428741,
            0.20922791957855225,
            0.011303703300654888
        ],
        "adv_deb": [
            0.014159287326037884,
            0.20759330689907074,
            0.010923533700406551
        ],
        "eo_cal": [
            0.011674510315060616,
            0.10329756140708923,
            0.048924174159765244
        ],
        "re_weigh": [
            0.007784854155033827,
            0.20265968143939972,
            0.06593495607376099
        ],
        "dp_exp": [
            0.14208437502384186,
            0.17821872234344482,
            0.009813917800784111
        ],
        "eo_exp": [
            0.13933488726615906,
            0.1960839033126831,
            0.004642845131456852
        ],
        "tpr_exp": [
            0.12133806198835373,
            0.18487098813056946,
            0.0032989352475851774
        ],
        "er_exp": [
            0.19594219326972961,
            0.27629992365837097,
            0.013050330802798271
        ],
        "opt_shap": [
            0.0117731261998415,
            0.19319558143615723,
            0.011579331941902637
        ],
        "opt_objBI": [
            0.0052503482438623905,
            0.19214017689228058,
            0.005168800242245197
        ]
    },
    "shap": {
        "full": [
            0.0034125454258173704,
            0.19905921816825867,
            0.0
        ],
        "partial": [
            0.006725529674440622,
            0.188513845205307
        ],
        "mip": [
            0.004105227999389172,
            0.20729950070381165
        ],
        "adv_deb": [
            0.012179587967693806,
            0.20898304879665375
        ],
        "eo_cal": [
            0.0007375943823717535,
            0.11176023632287979
        ],
        "re_weigh": [
            0.0062988679856061935,
            0.20816878974437714
        ],
        "dp_exp": [
            0.1334981769323349,
            0.1571168154478073
        ],
        "eo_exp": [
            0.14148330688476562,
            0.1834268420934677
        ],
        "tpr_exp": [
            0.1119052991271019,
            0.19808591902256012
        ],
        "er_exp": [
            0.21640744805335999,
            0.2783666253089905
        ],
        "opt_shap": [
            0.002933426992967725,
            0.19323739409446716
        ],
        "opt_objBI": [
            0.002936557400971651,
            0.19289334118366241
        ]
    },
    "di": {
        "full": 0.7478547854785478,
        "partial": 0.7697890207868955,
        "mip": 0.7555908705970913,
        "adv_deb": 0.7468175388967467,
        "eo_cal": 0.7267326732673267,
        "re_weigh": 0.9506328823137534,
        "dp_exp": 0.989849860259549,
        "eo_exp": 0.9888723385612898,
        "tpr_exp": 0.9436555497655028,
        "er_exp": 0.9294034445461353,
        "opt_shap": 0.7590620552086688,
        "opt_objBI": 0.7590620552086688
    },
    "dd": {
        "full": -0.24068406840684076,
        "partial": -0.22207220722072207,
        "mip": -0.23379337933793387,
        "adv_deb": -0.24167416741674175,
        "eo_cal": -0.2732673267326733,
        "re_weigh": -0.04298429842984297,
        "dp_exp": -0.006320632063206322,
        "eo_exp": -0.014181418141814173,
        "tpr_exp": -0.06277627762776283,
        "er_exp": -0.04390439043904382,
        "opt_shap": -0.23193319331933193,
        "opt_objBI": -0.23193319331933193
    },
    "eqopp": {
        "full": -0.15959372485921164,
        "partial": -0.1440926330306862,
        "mip": -0.1556286633720262,
        "adv_deb": -0.15887541661877946,
        "eo_cal": -0.18019480519480524,
        "re_weigh": 0.00553097345132747,
        "dp_exp": 0.02154924721296403,
        "eo_exp": 0.0015228134697161666,
        "tpr_exp": -0.0199546029192047,
        "er_exp": 0.012067578439259874,
        "opt_shap": -0.15419204689116195,
        "opt_objBI": -0.15419204689116195
    },
    "eqodd": {
        "full": 0.24530715500925532,
        "partial": 0.22732780007527473,
        "mip": 0.23697944660068798,
        "adv_deb": 0.24372998185988332,
        "eo_cal": 0.29948826554156505,
        "re_weigh": 0.020614886006331046,
        "dp_exp": 0.003920328783337618,
        "eo_exp": 0.00441273739153801,
        "tpr_exp": 0.03056902892828965,
        "er_exp": 0.06805532003851605,
        "opt_shap": 0.23621012185641688,
        "opt_objBI": 0.23621012185641688
    }
}