{
    "error": {
        "full": 27.399999618530273,
        "partial": 27.549999237060547,
        "mip": 27.5,
        "adv_deb": 27.799999237060547,
        "eo_cal": 27.399999618530273,
        "re_weigh": 27.549999237060547,
        "dp_exp": 29.19999885559082,
        "eo_exp": 29.850000381469727,
        "tpr_exp": 29.100000381469727,
        "er_exp": 33.89999771118164,
        "opt_shap": 27.549999237060547,
        "opt_objBI": 27.350000381469727
    },
    "objBI": {
        "full": [
            0.02656872570514679,
            0.1858365833759308,
            0.008012471720576286
        ],
        "partial": [
            0.009640580043196678,
            0.22248966991901398,
            0.004218521527945995
        ],
        "mip": [
            0.0010436965385451913,
            0.21553704142570496,
            0.001038151909597218
        ],
        "adv_deb": [
            0.0162963904440403,
            0.20966123044490814,
            0.018231045454740524
        ],
        "eo_cal": [
            0.0022303981240838766,
            0.10897878557443619,
            0.044163670390844345
        ],
        "re_weigh": [
            0.00840308703482151,
            0.2205698937177658,
            0.06683133542537689
        ],
        "dp_exp": [
            0.16956862807273865,
            0.29749801754951477,
            0.00440192362293601
        ],
        "eo_exp": [
            0.17709554731845856,
            0.3149455487728119,
            0.0008649129304103553
        ],
        "tpr_exp": [
            0.13402549922466278,
            0.28834420442581177,
            0.010224232450127602
        ],
        "er_exp": [
            0.11427928507328033,
            0.3001156747341156,
            0.016419339925050735
        ],
        "opt_shap": [
            0.013152173720300198,
            0.21366725862026215,
            0.003933389205485582
        ],
        "opt_objBI": [
            0.014588804915547371,
            0.20011316239833832,
            0.014506104402244091
        ]
    },
    "shap": {
        "full": [
            0.025945717468857765,
            0.18567292392253876,
            0.0
        ],
        "partial": [
            0.008169214241206646,
            0.21673941612243652
        ],
        "mip": [
            0.00018015378736890852,
            0.21372349560260773
        ],
        "adv_deb": [
            0.016262084245681763,
            0.21498732268810272
        ],
        "eo_cal": [
            0.0015698517672717571,
            0.11925837397575378
        ],
        "re_weigh": [
            0.006720880977809429,
            0.2214486002922058
        ],
        "dp_exp": [
            0.1754600554704666,
            0.3038100600242615
        ],
        "eo_exp": [
            0.18438966572284698,
            0.3278505802154541
        ],
        "tpr_exp": [
            0.1401924192905426,
            0.31084272265434265
        ],
        "er_exp": [
            0.13760240375995636,
            0.30040279030799866
        ],
        "opt_shap": [
            0.012067385017871857,
            0.21106353402137756
        ],
        "opt_objBI": [
            0.004290360491722822,
            0.21213342249393463
        ]
    },
    "di": {
        "full": 0.7679336615331317,
        "partial": 0.7834759144470553,
        "mip": 0.7719773486440117,
        "adv_deb": 0.7400422768173603,
        "eo_cal": 0.733847637415622,
        "re_weigh": 0.9522498079531897,
        "dp_exp": 0.9586309990557003,
        "eo_exp": 0.9602119017230016,
        "tpr_exp": 0.9044514896726008,
        "er_exp": 0.9602088176560736,
        "opt_shap": 0.7907234310702044,
        "opt_objBI": 0.7801807223151339
    },
    "dd": {
        "full": -0.2200172035516622,
        "partial": -0.20280864503505303,
        "mip": -0.21334206528737842,
        "adv_deb": -0.24457081744908782,
        "eo_cal": -0.266152362584378,
        "re_weigh": -0.04095707022914363,
        "dp_exp": -0.03108856023896711,
        "eo_exp": -0.040880966042512235,
        "tpr_exp": -0.08664661922171446,
        "er_exp": -0.06967138011938345,
        "opt_shap": -0.19754143422345194,
        "opt_objBI": -0.207036432876608
    },
    "eqopp": {
        "full": -0.1366035840944042,
        "partial": -0.11960581238427015,
        "mip": -0.12890813796566558,
        "adv_deb": -0.1593133101089037,
        "eo_cal": -0.16279069767441856,
        "re_weigh": 0.01284248187552961,
        "dp_exp": 0.0017010325455857345,
        "eo_exp": -0.0070552050968207825,
        "tpr_exp": -0.03484919812949194,
        "er_exp": -0.021975331889652616,
        "opt_shap": -0.11570159746414332,
        "opt_objBI": -0.12345353544863946
    },
    "eqodd": {
        "full": 0.230406498794766,
        "partial": 0.21259983577477895,
        "mip": 0.22265180753771419,
        "adv_deb": 0.25511400015465413,
        "eo_cal": 0.29950759373516844,
        "re_weigh": 0.03642445844098233,
        "dp_exp": 0.024825457363925635,
        "eo_exp": 0.02847478727658828,
        "tpr_exp": 0.09020686052509798,
        "er_exp": 0.0378643074678221,
        "opt_shap": 0.20847591364290086,
        "opt_objBI": 0.21677594955921586
    }
}