{
    "error": {
        "full": 27.799999237060547,
        "partial": 27.64999771118164,
        "mip": 27.399999618530273,
        "adv_deb": 27.64999771118164,
        "eo_cal": 27.849998474121094,
        "re_weigh": 27.900001525878906,
        "dp_exp": 28.899999618530273,
        "eo_exp": 28.899999618530273,
        "tpr_exp": 28.349998474121094,
        "er_exp": 36.5,
        "opt_shap": 27.25,
        "opt_objBI": 27.700000762939453
    },
    "objBI": {
        "full": [
            0.007831873372197151,
            0.19290977716445923,
            0.007842539809644222
        ],
        "partial": [
            0.007208740338683128,
            0.1805628091096878,
            0.0011010944144800305
        ],
        "mip": [
            0.003465461079031229,
            0.18321646749973297,
            0.0016113967867568135
        ],
        "adv_deb": [
            0.005388553254306316,
            0.18916943669319153,
            0.0029965515714138746
        ],
        "eo_cal": [
            0.005397800821810961,
            0.09568831324577332,
            0.03440294414758682
        ],
        "re_weigh": [
            0.010213048197329044,
            0.1912604719400406,
            0.07010667026042938
        ],
        "dp_exp": [
            0.15430770814418793,
            0.24448713660240173,
            0.0012398642720654607
        ],
        "eo_exp": [
            0.17631955444812775,
            0.2614069879055023,
            0.005602982360869646
        ],
        "tpr_exp": [
            0.13338227570056915,
            0.24638128280639648,
            0.004227783065289259
        ],
        "er_exp": [
            0.21047213673591614,
            0.2848166227340698,
            0.004015541635453701
        ],
        "opt_shap": [
            0.00536270160228014,
            0.186088427901268,
            0.001403231406584382
        ],
        "opt_objBI": [
            0.010447654873132706,
            0.18205873668193817,
            0.01034964807331562
        ]
    },
    "shap": {
        "full": [
            0.005532692186534405,
            0.1825205683708191,
            0.0
        ],
        "partial": [
            0.006977657321840525,
            0.18372608721256256
        ],
        "mip": [
            0.0031886734068393707,
            0.19083040952682495
        ],
        "adv_deb": [
            0.011609763838350773,
            0.1982303410768509
        ],
        "eo_cal": [
            0.004405301995575428,
            0.10280444473028183
        ],
        "re_weigh": [
            0.006401875056326389,
            0.19598327577114105
        ],
        "dp_exp": [
            0.15397609770298004,
            0.22295799851417542
        ],
        "eo_exp": [
            0.1764463186264038,
            0.2574129104614258
        ],
        "tpr_exp": [
            0.12994201481342316,
            0.22561115026474
        ],
        "er_exp": [
            0.25272250175476074,
            0.33284783363342285
        ],
        "opt_shap": [
            0.005072514992207289,
            0.1801622211933136
        ],
        "opt_objBI": [
            0.005044638179242611,
            0.18205544352531433
        ]
    },
    "di": {
        "full": 0.7154045439825467,
        "partial": 0.7525878074213485,
        "mip": 0.7861234294161124,
        "adv_deb": 0.790083687000392,
        "eo_cal": 0.7398373983739838,
        "re_weigh": 1.0101510137108212,
        "dp_exp": 0.9878649102946726,
        "eo_exp": 0.9954035814867953,
        "tpr_exp": 0.9601574990645304,
        "er_exp": 1.0627109779869728,
        "opt_shap": 0.7599006135591502,
        "opt_objBI": 0.7549494846412899
    },
    "dd": {
        "full": -0.2672284104730811,
        "partial": -0.23353178413673903,
        "mip": -0.2037721656744126,
        "adv_deb": -0.19710645925356896,
        "eo_cal": -0.26016260162601623,
        "re_weigh": 0.008762243134242342,
        "dp_exp": -0.011290890467959835,
        "eo_exp": -0.006153575315280713,
        "tpr_exp": -0.03650534536841432,
        "er_exp": 0.05866301773253957,
        "opt_shap": -0.2273381985788362,
        "opt_objBI": -0.23057902823122722
    },
    "eqopp": {
        "full": -0.18834240286058967,
        "partial": -0.15872757570234597,
        "mip": -0.12705800157957325,
        "adv_deb": -0.12210013799567787,
        "eo_cal": -0.15242881072026804,
        "re_weigh": 0.02038907837980919,
        "dp_exp": 0.01411418057472169,
        "eo_exp": 0.026240876229159604,
        "tpr_exp": 0.0022326659202749344,
        "er_exp": 0.0969224360142682,
        "opt_shap": -0.14791791426910028,
        "opt_objBI": -0.15613690212721643
    },
    "eqodd": {
        "full": 0.26436436447515443,
        "partial": 0.2303994975982819,
        "mip": 0.2041387775509168,
        "adv_deb": 0.1952899131118729,
        "eo_cal": 0.2893926999337774,
        "re_weigh": 0.05245954533215055,
        "dp_exp": 0.012239616472137518,
        "eo_exp": 0.02045253296424722,
        "tpr_exp": 0.023942344025333434,
        "er_exp": 0.07591553127710618,
        "opt_shap": 0.22575185754544522,
        "opt_objBI": 0.22705498048284828
    }
}