{
    "error": {
        "full": 26.19999885559082,
        "partial": 26.149999618530273,
        "mip": 26.100000381469727,
        "adv_deb": 26.05000114440918,
        "eo_cal": 26.30000114440918,
        "re_weigh": 28.450000762939453,
        "dp_exp": 28.150001525878906,
        "eo_exp": 28.5,
        "tpr_exp": 27.900001525878906,
        "er_exp": 30.89999771118164,
        "opt_shap": 26.0,
        "opt_objBI": 26.05000114440918
    },
    "objBI": {
        "full": [
            0.01848853938281536,
            0.19362308084964752,
            0.013814806006848812
        ],
        "partial": [
            0.010680845007300377,
            0.18711437284946442,
            0.010171448811888695
        ],
        "mip": [
            0.01348391268402338,
            0.19091033935546875,
            0.0011937858071178198
        ],
        "adv_deb": [
            0.013172942213714123,
            0.18973712623119354,
            0.017637072131037712
        ],
        "eo_cal": [
            0.0053503504022955894,
            0.1020534485578537,
            0.024351032450795174
        ],
        "re_weigh": [
            0.010828325524926186,
            0.20117956399917603,
            0.07529682666063309
        ],
        "dp_exp": [
            0.14306168258190155,
            0.2467721849679947,
            0.00664953887462616
        ],
        "eo_exp": [
            0.1499466598033905,
            0.2548236548900604,
            0.006636836566030979
        ],
        "tpr_exp": [
            0.12643156945705414,
            0.26528337597846985,
            0.008647453971207142
        ],
        "er_exp": [
            0.12767471373081207,
            0.26909273862838745,
            0.01733989827334881
        ],
        "opt_shap": [
            0.01217043586075306,
            0.1867121160030365,
            0.008216086775064468
        ],
        "opt_objBI": [
            0.014185466803610325,
            0.1812448352575302,
            0.012159576639533043
        ]
    },
    "shap": {
        "full": [
            0.014846665784716606,
            0.18258801102638245,
            0.0
        ],
        "partial": [
            0.005396661814302206,
            0.18966040015220642
        ],
        "mip": [
            0.012825790792703629,
            0.18856486678123474
        ],
        "adv_deb": [
            0.017556307837367058,
            0.18691281974315643
        ],
        "eo_cal": [
            0.004919922910630703,
            0.10469816625118256
        ],
        "re_weigh": [
            0.009745340794324875,
            0.19080524146556854
        ],
        "dp_exp": [
            0.14737622439861298,
            0.23529095947742462
        ],
        "eo_exp": [
            0.1545480638742447,
            0.2528710961341858
        ],
        "tpr_exp": [
            0.13077454268932343,
            0.24707454442977905
        ],
        "er_exp": [
            0.15644100308418274,
            0.30545905232429504
        ],
        "opt_shap": [
            0.009268688969314098,
            0.18468080461025238
        ],
        "opt_objBI": [
            0.009262334555387497,
            0.18444937467575073
        ]
    },
    "di": {
        "full": 0.7767807782715299,
        "partial": 0.7868857625494794,
        "mip": 0.775322196457022,
        "adv_deb": 0.8151531264638485,
        "eo_cal": 0.7512291052114061,
        "re_weigh": 0.9732496862100058,
        "dp_exp": 0.9900390926001896,
        "eo_exp": 1.0083065164923573,
        "tpr_exp": 0.9654967547261957,
        "er_exp": 0.9904015301518029,
        "opt_shap": 0.7903602509995324,
        "opt_objBI": 0.7893297943489463
    },
    "dd": {
        "full": -0.21163816342923103,
        "partial": -0.20292464522246922,
        "mip": -0.21370676125400245,
        "adv_deb": -0.17525664917161055,
        "eo_cal": -0.24877089478859393,
        "re_weigh": -0.023620826418835117,
        "dp_exp": -0.006128771214881201,
        "eo_exp": 0.0035370221994155404,
        "tpr_exp": -0.02670971910882236,
        "er_exp": -0.04123991833639917,
        "opt_shap": -0.20004281237277577,
        "opt_objBI": -0.20102609654190062
    },
    "eqopp": {
        "full": -0.12308350131329793,
        "partial": -0.12052409748946302,
        "mip": -0.1270050699407489,
        "adv_deb": -0.09193085333822004,
        "eo_cal": -0.1448598130841121,
        "re_weigh": 0.009700079408710538,
        "dp_exp": 0.016211593671736635,
        "eo_exp": 0.02416468144890349,
        "tpr_exp": -0.004538513224604412,
        "er_exp": 0.08481461120273659,
        "opt_shap": -0.1156007574369311,
        "opt_objBI": -0.11715838983568505
    },
    "eqodd": {
        "full": 0.22590872313371319,
        "partial": 0.21396235455512908,
        "mip": 0.22653617411410534,
        "adv_deb": 0.18766573247950757,
        "eo_cal": 0.28576323987538943,
        "re_weigh": 0.018758296585089207,
        "dp_exp": 0.019778279896370793,
        "eo_exp": 0.02236182464068541,
        "tpr_exp": 0.018027827233096774,
        "er_exp": 0.055258360750913865,
        "opt_shap": 0.21246092917718112,
        "opt_objBI": 0.2132397453765581
    }
}