{
    "error": {
        "full": 26.100000381469727,
        "partial": 27.25,
        "mip": 26.249998092651367,
        "adv_deb": 26.100000381469727,
        "eo_cal": 26.649999618530273,
        "re_weigh": 27.849998474121094,
        "dp_exp": 28.349998474121094,
        "eo_exp": 28.950000762939453,
        "tpr_exp": 28.349998474121094,
        "er_exp": 35.10000228881836,
        "opt_shap": 27.000001907348633,
        "opt_objBI": 27.000001907348633
    },
    "objBI": {
        "full": [
            0.011821471154689789,
            0.18282344937324524,
            0.01872379519045353
        ],
        "partial": [
            0.025827953591942787,
            0.11629557609558105,
            0.004936203360557556
        ],
        "mip": [
            0.004064783453941345,
            0.1954699009656906,
            0.0036842934787273407
        ],
        "adv_deb": [
            0.013922515325248241,
            0.18634916841983795,
            0.012833363376557827
        ],
        "eo_cal": [
            0.004936139564961195,
            0.0953659936785698,
            0.029115697368979454
        ],
        "re_weigh": [
            0.009799719788134098,
            0.19172722101211548,
            0.07575378566980362
        ],
        "dp_exp": [
            0.0655745267868042,
            0.04738375544548035,
            0.0010465718805789948
        ],
        "eo_exp": [
            0.07192530483007431,
            0.05535537749528885,
            0.011746490374207497
        ],
        "tpr_exp": [
            0.06354424357414246,
            0.10064812004566193,
            0.020674344152212143
        ],
        "er_exp": [
            0.22647127509117126,
            0.15039099752902985,
            0.025363419204950333
        ],
        "opt_shap": [
            0.02370540425181389,
            0.12221374362707138,
            0.0042667025700211525
        ],
        "opt_objBI": [
            0.02277737483382225,
            0.12428301572799683,
            0.001905243145301938
        ]
    },
    "shap": {
        "full": [
            0.005647789686918259,
            0.18072384595870972,
            0.0
        ],
        "partial": [
            0.027878517284989357,
            0.11951995640993118
        ],
        "mip": [
            0.002996570197865367,
            0.19222240149974823
        ],
        "adv_deb": [
            0.010590101592242718,
            0.18498453497886658
        ],
        "eo_cal": [
            0.003297699149698019,
            0.10353264212608337
        ],
        "re_weigh": [
            0.00343550113029778,
            0.19287393987178802
        ],
        "dp_exp": [
            0.07935896515846252,
            0.06421501934528351
        ],
        "eo_exp": [
            0.09908470511436462,
            0.07134328782558441
        ],
        "tpr_exp": [
            0.07938473671674728,
            0.10264638811349869
        ],
        "er_exp": [
            0.23608002066612244,
            0.1361156553030014
        ],
        "opt_shap": [
            0.02370634116232395,
            0.12423235923051834
        ],
        "opt_objBI": [
            0.023661816492676735,
            0.12376018613576889
        ]
    },
    "di": {
        "full": 0.7818268962687058,
        "partial": 0.9123704164307789,
        "mip": 0.7997647043940822,
        "adv_deb": 0.7999830177288698,
        "eo_cal": 0.7616683217477657,
        "re_weigh": 0.9838459550271389,
        "dp_exp": 0.9745209361576753,
        "eo_exp": 0.9828852753850085,
        "tpr_exp": 0.9386887938278206,
        "er_exp": 0.9735621833605441,
        "opt_shap": 0.8989681377963403,
        "opt_objBI": 0.8989681377963403
    },
    "dd": {
        "full": -0.20894523831667755,
        "partial": -0.0849821641260422,
        "mip": -0.18995130761407308,
        "adv_deb": -0.19316846525479747,
        "eo_cal": -0.23833167825223434,
        "re_weigh": -0.01425069828421588,
        "dp_exp": -0.02704932541694549,
        "eo_exp": -0.02486721849370621,
        "tpr_exp": -0.06471517104338109,
        "er_exp": -0.037703847488526954,
        "opt_shap": -0.09787779601200464,
        "opt_objBI": -0.09787779601200464
    },
    "eqopp": {
        "full": -0.1357154029091755,
        "partial": -0.054503928229108656,
        "mip": -0.1315846464192758,
        "adv_deb": -0.11929063280783159,
        "eo_cal": -0.1497659906396256,
        "re_weigh": 0.0029737436284082985,
        "dp_exp": -0.0015400101865257199,
        "eo_exp": -0.012548676754268184,
        "tpr_exp": -0.04201340290115463,
        "er_exp": 0.005712876329963201,
        "opt_shap": -0.06230424024158909,
        "opt_objBI": -0.06230424024158909
    },
    "eqodd": {
        "full": 0.21736843979491055,
        "partial": 0.08142657334063133,
        "mip": 0.1867289098153057,
        "adv_deb": 0.20575663931661117,
        "eo_cal": 0.2716043067952226,
        "re_weigh": 0.013680289020964867,
        "dp_exp": 0.010822421081255022,
        "eo_exp": 0.008637443790783308,
        "tpr_exp": 0.01816584193856889,
        "er_exp": 0.01765317275051942,
        "opt_shap": 0.09529622991873583,
        "opt_objBI": 0.09529622991873583
    }
}