{
    "error": {
        "full": 27.350000381469727,
        "partial": 27.64999771118164,
        "mip": 27.849998474121094,
        "adv_deb": 27.75,
        "eo_cal": 27.950000762939453,
        "re_weigh": 27.700000762939453,
        "dp_exp": 29.649999618530273,
        "eo_exp": 29.19999885559082,
        "tpr_exp": 28.200000762939453,
        "er_exp": 33.70000076293945,
        "opt_shap": 27.700000762939453,
        "opt_objBI": 27.599998474121094
    },
    "objBI": {
        "full": [
            0.0184488408267498,
            0.20158816874027252,
            0.01878274790942669
        ],
        "partial": [
            0.012028967030346394,
            0.19268172979354858,
            0.012183059006929398
        ],
        "mip": [
            0.007365056313574314,
            0.19622372090816498,
            0.005024207755923271
        ],
        "adv_deb": [
            0.011106879450380802,
            0.20749548077583313,
            0.01564263366162777
        ],
        "eo_cal": [
            0.004940041806548834,
            0.10591938346624374,
            0.027519403025507927
        ],
        "re_weigh": [
            0.006883975118398666,
            0.21141675114631653,
            0.07046863436698914
        ],
        "dp_exp": [
            0.17076393961906433,
            0.31903794407844543,
            0.005916334223002195
        ],
        "eo_exp": [
            0.18149347603321075,
            0.31590646505355835,
            0.022049281746149063
        ],
        "tpr_exp": [
            0.14848339557647705,
            0.2998815178871155,
            0.005007830914109945
        ],
        "er_exp": [
            0.11516881734132767,
            0.2871994376182556,
            0.006959110964089632
        ],
        "opt_shap": [
            0.005645839963108301,
            0.21028141677379608,
            0.0011042412370443344
        ],
        "opt_objBI": [
            0.006557543762028217,
            0.20447686314582825,
            0.003046594327315688
        ]
    },
    "shap": {
        "full": [
            0.004936601035296917,
            0.1998097002506256,
            0.0
        ],
        "partial": [
            0.0024195106234401464,
            0.1985495239496231
        ],
        "mip": [
            0.006122910883277655,
            0.21169187128543854
        ],
        "adv_deb": [
            0.011140224523842335,
            0.20370343327522278
        ],
        "eo_cal": [
            0.0035310187377035618,
            0.11217957735061646
        ],
        "re_weigh": [
            0.0063504246063530445,
            0.21503061056137085
        ],
        "dp_exp": [
            0.18211114406585693,
            0.2967638671398163
        ],
        "eo_exp": [
            0.18886934220790863,
            0.31364351511001587
        ],
        "tpr_exp": [
            0.15386904776096344,
            0.31029650568962097
        ],
        "er_exp": [
            0.1433895379304886,
            0.3371984660625458
        ],
        "opt_shap": [
            0.005254174116998911,
            0.20212067663669586
        ],
        "opt_objBI": [
            0.005710002966225147,
            0.1986369639635086
        ]
    },
    "di": {
        "full": 0.7935265696326158,
        "partial": 0.7572753382469981,
        "mip": 0.7682186234817814,
        "adv_deb": 0.7133838915215434,
        "eo_cal": 0.7125506072874493,
        "re_weigh": 0.9621777114851907,
        "dp_exp": 0.9676332914716292,
        "eo_exp": 0.9690158554638034,
        "tpr_exp": 0.9319829264968987,
        "er_exp": 0.9328605621926245,
        "opt_shap": 0.7333619728271954,
        "opt_objBI": 0.7561810097235199
    },
    "dd": {
        "full": -0.1919876462210558,
        "partial": -0.2244963274711559,
        "mip": -0.2143748699812773,
        "adv_deb": -0.27245523355363166,
        "eo_cal": -0.28744939271255066,
        "re_weigh": -0.03266470371733532,
        "dp_exp": -0.028476100558480377,
        "eo_exp": -0.030836440447424507,
        "tpr_exp": -0.06197292410107058,
        "er_exp": -0.06564545294522406,
        "opt_shap": -0.24582339856939395,
        "opt_objBI": -0.22550847322014367
    },
    "eqopp": {
        "full": -0.1008920571851506,
        "partial": -0.13515899913001694,
        "mip": -0.13013387350187622,
        "adv_deb": -0.16908833573552517,
        "eo_cal": -0.1792294807370184,
        "re_weigh": 0.020996455143936776,
        "dp_exp": 0.016549154038928426,
        "eo_exp": 0.00869982989884821,
        "tpr_exp": -0.016328412086271227,
        "er_exp": 0.032702271045148223,
        "opt_shap": -0.14970849077428494,
        "opt_objBI": -0.13515899913001694
    },
    "eqodd": {
        "full": 0.1955866935542121,
        "partial": 0.22559922919599132,
        "mip": 0.21413525973230457,
        "adv_deb": 0.28604215836831065,
        "eo_cal": 0.31595745136595166,
        "re_weigh": 0.03041054032315582,
        "dp_exp": 0.03923913675640246,
        "eo_exp": 0.018202823383936223,
        "tpr_exp": 0.061912297797532004,
        "er_exp": 0.03242467246691069,
        "opt_shap": 0.2494980159388414,
        "opt_objBI": 0.22687800157450794
    }
}