{
    "error": {
        "full": 29.499998092651367,
        "partial": 30.000001907348633,
        "mip": 29.499998092651367,
        "adv_deb": 31.5,
        "eo_cal": 32.5,
        "re_weigh": 29.499998092651367,
        "dp_exp": 29.499998092651367,
        "eo_exp": 29.499998092651367,
        "tpr_exp": 30.000001907348633,
        "er_exp": 34.0,
        "opt_shap": 29.499998092651367,
        "opt_objBI": 29.499998092651367
    },
    "objBI": {
        "full": [
            0.01214281003922224,
            0.06994298100471497,
            0.03990316018462181,
            0.030162878334522247,
            0.009239242412149906,
            0.02197614125907421,
            0.027143973857164383,
            0.016710372641682625,
            0.05844512954354286
        ],
        "partial": [
            0.003906679339706898,
            0.06591968238353729,
            0.039380595088005066,
            0.0225773137062788,
            0.0057098413817584515,
            0.030931182205677032,
            0.02983841672539711,
            0.007184583693742752,
            0.001556301605887711
        ],
        "mip": [
            0.013103744946420193,
            0.07059814035892487,
            0.040995415300130844,
            0.028925608843564987,
            0.010005218908190727,
            0.02417735382914543,
            0.02741062641143799,
            0.020317301154136658,
            0.010165181942284107
        ],
        "adv_deb": [
            0.004174977540969849,
            0.06481251865625381,
            0.04100806266069412,
            0.013076221570372581,
            0.008760841563344002,
            0.01910570077598095,
            0.0240539088845253,
            0.002770314458757639,
            0.033015381544828415
        ],
        "eo_cal": [
            0.008934021927416325,
            0.03284081444144249,
            0.017189839854836464,
            0.014723580330610275,
            0.00818309560418129,
            0.00884009338915348,
            0.019364047795534134,
            0.011119503527879715,
            0.06880221515893936
        ],
        "re_weigh": [
            0.012673251330852509,
            0.06656031310558319,
            0.03839423134922981,
            0.023032722994685173,
            0.011298827826976776,
            0.016692815348505974,
            0.029259974136948586,
            0.017995283007621765,
            0.014829376712441444
        ],
        "dp_exp": [
            0.019850000739097595,
            0.0356375016272068,
            0.028299996629357338,
            0.022600000724196434,
            0.017499998211860657,
            0.028824999928474426,
            0.03370000049471855,
            0.01068124920129776,
            0.017499998211860657
        ],
        "eo_exp": [
            0.0034062496852129698,
            0.026475001126527786,
            0.023006249219179153,
            0.018537500873208046,
            0.01586874946951866,
            0.02290000207722187,
            0.0192749984562397,
            0.01838749833405018,
            0.002499999711290002
        ],
        "tpr_exp": [
            0.009293749928474426,
            0.034062501043081284,
            0.023406250402331352,
            0.01061249990016222,
            0.006493750028312206,
            0.026887500658631325,
            0.03772500157356262,
            0.007849999703466892,
            0.007499999832361937
        ],
        "er_exp": [
            0.015177734196186066,
            0.03596145659685135,
            0.06639055907726288,
            0.1000664234161377,
            0.014751863665878773,
            0.037088293582201004,
            0.02684037759900093,
            0.024043789133429527,
            0.01495994720607996
        ],
        "opt_shap": [
            0.00624191714450717,
            0.06649801135063171,
            0.04346885532140732,
            0.027852235361933708,
            0.005656019318848848,
            0.024370796978473663,
            0.023635677993297577,
            0.011101850308477879,
            0.005533540155738592
        ],
        "opt_objBI": [
            0.009852999821305275,
            0.07334672659635544,
            0.043002236634492874,
            0.02669215202331543,
            0.007591830100864172,
            0.024049025028944016,
            0.027696998789906502,
            0.014148928225040436,
            0.007617481984198093
        ]
    },
    "shap": {
        "full": [
            0.003187088295817375,
            0.07161740958690643,
            0.04151962697505951,
            0.02634527161717415,
            0.002899749903008342,
            0.02173493802547455,
            0.024133510887622833,
            0.010633333586156368,
            0.057576265186071396
        ],
        "partial": [
            0.0031364099122583866,
            0.06824445724487305,
            0.037593353539705276,
            0.02254585735499859,
            0.004843873903155327,
            0.029467783868312836,
            0.0292966291308403,
            0.005281510297209024
        ],
        "mip": [
            0.0031401109881699085,
            0.06998030841350555,
            0.042658738791942596,
            0.02547266334295273,
            0.0027600640896707773,
            0.02131197601556778,
            0.02391551434993744,
            0.010233147069811821
        ],
        "adv_deb": [
            0.00287741725333035,
            0.06365703791379929,
            0.03906724601984024,
            0.02040727064013481,
            0.017546026036143303,
            0.02188086323440075,
            0.026325806975364685,
            0.006328256335109472,
            0.030778102576732635
        ],
        "eo_cal": [
            0.0011384089011698961,
            0.03171946853399277,
            0.01566428132355213,
            0.011757106520235538,
            0.0021287091076374054,
            0.0029182445723563433,
            0.014554178342223167,
            0.002827800577506423,
            0.06671033799648285
        ],
        "re_weigh": [
            0.003573058173060417,
            0.0677594542503357,
            0.042766183614730835,
            0.020177915692329407,
            0.006182728800922632,
            0.014210465364158154,
            0.02419023960828781,
            0.009566531516611576,
            0.008834418840706348
        ],
        "dp_exp": [
            0.0005140873254276812,
            0.05451389402151108,
            0.049218855798244476,
            0.010929166339337826,
            6.369048060150817e-05,
            0.014069642871618271,
            0.01521527860313654,
            0.00903452467173338,
            0.0
        ],
        "eo_exp": [
            0.00029900792287662625,
            0.05344325676560402,
            0.04762182757258415,
            0.010156547650694847,
            0.0035938494838774204,
            0.0147124994546175,
            0.015626389533281326,
            0.007851984351873398,
            0.0
        ],
        "tpr_exp": [
            0.0004916666657663882,
            0.05209960788488388,
            0.045330557972192764,
            0.009656746871769428,
            0.002604563720524311,
            0.01540595293045044,
            0.016896231099963188,
            0.006981151644140482,
            0.0
        ],
        "er_exp": [
            0.003443852998316288,
            0.0557713508605957,
            0.08615138381719589,
            0.0961834266781807,
            0.012627837248146534,
            0.042414966970682144,
            0.03912144526839256,
            0.014229846186935902,
            0.0
        ],
        "opt_shap": [
            0.002249612705782056,
            0.06458637118339539,
            0.04403186962008476,
            0.024991417303681374,
            0.0031348690390586853,
            0.022052017971873283,
            0.02378346398472786,
            0.008053352124989033
        ],