{
    "error": {
        "full": 32.5,
        "partial": 32.5,
        "mip": 32.5,
        "adv_deb": 31.5,
        "eo_cal": 33.5,
        "re_weigh": 32.5,
        "dp_exp": 32.0,
        "eo_exp": 35.5,
        "tpr_exp": 34.0,
        "er_exp": 36.0,
        "opt_shap": 32.5,
        "opt_objBI": 32.0
    },
    "objBI": {
        "full": [
            0.012721886858344078,
            0.08676456660032272,
            0.03774236515164375,
            0.04657062515616417,
            0.008114777505397797,
            0.042950283735990524,
            0.014468109235167503,
            0.017717186361551285,
            0.052235908806324005
        ],
        "partial": [
            0.010629591532051563,
            0.08646417409181595,
            0.032316360622644424,
            0.04344058409333229,
            0.007304820232093334,
            0.05519992485642433,
            0.015074772760272026,
            0.009020567871630192,
            0.004077224526554346
        ],
        "mip": [
            0.013162754476070404,
            0.09081277251243591,
            0.03380177915096283,
            0.04813261330127716,
            0.005804147105664015,
            0.03980439528822899,
            0.012872961349785328,
            0.015533322468400002,
            0.005838860757648945
        ],
        "adv_deb": [
            0.009943912737071514,
            0.06952206045389175,
            0.03936995565891266,
            0.032624393701553345,
            0.014198359102010727,
            0.048938121646642685,
            0.0083439527079463,
            0.005657833069562912,
            0.029743311926722527
        ],
        "eo_cal": [
            0.007467806339263916,
            0.0907791256904602,
            0.0415976420044899,
            0.06178547069430351,
            0.01877620257437229,
            0.04830220714211464,
            0.013014641590416431,
            0.01090745534747839,
            0.04509942606091499
        ],
        "re_weigh": [
            0.005280675832182169,
            0.09813151508569717,
            0.03372829034924507,
            0.04671148955821991,
            0.0038858409970998764,
            0.04525347799062729,
            0.014173019677400589,
            0.010310875251889229,
            0.009447624906897545
        ],
        "dp_exp": [
            0.011833599768579006,
            0.0965796560049057,
            0.02910619042813778,
            0.038684483617544174,
            0.01952873170375824,
            0.06304624676704407,
            0.015908174216747284,
            0.01241292990744114,
            0.009875592775642872
        ],
        "eo_exp": [
            0.030508093535900116,
            0.12351909279823303,
            0.03954233229160309,
            0.014136124402284622,
            0.03195234388113022,
            0.06862597167491913,
            0.03804101049900055,
            0.03095429018139839,
            0.029029635712504387
        ],
        "tpr_exp": [
            0.01695377752184868,
            0.11009401082992554,
            0.018518654629588127,
            0.012158027850091457,
            0.020022734999656677,
            0.06728032231330872,
            0.029799800366163254,
            0.013706378638744354,
            0.011876393109560013
        ],
        "er_exp": [
            0.027307938784360886,
            0.12881320714950562,
            0.061159152537584305,
            0.055086974054574966,
            0.032743822783231735,
            0.06781982630491257,
            0.025731563568115234,
            0.04616626352071762,
            0.027527088299393654
        ],
        "opt_shap": [
            0.0053795818239450455,
            0.0938883125782013,
            0.03832614794373512,
            0.049151018261909485,
            0.0017963770078495145,
            0.04717191681265831,
            0.010676512494683266,
            0.014673935249447823,
            0.0017893551848828793
        ],
        "opt_objBI": [
            0.007036325987428427,
            0.08732343465089798,
            0.03600548207759857,
            0.04862441122531891,
            0.007245040498673916,
            0.04509015008807182,
            0.015142456628382206,
            0.015768691897392273,
            0.006752640008926392
        ]
    },
    "shap": {
        "full": [
            0.004909784998744726,
            0.08853238075971603,
            0.03620074689388275,
            0.04586457088589668,
            0.0012493440881371498,
            0.04160964861512184,
            0.010267005302011967,
            0.011188168078660965,
            0.04889466241002083
        ],
        "partial": [
            0.0053299604915082455,
            0.08359655737876892,
            0.03395019844174385,
            0.04025227576494217,
            0.006260975729674101,
            0.05360209941864014,
            0.012846342287957668,
            0.005763205233961344
        ],
        "mip": [
            0.004955318756401539,
            0.08920549601316452,
            0.03820780664682388,
            0.045196328312158585,
            0.0025015140417963266,
            0.04118361324071884,
            0.010147297754883766,
            0.011277767829596996
        ],
        "adv_deb": [
            0.004512070678174496,
            0.07249424606561661,
            0.03865540772676468,
            0.03173786774277687,
            0.019298691302537918,
            0.04869701340794563,
            0.015471991151571274,
            0.004807760939002037,
            0.02937879040837288
        ],
        "eo_cal": [
            0.002032715594395995,
            0.09431725740432739,
            0.04368787258863449,
            0.06252386420965195,
            0.01683175005018711,
            0.04751915484666824,
            0.00918016117066145,
            0.006023283116519451,
            0.045798320323228836
        ],
        "re_weigh": [
            0.004487079568207264,
            0.09523145854473114,
            0.034378308802843094,
            0.045943889766931534,
            0.0035546445287764072,
            0.04514660686254501,
            0.014131778851151466,
            0.008676438592374325,
            0.008507826365530491
        ],
        "dp_exp": [
            0.0013530286960303783,
            0.12702582776546478,
            0.03674842044711113,
            0.03780622035264969,
            0.014609144069254398,
            0.05191108584403992,
            0.013272133655846119,
            0.0031813853420317173,
            0.0
        ],
        "eo_exp": [
            0.0027752623427659273,
            0.13155482709407806,
            0.04760397970676422,
            0.06013545021414757,
            0.016978561878204346,
            0.06596367806196213,
            0.025218630209565163,
            0.010444588959217072,
            0.0
        ],
        "tpr_exp": [
            0.0023798311594873667,
            0.1291104555130005,
            0.043575748801231384,
            0.053129758685827255,
            0.019628698006272316,
            0.06762638688087463,
            0.02355574630200863,
            0.009164538234472275,
            0.0
        ],
        "er_exp": [
            0.0031807187478989363,
            0.13156023621559143,
            0.055220939218997955,
            0.05266811326146126,
            0.019678326323628426,
            0.060298796743154526,
            0.021520810201764107,
            0.02532253786921501,
            0.0
        ],
        "opt_shap": [
            0.004191484302282333,
            0.08936835080385208,
            0.03997822850942612,
            0.04646860063076019,
            7.301704317796975e-05,
            0.04462408646941185,
            0.009538404643535614,
            0.010118799284100533
        ],