{
    "error": {
        "full": 26.44999885559082,
        "partial": 26.55000114440918,
        "mip": 26.44999885559082,
        "adv_deb": 26.350000381469727,
        "eo_cal": 26.55000114440918,
        "re_weigh": 27.25,
        "dp_exp": 28.200000762939453,
        "eo_exp": 27.900001525878906,
        "tpr_exp": 27.849998474121094,
        "er_exp": 36.14999771118164,
        "opt_shap": 26.55000114440918,
        "opt_objBI": 26.55000114440918
    },
    "objBI": {
        "full": [
            0.0052059125155210495,
            0.19262129068374634,
            0.008925118483603
        ],
        "partial": [
            0.004260065499693155,
            0.18860283493995667,
            0.0036627689842134714
        ],
        "mip": [
            0.002054967451840639,
            0.18829528987407684,
            0.0020538861863315105
        ],
        "adv_deb": [
            0.009038753807544708,
            0.18912509083747864,
            0.0031562955118715763
        ],
        "eo_cal": [
            0.009685409255325794,
            0.09582001715898514,
            0.046979185193777084
        ],
        "re_weigh": [
            0.0017603227170184255,
            0.1992914378643036,
            0.07192876935005188
        ],
        "dp_exp": [
            0.07399344444274902,
            0.023498035967350006,
            0.005245747044682503
        ],
        "eo_exp": [
            0.0956156775355339,
            0.04255789890885353,
            0.0121822040528059
        ],
        "tpr_exp": [
            0.07822655886411667,
            0.06597870588302612,
            0.005039492156356573
        ],
        "er_exp": [
            0.16021932661533356,
            0.1742860972881317,
            0.011905640363693237
        ],
        "opt_shap": [
            0.007453094236552715,
            0.1958264708518982,
            0.006784861907362938
        ],
        "opt_objBI": [
            0.0042421165853738785,
            0.18711741268634796,
            0.0004794104606844485
        ]
    },
    "shap": {
        "full": [
            0.004312173463404179,
            0.1900072991847992,
            0.0
        ],
        "partial": [
            0.0029497051145881414,
            0.19331765174865723
        ],
        "mip": [
            0.0011338748736307025,
            0.195439875125885
        ],
        "adv_deb": [
            0.015453333966434002,
            0.19019435346126556
        ],
        "eo_cal": [
            0.00024569343077018857,
            0.10606091469526291
        ],
        "re_weigh": [
            0.00012006773613393307,
            0.20136600732803345
        ],
        "dp_exp": [
            0.08628641068935394,
            0.03449269011616707
        ],
        "eo_exp": [
            0.10242533683776855,
            0.05132073163986206
        ],
        "tpr_exp": [
            0.08719100803136826,
            0.06628081947565079
        ],
        "er_exp": [
            0.18561027944087982,
            0.18311622738838196
        ],
        "opt_shap": [
            0.004765713587403297,
            0.18795379996299744
        ],
        "opt_objBI": [
            0.004255208186805248,
            0.18903766572475433
        ]
    },
    "di": {
        "full": 0.7151568414072738,
        "partial": 0.7595047433920006,
        "mip": 0.7872205485967972,
        "adv_deb": 0.8006773101112724,
        "eo_cal": 0.7239324726911619,
        "re_weigh": 0.9398223607928856,
        "dp_exp": 0.9881976325466146,
        "eo_exp": 0.961814408349264,
        "tpr_exp": 0.9412747133700461,
        "er_exp": 0.9451804175749009,
        "opt_shap": 0.7644084199574348,
        "opt_objBI": 0.7595047433920006
    },
    "dd": {
        "full": -0.269353198306717,
        "partial": -0.2276591552986097,
        "mip": -0.20399399570578958,
        "adv_deb": -0.18788120617910276,
        "eo_cal": -0.2760675273088381,
        "re_weigh": -0.05423865769422698,
        "dp_exp": -0.013174645557632259,
        "eo_exp": -0.02496522329594153,
        "tpr_exp": -0.04994544732691908,
        "er_exp": -0.002961145096109674,
        "opt_shap": -0.2237289627191732,
        "opt_objBI": -0.2276591552986097
    },
    "eqopp": {
        "full": -0.1824731528466732,
        "partial": -0.14854746625539694,
        "mip": -0.12540947249769063,
        "adv_deb": -0.11946830632001726,
        "eo_cal": -0.17932148626817446,
        "re_weigh": -0.023005741770874444,
        "dp_exp": -0.009804958839112365,
        "eo_exp": -0.0167878637438299,
        "tpr_exp": -0.03223082651387832,
        "er_exp": 0.05717762052225284,
        "opt_shap": -0.14621983128715776,
        "opt_objBI": -0.14854746625539694
    },
    "eqodd": {
        "full": 0.27082006085580823,
        "partial": 0.22801926491032293,
        "mip": 0.20961842842104653,
        "adv_deb": 0.1802335573976919,
        "eo_cal": 0.30486692870109755,
        "re_weigh": 0.022278398005573977,
        "dp_exp": 0.017274457418229958,
        "eo_exp": 0.01638308949376842,
        "tpr_exp": 0.029532347201347703,
        "er_exp": 0.04589841596944763,
        "opt_shap": 0.22421337106501596,
        "opt_objBI": 0.22801926491032293
    }
}