{
    "error": {
        "full": 27.399999618530273,
        "partial": 26.850000381469727,
        "mip": 27.05000114440918,
        "adv_deb": 26.80000114440918,
        "eo_cal": 27.900001525878906,
        "re_weigh": 26.750001907348633,
        "dp_exp": 28.950000762939453,
        "eo_exp": 28.950000762939453,
        "tpr_exp": 28.150001525878906,
        "er_exp": 34.349998474121094,
        "opt_shap": 27.100000381469727,
        "opt_objBI": 27.100000381469727
    },
    "objBI": {
        "full": [
            0.010999007150530815,
            0.19856533408164978,
            0.010814900510013103
        ],
        "partial": [
            0.011143101379275322,
            0.17814016342163086,
            0.00742591917514801
        ],
        "mip": [
            0.00891686137765646,
            0.1926487684249878,
            0.008905910886824131
        ],
        "adv_deb": [
            0.005701809655874968,
            0.20162619650363922,
            0.012898045592010021
        ],
        "eo_cal": [
            0.003436923958361149,
            0.1018046885728836,
            0.035645294934511185
        ],
        "re_weigh": [
            0.006650992669165134,
            0.20110265910625458,
            0.07269870489835739
        ],
        "dp_exp": [
            0.0946829617023468,
            0.07372936606407166,
            0.023772330954670906
        ],
        "eo_exp": [
            0.10404691845178604,
            0.0992075577378273,
            0.019525911659002304
        ],
        "tpr_exp": [
            0.09163851290941238,
            0.168810173869133,
            0.019007014110684395
        ],
        "er_exp": [
            0.20211371779441833,
            0.18456336855888367,
            0.025445034727454185
        ],
        "opt_shap": [
            0.006253005005419254,
            0.1925935000181198,
            0.0034715598449110985
        ],
        "opt_objBI": [
            0.00728559261187911,
            0.17765098810195923,
            0.005932238884270191
        ]
    },
    "shap": {
        "full": [
            0.002587952185422182,
            0.19762736558914185,
            0.0
        ],
        "partial": [
            0.00967893935739994,
            0.18047484755516052
        ],
        "mip": [
            0.000254649028647691,
            0.20082464814186096
        ],
        "adv_deb": [
            0.011972139589488506,
            0.2025431990623474
        ],
        "eo_cal": [
            0.003188692731782794,
            0.10929655283689499
        ],
        "re_weigh": [
            0.0014688316732645035,
            0.20371133089065552
        ],
        "dp_exp": [
            0.10590992867946625,
            0.08593135327100754
        ],
        "eo_exp": [
            0.12096249312162399,
            0.09622485190629959
        ],
        "tpr_exp": [
            0.09188485890626907,
            0.16119787096977234
        ],
        "er_exp": [
            0.19904877245426178,
            0.16806615889072418
        ],
        "opt_shap": [
            0.005459559615701437,
            0.18488812446594238
        ],
        "opt_objBI": [
            0.005411283113062382,
            0.1841939091682434
        ]
    },
    "di": {
        "full": 0.7678642158385673,
        "partial": 0.8004180127825251,
        "mip": 0.7802792772924996,
        "adv_deb": 0.7866834290806665,
        "eo_cal": 0.7213779128672746,
        "re_weigh": 0.9652785989024364,
        "dp_exp": 0.9800412886319141,
        "eo_exp": 0.9672803998121068,
        "tpr_exp": 0.9072332953119404,
        "er_exp": 0.9085873856879988,
        "opt_shap": 0.792642229359427,
        "opt_objBI": 0.792642229359427
    },
    "dd": {
        "full": -0.21746975238815358,
        "partial": -0.18795776486226168,
        "mip": -0.2062728601133592,
        "adv_deb": -0.20110298640470237,
        "eo_cal": -0.2786220871327254,
        "re_weigh": -0.02995706274360377,
        "dp_exp": -0.022317771703417866,
        "eo_exp": -0.022551811256102283,
        "tpr_exp": -0.08939510777321369,
        "er_exp": -0.038663534137269195,
        "opt_shap": -0.19507596783856473,
        "opt_objBI": -0.19507596783856473
    },
    "eqopp": {
        "full": -0.14692946907713433,
        "partial": -0.110392795897996,
        "mip": -0.13120782179147006,
        "adv_deb": -0.12183583452065083,
        "eo_cal": -0.18505942275042442,
        "re_weigh": 0.022540546535734673,
        "dp_exp": 0.009809232921824673,
        "eo_exp": 0.009299468479920803,
        "tpr_exp": -0.00900299459948295,
        "er_exp": 0.027520881145967513,
        "opt_shap": -0.12227734598288564,
        "opt_objBI": -0.12227734598288564
    },
    "eqodd": {
        "full": 0.20513113103718933,
        "partial": 0.17995614136654658,
        "mip": 0.19580561063868943,
        "adv_deb": 0.19321534912008503,
        "eo_cal": 0.3010724249430514,
        "re_weigh": 0.01392756896293254,
        "dp_exp": 0.023984218936057913,
        "eo_exp": 0.028938196926909576,
        "tpr_exp": 0.08636332889282697,
        "er_exp": 0.046180758266228084,
        "opt_shap": 0.18485055035058878,
        "opt_objBI": 0.18485055035058878
    }
}