{
    "error": {
        "full": 27.05000114440918,
        "partial": 26.750001907348633,
        "mip": 26.499998092651367,
        "adv_deb": 26.55000114440918,
        "eo_cal": 26.399999618530273,
        "re_weigh": 26.750001907348633,
        "dp_exp": 28.099998474121094,
        "eo_exp": 28.200000762939453,
        "tpr_exp": 27.450000762939453,
        "er_exp": 31.25,
        "opt_shap": 27.149999618530273,
        "opt_objBI": 27.149999618530273
    },
    "objBI": {
        "full": [
            0.006107151973992586,
            0.20023658871650696,
            0.014441682025790215
        ],
        "partial": [
            0.015520567074418068,
            0.19080740213394165,
            0.008894280530512333
        ],
        "mip": [
            0.0026898805517703295,
            0.21031373739242554,
            0.0008973776130005717
        ],
        "adv_deb": [
            0.007475775200873613,
            0.20747704803943634,
            0.01681673713028431
        ],
        "eo_cal": [
            0.00918626133352518,
            0.09678668528795242,
            0.022767627611756325
        ],
        "re_weigh": [
            0.006580343935638666,
            0.2093641310930252,
            0.07762780785560608
        ],
        "dp_exp": [
            0.11808887124061584,
            0.09741083532571793,
            0.005515799857676029
        ],
        "eo_exp": [
            0.11977636814117432,
            0.09710382670164108,
            0.009422562085092068
        ],
        "tpr_exp": [
            0.09586088359355927,
            0.14042693376541138,
            0.0029131434857845306
        ],
        "er_exp": [
            0.10653629899024963,
            0.20346945524215698,
            3.867387931677513e-05
        ],
        "opt_shap": [
            0.010613884776830673,
            0.20130105316638947,
            0.006375000346451998
        ],
        "opt_objBI": [
            0.010403900407254696,
            0.20029842853546143,
            0.005889419931918383
        ]
    },
    "shap": {
        "full": [
            0.0058568487875163555,
            0.2002098262310028,
            0.0
        ],
        "partial": [
            0.013349105603992939,
            0.1929606944322586
        ],
        "mip": [
            0.0024461732245981693,
            0.20624907314777374
        ],
        "adv_deb": [
            0.008671365678310394,
            0.2095869779586792
        ],
        "eo_cal": [
            0.001597676775418222,
            0.10492319613695145
        ],
        "re_weigh": [
            0.0017951414920389652,
            0.20858976244926453
        ],
        "dp_exp": [
            0.11808571219444275,
            0.1071508526802063
        ],
        "eo_exp": [
            0.12724189460277557,
            0.10311475396156311
        ],
        "tpr_exp": [
            0.10450815409421921,
            0.14413492381572723
        ],
        "er_exp": [
            0.10992269217967987,
            0.21858875453472137
        ],
        "opt_shap": [
            0.009246665984392166,
            0.19681915640830994
        ],
        "opt_objBI": [
            0.009220362640917301,
            0.1975923627614975
        ]
    },
    "di": {
        "full": 0.766677818668451,
        "partial": 0.7719666644792966,
        "mip": 0.7742792355037253,
        "adv_deb": 0.7828267477203648,
        "eo_cal": 0.7551020408163265,
        "re_weigh": 0.9846528737786734,
        "dp_exp": 0.9877595289742795,
        "eo_exp": 0.9909839888077103,
        "tpr_exp": 0.9456879526003951,
        "er_exp": 0.9099200119608283,
        "opt_shap": 0.7474243716779316,
        "opt_objBI": 0.7474243716779316
    },
    "dd": {
        "full": -0.20930372148859544,
        "partial": -0.20858343337334928,
        "mip": -0.2091236494597839,
        "adv_deb": -0.20014005602240892,
        "eo_cal": -0.24489795918367352,
        "re_weigh": -0.01310524209683872,
        "dp_exp": -0.010204081632653073,
        "eo_exp": -0.007222889155662271,
        "tpr_exp": -0.05360144057623051,
        "er_exp": -0.08379351740696284,
        "opt_shap": -0.23103241296518606,
        "opt_objBI": -0.23103241296518606
    },
    "eqopp": {
        "full": -0.130652140077821,
        "partial": -0.12312529182879373,
        "mip": -0.11521037613488971,
        "adv_deb": -0.11391335927367052,
        "eo_cal": -0.13119999999999998,
        "re_weigh": 0.019785214007782104,
        "dp_exp": 0.012050843060959826,
        "eo_exp": 0.026232944228274935,
        "tpr_exp": 0.0037478599221789644,
        "er_exp": 0.010855512321660155,
        "opt_shap": -0.14712529182879375,
        "opt_objBI": -0.14712529182879375
    },
    "eqodd": {
        "full": 0.21463881397239087,
        "partial": 0.22049697477915164,
        "mip": 0.22777884042334734,
        "adv_deb": 0.21346440066178013,
        "eo_cal": 0.28813521126760566,
        "re_weigh": 0.010203710573097435,
        "dp_exp": 0.026396861276420394,
        "eo_exp": 0.02111664290746587,
        "tpr_exp": 0.0634034127412263,
        "er_exp": 0.07970056619308935,
        "opt_shap": 0.2423561297087291,
        "opt_objBI": 0.2423561297087291
    }
}