{
    "error": {
        "full": 27.05000114440918,
        "partial": 27.05000114440918,
        "mip": 27.149999618530273,
        "adv_deb": 27.000001907348633,
        "eo_cal": 27.350000381469727,
        "re_weigh": 27.149999618530273,
        "dp_exp": 29.30000114440918,
        "eo_exp": 29.750001907348633,
        "tpr_exp": 28.700000762939453,
        "er_exp": 34.79999923706055,
        "opt_shap": 26.80000114440918,
        "opt_objBI": 26.850000381469727
    },
    "objBI": {
        "full": [
            0.01563137024641037,
            0.19333826005458832,
            0.010744171217083931
        ],
        "partial": [
            0.013659846037626266,
            0.18618075549602509,
            1.8149137758882716e-05
        ],
        "mip": [
            0.007826362736523151,
            0.1945875883102417,
            0.00048040584078989923
        ],
        "adv_deb": [
            0.006983776111155748,
            0.1939546763896942,
            0.009266452863812447
        ],
        "eo_cal": [
            0.003933395259082317,
            0.09715872257947922,
            0.03257621079683304
        ],
        "re_weigh": [
            0.005089875776320696,
            0.19789601862430573,
            0.07530701160430908
        ],
        "dp_exp": [
            0.09941869974136353,
            0.1470726728439331,
            0.006676497403532267
        ],
        "eo_exp": [
            0.11939653009176254,
            0.18475031852722168,
            0.0022936819586902857
        ],
        "tpr_exp": [
            0.09367269277572632,
            0.17039909958839417,
            0.015731316059827805
        ],
        "er_exp": [
            0.14414304494857788,
            0.23107600212097168,
            0.00017752170970197767
        ],
        "opt_shap": [
            0.013969263061881065,
            0.1779666692018509,
            0.004478994756937027
        ],
        "opt_objBI": [
            0.0140437763184309,
            0.1846727430820465,
            0.0028527260292321444
        ]
    },
    "shap": {
        "full": [
            0.013292700052261353,
            0.19254401326179504,
            0.0
        ],
        "partial": [
            0.013516687788069248,
            0.18082383275032043
        ],
        "mip": [
            0.007729670964181423,
            0.19911929965019226
        ],
        "adv_deb": [
            0.01246378943324089,
            0.19184955954551697
        ],
        "eo_cal": [
            0.0038549008313566446,
            0.10483268648386002
        ],
        "re_weigh": [
            0.0048855142667889595,
            0.2009916454553604
        ],
        "dp_exp": [
            0.09468509256839752,
            0.13169896602630615
        ],
        "eo_exp": [
            0.1146889179944992,
            0.1561989039182663
        ],
        "tpr_exp": [
            0.08742375671863556,
            0.1552712619304657
        ],
        "er_exp": [
            0.16204144060611725,
            0.2330063432455063
        ],
        "opt_shap": [
            0.013241414912045002,
            0.18584981560707092
        ],
        "opt_objBI": [
            0.013637118972837925,
            0.18525463342666626
        ]
    },
    "di": {
        "full": 0.7569411595174473,
        "partial": 0.7677618417439669,
        "mip": 0.7551102367461384,
        "adv_deb": 0.7800163744073617,
        "eo_cal": 0.7408142999006951,
        "re_weigh": 0.9537479723384275,
        "dp_exp": 0.9767553441697591,
        "eo_exp": 0.9672146041539014,
        "tpr_exp": 0.9394365623600098,
        "er_exp": 0.9135714514527341,
        "opt_shap": 0.7591711575457155,
        "opt_objBI": 0.7560767098926758
    },
    "dd": {
        "full": -0.23277840614190093,
        "partial": -0.2249880244131962,
        "mip": -0.2347785041467032,
        "adv_deb": -0.2120083884110321,
        "eo_cal": -0.25918570009930486,
        "re_weigh": -0.04117501757586117,
        "dp_exp": -0.020237991661591348,
        "eo_exp": -0.03303561874531846,
        "tpr_exp": -0.0590368928077476,
        "er_exp": -0.03710281803808391,
        "opt_shap": -0.23185536091268477,
        "opt_objBI": -0.23483450689083774
    },
    "eqopp": {
        "full": -0.15262342158729214,
        "partial": -0.14798225398294051,
        "mip": -0.15726032537207157,
        "adv_deb": -0.13870844641338165,
        "eo_cal": -0.16188870151770662,
        "re_weigh": -0.013938426181557717,
        "dp_exp": -0.009706585256138212,
        "eo_exp": -0.017298316004459968,
        "tpr_exp": -0.026992109801881603,
        "er_exp": -0.005152825953017026,
        "opt_shap": -0.1538855121806666,
        "opt_objBI": -0.15725819346228542
    },
    "eqodd": {
        "full": 0.22584296826721953,
        "partial": 0.22013835040946422,
        "mip": 0.2269536906910102,
        "adv_deb": 0.20324478617603123,
        "eo_cal": 0.2802197130776939,
        "re_weigh": 0.026257011435830757,
        "dp_exp": 0.005053739284103985,
        "eo_exp": 0.00972117273183791,
        "tpr_exp": 0.03896181335274703,
        "er_exp": 0.06672029085650008,
        "opt_shap": 0.22285082515810964,
        "opt_objBI": 0.2257448952675181
    }
}