{
    "error": {
        "full": 26.19999885559082,
        "partial": 26.44999885559082,
        "mip": 26.55000114440918,
        "adv_deb": 26.249998092651367,
        "eo_cal": 27.100000381469727,
        "re_weigh": 27.399999618530273,
        "dp_exp": 29.499998092651367,
        "eo_exp": 30.89999771118164,
        "tpr_exp": 28.899999618530273,
        "er_exp": 31.75,
        "opt_shap": 26.750001907348633,
        "opt_objBI": 26.649999618530273
    },
    "objBI": {
        "full": [
            0.028297077864408493,
            0.18025603890419006,
            0.014263332821428776
        ],
        "partial": [
            0.014809089712798595,
            0.20633266866207123,
            0.00996340997517109
        ],
        "mip": [
            0.0070641604252159595,
            0.20705413818359375,
            0.0034572449512779713
        ],
        "adv_deb": [
            0.009960101917386055,
            0.1926567107439041,
            0.0058770193718373775
        ],
        "eo_cal": [
            0.0036789400037378073,
            0.09897389262914658,
            0.03086971677839756
        ],
        "re_weigh": [
            0.007709308061748743,
            0.1966525763273239,
            0.07621993124485016
        ],
        "dp_exp": [
            0.1914450079202652,
            0.28231945633888245,
            0.001278682379052043
        ],
        "eo_exp": [
            0.13110850751399994,
            0.1485264152288437,
            0.0048712631687521935
        ],
        "tpr_exp": [
            0.14798599481582642,
            0.3087877333164215,
            0.006439154967665672
        ],
        "er_exp": [
            0.1159580871462822,
            0.3116777539253235,
            0.010774855501949787
        ],
        "opt_shap": [
            0.016128135845065117,
            0.2151149958372116,
            0.0015999602619558573
        ],
        "opt_objBI": [
            0.009222423657774925,
            0.19883503019809723,
            0.005746970884501934
        ]
    },
    "shap": {
        "full": [
            0.027200819924473763,
            0.1778278797864914,
            0.0
        ],
        "partial": [
            0.01178211160004139,
            0.20986804366111755
        ],
        "mip": [
            0.006144617218524218,
            0.20273855328559875
        ],
        "adv_deb": [
            0.03820900246500969,
            0.1984134316444397
        ],
        "eo_cal": [
            0.0013211247278377414,
            0.10628066211938858
        ],
        "re_weigh": [
            0.004374584648758173,
            0.20722506940364838
        ],
        "dp_exp": [
            0.18353983759880066,
            0.28215259313583374
        ],
        "eo_exp": [
            0.15936625003814697,
            0.18620263040065765
        ],
        "tpr_exp": [
            0.1454351842403412,
            0.2992621660232544
        ],
        "er_exp": [
            0.14195391535758972,
            0.33192160725593567
        ],
        "opt_shap": [
            0.01567269116640091,
            0.20420455932617188
        ],
        "opt_objBI": [
            0.007764364127069712,
            0.20398220419883728
        ]
    },
    "di": {
        "full": 0.7893045556945388,
        "partial": 0.7809175139416128,
        "mip": 0.7686190847675302,
        "adv_deb": 0.7108199598796389,
        "eo_cal": 0.7492477432296891,
        "re_weigh": 0.969142249198914,
        "dp_exp": 0.967662245997251,
        "eo_exp": 0.9685266981067425,
        "tpr_exp": 0.9299048461172993,
        "er_exp": 0.917138098032895,
        "opt_shap": 0.7988654453328307,
        "opt_objBI": 0.7901389156899875
    },
    "dd": {
        "full": -0.19893179038611342,
        "partial": -0.20597685379168407,
        "mip": -0.21800096200865804,
        "adv_deb": -0.27216944952504574,
        "eo_cal": -0.2507522567703109,
        "re_weigh": -0.026858241724175502,
        "dp_exp": -0.022606203455831198,
        "eo_exp": -0.009357084213757916,
        "tpr_exp": -0.07472067248605241,
        "er_exp": -0.08941080469724227,
        "opt_shap": -0.18990470914238222,
        "opt_objBI": -0.19793478141303267
    },
    "eqopp": {
        "full": -0.10475185634941164,
        "partial": -0.11617860768817312,
        "mip": -0.1218919833575538,
        "adv_deb": -0.16250937298854007,
        "eo_cal": -0.13438045375218155,
        "re_weigh": 0.01575325649141668,
        "dp_exp": 0.01118122880709227,
        "eo_exp": 0.0013735990285270727,
        "tpr_exp": -0.021499810881293158,
        "er_exp": -0.02068361435709598,
        "opt_shap": -0.10047180140545053,
        "opt_objBI": -0.1074526041977717
    },
    "eqodd": {
        "full": 0.18284233621561574,
        "partial": 0.18742055053779139,
        "mip": 0.20436205586498746,
        "adv_deb": 0.26122735445406553,
        "eo_cal": 0.2711996608383549,
        "re_weigh": 0.025245698956341378,
        "dp_exp": 0.013632343861862795,
        "eo_exp": 0.004618040268561961,
        "tpr_exp": 0.03401030583830965,
        "er_exp": 0.051581007263689554,
        "opt_shap": 0.17594124367574593,
        "opt_objBI": 0.18299142288887
    }
}