{
    "error": {
        "full": 27.000001907348633,
        "partial": 29.0,
        "mip": 28.5,
        "adv_deb": 24.5,
        "eo_cal": 26.499998092651367,
        "re_weigh": 25.5,
        "dp_exp": 27.000001907348633,
        "eo_exp": 29.0,
        "tpr_exp": 29.0,
        "er_exp": 35.5,
        "opt_shap": 27.000001907348633,
        "opt_objBI": 29.0
    },
    "objBI": {
        "full": [
            0.0063348980620503426,
            0.08565456420183182,
            0.06786210834980011,
            0.041523389518260956,
            0.012205947190523148,
            0.03702975809574127,
            0.018033266067504883,
            0.0449230782687664,
            0.06061287969350815
        ],
        "partial": [
            0.01415129192173481,
            0.07872442156076431,
            0.06406638771295547,
            0.036403317004442215,
            0.023380018770694733,
            0.04886165261268616,
            0.021288443356752396,
            0.035649824887514114,
            0.006838760804384947
        ],
        "mip": [
            0.023760361596941948,
            0.08213707059621811,
            0.07002478092908859,
            0.045037150382995605,
            0.020768260583281517,
            0.03778967261314392,
            0.029778480529785156,
            0.05799250677227974,
            0.019869301468133926
        ],
        "adv_deb": [
            0.015840349718928337,
            0.06692635267972946,
            0.04870227724313736,
            0.025645604357123375,
            0.02466634102165699,
            0.04359659552574158,
            0.017817461863160133,
            0.025760222226381302,
            0.036498285830020905
        ],
        "eo_cal": [
            0.019408198073506355,
            0.0726776197552681,
            0.05202581360936165,
            0.029281096532940865,
            0.028456710278987885,
            0.05915120244026184,
            0.023457802832126617,
            0.0549057275056839,
            0.04942544922232628
        ],
        "re_weigh": [
            0.009119667112827301,
            0.08598897606134415,
            0.06248678267002106,
            0.04196794331073761,
            0.012664769776165485,
            0.03482702374458313,
            0.018663108348846436,
            0.04862998425960541,
            0.01785062998533249
        ],
        "dp_exp": [
            0.012478252872824669,
            0.10116490721702576,
            0.08402072638273239,
            0.024784309789538383,
            0.05408315733075142,
            0.09500555694103241,
            0.03308243304491043,
            0.03042984940111637,
            0.00974206067621708
        ],
        "eo_exp": [
            0.019421925768256187,
            0.07734560966491699,
            0.05744469538331032,
            0.02577999047935009,
            0.0547420009970665,
            0.08586635440587997,
            0.028005659580230713,
            0.030133407562971115,
            0.018449457362294197
        ],
        "tpr_exp": [
            0.0029342107009142637,
            0.08936481177806854,
            0.0548015795648098,
            0.03192775323987007,
            0.05809604004025459,
            0.09026561677455902,
            0.03376451134681702,
            0.025761917233467102,
            0.0023673453833907843
        ],
        "er_exp": [
            0.050159696489572525,
            0.11190299689769745,
            0.22710464894771576,
            0.08572179824113846,
            0.04054149612784386,
            0.09693461656570435,
            0.0597655288875103,
            0.08451291173696518,
            0.04752295836806297
        ],
        "opt_shap": [
            0.01330938097089529,
            0.07931136339902878,
            0.07661126554012299,
            0.040231432765722275,
            0.016803568229079247,
            0.04302673041820526,
            0.020482180640101433,
            0.044196031987667084,
            0.009883757680654526
        ],
        "opt_objBI": [
            0.00801173597574234,
            0.07643754780292511,
            0.06884625554084778,
            0.039218608289957047,
            0.014803974889218807,
            0.03833400085568428,
            0.015214991755783558,
            0.041327133774757385,
            0.002717714523896575
        ]
    },
    "shap": {
        "full": [
            0.004341063555330038,
            0.07767711579799652,
            0.0686672255396843,
            0.03867284953594208,
            0.010985392145812511,
            0.03771555423736572,
            0.017555641010403633,
            0.04101158678531647,
            0.057139135897159576
        ],
        "partial": [
            0.00434162886813283,
            0.07721957564353943,
            0.06113158538937569,
            0.03226519376039505,
            0.02154441364109516,
            0.050067778676748276,
            0.019479285925626755,
            0.03196871280670166
        ],
        "mip": [
            0.0042627546936273575,
            0.07878050953149796,
            0.0686798021197319,
            0.03875255212187767,
            0.0120127247646451,
            0.037075191736221313,
            0.018202269449830055,
            0.04110446572303772
        ],
        "adv_deb": [
            0.0038131990004330873,
            0.06426230818033218,
            0.04721720144152641,
            0.026890935376286507,
            0.023526422679424286,
            0.04369117692112923,
            0.01632562465965748,
            0.015687251463532448,
            0.03072495013475418
        ],
        "eo_cal": [
            0.004402437247335911,
            0.07289055734872818,
            0.05353238433599472,
            0.02640087530016899,
            0.02632278949022293,
            0.05815187469124794,
            0.018420934677124023,
            0.037093453109264374,
            0.05699571222066879
        ],
        "re_weigh": [
            0.003984145354479551,
            0.08071412891149521,
            0.062288492918014526,
            0.039996083825826645,
            0.012983398512005806,
            0.03340766951441765,
            0.018495583906769753,
            0.03934063762426376,
            0.019477076828479767
        ],
        "dp_exp": [
            0.0021871370263397694,
            0.10447657853364944,
            0.08234117180109024,
            0.027860604226589203,
            0.05105145275592804,
            0.08765698224306107,
            0.024334333837032318,
            0.017347929999232292,
            0.0
        ],
        "eo_exp": [
            0.0022867219522595406,
            0.0979379266500473,
            0.07783494889736176,
            0.028037119656801224,
            0.05109046772122383,
            0.08508818596601486,
            0.02325674146413803,
            0.015890788286924362,
            0.0
        ],
        "tpr_exp": [
            0.004334502853453159,
            0.10048158466815948,
            0.05130995810031891,
            0.0239372830837965,
            0.04925273358821869,
            0.07644541561603546,
            0.02483109012246132,
            0.01623718813061714,
            0.0
        ],
        "er_exp": [
            0.00575418071821332,
            0.1055169329047203,
            0.22883085906505585,
            0.07383471727371216,
            0.019827675074338913,
            0.0977427065372467,
            0.020982276648283005,
            0.07802960276603699,
            0.0
        ],
        "opt_shap": [
            0.003160691587254405,
            0.07777485251426697,
            0.07029254734516144,
            0.03843708336353302,
            0.013777542859315872,
            0.042125895619392395,
            0.01651426963508129,
            0.03767332434654236
        ],