{
    "error": {
        "full": 27.25,
        "partial": 26.69999885559082,
        "mip": 26.249998092651367,
        "adv_deb": 26.350000381469727,
        "eo_cal": 26.44999885559082,
        "re_weigh": 27.450000762939453,
        "dp_exp": 27.950000762939453,
        "eo_exp": 28.349998474121094,
        "tpr_exp": 28.049999237060547,
        "er_exp": 35.95000076293945,
        "opt_shap": 26.350000381469727,
        "opt_objBI": 26.649999618530273
    },
    "objBI": {
        "full": [
            0.014169631525874138,
            0.2081233561038971,
            0.007621229626238346
        ],
        "partial": [
            0.01420701015740633,
            0.1948397159576416,
            0.006931763608008623
        ],
        "mip": [
            0.013467265293002129,
            0.19890376925468445,
            0.0009760550456121564
        ],
        "adv_deb": [
            0.009716365486383438,
            0.18263226747512817,
            0.007904757745563984
        ],
        "eo_cal": [
            0.010754662565886974,
            0.10471342504024506,
            0.04424401745200157
        ],
        "re_weigh": [
            0.017074570059776306,
            0.20071084797382355,
            0.07784347236156464
        ],
        "dp_exp": [
            0.07633732259273529,
            0.06522078067064285,
            0.025866655632853508
        ],
        "eo_exp": [
            0.0983123779296875,
            0.080126091837883,
            0.005752204451709986
        ],
        "tpr_exp": [
            0.06562184542417526,
            0.12024378776550293,
            0.005113380495458841
        ],
        "er_exp": [
            0.18217135965824127,
            0.1619250327348709,
            0.021779896691441536
        ],
        "opt_shap": [
            0.012556918896734715,
            0.20248587429523468,
            0.0030725037213414907
        ],
        "opt_objBI": [
            0.013024085201323032,
            0.19549717009067535,
            0.0049212342128157616
        ]
    },
    "shap": {
        "full": [
            0.012350346893072128,
            0.1985151171684265,
            0.0
        ],
        "partial": [
            0.012972877360880375,
            0.2007361650466919
        ],
        "mip": [
            0.013882330618798733,
            0.20380519330501556
        ],
        "adv_deb": [
            0.01564120315015316,
            0.1922532618045807
        ],
        "eo_cal": [
            0.007791695650666952,
            0.10835856944322586
        ],
        "re_weigh": [
            0.013336354866623878,
            0.20680385828018188
        ],
        "dp_exp": [
            0.08178336918354034,
            0.07052385061979294
        ],
        "eo_exp": [
            0.10773005336523056,
            0.08924584835767746
        ],
        "tpr_exp": [
            0.0788193792104721,
            0.1198493093252182
        ],
        "er_exp": [
            0.2017199546098709,
            0.16976425051689148
        ],
        "opt_shap": [
            0.012333761900663376,
            0.1965806782245636
        ],
        "opt_objBI": [
            0.01254327967762947,
            0.19827547669410706
        ]
    },
    "di": {
        "full": 0.7255024552902714,
        "partial": 0.759190037207153,
        "mip": 0.7713532772542322,
        "adv_deb": 0.7739488607521502,
        "eo_cal": 0.7280163599182005,
        "re_weigh": 0.9624285061418936,
        "dp_exp": 0.9652689056142348,
        "eo_exp": 0.9658914018862741,
        "tpr_exp": 0.9337737926694981,
        "er_exp": 0.9574125069715561,
        "opt_shap": 0.7607875349744591,
        "opt_objBI": 0.7580865633158635
    },
    "dd": {
        "full": -0.2530104570612176,
        "partial": -0.22313799879141505,
        "mip": -0.2170130343086054,
        "adv_deb": -0.21830966187634815,
        "eo_cal": -0.27198364008179954,
        "re_weigh": -0.03257176473413137,
        "dp_exp": -0.0349209017164307,
        "eo_exp": -0.03304199232428495,
        "tpr_exp": -0.06149576394975176,
        "er_exp": -0.006611199820713232,
        "opt_shap": -0.22376430192213026,
        "opt_objBI": -0.22416049367894053
    },
    "eqopp": {
        "full": -0.17431468902057146,
        "partial": -0.14883131794896498,
        "mip": -0.14107088371794252,
        "adv_deb": -0.14004311798429447,
        "eo_cal": -0.1717011128775835,
        "re_weigh": 0.0008972876619935954,
        "dp_exp": -0.014866470748823635,
        "eo_exp": -0.015986574810104237,
        "tpr_exp": -0.05470443705737826,
        "er_exp": 0.02364061922885452,
        "opt_shap": -0.14686812480930123,
        "opt_objBI": -0.14883131794896498
    },
    "eqodd": {
        "full": 0.2638609697750173,
        "partial": 0.23106197764895614,
        "mip": 0.22955500084738537,
        "adv_deb": 0.23714501732028975,
        "eo_cal": 0.3122115879574164,
        "re_weigh": 0.015404418092862998,
        "dp_exp": 0.024895124669141018,
        "eo_exp": 0.020151290313756717,
        "tpr_exp": 0.05041465366251563,
        "er_exp": 0.07819975812330662,
        "opt_shap": 0.23373679069666506,
        "opt_objBI": 0.23249464240540313
    }
}