{
    "error": {
        "full": 27.700000762939453,
        "partial": 27.599998474121094,
        "mip": 27.399999618530273,
        "adv_deb": 27.849998474121094,
        "eo_cal": 28.899999618530273,
        "re_weigh": 27.549999237060547,
        "dp_exp": 28.400001525878906,
        "eo_exp": 28.450000762939453,
        "tpr_exp": 28.549999237060547,
        "er_exp": 33.25,
        "opt_shap": 27.549999237060547,
        "opt_objBI": 27.549999237060547
    },
    "objBI": {
        "full": [
            0.007388286758214235,
            0.19989840686321259,
            0.01796763949096203
        ],
        "partial": [
            0.018039904534816742,
            0.1849491000175476,
            0.013387086801230907
        ],
        "mip": [
            0.005400394089519978,
            0.21621960401535034,
            0.0005803367821499705
        ],
        "adv_deb": [
            0.009690382517874241,
            0.20501694083213806,
            0.030200902372598648
        ],
        "eo_cal": [
            0.002346790861338377,
            0.10456191003322601,
            0.01910160481929779
        ],
        "re_weigh": [
            0.0060751428827643394,
            0.21317805349826813,
            0.07238291949033737
        ],
        "dp_exp": [
            0.11441130191087723,
            0.11447010934352875,
            0.01246700156480074
        ],
        "eo_exp": [
            0.10962367802858353,
            0.1369435340166092,
            0.006869773380458355
        ],
        "tpr_exp": [
            0.0909460112452507,
            0.15690870583057404,
            0.021438295021653175
        ],
        "er_exp": [
            0.11090154945850372,
            0.2299838662147522,
            0.0005786318215541542
        ],
        "opt_shap": [
            0.009793256409466267,
            0.18262407183647156,
            0.0010531882289797068
        ],
        "opt_objBI": [
            0.01139003410935402,
            0.19271469116210938,
            0.006974280811846256
        ]
    },
    "shap": {
        "full": [
            0.00696928147226572,
            0.210306316614151,
            0.0
        ],
        "partial": [
            0.01373332180082798,
            0.18364866077899933
        ],
        "mip": [
            0.005194003228098154,
            0.215501606464386
        ],
        "adv_deb": [
            0.009606929495930672,
            0.22074685990810394
        ],
        "eo_cal": [
            0.0016506104730069637,
            0.11129763722419739
        ],
        "re_weigh": [
            0.005813581869006157,
            0.21753564476966858
        ],
        "dp_exp": [
            0.11058671772480011,
            0.12260084599256516
        ],
        "eo_exp": [
            0.11293409019708633,
            0.1491733342409134
        ],
        "tpr_exp": [
            0.08778411895036697,
            0.15813808143138885
        ],
        "er_exp": [
            0.11941253393888474,
            0.2168378233909607
        ],
        "opt_shap": [
            0.009742866270244122,
            0.18878941237926483
        ],
        "opt_objBI": [
            0.009682802483439445,
            0.18883110582828522
        ]
    },
    "di": {
        "full": 0.7955459055990094,
        "partial": 0.8095638367423181,
        "mip": 0.7572055458798621,
        "adv_deb": 0.836639044818676,
        "eo_cal": 0.7606589147286822,
        "re_weigh": 0.9537111822865896,
        "dp_exp": 0.945420386806781,
        "eo_exp": 0.9263259317654271,
        "tpr_exp": 0.9138529039418691,
        "er_exp": 0.9530122851140022,
        "opt_shap": 0.7917783507347748,
        "opt_objBI": 0.7917783507347748
    },
    "dd": {
        "full": -0.18776827471330648,
        "partial": -0.17961592670895,
        "mip": -0.22774521109616241,
        "adv_deb": -0.1468223460823883,
        "eo_cal": -0.2393410852713178,
        "re_weigh": -0.03992888718047283,
        "dp_exp": -0.049394580049971215,
        "eo_exp": -0.0723300659875713,
        "tpr_exp": -0.0747165097059389,
        "er_exp": -0.03791082068037677,
        "opt_shap": -0.19596066371964893,
        "opt_objBI": -0.19596066371964893
    },
    "eqopp": {
        "full": -0.13804448039522665,
        "partial": -0.11956171937515225,
        "mip": -0.16147409804126223,
        "adv_deb": -0.09957206972132349,
        "eo_cal": -0.14903846153846156,
        "re_weigh": -0.014005583968270563,
        "dp_exp": -0.0031725115680339977,
        "eo_exp": -0.02758497721184283,
        "tpr_exp": -0.026228125108722078,
        "er_exp": 0.0028332985422537815,
        "opt_shap": -0.13558736040079322,
        "opt_objBI": -0.13558736040079322
    },
    "eqodd": {
        "full": 0.1635759707807557,
        "partial": 0.16748075782865074,
        "mip": 0.21409266399389315,
        "adv_deb": 0.12032334069208522,
        "eo_cal": 0.2632447209653092,
        "re_weigh": 0.017093191780417433,
        "dp_exp": 0.019562883341417148,
        "eo_exp": 0.04902931060744929,
        "tpr_exp": 0.046162627977816714,
        "er_exp": 0.06188754726397397,
        "opt_shap": 0.18219398577717277,
        "opt_objBI": 0.18219398577717277
    }
}