{
    "error": {
        "full": 26.899999618530273,
        "partial": 26.649999618530273,
        "mip": 27.000001907348633,
        "adv_deb": 26.600000381469727,
        "eo_cal": 26.80000114440918,
        "re_weigh": 27.700000762939453,
        "dp_exp": 28.650001525878906,
        "eo_exp": 28.850000381469727,
        "tpr_exp": 28.5,
        "er_exp": 35.45000076293945,
        "opt_shap": 26.850000381469727,
        "opt_objBI": 26.80000114440918
    },
    "objBI": {
        "full": [
            0.0058629512786865234,
            0.17357784509658813,
            0.019272200763225555
        ],
        "partial": [
            0.009810391813516617,
            0.18069742619991302,
            0.009807135909795761
        ],
        "mip": [
            0.008087354712188244,
            0.18451349437236786,
            0.008121127262711525
        ],
        "adv_deb": [
            0.008611306548118591,
            0.17649158835411072,
            0.008271669037640095
        ],
        "eo_cal": [
            0.0033849929459393024,
            0.09034907817840576,
            0.0476006343960762
        ],
        "re_weigh": [
            0.002361631952226162,
            0.17714695632457733,
            0.07082298398017883
        ],
        "dp_exp": [
            0.0776243731379509,
            0.08317643404006958,
            0.0031140188220888376
        ],
        "eo_exp": [
            0.09905141592025757,
            0.09052558243274689,
            0.00550063606351614
        ],
        "tpr_exp": [
            0.09245141595602036,
            0.1235598772764206,
            0.00770562794059515
        ],
        "er_exp": [
            0.213081493973732,
            0.22711895406246185,
            0.006838447879999876
        ],
        "opt_shap": [
            0.018279429525136948,
            0.18044227361679077,
            0.018479447811841965
        ],
        "opt_objBI": [
            0.007923140190541744,
            0.17875447869300842,
            0.007840239442884922
        ]
    },
    "shap": {
        "full": [
            0.004902319982647896,
            0.17321351170539856,
            0.0
        ],
        "partial": [
            0.00013514923921320587,
            0.18582893908023834
        ],
        "mip": [
            0.0014576775720342994,
            0.18382416665554047
        ],
        "adv_deb": [
            0.010356896556913853,
            0.17772307991981506
        ],
        "eo_cal": [
            0.0005698424647562206,
            0.09761855751276016
        ],
        "re_weigh": [
            0.0007796977879479527,
            0.1877068728208542
        ],
        "dp_exp": [
            0.07479437440633774,
            0.08180670440196991
        ],
        "eo_exp": [
            0.10016950964927673,
            0.0904184877872467
        ],
        "tpr_exp": [
            0.0865461453795433,
            0.12746171653270721
        ],
        "er_exp": [
            0.23770689964294434,
            0.2021169364452362
        ],
        "opt_shap": [
            0.00409695552662015,
            0.18234948813915253
        ],
        "opt_objBI": [
            0.00383920525200665,
            0.1819336712360382
        ]
    },
    "di": {
        "full": 0.7682386576889394,
        "partial": 0.7843175028297888,
        "mip": 0.7980035800603758,
        "adv_deb": 0.8066552460516744,
        "eo_cal": 0.7603640040444893,
        "re_weigh": 0.9780945886478842,
        "dp_exp": 0.9771147924915342,
        "eo_exp": 0.9943262441478108,
        "tpr_exp": 0.944104521463851,
        "er_exp": 0.98665121348764,
        "opt_shap": 0.7997437936396875,
        "opt_objBI": 0.8043202310898774
    },
    "dd": {
        "full": -0.22603034967231028,
        "partial": -0.20714906503686947,
        "mip": -0.19400447454141956,
        "adv_deb": -0.1895199319117613,
        "eo_cal": -0.23963599595551066,
        "re_weigh": -0.01956536740945647,
        "dp_exp": -0.018047183709228865,
        "eo_exp": 0.001625196648794569,
        "tpr_exp": -0.04172104824683798,
        "er_exp": 0.028436440809337937,
        "opt_shap": -0.1929273442086492,
        "opt_objBI": -0.1879377404665965
    },
    "eqopp": {
        "full": -0.13390613451589062,
        "partial": -0.12145232815964524,
        "mip": -0.11657427937915743,
        "adv_deb": -0.10607292436560722,
        "eo_cal": -0.14634146341463417,
        "re_weigh": 0.009817689085981796,
        "dp_exp": 0.007175412663217529,
        "eo_exp": 0.013833456516383347,
        "tpr_exp": -0.018495934959349647,
        "er_exp": 0.06532397142153246,
        "opt_shap": -0.11133284060113324,
        "opt_objBI": -0.10844419807834449
    },
    "eqodd": {
        "full": 0.25000436997081127,
        "partial": 0.22189262319148723,
        "mip": 0.20608461484402404,
        "adv_deb": 0.20934979698123107,
        "eo_cal": 0.2696947958784401,
        "re_weigh": 0.005726855433523956,
        "dp_exp": 0.02894221494042646,
        "eo_exp": 0.011116580398827187,
        "tpr_exp": 0.0473712776831819,
        "er_exp": 0.058082048844809,
        "opt_shap": 0.20803010550067405,
        "opt_objBI": 0.20068267579789567
    }
}