{
    "error": {
        "full": 27.100000381469727,
        "partial": 27.200000762939453,
        "mip": 27.000001907348633,
        "adv_deb": 27.05000114440918,
        "eo_cal": 27.549999237060547,
        "re_weigh": 28.5,
        "dp_exp": 30.649999618530273,
        "eo_exp": 30.5,
        "tpr_exp": 29.94999885559082,
        "er_exp": 35.10000228881836,
        "opt_shap": 27.149999618530273,
        "opt_objBI": 27.200000762939453
    },
    "objBI": {
        "full": [
            0.0022345767356455326,
            0.19769839942455292,
            0.0020504735875874758
        ],
        "partial": [
            0.001997903222218156,
            0.20408259332180023,
            0.0016643237322568893
        ],
        "mip": [
            0.007417839951813221,
            0.21072107553482056,
            0.0073775639757514
        ],
        "adv_deb": [
            0.02088904194533825,
            0.2191670835018158,
            0.024875378236174583
        ],
        "eo_cal": [
            0.002129241358488798,
            0.10578978806734085,
            0.038175731897354126
        ],
        "re_weigh": [
            0.005680459085851908,
            0.20489327609539032,
            0.07253269106149673
        ],
        "dp_exp": [
            0.1410040259361267,
            0.180216446518898,
            0.011495299637317657
        ],
        "eo_exp": [
            0.14479225873947144,
            0.21233350038528442,
            0.0052527766674757
        ],
        "tpr_exp": [
            0.12446277588605881,
            0.19968867301940918,
            0.0034534449223428965
        ],
        "er_exp": [
            0.16019396483898163,
            0.2554032504558563,
            0.001140041509643197
        ],
        "opt_shap": [
            0.0017286179354414344,
            0.2052568942308426,
            0.0008152183145284653
        ],
        "opt_objBI": [
            0.004122996237128973,
            0.20764793455600739,
            0.004068706184625626
        ]
    },
    "shap": {
        "full": [
            0.0012934927362948656,
            0.20388221740722656,
            0.0
        ],
        "partial": [
            0.001160891610197723,
            0.2033311128616333
        ],
        "mip": [
            0.00032905195257626474,
            0.2104834020137787
        ],
        "adv_deb": [
            0.013287747278809547,
            0.21605688333511353
        ],
        "eo_cal": [
            0.0014012635219842196,
            0.11660700291395187
        ],
        "re_weigh": [
            0.0003337626112625003,
            0.21061453223228455
        ],
        "dp_exp": [
            0.12195882946252823,
            0.16438855230808258
        ],
        "eo_exp": [
            0.1386285424232483,
            0.1889031082391739
        ],
        "tpr_exp": [
            0.12138592451810837,
            0.19218043982982635
        ],
        "er_exp": [
            0.1784425973892212,
            0.27524012327194214
        ],
        "opt_shap": [
            0.0015120940515771508,
            0.20714342594146729
        ],
        "opt_objBI": [
            0.0014078464591875672,
            0.20298102498054504
        ]
    },
    "di": {
        "full": 0.6974416875735132,
        "partial": 0.7321182877584586,
        "mip": 0.7555629569044748,
        "adv_deb": 0.7578537361230174,
        "eo_cal": 0.7102161100196464,
        "re_weigh": 0.946584864256253,
        "dp_exp": 0.9835716106805955,
        "eo_exp": 0.9709967831775298,
        "tpr_exp": 0.945742681782325,
        "er_exp": 0.877542134869208,
        "opt_shap": 0.7226918720362466,
        "opt_objBI": 0.7258340106103173
    },
    "dd": {
        "full": -0.28253154021903093,
        "partial": -0.25124140221431734,
        "mip": -0.2319911651375045,
        "adv_deb": -0.22661142210076068,
        "eo_cal": -0.28978388998035365,
        "re_weigh": -0.046507068290125964,
        "dp_exp": -0.02025256183003299,
        "eo_exp": -0.028877356263429355,
        "tpr_exp": -0.038700538974627774,
        "er_exp": -0.07890156410677052,
        "opt_shap": -0.26008226665439593,
        "opt_objBI": -0.25713531184103644
    },
    "eqopp": {
        "full": -0.1735794013191273,
        "partial": -0.15015039501340877,
        "mip": -0.1259422338189461,
        "adv_deb": -0.1265673697180546,
        "eo_cal": -0.15924657534246578,
        "re_weigh": 0.018418859172283808,
        "dp_exp": 0.00029897803870404527,
        "eo_exp": -0.010364572008407569,
        "tpr_exp": -0.0071754729288975305,
        "er_exp": -0.004430310937160287,
        "opt_shap": -0.15699971008190194,
        "opt_objBI": -0.1552873813147786
    },
    "eqodd": {
        "full": 0.27221239957070104,
        "partial": 0.23966881114399485,
        "mip": 0.22586210830460374,
        "adv_deb": 0.21414417178859785,
        "eo_cal": 0.31234218168044947,
        "re_weigh": 0.035452241869490864,
        "dp_exp": 0.0037346921661345345,
        "eo_exp": 0.008058938692026202,
        "tpr_exp": 0.03545020383547243,
        "er_exp": 0.06687437233466273,
        "opt_shap": 0.24885383734183592,
        "opt_objBI": 0.24569352549283646
    }
}