{
    "error": {
        "full": 27.549999237060547,
        "partial": 27.900001525878906,
        "mip": 27.599998474121094,
        "adv_deb": 27.64999771118164,
        "eo_cal": 27.549999237060547,
        "re_weigh": 27.799999237060547,
        "dp_exp": 28.400001525878906,
        "eo_exp": 28.450000762939453,
        "tpr_exp": 28.150001525878906,
        "er_exp": 34.95000076293945,
        "opt_shap": 28.049999237060547,
        "opt_objBI": 27.900001525878906
    },
    "objBI": {
        "full": [
            0.024463649839162827,
            0.21960711479187012,
            0.0027075877878814936
        ],
        "partial": [
            0.02267434075474739,
            0.22297360002994537,
            0.0010193244088441133
        ],
        "mip": [
            0.0319201685488224,
            0.23078954219818115,
            0.00523426802828908
        ],
        "adv_deb": [
            0.025476133450865746,
            0.2208060920238495,
            0.018729140982031822
        ],
        "eo_cal": [
            0.018681755289435387,
            0.11113287508487701,
            0.04036499559879303
        ],
        "re_weigh": [
            0.032745588570833206,
            0.23475968837738037,
            0.059940848499536514
        ],
        "dp_exp": [
            0.18631532788276672,
            0.3059149980545044,
            0.012361600995063782
        ],
        "eo_exp": [
            0.192073792219162,
            0.32895323634147644,
            0.0154751967638731
        ],
        "tpr_exp": [
            0.1670709252357483,
            0.3011153042316437,
            0.03866582736372948
        ],
        "er_exp": [
            0.1423199474811554,
            0.29834216833114624,
            0.017752718180418015
        ],
        "opt_shap": [
            0.027140222489833832,
            0.2258385419845581,
            0.011362298391759396
        ],
        "opt_objBI": [
            0.02596868947148323,
            0.2188824713230133,
            0.011940298601984978
        ]
    },
    "shap": {
        "full": [
            0.023797601461410522,
            0.22563514113426208,
            0.0
        ],
        "partial": [
            0.021414050832390785,
            0.2201109528541565
        ],
        "mip": [
            0.030895264819264412,
            0.23193679749965668
        ],
        "adv_deb": [
            0.024993762373924255,
            0.22321093082427979
        ],
        "eo_cal": [
            0.016187140718102455,
            0.12416631728410721
        ],
        "re_weigh": [
            0.031582318246364594,
            0.23589204251766205
        ],
        "dp_exp": [
            0.19894379377365112,
            0.3269779682159424
        ],
        "eo_exp": [
            0.19768737256526947,
            0.3472594618797302
        ],
        "tpr_exp": [
            0.1693369448184967,
            0.3296571373939514
        ],
        "er_exp": [
            0.1662454903125763,
            0.32111504673957825
        ],
        "opt_shap": [
            0.024726368486881256,
            0.22574685513973236
        ],
        "opt_objBI": [
            0.02425866760313511,
            0.22443734109401703
        ]
    },
    "di": {
        "full": 0.769920536950051,
        "partial": 0.7496403193744303,
        "mip": 0.7726437778813147,
        "adv_deb": 0.7619032383633814,
        "eo_cal": 0.7223880597014926,
        "re_weigh": 0.9549416040365547,
        "dp_exp": 0.9798780072241533,
        "eo_exp": 0.9592532728064747,
        "tpr_exp": 0.9354800799153837,
        "er_exp": 0.9165642771298702,
        "opt_shap": 0.7486010925328813,
        "opt_objBI": 0.7523505818923005
    },
    "dd": {
        "full": -0.21528038200955024,
        "partial": -0.22796569914247855,
        "mip": -0.21227530688267204,
        "adv_deb": -0.22326058151453787,
        "eo_cal": -0.27761194029850744,
        "re_weigh": -0.03831095777394444,
        "dp_exp": -0.03765594139853501,
        "eo_exp": -0.031525788144703526,
        "tpr_exp": -0.05863146578664469,
        "er_exp": -0.0471411785294632,
        "opt_shap": -0.2268906722668066,
        "opt_objBI": -0.22599564989124732
    },
    "eqopp": {
        "full": -0.137135049470671,
        "partial": -0.14852123807541473,
        "mip": -0.1329329791421512,
        "adv_deb": -0.14469630304366732,
        "eo_cal": -0.17784711388455543,
        "re_weigh": -0.00016486788929948037,
        "dp_exp": 0.008101195910451997,
        "eo_exp": 0.004867724431566356,
        "tpr_exp": -0.0081032567590682,
        "er_exp": 0.013735556027260842,
        "opt_shap": -0.14815646787033965,
        "opt_objBI": -0.14384105086792642
    },
    "eqodd": {
        "full": 0.229362612001011,
        "partial": 0.23877257766731302,
        "mip": 0.22726157683675108,
        "adv_deb": 0.23799133187089638,
        "eo_cal": 0.31557190859062934,
        "re_weigh": 0.02060602799765554,
        "dp_exp": 0.02532977993964071,
        "eo_exp": 0.03313845174390212,
        "tpr_exp": 0.06210586994575329,
        "er_exp": 0.05061520900497224,
        "opt_shap": 0.23640855067725125,
        "opt_objBI": 0.23926053836221142
    }
}