{
    "error": {
        "full": 28.799999237060547,
        "partial": 28.60000228881836,
        "mip": 28.60000228881836,
        "adv_deb": 28.5,
        "eo_cal": 29.19999885559082,
        "re_weigh": 29.049999237060547,
        "dp_exp": 30.100000381469727,
        "eo_exp": 30.19999885559082,
        "tpr_exp": 29.249998092651367,
        "er_exp": 36.44999694824219,
        "opt_shap": 28.850000381469727,
        "opt_objBI": 28.850000381469727
    },
    "objBI": {
        "full": [
            0.017073003575205803,
            0.17789886891841888,
            0.0062272073701024055
        ],
        "partial": [
            0.020221108570694923,
            0.17492768168449402,
            0.008527016267180443
        ],
        "mip": [
            0.007124327588826418,
            0.19545289874076843,
            0.0031318319961428642
        ],
        "adv_deb": [
            0.007566187530755997,
            0.21076403558254242,
            0.0016731980722397566
        ],
        "eo_cal": [
            0.008678548969328403,
            0.10341284424066544,
            0.0423862524330616
        ],
        "re_weigh": [
            0.018639467656612396,
            0.2039538323879242,
            0.07647070288658142
        ],
        "dp_exp": [
            0.14849615097045898,
            0.25325119495391846,
            0.005440131761133671
        ],
        "eo_exp": [
            0.16089116036891937,
            0.2798645794391632,
            0.015770599246025085
        ],
        "tpr_exp": [
            0.1257961541414261,
            0.2642819881439209,
            0.020192716270685196
        ],
        "er_exp": [
            0.13159388303756714,
            0.26277586817741394,
            0.015050665475428104
        ],
        "opt_shap": [
            0.018652401864528656,
            0.1737513393163681,
            0.013911817222833633
        ],
        "opt_objBI": [
            0.0165354423224926,
            0.18153932690620422,
            0.006628864910453558
        ]
    },
    "shap": {
        "full": [
            0.01671774685382843,
            0.1846064031124115,
            0.0
        ],
        "partial": [
            0.018470797687768936,
            0.17379754781723022
        ],
        "mip": [
            0.006925426889210939,
            0.20290714502334595
        ],
        "adv_deb": [
            0.01138999592512846,
            0.2063891738653183
        ],
        "eo_cal": [
            0.008165488950908184,
            0.10799720883369446
        ],
        "re_weigh": [
            0.0102445213124156,
            0.20503872632980347
        ],
        "dp_exp": [
            0.15110912919044495,
            0.24774384498596191
        ],
        "eo_exp": [
            0.16735129058361053,
            0.2612452208995819
        ],
        "tpr_exp": [
            0.12640656530857086,
            0.255161851644516
        ],
        "er_exp": [
            0.16014273464679718,
            0.269759863615036
        ],
        "opt_shap": [
            0.015158098191022873,
            0.17756357789039612
        ],
        "opt_objBI": [
            0.015881124883890152,
            0.17914821207523346
        ]
    },
    "di": {
        "full": 0.7702321471058088,
        "partial": 0.7835604498751279,
        "mip": 0.7870908534720098,
        "adv_deb": 0.7721775578918436,
        "eo_cal": 0.7390873015873016,
        "re_weigh": 0.99328165374677,
        "dp_exp": 0.9680464778503994,
        "eo_exp": 0.979777251600456,
        "tpr_exp": 0.9348134315454577,
        "er_exp": 0.9882561882561882,
        "opt_shap": 0.7712299483243279,
        "opt_objBI": 0.7712299483243279
    },
    "dd": {
        "full": -0.21633384536610345,
        "partial": -0.20662122375832048,
        "mip": -0.20046082949308752,
        "adv_deb": -0.212205581157194,
        "eo_cal": -0.2609126984126984,
        "re_weigh": -0.005824372759856589,
        "dp_exp": -0.027521761392729105,
        "eo_exp": -0.018497183819764396,
        "tpr_exp": -0.061363927291346654,
        "er_exp": -0.029633896569380425,
        "opt_shap": -0.2174699180747568,
        "opt_objBI": -0.2174699180747568
    },
    "eqopp": {
        "full": -0.15861796263839611,
        "partial": -0.14144402171589787,
        "mip": -0.13975975719232248,
        "adv_deb": -0.1548411918095156,
        "eo_cal": -0.17515923566878977,
        "re_weigh": 0.0020112854272644753,
        "dp_exp": -0.0054759970931475,
        "eo_exp": 0.0007352626854186806,
        "tpr_exp": -0.03188774419698204,
        "er_exp": 0.049869619116829855,
        "opt_shap": -0.15468302483648955,
        "opt_objBI": -0.15468302483648955
    },
    "eqodd": {
        "full": 0.21635351573215353,
        "partial": 0.21343456146523637,
        "mip": 0.20236975713867134,
        "adv_deb": 0.20889832869828007,
        "eo_cal": 0.28889540730807906,
        "re_weigh": 0.025600784414037098,
        "dp_exp": 0.019825362132102578,
        "eo_exp": 0.00421053150783364,
        "tpr_exp": 0.0475033579545838,
        "er_exp": 0.035682098748873126,
        "opt_shap": 0.22258442739800186,
        "opt_objBI": 0.22258442739800186
    }
}