{
    "error": {
        "full": 31.0,
        "partial": 30.5,
        "mip": 30.5,
        "adv_deb": 31.5,
        "eo_cal": 33.0,
        "re_weigh": 31.0,
        "dp_exp": 32.0,
        "eo_exp": 32.0,
        "tpr_exp": 30.000001907348633,
        "er_exp": 34.5,
        "opt_shap": 31.0,
        "opt_objBI": 30.000001907348633
    },
    "objBI": {
        "full": [
            0.018098972737789154,
            0.0914795845746994,
            0.02134593203663826,
            0.061153631657361984,
            0.027203671634197235,
            0.024555137380957603,
            0.011087422259151936,
            0.012412858195602894,
            0.0654725655913353
        ],
        "partial": [
            0.02008676528930664,
            0.07848546653985977,
            0.018379099667072296,
            0.058729082345962524,
            0.02348708175122738,
            0.039377886801958084,
            0.014731529168784618,
            0.011698841117322445,
            0.011808420531451702
        ],
        "mip": [
            0.016150522977113724,
            0.07806649804115295,
            0.01808960549533367,
            0.06281200051307678,
            0.027399443089962006,
            0.02521679922938347,
            0.009461630135774612,
            0.009342686273157597,
            0.005890949163585901
        ],
        "adv_deb": [
            0.013552703894674778,
            0.0667819157242775,
            0.0244003813713789,
            0.054976630955934525,
            0.01844165287911892,
            0.042508307844400406,
            0.011219864711165428,
            0.007500822655856609,
            0.03242162987589836
        ],
        "eo_cal": [
            0.0067632729187607765,
            0.035503145307302475,
            0.010959968902170658,
            0.02554544247686863,
            0.006650094408541918,
            0.012621158733963966,
            0.00666035758331418,
            0.0016924572410061955,
            0.06256899237632751
        ],
        "re_weigh": [
            0.011064193211495876,
            0.07941003143787384,
            0.030300475656986237,
            0.07154352962970734,
            0.03163711726665497,
            0.023391980677843094,
            0.009010056033730507,
            0.002137870294973254,
            0.018385866656899452
        ],
        "dp_exp": [
            0.012198465876281261,
            0.09156646579504013,
            0.020176837220788002,
            0.046655263751745224,
            0.02347114309668541,
            0.046417903155088425,
            0.013478823006153107,
            0.007225245703011751,
            0.0023608163464814425
        ],
        "eo_exp": [
            0.03070894069969654,
            0.09801962226629257,
            0.024303527548909187,
            0.06204300373792648,
            0.02502460964024067,
            0.0642726942896843,
            0.029249699786305428,
            0.022700250148773193,
            0.02500000223517418
        ],
        "tpr_exp": [
            0.008748880587518215,
            0.09567996859550476,
            0.0067929369397461414,
            0.02519664727151394,
            0.019905079156160355,
            0.03688383102416992,
            0.01621229015290737,
            0.006075047422200441,
            0.004686551634222269
        ],
        "er_exp": [
            0.01728110760450363,
            0.18908186256885529,
            0.09507560729980469,
            0.1294671893119812,
            0.007242283783853054,
            0.14930346608161926,
            0.01398091297596693,
            0.008446332067251205,
            0.005557232536375523
        ],
        "opt_shap": [
            0.0159735269844532,
            0.08680320531129837,
            0.015894532203674316,
            0.06812680512666702,
            0.025016946718096733,
            0.029619917273521423,
            0.010589833371341228,
            0.008494999259710312,
            0.005651235580444336
        ],
        "opt_objBI": [
            0.016085179522633553,
            0.07829339802265167,
            0.016459139063954353,
            0.06141086667776108,
            0.02327190339565277,
            0.028124528005719185,
            0.006730980705469847,
            0.0075258417055010796,
            0.005710752215236425
        ]
    },
    "shap": {
        "full": [
            0.010708999820053577,
            0.08533425629138947,
            0.01768612116575241,
            0.06386879086494446,
            0.025742197409272194,
            0.025114888325333595,
            0.007010622415691614,
            0.005042066797614098,
            0.06414403021335602
        ],
        "partial": [
            0.010574841871857643,
            0.07954180985689163,
            0.014210457913577557,
            0.057870201766490936,
            0.020870262756943703,
            0.037198424339294434,
            0.009576046839356422,
            0.0004068862763233483
        ],
        "mip": [
            0.010285841301083565,
            0.0824303925037384,
            0.01734362170100212,
            0.06323791295289993,
            0.025758516043424606,
            0.024827154353260994,
            0.006417402066290379,
            0.0046796430833637714
        ],
        "adv_deb": [
            0.00980709120631218,
            0.06480162590742111,
            0.023123199120163918,
            0.055759526789188385,
            0.017760949209332466,
            0.04360978305339813,
            0.018732847645878792,
            0.005807680543512106,
            0.03609174117445946
        ],
        "eo_cal": [
            0.006515481974929571,
            0.03327558562159538,
            0.010548548772931099,
            0.02576829120516777,
            0.006042533088475466,
            0.0123722143471241,
            0.005551804322749376,
            1.3415869034361094e-05,
            0.07146311551332474
        ],
        "re_weigh": [
            0.009996909648180008,
            0.07142230868339539,
            0.02979929745197296,
            0.0714603066444397,
            0.032109297811985016,
            0.021797651425004005,
            0.009314591065049171,
            0.0018565133213996887,
            0.01797090843319893
        ],
        "dp_exp": [
            0.005423549562692642,
            0.10660328716039658,
            0.030876774340867996,
            0.04470004513859749,
            0.03175627812743187,
            0.05343181639909744,
            0.011813671328127384,
            0.004657567944377661,
            0.0
        ],
        "eo_exp": [
            0.005077554378658533,
            0.10259036719799042,
            0.01901671476662159,
            0.05099160969257355,
            0.011129562743008137,
            0.058791160583496094,
            0.008677344769239426,
            0.007026149425655603,
            0.0
        ],
        "tpr_exp": [
            0.003546123392879963,
            0.09432162344455719,
            0.0204911045730114,
            0.023765450343489647,
            0.01636773906648159,
            0.03896529600024223,
            0.01416800543665886,
            0.00563215184956789,
            0.0
        ],
        "er_exp": [
            0.010356958955526352,
            0.186610609292984,
            0.09362989664077759,
            0.13610483705997467,
            0.006598812527954578,
            0.14922314882278442,
            0.015060987323522568,
            0.005125110968947411,
            0.0
        ],
        "opt_shap": [
            0.008861225098371506,
            0.0787285566329956,
            0.014590242877602577,
            0.06351074576377869,
            0.026551170274615288,
            0.029017847031354904,
            0.008323355577886105,
            0.0031638741493225098
        ],