{
    "error": {
        "full": 27.700000762939453,
        "partial": 28.150001525878906,
        "mip": 28.299999237060547,
        "adv_deb": 28.799999237060547,
        "eo_cal": 27.799999237060547,
        "re_weigh": 28.799999237060547,
        "dp_exp": 30.450000762939453,
        "eo_exp": 29.80000114440918,
        "tpr_exp": 29.850000381469727,
        "er_exp": 37.349998474121094,
        "opt_shap": 28.450000762939453,
        "opt_objBI": 28.450000762939453
    },
    "objBI": {
        "full": [
            0.022502105683088303,
            0.17406031489372253,
            0.020998448133468628
        ],
        "partial": [
            0.01610870100557804,
            0.1905682533979416,
            0.009271699003875256
        ],
        "mip": [
            0.014522464014589787,
            0.19278593361377716,
            0.0020527264568954706
        ],
        "adv_deb": [
            0.019753282889723778,
            0.20302611589431763,
            0.012913933023810387
        ],
        "eo_cal": [
            0.008034919388592243,
            0.09007608890533447,
            0.04485003650188446
        ],
        "re_weigh": [
            0.013728172518312931,
            0.18570032715797424,
            0.06347429007291794
        ],
        "dp_exp": [
            0.042877886444330215,
            0.035610273480415344,
            0.005412140395492315
        ],
        "eo_exp": [
            0.05697471648454666,
            0.07341029495000839,
            0.00951212178915739
        ],
        "tpr_exp": [
            0.03975816071033478,
            0.07517314702272415,
            0.007402854505926371
        ],
        "er_exp": [
            0.13282956182956696,
            0.1655290275812149,
            0.01969689317047596
        ],
        "opt_shap": [
            0.01886342093348503,
            0.1874590814113617,
            0.007506529800593853
        ],
        "opt_objBI": [
            0.017573680728673935,
            0.18049779534339905,
            0.004174011759459972
        ]
    },
    "shap": {
        "full": [
            0.023308351635932922,
            0.17245319485664368,
            0.0
        ],
        "partial": [
            0.01361815258860588,
            0.1918790191411972
        ],
        "mip": [
            0.014447381719946861,
            0.18979479372501373
        ],
        "adv_deb": [
            0.021184906363487244,
            0.2004532366991043
        ],
        "eo_cal": [
            0.006607792805880308,
            0.09785696119070053
        ],
        "re_weigh": [
            0.013314323499798775,
            0.19443488121032715
        ],
        "dp_exp": [
            0.04639584943652153,
            0.04993003234267235
        ],
        "eo_exp": [
            0.07144927233457565,
            0.08019667118787766
        ],
        "tpr_exp": [
            0.04955854266881943,
            0.07537675648927689
        ],
        "er_exp": [
            0.13950130343437195,
            0.17447517812252045
        ],
        "opt_shap": [
            0.017483551055192947,
            0.18595454096794128
        ],
        "opt_objBI": [
            0.01754533126950264,
            0.1867257058620453
        ]
    },
    "di": {
        "full": 0.7764599928444826,
        "partial": 0.8068365533572811,
        "mip": 0.8109213638238241,
        "adv_deb": 0.7477536642884862,
        "eo_cal": 0.7614107883817427,
        "re_weigh": 0.960829875518672,
        "dp_exp": 0.9655241555975675,
        "eo_exp": 0.9480638327211643,
        "tpr_exp": 0.9464953020466413,
        "er_exp": 1.008766374059583,
        "opt_shap": 0.8141912080327911,
        "opt_objBI": 0.8141912080327911
    },
    "dd": {
        "full": -0.21771415754818246,
        "partial": -0.1832815328665952,
        "mip": -0.17995321937230646,
        "adv_deb": -0.23690703151284065,
        "eo_cal": -0.2385892116182573,
        "re_weigh": -0.03497332542975706,
        "dp_exp": -0.03367163844342269,
        "eo_exp": -0.04259119819285795,
        "tpr_exp": -0.05603261827328221,
        "er_exp": -0.008935580512343999,
        "opt_shap": -0.17684118617728573,
        "opt_objBI": -0.17684118617728573
    },
    "eqopp": {
        "full": -0.1326012185640414,
        "partial": -0.10429512595920454,
        "mip": -0.10511999345274892,
        "adv_deb": -0.15507078138426988,
        "eo_cal": -0.13969335604770017,
        "re_weigh": 0.006006672165783211,
        "dp_exp": -0.015493725192056274,
        "eo_exp": -0.024558652816933257,
        "tpr_exp": -0.019779590236842504,
        "er_exp": 0.03325314386507494,
        "opt_shap": -0.10215219343681148,
        "opt_objBI": -0.10215219343681148
    },
    "eqodd": {
        "full": 0.2312602801530216,
        "partial": 0.19210858717707965,
        "mip": 0.18793053751563446,
        "adv_deb": 0.24585672453071017,
        "eo_cal": 0.2661331501723912,
        "re_weigh": 0.026242658336992186,
        "dp_exp": 0.035241697481926806,
        "eo_exp": 0.0392394895490915,
        "tpr_exp": 0.04980941259781081,
        "er_exp": 0.05898242842992171,
        "opt_shap": 0.18583493394029715,
        "opt_objBI": 0.18583493394029715
    }
}