{
    "error": {
        "full": 28.950000762939453,
        "partial": 28.75,
        "mip": 28.60000228881836,
        "adv_deb": 28.650001525878906,
        "eo_cal": 28.299999237060547,
        "re_weigh": 29.149999618530273,
        "dp_exp": 31.200000762939453,
        "eo_exp": 30.799999237060547,
        "tpr_exp": 30.799999237060547,
        "er_exp": 35.650001525878906,
        "opt_shap": 28.850000381469727,
        "opt_objBI": 28.650001525878906
    },
    "objBI": {
        "full": [
            0.011968012899160385,
            0.2161339670419693,
            0.006375863216817379
        ],
        "partial": [
            0.014499271288514137,
            0.21666738390922546,
            0.004142171703279018
        ],
        "mip": [
            0.014906570315361023,
            0.22109493613243103,
            0.003613419132307172
        ],
        "adv_deb": [
            0.007354428060352802,
            0.22342003881931305,
            0.001536823925562203
        ],
        "eo_cal": [
            0.008723917417228222,
            0.1069464385509491,
            0.0524599626660347
        ],
        "re_weigh": [
            0.013288079760968685,
            0.21682074666023254,
            0.0764428973197937
        ],
        "dp_exp": [
            0.08002372831106186,
            0.06095169484615326,
            0.0024146349169313908
        ],
        "eo_exp": [
            0.10319715738296509,
            0.09367842227220535,
            0.0030940836295485497
        ],
        "tpr_exp": [
            0.09959965199232101,
            0.1842910647392273,
            0.01694573275744915
        ],
        "er_exp": [
            0.2348676323890686,
            0.17337404191493988,
            0.0002728838589973748
        ],
        "opt_shap": [
            0.012509839609265327,
            0.2159014493227005,
            0.006130382884293795
        ],
        "opt_objBI": [
            0.015549133531749249,
            0.21469809114933014,
            0.011201789602637291
        ]
    },
    "shap": {
        "full": [
            0.012468365952372551,
            0.2107885777950287,
            0.0
        ],
        "partial": [
            0.014115886762738228,
            0.2127927839756012
        ],
        "mip": [
            0.014337855391204357,
            0.2155960202217102
        ],
        "adv_deb": [
            0.01584453135728836,
            0.21823009848594666
        ],
        "eo_cal": [
            0.00772873405367136,
            0.11795035004615784
        ],
        "re_weigh": [
            0.013233441859483719,
            0.2187563180923462
        ],
        "dp_exp": [
            0.09396633505821228,
            0.07230725884437561
        ],
        "eo_exp": [
            0.12836380302906036,
            0.10743072628974915
        ],
        "tpr_exp": [
            0.09573637694120407,
            0.18108190596103668
        ],
        "er_exp": [
            0.23197036981582642,
            0.17623253166675568
        ],
        "opt_shap": [
            0.011441141366958618,
            0.2171158641576767
        ],
        "opt_objBI": [
            0.01176335010677576,
            0.21122686564922333
        ]
    },
    "di": {
        "full": 0.7090064018240814,
        "partial": 0.7486743319157873,
        "mip": 0.7722589574042749,
        "adv_deb": 0.7513798896088313,
        "eo_cal": 0.7103174603174603,
        "re_weigh": 0.9877056277056276,
        "dp_exp": 0.9905105105105105,
        "eo_exp": 0.9919198448610214,
        "tpr_exp": 0.9242432526014616,
        "er_exp": 0.912792335869259,
        "opt_shap": 0.7345532528256781,
        "opt_objBI": 0.7484144504012054
    },
    "dd": {
        "full": -0.2654729902713774,
        "partial": -0.22979070660522272,
        "mip": -0.2132776497695853,
        "adv_deb": -0.23207885304659504,
        "eo_cal": -0.28968253968253965,
        "re_weigh": -0.010224654377880227,
        "dp_exp": -0.0008160522273424897,
        "eo_exp": -0.012176779313876063,
        "tpr_exp": -0.0725166410650282,
        "er_exp": -0.051251280081925255,
        "opt_shap": -0.24163146441372252,
        "opt_objBI": -0.2297747055811572
    },
    "eqopp": {
        "full": -0.17121533298003877,
        "partial": -0.13825295884119415,
        "mip": -0.11880409821586291,
        "adv_deb": -0.14004592828122242,
        "eo_cal": -0.17156862745098034,
        "re_weigh": 0.044258964847200044,
        "dp_exp": 0.014052287581699408,
        "eo_exp": 0.016004239533651266,
        "tpr_exp": -0.00356827415650951,
        "er_exp": 0.0342254018724607,
        "opt_shap": -0.1472708002119767,
        "opt_objBI": -0.13526762056173813
    },
    "eqodd": {
        "full": 0.2724763533587063,
        "partial": 0.23651464680876444,
        "mip": 0.22588834059422297,
        "adv_deb": 0.2419205110381581,
        "eo_cal": 0.3218954248366013,
        "re_weigh": 0.03872399901811663,
        "dp_exp": 0.013416472240001656,
        "eo_exp": 0.009706536177124414,
        "tpr_exp": 0.09204708910591262,
        "er_exp": 0.07447200829553771,
        "opt_shap": 0.24914045061103884,
        "opt_objBI": 0.23754723019428897
    }
}