{
    "error": {
        "full": 27.149999618530273,
        "partial": 27.05000114440918,
        "mip": 26.899999618530273,
        "adv_deb": 27.399999618530273,
        "eo_cal": 27.799999237060547,
        "re_weigh": 28.549999237060547,
        "dp_exp": 30.25,
        "eo_exp": 31.400001525878906,
        "tpr_exp": 29.750001907348633,
        "er_exp": 35.35000228881836,
        "opt_shap": 26.44999885559082,
        "opt_objBI": 27.000001907348633
    },
    "objBI": {
        "full": [
            0.019359536468982697,
            0.20537957549095154,
            0.015239785425364971
        ],
        "partial": [
            0.01357276737689972,
            0.21076245605945587,
            0.0031780831050127745
        ],
        "mip": [
            0.014961340464651585,
            0.2057049423456192,
            0.0014007720164954662
        ],
        "adv_deb": [
            0.013725495897233486,
            0.2093796283006668,
            0.0033835272770375013
        ],
        "eo_cal": [
            0.008896421641111374,
            0.10304183512926102,
            0.03815096244215965
        ],
        "re_weigh": [
            0.015961380675435066,
            0.21575753390789032,
            0.08043500036001205
        ],
        "dp_exp": [
            0.0396338626742363,
            0.04513446241617203,
            0.0009939393494278193
        ],
        "eo_exp": [
            0.0736062303185463,
            0.05607134848833084,
            0.017292235046625137
        ],
        "tpr_exp": [
            0.04884333908557892,
            0.08520670980215073,
            0.005276263691484928
        ],
        "er_exp": [
            0.2720731794834137,
            0.2090325951576233,
            0.01597466878592968
        ],
        "opt_shap": [
            0.017984556034207344,
            0.2046905755996704,
            0.013514084741473198
        ],
        "opt_objBI": [
            0.014624894596636295,
            0.1931491494178772,
            0.002392303431406617
        ]
    },
    "shap": {
        "full": [
            0.01418515108525753,
            0.2043858766555786,
            0.0
        ],
        "partial": [
            0.012785445898771286,
            0.19906482100486755
        ],
        "mip": [
            0.014880887232720852,
            0.20662814378738403
        ],
        "adv_deb": [
            0.015748878940939903,
            0.2053716778755188
        ],
        "eo_cal": [
            0.007813069969415665,
            0.1104470044374466
        ],
        "re_weigh": [
            0.015424715355038643,
            0.20961594581604004
        ],
        "dp_exp": [
            0.037976112216711044,
            0.04433339089155197
        ],
        "eo_exp": [
            0.07806092500686646,
            0.058942440897226334
        ],
        "tpr_exp": [
            0.045791853219270706,
            0.0837344378232956
        ],
        "er_exp": [
            0.274413526058197,
            0.20052212476730347
        ],
        "opt_shap": [
            0.014823514968156815,
            0.2032921463251114
        ],
        "opt_objBI": [
            0.014895819127559662,
            0.20163977146148682
        ]
    },
    "di": {
        "full": 0.768343333252618,
        "partial": 0.7137894826159819,
        "mip": 0.7496900056134118,
        "adv_deb": 0.7754600890773767,
        "eo_cal": 0.7288135593220338,
        "re_weigh": 0.9540746302996864,
        "dp_exp": 0.9838645452814182,
        "eo_exp": 0.9908888235607971,
        "tpr_exp": 0.9378875693248795,
        "er_exp": 0.9441147385523213,
        "opt_shap": 0.6874318346986789,
        "opt_objBI": 0.7130309390637863
    },
    "dd": {
        "full": -0.22003898035082314,
        "partial": -0.2698474286268576,
        "mip": -0.23901215110936003,
        "adv_deb": -0.21305391748525737,
        "eo_cal": -0.27118644067796616,
        "re_weigh": -0.04012136109224984,
        "dp_exp": -0.016847151624364676,
        "eo_exp": 0.001303011727105563,
        "tpr_exp": -0.05466149195342762,
        "er_exp": -0.041359372234350045,
        "opt_shap": -0.2937576438187943,
        "opt_objBI": -0.2708504376539389
    },
    "eqopp": {
        "full": -0.1462154386982677,
        "partial": -0.19010366496453224,
        "mip": -0.16151949589691084,
        "adv_deb": -0.14324121315499527,
        "eo_cal": -0.17206132879046,
        "re_weigh": -0.006426838164465543,
        "dp_exp": -0.013656760518562905,
        "eo_exp": 0.012537637806865787,
        "tpr_exp": -0.035426619535077086,
        "er_exp": 0.0050869214168051125,
        "opt_shap": -0.20543586257952373,
        "opt_objBI": -0.19137431299502772
    },
    "eqodd": {
        "full": 0.20482704169345617,
        "partial": 0.25210311453354817,
        "mip": 0.22447540728911478,
        "adv_deb": 0.1973303135372046,
        "eo_cal": 0.29155951054907614,
        "re_weigh": 0.009051331170144838,
        "dp_exp": 0.010136530442431638,
        "eo_exp": 0.005562674097021117,
        "tpr_exp": 0.041966551556981355,
        "er_exp": 0.05169650053307015,
        "opt_shap": 0.27426097158280216,
        "opt_objBI": 0.2527384385487959
    }
}