{
    "error": {
        "full": 28.60000228881836,
        "partial": 28.099998474121094,
        "mip": 28.60000228881836,
        "adv_deb": 28.450000762939453,
        "eo_cal": 28.850000381469727,
        "re_weigh": 28.0,
        "dp_exp": 28.650001525878906,
        "eo_exp": 29.100000381469727,
        "tpr_exp": 28.950000762939453,
        "er_exp": 32.95000076293945,
        "opt_shap": 28.60000228881836,
        "opt_objBI": 28.60000228881836
    },
    "objBI": {
        "full": [
            0.029358232393860817,
            0.17531169950962067,
            0.017247572541236877
        ],
        "partial": [
            0.026842936873435974,
            0.16427133977413177,
            0.008965007960796356
        ],
        "mip": [
            0.007233606185764074,
            0.1873663067817688,
            0.002968044253066182
        ],
        "adv_deb": [
            0.007587241008877754,
            0.18856672942638397,
            0.011445920914411545
        ],
        "eo_cal": [
            0.004779414739459753,
            0.0897076427936554,
            0.03538469970226288
        ],
        "re_weigh": [
            0.005181817803531885,
            0.19543780386447906,
            0.06974392384290695
        ],
        "dp_exp": [
            0.13567857444286346,
            0.23782049119472504,
            0.0027410523034632206
        ],
        "eo_exp": [
            0.1329183429479599,
            0.24151505529880524,
            0.0034500393085181713
        ],
        "tpr_exp": [
            0.12101206928491592,
            0.25276660919189453,
            0.014652281068265438
        ],
        "er_exp": [
            0.1756945103406906,
            0.27446043491363525,
            0.021084513515233994
        ],
        "opt_shap": [
            0.030698472633957863,
            0.17020779848098755,
            0.00476109329611063
        ],
        "opt_objBI": [
            0.029903560876846313,
            0.16579081118106842,
            0.00015664791862946004
        ]
    },
    "shap": {
        "full": [
            0.028678053990006447,
            0.17185690999031067,
            0.0
        ],
        "partial": [
            0.025971027091145515,
            0.16291606426239014
        ],
        "mip": [
            0.006523927208036184,
            0.1878182739019394
        ],
        "adv_deb": [
            0.01635734736919403,
            0.18330027163028717
        ],
        "eo_cal": [
            0.004322454333305359,
            0.09550604224205017
        ],
        "re_weigh": [
            0.004698609467595816,
            0.19472883641719818
        ],
        "dp_exp": [
            0.12907063961029053,
            0.20475749671459198
        ],
        "eo_exp": [
            0.14112763106822968,
            0.22471190989017487
        ],
        "tpr_exp": [
            0.11493514478206635,
            0.2064090371131897
        ],
        "er_exp": [
            0.208877295255661,
            0.3087444603443146
        ],
        "opt_shap": [
            0.028783846646547318,
            0.1665387600660324
        ],
        "opt_objBI": [
            0.029442178085446358,
            0.16716183722019196
        ]
    },
    "di": {
        "full": 0.7973770491803278,
        "partial": 0.8110684804092548,
        "mip": 0.7981494518756914,
        "adv_deb": 0.8054096682718929,
        "eo_cal": 0.7735655737704918,
        "re_weigh": 0.9799275009468159,
        "dp_exp": 0.9717460209263488,
        "eo_exp": 0.9636671976977235,
        "tpr_exp": 0.9629313727162621,
        "er_exp": 1.0422504710137082,
        "opt_shap": 0.7725202008446114,
        "opt_objBI": 0.7725202008446114
    },
    "dd": {
        "full": -0.19292712602459017,
        "partial": -0.18210489241803274,
        "mip": -0.19278304303278693,
        "adv_deb": -0.18565893954918034,
        "eo_cal": -0.22643442622950816,
        "re_weigh": -0.01781826331967218,
        "dp_exp": -0.029424948770491843,
        "eo_exp": -0.024878329918032738,
        "tpr_exp": -0.036693135245901676,
        "er_exp": 0.020795978483606592,
        "opt_shap": -0.2190381659836066,
        "opt_objBI": -0.2190381659836066
    },
    "eqopp": {
        "full": -0.14822193104892922,
        "partial": -0.1284929217102465,
        "mip": -0.14311119851059872,
        "adv_deb": -0.1362968884594914,
        "eo_cal": -0.15502555366269166,
        "re_weigh": -0.0016437278636454167,
        "dp_exp": 0.002314898928905018,
        "eo_exp": -0.00037833528200947875,
        "tpr_exp": -0.013017298686086476,
        "er_exp": 0.0318229134381699,
        "opt_shap": -0.1693787820168905,
        "opt_objBI": -0.1693787820168905
    },
    "eqodd": {
        "full": 0.18026817422632074,
        "partial": 0.17590744632560557,
        "mip": 0.184320737472574,
        "adv_deb": 0.17614024518781055,
        "eo_cal": 0.24460789251257978,
        "re_weigh": 0.025560547781748544,
        "dp_exp": 0.02519947953177675,
        "eo_exp": 0.015857703543533205,
        "tpr_exp": 0.020035825872586926,
        "er_exp": 0.08956685773325512,
        "opt_shap": 0.21085724487524476,
        "opt_objBI": 0.21085724487524476
    }
}