{
    "error": {
        "full": 32.04188537597656,
        "partial": 31.518325805664062,
        "mip": 32.56544494628906,
        "adv_deb": 32.879581451416016,
        "eo_cal": 35.916229248046875,
        "re_weigh": 35.18324661254883,
        "dp_exp": 44.71204376220703,
        "eo_exp": 44.92146682739258,
        "tpr_exp": 40.0,
        "er_exp": 33.19371795654297,
        "opt_shap": 32.46073532104492,
        "opt_objBI": 31.72774887084961
    },
    "objBI": {
        "full": [
            0.025482894852757454,
            0.0957702100276947,
            0.025858722627162933,
            0.027987275272607803,
            0.033926766365766525,
            0.15035220980644226,
            0.03084437921643257,
            0.06663379818201065
        ],
        "partial": [
            0.030197234824299812,
            0.11542452871799469,
            0.029743410646915436,
            0.03356958553195,
            0.041179876774549484,
            0.1526726931333542,
            0.034514348953962326,
            0.030114617198705673
        ],
        "mip": [
            0.02041923813521862,
            0.10470583289861679,
            0.019821133464574814,
            0.024120651185512543,
            0.030551021918654442,
            0.15577058494091034,
            0.023407990112900734,
            0.019445335492491722
        ],
        "adv_deb": [
            0.016485976055264473,
            0.10903512686491013,
            0.0091119185090065,
            0.014452552422881126,
            0.01814231090247631,
            0.16804060339927673,
            0.016693048179149628,
            0.03451409935951233
        ],
        "eo_cal": [
            0.011277992278337479,
            0.0524667352437973,
            0.0035325607750564814,
            0.006027736701071262,
            0.008615383878350258,
            0.0653458759188652,
            0.007729502860456705,
            0.08575523644685745
        ],
        "re_weigh": [
            0.012803551740944386,
            0.11334631592035294,
            0.0033484497107565403,
            0.007236208766698837,
            0.01648729294538498,
            0.15521644055843353,
            0.010989994741976261,
            0.0493883453309536
        ],
        "dp_exp": [
            0.27905601263046265,
            0.056652359664440155,
            0.03459858521819115,
            0.04349517449736595,
            0.08491254597902298,
            0.24486428499221802,
            0.04618234559893608,
            0.031669020652770996
        ],
        "eo_exp": [
            0.24930965900421143,
            0.07552233338356018,
            0.012256460264325142,
            0.03531891852617264,
            0.05663403123617172,
            0.22533568739891052,
            0.14625708758831024,
            0.007016339804977179
        ],
        "tpr_exp": [
            0.14712335169315338,
            0.08897716552019119,
            0.06429853290319443,
            0.0681934580206871,
            0.1072443276643753,
            0.36144882440567017,
            0.08987314999103546,
            0.04836764931678772
        ],
        "er_exp": [
            0.034279290586709976,
            0.16005487740039825,
            0.01161892618983984,
            0.03102092072367668,
            0.0324590690433979,
            0.37003281712532043,
            0.012484698556363583,
            0.011395424604415894
        ],
        "opt_shap": [
            0.015629388391971588,
            0.09881515800952911,
            0.016428332775831223,
            0.02487221546471119,
            0.027497442439198494,
            0.14724695682525635,
            0.02261858433485031,
            0.015045981854200363
        ],
        "opt_objBI": [
            0.012168318033218384,
            0.10054999589920044,
            0.011698057875037193,
            0.014006925746798515,
            0.023672768846154213,
            0.1362127810716629,
            0.019349709153175354,
            0.009431101381778717
        ]
    },
    "shap": {
        "full": [
            0.007269334979355335,
            0.0961788147687912,
            0.0024911495856940746,
            0.006256752647459507,
            0.013815737329423428,
            0.15274609625339508,
            0.013317115604877472,
            0.05212125927209854
        ],
        "partial": [
            0.01061522588133812,
            0.10846851021051407,
            0.0029829619452357292,
            0.006311100907623768,
            0.013353289104998112,
            0.1617545783519745,
            0.015095265582203865
        ],
        "mip": [
            0.010142702609300613,
            0.10239192098379135,
            0.001339334761723876,
            0.00532471714541316,
            0.012816166505217552,
            0.14880876243114471,
            0.0109708858653903
        ],
        "adv_deb": [
            0.0160225760191679,
            0.10835366696119308,
            0.00467641232535243,
            0.007847440429031849,
            0.013177166692912579,
            0.16499212384223938,
            0.01931515522301197,
            0.03188345581293106
        ],
        "eo_cal": [
            0.009852811694145203,
            0.05069264769554138,
            0.0017803184455260634,
            0.0037277366500347853,
            0.0065770745277404785,
            0.07801235467195511,
            0.005478160921484232,
            0.09668750315904617
        ],
        "re_weigh": [
            0.010690411552786827,
            0.10357590019702911,
            0.0015362873673439026,
            0.004674525931477547,
            0.014413561671972275,
            0.1480076014995575,
            0.010262873023748398,
            0.04729839041829109
        ],
        "dp_exp": [
            0.2858785092830658,
            0.0454987958073616,
            0.003542406717315316,
            0.007637675851583481,
            0.051486097276210785,
            0.24415184557437897,
            0.024982856586575508,
            0.0
        ],
        "eo_exp": [
            0.2493952512741089,
            0.08910447359085083,
            0.0038950243033468723,
            0.03348298743367195,
            0.03936415910720825,
            0.23187822103500366,
            0.12705904245376587,
            0.0
        ],
        "tpr_exp": [
            0.13672806322574615,
            0.10610548406839371,
            0.010546642355620861,
            0.014469965361058712,
            0.064371757209301,
            0.35412055253982544,
            0.046347204595804214,
            0.0
        ],
        "er_exp": [
            0.022506214678287506,
            0.1715627908706665,
            0.0029306442011147738,
            0.021916573867201805,
            0.0181571077555418,
            0.39577922224998474,
            0.010494700632989407,
            0.0
        ],
        "opt_shap": [
            0.007255590055137873,
            0.0968795046210289,
            0.0029337462037801743,
            0.008199893869459629,
            0.010572480037808418,
            0.15234455466270447,
            0.014211279340088367
        ],
        "opt_objBI": [
            0.007356831803917885,
            0.0966641828417778,
            0.002433691406622529,
            0.0060583665035665035,
            0.013827706687152386,
            0.1540917158126831,
            0.013112761080265045
        ]
    },
    "di": {
        "full": 0.378896764990908,
        "partial": 0.6008400758298537,
        "mip": 0.5804253072716443,
        "adv_deb": 0.45033768946812425,
        "eo_cal": 0.2134387351778656,
        "re_weigh": 1.1496232403278879,
        "dp_exp": 0.9383490073145245,
        "eo_exp": 0.918409090909091,
        "tpr_exp": 0.8388247282608696,
        "er_exp": 0.6747023879130902,
        "opt_shap": 0.5817736826950763,
        "opt_objBI": 0.6037361785160353
    },
    "dd": {
        "full": -0.5021391409984418,