{
    "error": {
        "full": 25.150001525878906,
        "partial": 25.700000762939453,
        "mip": 25.799999237060547,
        "opt_shap": 25.650001525878906,
        "opt_objBI": 26.0
    },
    "objBI": {
        "full": [
            0.00807978492230177,
            0.19614998996257782,
            0.01662413217127323
        ],
        "partial": [
            0.00861348770558834,
            0.19731536507606506,
            0.0003235912590753287
        ],
        "mip": [
            0.0014762358041480184,
            0.1913510411977768,
            0.0014682173496112227
        ],
        "opt_shap": [
            0.004775250796228647,
            0.21569795906543732,
            0.0030062866862863302
        ],
        "opt_objBI": [
            0.0074080065824091434,
            0.20099776983261108,
            0.005837162956595421
        ]
    },
    "shap": {
        "full": [
            2.4126284188241698e-06,
            -1.7313426496912143e-06,
            0.0
        ],
        "partial": [
            2.6404411528346827e-06,
            1.2517661161837168e-05
        ],
        "mip": [
            -3.472353569122788e-07,
            -9.53674295089968e-09
        ],
        "opt_shap": [
            -1.1558804544620216e-05,
            4.428029001246614e-07
        ],
        "opt_objBI": [
            2.8097899757995037e-06,
            -9.043216778081842e-06
        ]
    },
    "di": {
        "full": 0.7461667822833238,
        "partial": 0.7696432951844426,
        "mip": 0.784292140980039,
        "opt_shap": 0.772793965761403,
        "opt_objBI": 0.78787590708876
    },
    "dd": {
        "full": -0.24231715490911432,
        "partial": -0.2185993682748767,
        "mip": -0.2040865471445945,
        "opt_shap": -0.21410625343656065,
        "opt_objBI": -0.201497838729486
    },
    "eqopp": {
        "full": -0.14846278317152095,
        "partial": -0.1366639697950377,
        "mip": -0.1255562297734627,
        "opt_shap": -0.13180960086299887,
        "opt_objBI": -0.12919700647249188
    },
    "eqodd": {
        "full": 0.24278960932430607,
        "partial": 0.21485713552103014,
        "mip": 0.19896979206201507,
        "opt_shap": 0.20875193508191275,
        "opt_objBI": 0.1947302112368064
    }
}