{
    "error": {
        "full": 26.69999885559082,
        "partial": 26.399999618530273,
        "mip": 25.899999618530273,
        "opt_shap": 26.350000381469727,
        "opt_objBI": 26.399999618530273
    },
    "objBI": {
        "full": [
            0.009834685362875462,
            0.19207410514354706,
            0.009415888227522373
        ],
        "partial": [
            0.010308638215065002,
            0.19758044183254242,
            0.006993218325078487
        ],
        "mip": [
            0.00312215369194746,
            0.19975511729717255,
            0.00312315602786839
        ],
        "opt_shap": [
            0.005071483552455902,
            0.20052160322666168,
            0.0010644503636285663
        ],
        "opt_objBI": [
            0.009896690957248211,
            0.19554677605628967,
            0.005450248718261719
        ]
    },
    "shap": {
        "full": [
            1.0739518074842636e-05,
            1.7247884898097254e-06,
            0.0
        ],
        "partial": [
            4.820272351935273e-06,
            -6.013274287397508e-06
        ],
        "mip": [
            1.1197151650321757e-07,
            5.4836274188119205e-08
        ],
        "opt_shap": [
            -5.475584202940809e-06,
            5.984306426398689e-06
        ],
        "opt_objBI": [
            2.9766804800601676e-05,
            2.2484124201582745e-05
        ]
    },
    "di": {
        "full": 0.8303408295340061,
        "partial": 0.7975264464662614,
        "mip": 0.7759209336522129,
        "opt_shap": 0.7923367503021186,
        "opt_objBI": 0.7975264464662614
    },
    "dd": {
        "full": -0.15917829507041126,
        "partial": -0.19172447491949574,
        "mip": -0.2123992694532113,
        "opt_shap": -0.19683910347810762,
        "opt_objBI": -0.19172447491949574
    },
    "eqopp": {
        "full": -0.09264806891814725,
        "partial": -0.12264666208757102,
        "mip": -0.12935807148354428,
        "opt_shap": -0.12432451443656434,
        "opt_objBI": -0.12264666208757102
    },
    "eqodd": {
        "full": 0.15641461416921856,
        "partial": 0.18858178515006568,
        "mip": 0.21454014685288325,
        "opt_shap": 0.19571902050330633,
        "opt_objBI": 0.18858178515006568
    }
}