{
    "error": {
        "full": 26.350000381469727,
        "partial": 26.249998092651367,
        "mip": 26.600000381469727,
        "opt_shap": 26.44999885559082,
        "opt_objBI": 26.399999618530273
    },
    "objBI": {
        "full": [
            0.007058714050799608,
            0.18643718957901,
            0.0028181723318994045
        ],
        "partial": [
            0.011759337969124317,
            0.19615541398525238,
            0.0006215228931978345
        ],
        "mip": [
            0.0016352979000657797,
            0.1881963163614273,
            0.0009468255448155105
        ],
        "opt_shap": [
            0.008688746951520443,
            0.20094653964042664,
            0.006760376039892435
        ],
        "opt_objBI": [
            0.007206889800727367,
            0.1942758709192276,
            0.003686359850689769
        ]
    },
    "shap": {
        "full": [
            -8.011443242139649e-07,
            -2.7275743832433363e-06,
            0.0
        ],
        "partial": [
            -2.4605158614576794e-05,
            -1.0308027412975207e-05
        ],
        "mip": [
            5.974506507300248e-07,
            -1.3812184533890104e-06
        ],
        "opt_shap": [
            -5.015553142584395e-06,
            -4.542708211374702e-06
        ],
        "opt_objBI": [
            3.0852820600557607e-06,
            1.915812390507199e-06
        ]
    },
    "di": {
        "full": 0.7751931948279345,
        "partial": 0.75005013393677,
        "mip": 0.7636920890152357,
        "opt_shap": 0.7559780275100313,
        "opt_objBI": 0.7762896491346218
    },
    "dd": {
        "full": -0.21401953045171684,
        "partial": -0.23723648515982199,
        "mip": -0.2238348446659908,
        "opt_shap": -0.2311417340188091,
        "opt_objBI": -0.21297568911559994
    },
    "eqopp": {
        "full": -0.1266999701599556,
        "partial": -0.14306476577711857,
        "mip": -0.13838266958913048,
        "opt_shap": -0.14181320132154906,
        "opt_objBI": -0.1266999701599556
    },
    "eqodd": {
        "full": 0.21617303034746752,
        "partial": 0.2409644816539914,
        "mip": 0.22456582039127304,
        "opt_shap": 0.23294775292414904,
        "opt_objBI": 0.21483969701413416
    }
}