{
    "error": {
        "full": 25.35000228881836,
        "partial": 25.299999237060547,
        "mip": 24.950000762939453,
        "opt_shap": 25.099998474121094,
        "opt_objBI": 25.200000762939453
    },
    "objBI": {
        "full": [
            0.006490136496722698,
            0.2058456689119339,
            0.005699457135051489
        ],
        "partial": [
            0.0058091203682124615,
            0.21053452789783478,
            0.003139317035675049
        ],
        "mip": [
            0.000748094345908612,
            0.20899264514446259,
            0.0005584583268500865
        ],
        "opt_shap": [
            0.003516221884638071,
            0.20300473272800446,
            0.003402069443836808
        ],
        "opt_objBI": [
            0.00752029987052083,
            0.1948336362838745,
            0.006966061424463987
        ]
    },
    "shap": {
        "full": [
            2.3354200493486132e-06,
            -7.493988505302696e-07,
            0.0
        ],
        "partial": [
            6.645601388299838e-06,
            -1.3863742651665234e-06
        ],
        "mip": [
            -8.345218134309107e-07,
            -1.90168620406439e-07
        ],
        "opt_shap": [
            -3.459175104580936e-06,
            9.244680541087291e-07
        ],
        "opt_objBI": [
            -1.2696348221652443e-06,
            9.089052582567092e-06
        ]
    },
    "di": {
        "full": 0.8043556269437134,
        "partial": 0.8017637183713923,
        "mip": 0.7914497676253525,
        "opt_shap": 0.7975439093273322,
        "opt_objBI": 0.799457570041668
    },
    "dd": {
        "full": -0.18320683975402008,
        "partial": -0.18623408496088178,
        "mip": -0.1950818016259317,
        "opt_shap": -0.19019840607089178,
        "opt_objBI": -0.18819824405776875
    },
    "eqopp": {
        "full": -0.09515557499192806,
        "partial": -0.09776313692152383,
        "mip": -0.0998577693492948,
        "opt_shap": -0.10063431600544392,
        "opt_objBI": -0.09933053504064604
    },
    "eqodd": {
        "full": 0.19182475515095054,
        "partial": 0.19536067897289128,
        "mip": 0.20542079842127814,
        "opt_shap": 0.1986072523423446,
        "opt_objBI": 0.19660765296506696
    }
}