{
    "error": {
        "full": 26.750001907348633,
        "partial": 26.94999885559082,
        "mip": 27.05000114440918,
        "opt_shap": 26.899999618530273,
        "opt_objBI": 26.69999885559082
    },
    "objBI": {
        "full": [
            0.01389311719685793,
            0.2214002013206482,
            0.01094091311097145
        ],
        "partial": [
            0.020078487694263458,
            0.2151283323764801,
            0.00014976166130509228
        ],
        "mip": [
            0.012086146511137486,
            0.2121780961751938,
            0.003677230328321457
        ],
        "opt_shap": [
            0.01444290205836296,
            0.21897563338279724,
            0.011324752122163773
        ],
        "opt_objBI": [
            0.014210694469511509,
            0.21655239164829254,
            0.001531905960291624
        ]
    },
    "shap": {
        "full": [
            -3.867421582981478e-06,
            2.28074895858299e-05,
            0.0
        ],
        "partial": [
            -1.8814771465258673e-05,
            -1.383304606861202e-05
        ],
        "mip": [
            -1.0162681064684875e-05,
            2.3427010091836564e-06
        ],
        "opt_shap": [
            9.671598490967881e-06,
            1.3024329746258445e-05
        ],
        "opt_objBI": [
            5.443960617412813e-06,
            1.3028145076532383e-05
        ]
    },
    "di": {
        "full": 0.7803442240621242,
        "partial": 0.7699933788246207,
        "mip": 0.7664807753050369,
        "opt_shap": 0.756669881067181,
        "opt_objBI": 0.7540762287177705
    },
    "dd": {
        "full": -0.20711053432148618,
        "partial": -0.21949749206663915,
        "mip": -0.2235770770184382,
        "opt_shap": -0.23195955262754708,
        "opt_objBI": -0.2336658886014954
    },
    "eqopp": {
        "full": -0.13129664429530208,
        "partial": -0.13826577181208055,
        "mip": -0.1412080536912752,
        "opt_shap": -0.14946577181208054,
        "opt_objBI": -0.14972348993288598
    },
    "eqodd": {
        "full": 0.19667174781791022,
        "partial": 0.21621135744785908,
        "mip": 0.22226965435075918,
        "opt_shap": 0.2280129250972757,
        "opt_objBI": 0.2284089971264145
    }
}