{
    "error": {
        "full": 33.71727752685547,
        "partial": 31.518325805664062,
        "mip": 32.14659881591797,
        "adv_deb": 31.623035430908203,
        "eo_cal": 35.392669677734375,
        "re_weigh": 33.71727752685547,
        "dp_exp": 42.93193817138672,
        "eo_exp": 46.178009033203125,
        "tpr_exp": 39.26701354980469,
        "er_exp": 31.72774887084961,
        "opt_shap": 32.14659881591797,
        "opt_objBI": 32.04188537597656
    },
    "objBI": {
        "full": [
            0.01454954780638218,
            0.1374049037694931,
            0.006163193378597498,
            0.005089959595352411,
            0.006955927237868309,
            0.15022249519824982,
            0.016535289585590363,
            0.05908073112368584
        ],
        "partial": [
            0.018702909350395203,
            0.1583624631166458,
            0.010140771046280861,
            0.009069561958312988,
            0.009018895216286182,
            0.1607225090265274,
            0.02139214240014553,
            0.008703773841261864
        ],
        "mip": [
            0.020388413220643997,
            0.13324971497058868,
            0.005658171139657497,
            0.004135997965931892,
            0.0026971802581101656,
            0.14780347049236298,
            0.0219795610755682,
            0.0015436484245583415
        ],
        "adv_deb": [
            0.024601221084594727,
            0.1467871069908142,
            0.015054657123982906,
            0.016510844230651855,
            0.0153485843911767,
            0.15564477443695068,
            0.019236648455262184,
            0.04419124498963356
        ],
        "eo_cal": [
            0.017410974949598312,
            0.07129179686307907,
            0.007250170689076185,
            0.007124792318791151,
            0.012142602354288101,
            0.07426311820745468,
            0.016397468745708466,
            0.11619475483894348
        ],
        "re_weigh": [
            0.022821025922894478,
            0.13409890234470367,
            0.006109526846557856,
            0.0034050894901156425,
            0.0020684858318418264,
            0.15881505608558655,
            0.01675151102244854,
            0.04406622052192688
        ],
        "dp_exp": [
            0.06737019121646881,
            0.09108377248048782,
            0.01837266981601715,
            0.042725786566734314,
            0.06549335271120071,
            0.20071464776992798,
            0.08818759024143219,
            0.0007604789570905268
        ],
        "eo_exp": [
            0.20258693397045135,
            0.08153694123029709,
            0.028710467740893364,
            0.08449403941631317,
            0.10351810604333878,
            0.13797177374362946,
            0.042695969343185425,
            0.027584057301282883
        ],
        "tpr_exp": [
            0.04490386322140694,
            0.08700316399335861,
            0.06949445605278015,
            0.05651380866765976,
            0.10092160105705261,
            0.22947953641414642,
            0.09995070099830627,
            0.05083567276597023
        ],
        "er_exp": [
            0.07865727692842484,
            0.32767626643180847,
            0.043237946927547455,
            0.04680091515183449,
            0.041092801839113235,
            0.31364500522613525,
            0.07573381066322327,
            0.04259701073169708
        ],
        "opt_shap": [
            0.013673627749085426,
            0.1492273509502411,
            0.00890092272311449,
            0.00675169425085187,
            0.008868959732353687,
            0.15255668759346008,
            0.017587311565876007,
            0.004818715620785952
        ],
        "opt_objBI": [
            0.027128929272294044,
            0.149620920419693,
            0.031628865748643875,
            0.029717164114117622,
            0.02976568415760994,
            0.14279913902282715,
            0.03690427914261818,
            0.029747622087597847
        ]
    },
    "shap": {
        "full": [
            0.01127795409411192,
            0.13738518953323364,
            0.0022209552116692066,
            0.001036711735650897,
            0.0035601796116679907,
            0.14585548639297485,
            0.014710141345858574,
            0.060354575514793396
        ],
        "partial": [
            0.014276565052568913,
            0.15393590927124023,
            0.002727394923567772,
            0.001146298018284142,
            0.001388764358125627,
            0.16108663380146027,
            0.015109446831047535
        ],
        "mip": [
            0.019309526309370995,
            0.1346070021390915,
            0.002582149812951684,
            0.002973964437842369,
            0.001452188123948872,
            0.1564961075782776,
            0.01945078931748867
        ],
        "adv_deb": [
            0.02160392887890339,
            0.14602525532245636,
            0.0037072193808853626,
            0.005703680217266083,
            0.008373458869755268,
            0.16150100529193878,
            0.02137838676571846,
            0.04145732522010803
        ],
        "eo_cal": [
            0.01402065996080637,
            0.06631791591644287,
            0.0009324572747573256,
            0.0020721019245684147,
            0.005187852308154106,
            0.08458640426397324,
            0.010450119152665138,
            0.1240183636546135
        ],
        "re_weigh": [
            0.020316800102591515,
            0.13700929284095764,
            0.003673722269013524,
            0.0031246158760041,
            0.001601472613401711,
            0.15951403975486755,
            0.019345229491591454,
            0.04452015832066536
        ],
        "dp_exp": [
            0.09916794300079346,
            0.1984299272298813,
            0.01238267496228218,
            0.034844666719436646,
            0.06875351816415787,
            0.21317896246910095,
            0.07875438034534454,
            0.0
        ],
        "eo_exp": [
            0.18702825903892517,
            0.1488213688135147,
            0.005703451577574015,
            0.0388074554502964,
            0.059340428560972214,
            0.1338329315185547,
            0.07250574231147766,
            0.0
        ],
        "tpr_exp": [
            0.04806429147720337,
            0.19897203147411346,
            0.01994447223842144,
            0.008498432114720345,
            0.06009915843605995,
            0.24789731204509735,
            0.07222798466682434,
            0.0
        ],
        "er_exp": [
            0.0599168986082077,
            0.3210308253765106,
            0.003624717006459832,
            0.006559258792549372,
            0.0042028483003377914,
            0.32640495896339417,
            0.046964723616838455,
            0.0
        ],
        "opt_shap": [
            0.010969466529786587,
            0.1401008665561676,
            0.004255601204931736,
            0.002383527113124728,
            0.004692031070590019,
            0.15804848074913025,
            0.015263430774211884
        ],
        "opt_objBI": [
            0.011628751643002033,
            0.1427738219499588,
            0.0025666370056569576,
            0.0014031262835487723,
            0.001122188288718462,
            0.15081585943698883,
            0.014758783392608166
        ]
    },
    "di": {
        "full": 0.22121974397674551,
        "partial": 0.4269144794303564,
        "mip": 0.45738628241415785,
        "adv_deb": 0.3412046417388101,
        "eo_cal": 0.18352059925093633,
        "re_weigh": 0.8236905360836269,
        "dp_exp": 0.8912229278619117,
        "eo_exp": 0.9048183441584097,
        "tpr_exp": 0.7447517171800931,
        "er_exp": 0.46306893335004107,
        "opt_shap": 0.4730337078651685,
        "opt_objBI": 0.4315752938137673
    },
    "dd": {
        "full": -0.6196945030113783,