{
    "error": {
        "full": 25.899999618530273,
        "partial": 25.200000762939453,
        "mip": 25.25,
        "opt_shap": 25.200000762939453,
        "opt_objBI": 25.299999237060547
    },
    "objBI": {
        "full": [
            0.015913888812065125,
            0.20435617864131927,
            0.01749238558113575
        ],
        "partial": [
            0.01926925778388977,
            0.21835877001285553,
            0.008588478900492191
        ],
        "mip": [
            0.0009660727810114622,
            0.20475298166275024,
            0.0009251346928067505
        ],
        "opt_shap": [
            0.009514962323009968,
            0.21370261907577515,
            0.004670444875955582
        ],
        "opt_objBI": [
            0.01613844744861126,
            0.2008640617132187,
            0.0061322893016040325
        ]
    },
    "shap": {
        "full": [
            1.015734824250103e-06,
            -3.4690729080466554e-06,
            0.0
        ],
        "partial": [
            2.927034984168131e-06,
            3.412240766920149e-05
        ],
        "mip": [
            -1.3406457810560823e-07,
            -2.927780258232815e-07
        ],
        "opt_shap": [
            2.6121228074771352e-05,
            -1.0749101420515217e-05
        ],
        "opt_objBI": [
            3.152234785375185e-05,
            1.637816467336961e-06
        ]
    },
    "di": {
        "full": 0.7211116543739011,
        "partial": 0.7511216412709159,
        "mip": 0.7827131685166498,
        "opt_shap": 0.7599027995171576,
        "opt_objBI": 0.7578256064414096
    },
    "dd": {
        "full": -0.2681087168060613,
        "partial": -0.23605212022173794,
        "mip": -0.20673474551438664,
        "opt_shap": -0.2279614648786552,
        "opt_objBI": -0.23185378015619262
    },
    "eqopp": {
        "full": -0.187389659520807,
        "partial": -0.1593947036569987,
        "mip": -0.13442622950819672,
        "opt_shap": -0.15119798234552329,
        "opt_objBI": -0.14880201765447665
    },
    "eqodd": {
        "full": 0.26541034448772927,
        "partial": 0.22401785343246552,
        "mip": 0.19516587065961016,
        "opt_shap": 0.21698496375952164,
        "opt_objBI": 0.22836353434488194
    }
}