{
    "error": {
        "full": 27.5,
        "partial": 27.399999618530273,
        "mip": 27.149999618530273,
        "opt_shap": 27.399999618530273,
        "opt_objBI": 27.599998474121094
    },
    "objBI": {
        "full": [
            0.016398636624217033,
            0.200137197971344,
            0.016446584835648537
        ],
        "partial": [
            0.014397733844816685,
            0.1966521292924881,
            0.007373661734163761
        ],
        "mip": [
            0.0021377443335950375,
            0.2087947279214859,
            0.00010361766908317804
        ],
        "opt_shap": [
            0.00902586616575718,
            0.18930916488170624,
            0.007377129513770342
        ],
        "opt_objBI": [
            0.014209883287549019,
            0.19383785128593445,
            0.002008437877520919
        ]
    },
    "shap": {
        "full": [
            1.3245322406874038e-05,
            3.665272515718243e-06,
            0.0
        ],
        "partial": [
            8.53988512972137e-06,
            -8.08548884378979e-06
        ],
        "mip": [
            5.085978500574129e-06,
            -3.8089751797087956e-06
        ],
        "opt_shap": [
            -2.1065100099804113e-06,
            1.527488166175317e-05
        ],
        "opt_objBI": [
            -7.963314601511229e-06,
            -3.847480002150405e-06
        ]
    },
    "di": {
        "full": 0.8107679794735915,
        "partial": 0.7873755810375939,
        "mip": 0.7688254660581667,
        "opt_shap": 0.7910998712601919,
        "opt_objBI": 0.7808951235804944
    },
    "dd": {
        "full": -0.18054472217888873,
        "partial": -0.204560818243273,
        "mip": -0.21963887855551423,
        "opt_shap": -0.20056080224320905,
        "opt_objBI": -0.21057684230736917
    },
    "eqopp": {
        "full": -0.10297669792554709,
        "partial": -0.11685670645069623,
        "mip": -0.12667838874680315,
        "opt_shap": -0.11386402387041772,
        "opt_objBI": -0.12366794543904513
    },
    "eqodd": {
        "full": 0.18576510302409266,
        "partial": 0.2150569714029164,
        "mip": 0.22941500566328432,
        "opt_shap": 0.21038559407709206,
        "opt_objBI": 0.2210532644722204
    }
}