{
    "error": {
        "full": 29.30000114440918,
        "partial": 29.249998092651367,
        "mip": 29.19999885559082,
        "opt_shap": 29.249998092651367,
        "opt_objBI": 29.30000114440918
    },
    "objBI": {
        "full": [
            0.008218352682888508,
            0.21209537982940674,
            0.0015999949537217617
        ],
        "partial": [
            0.00957533996552229,
            0.22245322167873383,
            0.0032960737589746714
        ],
        "mip": [
            0.007389134727418423,
            0.19978202879428864,
            0.0022240036632865667
        ],
        "opt_shap": [
            0.007972768507897854,
            0.21360304951667786,
            0.008036301471292973
        ],
        "opt_objBI": [
            0.00944930873811245,
            0.2025369256734848,
            0.005700014065951109
        ]
    },
    "shap": {
        "full": [
            -2.7112669158668723e-06,
            3.5279679195809877e-06,
            0.0
        ],
        "partial": [
            1.3683136785402894e-05,
            -1.2469291505112778e-05
        ],
        "mip": [
            8.432093636656646e-06,
            2.4303196823893813e-06
        ],
        "opt_shap": [
            -1.0791854947456159e-05,
            2.17318529394106e-06
        ],
        "opt_objBI": [
            -1.1807903774752049e-06,
            1.2915133993374184e-06
        ]
    },
    "di": {
        "full": 0.7650205297068796,
        "partial": 0.7637577829012695,
        "mip": 0.769623533159879,
        "opt_shap": 0.7656344325485454,
        "opt_objBI": 0.7650205297068796
    },
    "dd": {
        "full": -0.22086155914516303,
        "partial": -0.22180786574850253,
        "mip": -0.21700430939624438,
        "opt_shap": -0.21980721753848242,
        "opt_objBI": -0.22086155914516303
    },
    "eqopp": {
        "full": -0.1561979925109216,
        "partial": -0.1578427293530268,
        "mip": -0.14797430830039526,
        "opt_shap": -0.15488046945426814,
        "opt_objBI": -0.1561979925109216
    },
    "eqodd": {
        "full": 0.21673511131616296,
        "partial": 0.2165348394659698,
        "mip": 0.2158880619485133,
        "opt_shap": 0.21505370951659047,
        "opt_objBI": 0.21673511131616296
    }
}