{
    "error": {
        "full": 27.200000762939453,
        "partial": 27.549999237060547,
        "mip": 27.399999618530273,
        "opt_shap": 27.25,
        "opt_objBI": 27.549999237060547
    },
    "objBI": {
        "full": [
            0.017829718068242073,
            0.1995931714773178,
            0.013073683716356754
        ],
        "partial": [
            0.016861751675605774,
            0.2111191302537918,
            0.004743688739836216
        ],
        "mip": [
            0.006761131342500448,
            0.19314667582511902,
            8.245944627560675e-06
        ],
        "opt_shap": [
            0.010079454630613327,
            0.21044346690177917,
            0.006902894005179405
        ],
        "opt_objBI": [
            0.017460469156503677,
            0.20847763121128082,
            0.011097889393568039
        ]
    },
    "shap": {
        "full": [
            -7.331722372327931e-06,
            3.6755714063474443e-06,
            0.0
        ],
        "partial": [
            -3.0984879231255036e-06,
            -1.7865539120975882e-05
        ],
        "mip": [
            2.4339184889754506e-08,
            -6.331205213427893e-07
        ],
        "opt_shap": [
            2.1624486180371605e-05,
            2.01315287995385e-05
        ],
        "opt_objBI": [
            -2.354502612433862e-06,
            -5.186939233681187e-05
        ]
    },
    "di": {
        "full": 0.7222324092750338,
        "partial": 0.7506128514634343,
        "mip": 0.7636655069268858,
        "opt_shap": 0.7532288660839146,
        "opt_objBI": 0.7571878092724643
    },
    "dd": {
        "full": -0.26661226579625263,
        "partial": -0.23561576985231758,
        "mip": -0.22470759532152518,
        "opt_shap": -0.23363973823581174,
        "opt_objBI": -0.22964767436278977
    },
    "eqopp": {
        "full": -0.17228329114970864,
        "partial": -0.13863577505065305,
        "mip": -0.1350296736227935,
        "opt_shap": -0.13765644756571838,
        "opt_objBI": -0.1350144396396945
    },
    "eqodd": {
        "full": 0.2727293377852608,
        "partial": 0.2441648042543507,
        "mip": 0.22976729510213378,
        "opt_shap": 0.24032364445884963,
        "opt_objBI": 0.23731635317355657
    }
}