{
    "error": {
        "full": 28.5,
        "partial": 28.099998474121094,
        "mip": 28.150001525878906,
        "opt_shap": 28.150001525878906,
        "opt_objBI": 28.200000762939453
    },
    "objBI": {
        "full": [
            0.008239961229264736,
            0.1975361406803131,
            0.021960267797112465
        ],
        "partial": [
            0.019995659589767456,
            0.20139801502227783,
            0.0030945835169404745
        ],
        "mip": [
            0.006794987712055445,
            0.20649440586566925,
            0.003323278157040477
        ],
        "opt_shap": [
            0.01471980195492506,
            0.19880984723567963,
            0.011420213617384434
        ],
        "opt_objBI": [
            0.011804158799350262,
            0.20230604708194733,
            0.010252224281430244
        ]
    },
    "shap": {
        "full": [
            -2.9006382646912243e-06,
            -1.2724702173727565e-05,
            0.0
        ],
        "partial": [
            -3.587365199564374e-06,
            5.696296739188256e-06
        ],
        "mip": [
            2.0081073671462946e-05,
            -1.7677784853731282e-05
        ],
        "opt_shap": [
            -1.3867706002201885e-05,
            -3.7841796256543603e-06
        ],
        "opt_objBI": [
            -1.5289186876543681e-06,
            -1.5270710491677164e-06
        ]
    },
    "di": {
        "full": 0.8538396198699689,
        "partial": 0.8285159568268422,
        "mip": 0.7954736689087167,
        "opt_shap": 0.8147426736570865,
        "opt_objBI": 0.8113490161453077
    },
    "dd": {
        "full": -0.13732412325398358,
        "partial": -0.1633262294245834,
        "mip": -0.1927696143387615,
        "opt_shap": -0.176444291987651,
        "opt_objBI": -0.17948953865263084
    },
    "eqopp": {
        "full": -0.06293268083074721,
        "partial": -0.07734083772517764,
        "mip": -0.10603320050682197,
        "opt_shap": -0.0896647813871495,
        "opt_objBI": -0.09494647152799451
    },
    "eqodd": {
        "full": 0.1258189574952634,
        "partial": 0.1572400611266218,
        "mip": 0.18371429284665486,
        "opt_shap": 0.170494231539168,
        "opt_objBI": 0.17225099400403787
    }
}