{
    "error": {
        "full": 27.599998474121094,
        "partial": 27.549999237060547,
        "mip": 27.299999237060547,
        "opt_shap": 27.450000762939453,
        "opt_objBI": 27.549999237060547
    },
    "objBI": {
        "full": [
            0.005632914137095213,
            0.21423594653606415,
            0.008043763227760792
        ],
        "partial": [
            0.007070423569530249,
            0.21480047702789307,
            0.006069634575396776
        ],
        "mip": [
            0.015890518203377724,
            0.2188924103975296,
            0.011186969466507435
        ],
        "opt_shap": [
            0.0074497708119452,
            0.21649247407913208,
            0.0076055219396948814
        ],
        "opt_objBI": [
            0.006404884159564972,
            0.21221379935741425,
            0.00605767173692584
        ]
    },
    "shap": {
        "full": [
            4.3214461697971274e-07,
            2.5900171749526635e-06,
            0.0
        ],
        "partial": [
            -7.295198543033621e-07,
            3.4098625292244833e-06
        ],
        "mip": [
            8.826553994367714e-07,
            2.2566557163372636e-05
        ],
        "opt_shap": [
            3.1585889246343868e-06,
            -9.20295690320927e-07
        ],
        "opt_objBI": [
            -1.0308340279152617e-05,
            -3.3731460007402347e-06
        ]
    },
    "di": {
        "full": 0.7089558610091351,
        "partial": 0.7318828165153333,
        "mip": 0.7409313094931824,
        "opt_shap": 0.727771115298955,
        "opt_objBI": 0.727771115298955
    },
    "dd": {
        "full": -0.27315705128205137,
        "partial": -0.25080128205128205,
        "mip": -0.24206730769230766,
        "opt_shap": -0.2546474358974359,
        "opt_objBI": -0.2546474358974359
    },
    "eqopp": {
        "full": -0.19662584783218895,
        "partial": -0.17689162410922632,
        "mip": -0.1676036984126319,
        "opt_shap": -0.1784396117253254,
        "opt_objBI": -0.1799875993414245
    },
    "eqodd": {
        "full": 0.2729345101530883,
        "partial": 0.24938363505573863,
        "mip": 0.23993915770253754,
        "opt_shap": 0.25396473546277293,
        "opt_objBI": 0.2534696937378276
    }
}