{
    "error": {
        "full": 31.623035430908203,
        "partial": 32.67015838623047,
        "mip": 33.298431396484375,
        "adv_deb": 32.251312255859375,
        "eo_cal": 32.77486801147461,
        "re_weigh": 37.3822021484375,
        "dp_exp": 43.76963424682617,
        "eo_exp": 42.513092041015625,
        "tpr_exp": 38.21989440917969,
        "er_exp": 33.82198715209961,
        "opt_shap": 32.46073532104492,
        "opt_objBI": 32.56544494628906
    },
    "objBI": {
        "full": [
            0.03221147134900093,
            0.11812850832939148,
            0.007571918424218893,
            0.005883320700377226,
            0.011480140499770641,
            0.14658868312835693,
            0.01750379428267479,
            0.03446485847234726
        ],
        "partial": [
            0.036516498774290085,
            0.13835057616233826,
            0.01911092922091484,
            0.014304651878774166,
            0.021474217996001244,
            0.14688549935817719,
            0.020580345764756203,
            0.013957862742245197
        ],
        "mip": [
            0.038654766976833344,
            0.12469083815813065,
            0.009725254029035568,
            0.008029048331081867,
            0.01295492984354496,
            0.13026265799999237,
            0.01611149311065674,
            0.006916412152349949
        ],
        "adv_deb": [
            0.03087059035897255,
            0.13369913399219513,
            0.013273906894028187,
            0.0050568487495183945,
            0.015250707045197487,
            0.14908817410469055,
            0.012220370583236217,
            0.02377300336956978
        ],
        "eo_cal": [
            0.02942890115082264,
            0.07199425250291824,
            0.019968578591942787,
            0.017394959926605225,
            0.020490435883402824,
            0.073808953166008,
            0.019250748679041862,
            0.08657412230968475
        ],
        "re_weigh": [
            0.03404064103960991,
            0.14135143160820007,
            0.013631783425807953,
            0.011842931620776653,
            0.015898695215582848,
            0.14276601374149323,
            0.01868573948740959,
            0.05463113635778427
        ],
        "dp_exp": [
            0.08166443556547165,
            0.11802047491073608,
            0.007346447557210922,
            0.07835077494382858,
            0.05473775044083595,
            0.25721797347068787,
            0.09781310707330704,
            0.00027840794064104557
        ],
        "eo_exp": [
            0.11242222040891647,
            0.07737906277179718,
            0.05674929544329643,
            0.0942305251955986,
            0.07789716124534607,
            0.24076366424560547,
            0.13056933879852295,
            0.041668809950351715
        ],
        "tpr_exp": [
            0.046381544321775436,
            0.10824671387672424,
            0.05073873698711395,
            0.04572532698512077,
            0.10592558234930038,
            0.30116093158721924,
            0.05393805354833603,
            0.03870195150375366
        ],
        "er_exp": [
            0.10453920066356659,
            0.29802387952804565,
            0.008633580058813095,
            0.010722829028964043,
            0.023282980546355247,
            0.3145316243171692,
            0.003198152408003807,
            0.004961875267326832
        ],
        "opt_shap": [
            0.029458530247211456,
            0.12182983756065369,
            0.01007748395204544,
            0.004158059135079384,
            0.009988170117139816,
            0.15932905673980713,
            0.016975656151771545,
            0.003605396719649434
        ],
        "opt_objBI": [
            0.040138863027095795,
            0.12036018073558807,
            0.023697666823863983,
            0.014389831572771072,
            0.018720710650086403,
            0.15175975859165192,
            0.020589299499988556,
            0.01386220846325159
        ]
    },
    "shap": {
        "full": [
            0.02818475291132927,
            0.12422002106904984,
            0.0056220353581011295,
            0.0010648504830896854,
            0.008573701605200768,
            0.14438140392303467,
            0.0127181988209486,
            0.030628621578216553
        ],
        "partial": [
            0.029550235718488693,
            0.13220246136188507,
            0.005897033028304577,
            0.0010361050954088569,
            0.008225256577134132,
            0.1477670967578888,
            0.013516498729586601
        ],
        "mip": [
            0.03206654638051987,
            0.12910278141498566,
            0.00325586786493659,
            0.0017398156924173236,
            0.008119196631014347,
            0.1384098082780838,
            0.011858928017318249
        ],
        "adv_deb": [
            0.031120600178837776,
            0.13288447260856628,
            0.004532447550445795,
            0.005146990064531565,
            0.00845547765493393,
            0.1446179896593094,
            0.01459582056850195,
            0.023330828174948692
        ],
        "eo_cal": [
            0.019334230571985245,
            0.07083514332771301,
            0.0025940975174307823,
            0.0034621544182300568,
            0.006461119744926691,
            0.08214012533426285,
            0.004868366755545139,
            0.09316236525774002
        ],
        "re_weigh": [
            0.03248698264360428,
            0.13080082833766937,
            0.0031591260340064764,
            0.0017438704380765557,
            0.008303051814436913,
            0.13780272006988525,
            0.01172360498458147,
            0.05257226526737213
        ],
        "dp_exp": [
            0.0747242122888565,
            0.11145182698965073,
            0.0031753070652484894,
            0.05587003380060196,
            0.05084079131484032,
            0.28435975313186646,
            0.09759024530649185,
            0.0
        ],
        "eo_exp": [
            0.10204122960567474,
            0.06973434239625931,
            0.012540789321064949,
            0.06094137206673622,
            0.051350466907024384,
            0.26745089888572693,
            0.11191748827695847,
            0.0
        ],
        "tpr_exp": [
            0.0464966855943203,
            0.1576576679944992,
            0.012743617407977581,
            0.009543695487082005,
            0.06177406385540962,
            0.3033319115638733,
            0.043506212532520294,
            0.0
        ],
        "er_exp": [
            0.10098133981227875,
            0.2915295660495758,
            0.0027654366567730904,
            0.0056165661662817,
            0.012193575501441956,
            0.3149658143520355,
            0.017824500799179077,
            0.0
        ],
        "opt_shap": [
            0.028142206370830536,
            0.12285521626472473,
            0.0052490076050162315,
            0.0010383661137893796,
            0.006902691908180714,
            0.152990460395813,
            0.013446819968521595
        ],
        "opt_objBI": [
            0.02811385877430439,
            0.12353107333183289,
            0.0056140609085559845,
            0.0016196626238524914,
            0.00819240789860487,
            0.14448575675487518,
            0.012490439228713512
        ]
    },
    "di": {
        "full": 0.3893533094488474,
        "partial": 0.5113453998821784,
        "mip": 0.5005159744298309,
        "adv_deb": 0.42940243257535693,
        "eo_cal": 0.24772313296903462,
        "re_weigh": 0.8971919410464804,
        "dp_exp": 0.8351114580622777,
        "eo_exp": 0.811558205000828,
        "tpr_exp": 0.7276464693016145,
        "er_exp": 0.5324590163934426,
        "opt_shap": 0.5485941381023348,
        "opt_objBI": 0.5111432551162542
    },
    "dd": {
        "full": -0.4542248781932219,