{
    "error": {
        "full": 27.25,
        "partial": 27.64999771118164,
        "mip": 27.549999237060547,
        "adv_deb": 27.149999618530273,
        "eo_cal": 27.799999237060547,
        "re_weigh": 27.700000762939453,
        "dp_exp": 29.249998092651367,
        "eo_exp": 29.499998092651367,
        "tpr_exp": 29.350000381469727,
        "er_exp": 34.79999923706055,
        "opt_shap": 27.599998474121094,
        "opt_objBI": 27.549999237060547
    },
    "objBI": {
        "full": [
            0.006137951277196407,
            0.19925756752490997,
            0.010922698304057121
        ],
        "partial": [
            0.007705208845436573,
            0.200005903840065,
            0.0007325343322008848
        ],
        "mip": [
            0.017525523900985718,
            0.2000955194234848,
            0.0162526685744524
        ],
        "adv_deb": [
            0.013548733666539192,
            0.20674389600753784,
            0.013569689355790615
        ],
        "eo_cal": [
            0.009409590624272823,
            0.11092431098222733,
            0.040566470474004745
        ],
        "re_weigh": [
            0.015273723751306534,
            0.20628812909126282,
            0.0750841274857521
        ],
        "dp_exp": [
            0.07062089443206787,
            0.026190446689724922,
            0.00820593349635601
        ],
        "eo_exp": [
            0.056645553559064865,
            0.04427441954612732,
            0.005608405452221632
        ],
        "tpr_exp": [
            0.053116776049137115,
            0.050094760954380035,
            0.0013523437082767487
        ],
        "er_exp": [
            0.2280569225549698,
            0.1503060758113861,
            0.005460580810904503
        ],
        "opt_shap": [
            0.021107373759150505,
            0.21084323525428772,
            0.020437736064195633
        ],
        "opt_objBI": [
            0.0047223507426679134,
            0.19206978380680084,
            0.002903181593865156
        ]
    },
    "shap": {
        "full": [
            0.0042099738493561745,
            0.19442012906074524,
            0.0
        ],
        "partial": [
            0.00752373319119215,
            0.19921813905239105
        ],
        "mip": [
            0.008884877897799015,
            0.20319974422454834
        ],
        "adv_deb": [
            0.015100804157555103,
            0.20307455956935883
        ],
        "eo_cal": [
            0.008495332673192024,
            0.111600860953331
        ],
        "re_weigh": [
            0.013844190165400505,
            0.20584823191165924
        ],
        "dp_exp": [
            0.07729646563529968,
            0.043406225740909576
        ],
        "eo_exp": [
            0.0787392407655716,
            0.05434076860547066
        ],
        "tpr_exp": [
            0.06901384145021439,
            0.057315561920404434
        ],
        "er_exp": [
            0.2554938793182373,
            0.15501831471920013
        ],
        "opt_shap": [
            0.003815040457993746,
            0.19621534645557404
        ],
        "opt_objBI": [
            0.0037914200220257044,
            0.1948336809873581
        ]
    },
    "di": {
        "full": 0.7011302209213097,
        "partial": 0.7364550559897155,
        "mip": 0.7737409391742831,
        "adv_deb": 0.8119979160904829,
        "eo_cal": 0.7375249500998003,
        "re_weigh": 0.9567950712747734,
        "dp_exp": 0.967936777801391,
        "eo_exp": 0.9452229775620454,
        "tpr_exp": 0.9474977506127641,
        "er_exp": 0.9468224045735688,
        "opt_shap": 0.7499105712223485,
        "opt_objBI": 0.7533365472444941
    },
    "dd": {
        "full": -0.2812011248044992,
        "partial": -0.24928499713998853,
        "mip": -0.21537686150744595,
        "adv_deb": -0.17538070152280605,
        "eo_cal": -0.26247504990019965,
        "re_weigh": -0.03848615394461574,
        "dp_exp": -0.04079016316065265,
        "eo_exp": -0.05175220700882799,
        "tpr_exp": -0.047764191056764216,
        "er_exp": -0.014804059216236842,
        "opt_shap": -0.23630694522778095,
        "opt_objBI": -0.23331693326773306
    },
    "eqopp": {
        "full": -0.1977941176470588,
        "partial": -0.17637003519356464,
        "mip": -0.14081825037707385,
        "adv_deb": -0.1124371543489191,
        "eo_cal": -0.16666666666666663,
        "re_weigh": -0.006039467068878812,
        "dp_exp": -0.008396178984414249,
        "eo_exp": -0.027752639517345412,
        "tpr_exp": -0.021342383107088914,
        "er_exp": 0.04433132227249881,
        "opt_shap": -0.1638448969331322,
        "opt_objBI": -0.16194695827048766
    },
    "eqodd": {
        "full": 0.28569452459095224,
        "partial": 0.2523197225040194,
        "mip": 0.2227866713429071,
        "adv_deb": 0.17094028846269443,
        "eo_cal": 0.2936507936507936,
        "re_weigh": 0.01644594331258052,
        "dp_exp": 0.03261133017823244,
        "eo_exp": 0.04545873382183654,
        "tpr_exp": 0.053593740511501176,
        "er_exp": 0.03982627037095607,
        "opt_shap": 0.23944339676004658,
        "opt_objBI": 0.23584892478322167
    }
}