{
    "error": {
        "full": 26.44999885559082,
        "partial": 26.649999618530273,
        "mip": 26.30000114440918,
        "adv_deb": 26.649999618530273,
        "eo_cal": 27.149999618530273,
        "re_weigh": 27.75,
        "dp_exp": 29.600000381469727,
        "eo_exp": 29.69999885559082,
        "tpr_exp": 29.149999618530273,
        "er_exp": 36.599998474121094,
        "opt_shap": 26.69999885559082,
        "opt_objBI": 26.750001907348633
    },
    "objBI": {
        "full": [
            0.011973777785897255,
            0.18085545301437378,
            0.010135816410183907
        ],
        "partial": [
            0.012858608737587929,
            0.18972279131412506,
            0.010293113067746162
        ],
        "mip": [
            0.011719302274286747,
            0.19173046946525574,
            0.004259620327502489
        ],
        "adv_deb": [
            0.01524108462035656,
            0.18509314954280853,
            0.007979923859238625
        ],
        "eo_cal": [
            0.002966056577861309,
            0.10380372405052185,
            0.052565764635801315
        ],
        "re_weigh": [
            0.009151667356491089,
            0.18885532021522522,
            0.06655235588550568
        ],
        "dp_exp": [
            0.028278052806854248,
            0.03443223983049393,
            0.004268075805157423
        ],
        "eo_exp": [
            0.06224873661994934,
            0.04829147458076477,
            0.0025321710854768753
        ],
        "tpr_exp": [
            0.031854115426540375,
            0.06400945037603378,
            0.0106373131275177
        ],
        "er_exp": [
            0.1413390040397644,
            0.15959805250167847,
            0.006366072688251734
        ],
        "opt_shap": [
            0.014497608877718449,
            0.18117347359657288,
            0.010657797567546368
        ],
        "opt_objBI": [
            0.012595285661518574,
            0.19054391980171204,
            0.002186208963394165
        ]
    },
    "shap": {
        "full": [
            0.012051692232489586,
            0.18541769683361053,
            0.0
        ],
        "partial": [
            0.008765710517764091,
            0.1895446479320526
        ],
        "mip": [
            0.01056656800210476,
            0.18926586210727692
        ],
        "adv_deb": [
            0.01939721405506134,
            0.18831966817378998
        ],
        "eo_cal": [
            0.002603356260806322,
            0.10205674916505814
        ],
        "re_weigh": [
            0.00854598730802536,
            0.19071370363235474
        ],
        "dp_exp": [
            0.03220801800489426,
            0.03487101569771767
        ],
        "eo_exp": [
            0.06418786942958832,
            0.055934805423021317
        ],
        "tpr_exp": [
            0.03539726138114929,
            0.06710465997457504
        ],
        "er_exp": [
            0.14265581965446472,
            0.17660650610923767
        ],
        "opt_shap": [
            0.012534931302070618,
            0.1855679750442505
        ],
        "opt_objBI": [
            0.012401812709867954,
            0.18592335283756256
        ]
    },
    "di": {
        "full": 0.7632314937205676,
        "partial": 0.7440714019103849,
        "mip": 0.7928157802896842,
        "adv_deb": 0.7792186758783836,
        "eo_cal": 0.7387387387387387,
        "re_weigh": 0.9607627649896837,
        "dp_exp": 0.9754724174276109,
        "eo_exp": 0.9853366880393907,
        "tpr_exp": 0.9537003670337004,
        "er_exp": 0.9656448901731921,
        "opt_shap": 0.7573025657236184,
        "opt_objBI": 0.7562478267741426
    },
    "dd": {
        "full": -0.2273072273072273,
        "partial": -0.24135524135524145,
        "mip": -0.1982841982841983,
        "adv_deb": -0.21129721129721135,
        "eo_cal": -0.26126126126126126,
        "re_weigh": -0.035239035239035266,
        "dp_exp": -0.015055015055015053,
        "eo_exp": -0.020096020096020073,
        "tpr_exp": -0.0450890450890451,
        "er_exp": -0.0616170616170616,
        "opt_shap": -0.23033223033223027,
        "opt_objBI": -0.23133323133323125
    },
    "eqopp": {
        "full": -0.1419575793607596,
        "partial": -0.16099076392319733,
        "mip": -0.11787092938546173,
        "adv_deb": -0.1341575743366018,
        "eo_cal": -0.1596091205211726,
        "re_weigh": -0.017421267260075535,
        "dp_exp": -0.005061839009236069,
        "eo_exp": -0.0010383259506125952,
        "tpr_exp": -0.01817907773209515,
        "er_exp": -0.02649405893337131,
        "opt_shap": -0.1489034775545749,
        "opt_objBI": -0.1505321420496889
    },
    "eqodd": {
        "full": 0.23310679620300515,
        "partial": 0.2393271331700315,
        "mip": 0.20099475069820522,
        "adv_deb": 0.21303417706987915,
        "eo_cal": 0.29149287194889795,
        "re_weigh": 0.017388054863512817,
        "dp_exp": 0.017142413236427175,
        "eo_exp": 0.00901334462519298,
        "tpr_exp": 0.06416311663721959,
        "er_exp": 0.0762719636632557,
        "opt_shap": 0.23186248946158072,
        "opt_objBI": 0.23267682170913773
    }
}