{
    "error": {
        "full": 27.599998474121094,
        "partial": 27.549999237060547,
        "mip": 27.75,
        "adv_deb": 27.450000762939453,
        "eo_cal": 27.700000762939453,
        "re_weigh": 28.349998474121094,
        "dp_exp": 30.000001907348633,
        "eo_exp": 29.69999885559082,
        "tpr_exp": 30.399999618530273,
        "er_exp": 36.70000076293945,
        "opt_shap": 27.5,
        "opt_objBI": 27.5
    },
    "objBI": {
        "full": [
            0.009602716192603111,
            0.20814034342765808,
            0.012163902632892132
        ],
        "partial": [
            0.00896829180419445,
            0.19631728529930115,
            0.002353659365326166
        ],
        "mip": [
            0.010572848841547966,
            0.20960380136966705,
            0.010699194855988026
        ],
        "adv_deb": [
            0.008905419148504734,
            0.20120766758918762,
            0.006613448727875948
        ],
        "eo_cal": [
            0.007735887076705694,
            0.10545604676008224,
            0.04857896268367767
        ],
        "re_weigh": [
            0.005285912659019232,
            0.20781327784061432,
            0.0777866318821907
        ],
        "dp_exp": [
            0.07968223839998245,
            0.07158123701810837,
            0.007489822804927826
        ],
        "eo_exp": [
            0.0976376011967659,
            0.10530826449394226,
            0.0022311056964099407
        ],
        "tpr_exp": [
            0.09886788576841354,
            0.16633982956409454,
            0.02372647263109684
        ],
        "er_exp": [
            0.2526436448097229,
            0.17106156051158905,
            0.004978864453732967
        ],
        "opt_shap": [
            0.005261559505015612,
            0.19896727800369263,
            0.001847347361035645
        ],
        "opt_objBI": [
            0.0073201898485422134,
            0.18887688219547272,
            0.006229327991604805
        ]
    },
    "shap": {
        "full": [
            0.0006132969283498824,
            0.20257481932640076,
            0.0
        ],
        "partial": [
            0.008875880390405655,
            0.18840767443180084
        ],
        "mip": [
            0.0024610089603811502,
            0.2074422985315323
        ],
        "adv_deb": [
            0.009276050142943859,
            0.20520658791065216
        ],
        "eo_cal": [
            0.0025314430240541697,
            0.11131466925144196
        ],
        "re_weigh": [
            0.0023632459342479706,
            0.20775403082370758
        ],
        "dp_exp": [
            0.0993262454867363,
            0.07842623442411423
        ],
        "eo_exp": [
            0.11716765910387039,
            0.11610395461320877
        ],
        "tpr_exp": [
            0.09573949873447418,
            0.16945569217205048
        ],
        "er_exp": [
            0.2388388216495514,
            0.1730061024427414
        ],
        "opt_shap": [
            0.004825930576771498,
            0.19439145922660828
        ],
        "opt_objBI": [
            0.004836102481931448,
            0.19333525002002716
        ]
    },
    "di": {
        "full": 0.7542112673667069,
        "partial": 0.8011615713479068,
        "mip": 0.7833471346007734,
        "adv_deb": 0.7319557078521313,
        "eo_cal": 0.7193675889328063,
        "re_weigh": 0.9591767943555835,
        "dp_exp": 0.9720306216469898,
        "eo_exp": 0.9449310379542938,
        "tpr_exp": 0.8855678757564098,
        "er_exp": 0.9180201483220279,
        "opt_shap": 0.7888210940131581,
        "opt_objBI": 0.7888210940131581
    },
    "dd": {
        "full": -0.2318573874637948,
        "partial": -0.18736698084524173,
        "mip": -0.20305724024259497,
        "adv_deb": -0.25692099662351386,
        "eo_cal": -0.2806324110671937,
        "re_weigh": -0.0353690931494135,
        "dp_exp": -0.01909474964394875,
        "eo_exp": -0.050403258069162016,
        "tpr_exp": -0.10870365332607901,
        "er_exp": -0.02061496855547207,
        "opt_shap": -0.19814053223664208,
        "opt_objBI": -0.19814053223664208
    },
    "eqopp": {
        "full": -0.16135411819450907,
        "partial": -0.1255234993020009,
        "mip": -0.1383367679319284,
        "adv_deb": -0.18388120720600942,
        "eo_cal": -0.19218241042345274,
        "re_weigh": -0.009140464003190907,
        "dp_exp": -0.020287675330718624,
        "eo_exp": -0.03451356112477566,
        "tpr_exp": -0.05468490327727171,
        "er_exp": -0.03797862793325801,
        "opt_shap": -0.13146895566044003,
        "opt_objBI": -0.13146895566044003
    },
    "eqodd": {
        "full": 0.22687372871987743,
        "partial": 0.17886924792669265,
        "mip": 0.19538771591985127,
        "adv_deb": 0.25541730081455266,
        "eo_cal": 0.3046339187795656,
        "re_weigh": 0.014694382164173042,
        "dp_exp": 0.01763603359272113,
        "eo_exp": 0.024356666209279162,
        "tpr_exp": 0.07812350321923735,
        "er_exp": 0.018274084264187113,
        "opt_shap": 0.19069752837707193,
        "opt_objBI": 0.19069752837707193
    }
}