{
    "error": {
        "full": 27.100000381469727,
        "partial": 28.450000762939453,
        "mip": 27.149999618530273,
        "adv_deb": 28.5,
        "eo_cal": 27.700000762939453,
        "re_weigh": 28.5,
        "dp_exp": 30.25,
        "eo_exp": 30.05000114440918,
        "tpr_exp": 30.19999885559082,
        "er_exp": 33.04999923706055,
        "opt_shap": 28.299999237060547,
        "opt_objBI": 28.299999237060547
    },
    "objBI": {
        "full": [
            0.016051078215241432,
            0.19357344508171082,
            0.01069565024226904
        ],
        "partial": [
            0.014729377813637257,
            0.1928488165140152,
            0.00799219124019146
        ],
        "mip": [
            0.0127892279997468,
            0.19403353333473206,
            0.002263345057144761
        ],
        "adv_deb": [
            0.023056138306856155,
            0.18792906403541565,
            0.027843058109283447
        ],
        "eo_cal": [
            0.008006413467228413,
            0.10263869166374207,
            0.023684555664658546
        ],
        "re_weigh": [
            0.015704398974776268,
            0.17592164874076843,
            0.06279157102108002
        ],
        "dp_exp": [
            0.11359819024801254,
            0.12390046566724777,
            0.007814986631274223
        ],
        "eo_exp": [
            0.1280585527420044,
            0.15184146165847778,
            0.01708170399069786
        ],
        "tpr_exp": [
            0.11642606556415558,
            0.14752638339996338,
            0.006325306370854378
        ],
        "er_exp": [
            0.18989618122577667,
            0.1950804442167282,
            0.02534390240907669
        ],
        "opt_shap": [
            0.015929585322737694,
            0.18890982866287231,
            0.007794365286827087
        ],
        "opt_objBI": [
            0.013791406527161598,
            0.19466902315616608,
            0.0012386617017909884
        ]
    },
    "shap": {
        "full": [
            0.014003634452819824,
            0.19211333990097046,
            0.0
        ],
        "partial": [
            0.01376237254589796,
            0.18951402604579926
        ],
        "mip": [
            0.013190513476729393,
            0.19529959559440613
        ],
        "adv_deb": [
            0.02312554232776165,
            0.19533470273017883
        ],
        "eo_cal": [
            0.007678281050175428,
            0.10472235083580017
        ],
        "re_weigh": [
            0.014849438332021236,
            0.1946423053741455
        ],
        "dp_exp": [
            0.11108480393886566,
            0.12000865489244461
        ],
        "eo_exp": [
            0.12445588409900665,
            0.13780206441879272
        ],
        "tpr_exp": [
            0.11447355896234512,
            0.14144475758075714
        ],
        "er_exp": [
            0.19545908272266388,
            0.20481479167938232
        ],
        "opt_shap": [
            0.014072099700570107,
            0.18956811726093292
        ],
        "opt_objBI": [
            0.013895087875425816,
            0.1925412267446518
        ]
    },
    "di": {
        "full": 0.8219463851769909,
        "partial": 0.7756211180124224,
        "mip": 0.8174111602683032,
        "adv_deb": 0.9056758219753814,
        "eo_cal": 0.7602397602397603,
        "re_weigh": 1.002585244835532,
        "dp_exp": 0.9925780740998132,
        "eo_exp": 0.9838690721043662,
        "tpr_exp": 0.9837916738245325,
        "er_exp": 1.0194644065611809,
        "opt_shap": 0.7791133947485739,
        "opt_objBI": 0.7769461808549756
    },
    "dd": {
        "full": -0.1677161677161677,
        "partial": -0.20663520663520663,
        "mip": -0.1727191727191727,
        "adv_deb": -0.0857320857320858,
        "eo_cal": -0.23976023976023975,
        "re_weigh": 0.0022540022540022964,
        "dp_exp": -0.004835004835004875,
        "eo_exp": -0.016819016819016763,
        "tpr_exp": -0.03281503281503284,
        "er_exp": -0.006505006505006405,
        "opt_shap": -0.20364020364020363,
        "opt_objBI": -0.20563820563820567
    },
    "eqopp": {
        "full": -0.10266064727222768,
        "partial": -0.14450917583000822,
        "mip": -0.1068754722164984,
        "adv_deb": -0.05129598061804941,
        "eo_cal": -0.14691943127962082,
        "re_weigh": 0.014811207063422205,
        "dp_exp": 0.011632916846186947,
        "eo_exp": -0.0025850926324860746,
        "tpr_exp": -0.013912044408644464,
        "er_exp": 0.07313189592192271,
        "opt_shap": -0.14108736239377084,
        "opt_objBI": -0.14266714122473445
    },
    "eqodd": {
        "full": 0.17207307725930224,
        "partial": 0.20902995023384469,
        "mip": 0.17834715639810428,
        "adv_deb": 0.07519509175830007,
        "eo_cal": 0.27318797650937565,
        "re_weigh": 0.02932589338678357,
        "dp_exp": 0.003625412896739927,
        "eo_exp": 0.0023795028379821753,
        "tpr_exp": 0.00799419602994711,
        "er_exp": 0.03868908797432391,
        "opt_shap": 0.2059603478635521,
        "opt_objBI": 0.2081089329312078
    }
}