{
    "error": {
        "full": 26.30000114440918,
        "partial": 26.80000114440918,
        "mip": 26.750001907348633,
        "adv_deb": 27.149999618530273,
        "eo_cal": 27.25,
        "re_weigh": 28.049999237060547,
        "dp_exp": 29.399999618530273,
        "eo_exp": 28.899999618530273,
        "tpr_exp": 29.0,
        "er_exp": 34.79999923706055,
        "opt_shap": 26.750001907348633,
        "opt_objBI": 26.750001907348633
    },
    "objBI": {
        "full": [
            0.029425857588648796,
            0.14358767867088318,
            0.03233201429247856
        ],
        "partial": [
            0.018812771886587143,
            0.17926281690597534,
            0.018827054649591446
        ],
        "mip": [
            0.015899967402219772,
            0.18384671211242676,
            0.016012102365493774
        ],
        "adv_deb": [
            0.006645738612860441,
            0.19969692826271057,
            0.006704322062432766
        ],
        "eo_cal": [
            0.004157252609729767,
            0.08950839936733246,
            0.048500049859285355
        ],
        "re_weigh": [
            0.003315323730930686,
            0.18645299971103668,
            0.0628175213932991
        ],
        "dp_exp": [
            0.07060196995735168,
            0.027039946988224983,
            0.017739254981279373
        ],
        "eo_exp": [
            0.09585320949554443,
            0.03511756658554077,
            0.00839295331388712
        ],
        "tpr_exp": [
            0.06361222267150879,
            0.036330074071884155,
            0.025896968320012093
        ],
        "er_exp": [
            0.1863868683576584,
            0.15008334815502167,
            0.009254798293113708
        ],
        "opt_shap": [
            0.0057714832946658134,
            0.17322298884391785,
            0.00454727141186595
        ],
        "opt_objBI": [
            0.00533050112426281,
            0.19477947056293488,
            0.003228109097108245
        ]
    },
    "shap": {
        "full": [
            0.029147867113351822,
            0.14532291889190674,
            0.0
        ],
        "partial": [
            0.0003049402730539441,
            0.18760263919830322
        ],
        "mip": [
            0.004260094370692968,
            0.18182110786437988
        ],
        "adv_deb": [
            0.013852800242602825,
            0.19358761608600616
        ],
        "eo_cal": [
            0.003707530442625284,
            0.10060416907072067
        ],
        "re_weigh": [
            0.0031237942166626453,
            0.18865051865577698
        ],
        "dp_exp": [
            0.08454997837543488,
            0.03890793398022652
        ],
        "eo_exp": [
            0.09303519874811172,
            0.045604195445775986
        ],
        "tpr_exp": [
            0.07669927924871445,
            0.04843180626630783
        ],
        "er_exp": [
            0.2149980217218399,
            0.1706746220588684
        ],
        "opt_shap": [
            0.0043920851312577724,
            0.1832791119813919
        ],
        "opt_objBI": [
            0.004424933809787035,
            0.18346603214740753
        ]
    },
    "di": {
        "full": 0.7438359096438061,
        "partial": 0.8008216572890563,
        "mip": 0.8210423121484255,
        "adv_deb": 0.8141856506938989,
        "eo_cal": 0.7492537313432835,
        "re_weigh": 0.9787607004884359,
        "dp_exp": 0.995310376914577,
        "eo_exp": 0.9889874661029616,
        "tpr_exp": 0.9816237959140468,
        "er_exp": 0.9791551184928179,
        "opt_shap": 0.8210423121484255,
        "opt_objBI": 0.8210423121484255
    },
    "dd": {
        "full": -0.2453511337783445,
        "partial": -0.18956973924348108,
        "mip": -0.1706842671066776,
        "adv_deb": -0.17031425785644638,
        "eo_cal": -0.25074626865671645,
        "re_weigh": -0.018720468011700242,
        "dp_exp": -0.005390134753368803,
        "eo_exp": -0.010315257881447049,
        "tpr_exp": -0.015380384509612766,
        "er_exp": -0.006145153628840716,
        "opt_shap": -0.1706842671066776,
        "opt_objBI": -0.1706842671066776
    },
    "eqopp": {
        "full": -0.15957126235696895,
        "partial": -0.1291967656340245,
        "mip": -0.10981065901043807,
        "adv_deb": -0.1178296098504189,
        "eo_cal": -0.1518578352180937,
        "re_weigh": 0.003726970627872195,
        "dp_exp": -0.001222094804422924,
        "eo_exp": -0.0025027831953593482,
        "tpr_exp": -0.008979467133183205,
        "er_exp": 0.06424577498388684,
        "opt_shap": -0.10981065901043807,
        "opt_objBI": -0.10981065901043807
    },
    "eqodd": {
        "full": 0.24887064709428175,
        "partial": 0.18102185919889846,
        "mip": 0.16415507973175775,
        "adv_deb": 0.1507733518245333,
        "eo_cal": 0.28059213004428,
        "re_weigh": 0.013684159586107844,
        "dp_exp": 0.013890396060739281,
        "eo_exp": 0.015746618172247207,
        "tpr_exp": 0.010225810148296564,
        "er_exp": 0.03947589463229073,
        "opt_shap": 0.16415507973175775,
        "opt_objBI": 0.16415507973175775
    }
}