{
    "error": {
        "full": 26.249998092651367,
        "partial": 26.249998092651367,
        "mip": 26.350000381469727,
        "adv_deb": 26.69999885559082,
        "eo_cal": 27.05000114440918,
        "re_weigh": 28.450000762939453,
        "dp_exp": 30.399999618530273,
        "eo_exp": 29.94999885559082,
        "tpr_exp": 30.19999885559082,
        "er_exp": 37.20000076293945,
        "opt_shap": 26.44999885559082,
        "opt_objBI": 26.499998092651367
    },
    "objBI": {
        "full": [
            0.012379234656691551,
            0.18505463004112244,
            0.005356909707188606
        ],
        "partial": [
            0.00923813134431839,
            0.18775777518749237,
            0.0010447913082316518
        ],
        "mip": [
            0.010823660530149937,
            0.1845727413892746,
            0.006811285857111216
        ],
        "adv_deb": [
            0.014931024983525276,
            0.19102051854133606,
            0.009372033178806305
        ],
        "eo_cal": [
            0.007013880182057619,
            0.092877596616745,
            0.022032340988516808
        ],
        "re_weigh": [
            0.012760119512677193,
            0.19314520061016083,
            0.06061716377735138
        ],
        "dp_exp": [
            0.02992282807826996,
            0.0354795940220356,
            0.005972122773528099
        ],
        "eo_exp": [
            0.06030247360467911,
            0.05656503140926361,
            0.004173592198640108
        ],
        "tpr_exp": [
            0.02083856798708439,
            0.04470495879650116,
            0.002950213383883238
        ],
        "er_exp": [
            0.15318207442760468,
            0.17271001636981964,
            0.009336710907518864
        ],
        "opt_shap": [
            0.01317618414759636,
            0.1814921349287033,
            0.005387721583247185
        ],
        "opt_objBI": [
            0.012838376685976982,
            0.18256646394729614,
            0.0045913043431937695
        ]
    },
    "shap": {
        "full": [
            0.011437324807047844,
            0.1848410964012146,
            0.0
        ],
        "partial": [
            0.009167074225842953,
            0.19106580317020416
        ],
        "mip": [
            0.009467437863349915,
            0.18995386362075806
        ],
        "adv_deb": [
            0.020042257383465767,
            0.1873721182346344
        ],
        "eo_cal": [
            0.006381445098668337,
            0.1030392050743103
        ],
        "re_weigh": [
            0.01065889373421669,
            0.19174310564994812
        ],
        "dp_exp": [
            0.03789502754807472,
            0.036222927272319794
        ],
        "eo_exp": [
            0.07461646944284439,
            0.06956225633621216
        ],
        "tpr_exp": [
            0.029868537560105324,
            0.04719046130776405
        ],
        "er_exp": [
            0.15916720032691956,
            0.17643605172634125
        ],
        "opt_shap": [
            0.01237936969846487,
            0.18600091338157654
        ],
        "opt_objBI": [
            0.012349388562142849,
            0.1857653260231018
        ]
    },
    "di": {
        "full": 0.8017924240885549,
        "partial": 0.8120324295047562,
        "mip": 0.8140804305879964,
        "adv_deb": 0.8400172265288545,
        "eo_cal": 0.7742248062015504,
        "re_weigh": 0.9871794871794872,
        "dp_exp": 0.9886058816291374,
        "eo_exp": 0.9662857524726008,
        "tpr_exp": 0.9676362715547169,
        "er_exp": 1.01693040949253,
        "opt_shap": 0.8226501674384865,
        "opt_objBI": 0.8216295096625083
    },
    "dd": {
        "full": -0.187560061502979,
        "partial": -0.17787013902235882,
        "mip": -0.17593215452623479,
        "adv_deb": -0.14874431417771794,
        "eo_cal": -0.22577519379844957,
        "re_weigh": -0.011363636363636354,
        "dp_exp": -0.017193606252802862,
        "eo_exp": -0.033354154654366086,
        "tpr_exp": -0.03385867127939013,
        "er_exp": 0.0012252546607726122,
        "opt_shap": -0.16837241335127162,
        "opt_objBI": -0.16934140559933364
    },
    "eqopp": {
        "full": -0.11170827348312484,
        "partial": -0.10383425773509336,
        "mip": -0.10383425773509336,
        "adv_deb": -0.075500382691844,
        "eo_cal": -0.12598425196850394,
        "re_weigh": 0.010000314541241506,
        "dp_exp": -0.01793723853759288,
        "eo_exp": -0.02800046132715439,
        "tpr_exp": -0.020600354383132236,
        "er_exp": 0.04766977363515312,
        "opt_shap": -0.10019816098220746,
        "opt_objBI": -0.10177296413181369
    },
    "eqodd": {
        "full": 0.1838474970823673,
        "partial": 0.17361325998920799,
        "mip": 0.17109436830155056,
        "adv_deb": 0.14497720500829764,
        "eo_cal": 0.25568734009004546,
        "re_weigh": 0.018592886147334356,
        "dp_exp": 0.017277613276748843,
        "eo_exp": 0.023863000011282123,
        "tpr_exp": 0.01608278803710445,
        "er_exp": 0.021705319933965628,
        "opt_shap": 0.16276434648374438,
        "opt_objBI": 0.1635517480585475
    }
}