{
    "error": {
        "full": 26.55000114440918,
        "partial": 27.000001907348633,
        "mip": 26.750001907348633,
        "adv_deb": 26.850000381469727,
        "eo_cal": 27.149999618530273,
        "re_weigh": 26.649999618530273,
        "dp_exp": 29.649999618530273,
        "eo_exp": 29.399999618530273,
        "tpr_exp": 28.5,
        "er_exp": 36.5,
        "opt_shap": 27.000001907348633,
        "opt_objBI": 26.69999885559082
    },
    "objBI": {
        "full": [
            0.006239865906536579,
            0.20345623791217804,
            0.014401813969016075
        ],
        "partial": [
            0.00260723102837801,
            0.20295630395412445,
            0.002613611053675413
        ],
        "mip": [
            0.013988289050757885,
            0.2037152796983719,
            0.01403051521629095
        ],
        "adv_deb": [
            0.011387474834918976,
            0.199909970164299,
            0.012867451645433903
        ],
        "eo_cal": [
            0.017559070140123367,
            0.11427684128284454,
            0.06253551691770554
        ],
        "re_weigh": [
            0.006173690315335989,
            0.20788437128067017,
            0.06767607480287552
        ],
        "dp_exp": [
            0.0713723748922348,
            0.08605381846427917,
            0.00432224664837122
        ],
        "eo_exp": [
            0.1133861243724823,
            0.10618813335895538,
            0.019569410011172295
        ],
        "tpr_exp": [
            0.08023574203252792,
            0.09952134639024734,
            0.006018606014549732
        ],
        "er_exp": [
            0.21757015585899353,
            0.18876789510250092,
            0.0011508959578350186
        ],
        "opt_shap": [
            0.01813150942325592,
            0.20643900334835052,
            0.017999345436692238
        ],
        "opt_objBI": [
            0.007539256010204554,
            0.2044041007757187,
            0.006875649094581604
        ]
    },
    "shap": {
        "full": [
            0.006186964921653271,
            0.20075660943984985,
            0.0
        ],
        "partial": [
            0.0005229812231846154,
            0.20627328753471375
        ],
        "mip": [
            0.0037330107297748327,
            0.20783309638500214
        ],
        "adv_deb": [
            0.015154372900724411,
            0.20847676694393158
        ],
        "eo_cal": [
            4.8874055210035294e-05,
            0.11437327414751053
        ],
        "re_weigh": [
            0.004177280236035585,
            0.2113097757101059
        ],
        "dp_exp": [
            0.06620791554450989,
            0.07336907833814621
        ],
        "eo_exp": [
            0.11034899950027466,
            0.10776765644550323
        ],
        "tpr_exp": [
            0.06799876689910889,
            0.09985437244176865
        ],
        "er_exp": [
            0.22139596939086914,
            0.20107348263263702
        ],
        "opt_shap": [
            0.004571213852614164,
            0.20670782029628754
        ],
        "opt_objBI": [
            0.004597206134349108,
            0.2012542486190796
        ]
    },
    "di": {
        "full": 0.7416866565153001,
        "partial": 0.7345257268797153,
        "mip": 0.7626179547911837,
        "adv_deb": 0.7215726567414553,
        "eo_cal": 0.7081673306772909,
        "re_weigh": 0.9497447996034297,
        "dp_exp": 0.95725962130858,
        "eo_exp": 0.9539987016789074,
        "tpr_exp": 0.9367483625868045,
        "er_exp": 0.9258964143426295,
        "opt_shap": 0.7363644463678832,
        "opt_objBI": 0.7563848529529813
    },
    "dd": {
        "full": -0.24767996287940608,
        "partial": -0.2505480087681402,
        "mip": -0.22570361125778016,
        "adv_deb": -0.2655682490919854,
        "eo_cal": -0.2918326693227091,
        "re_weigh": -0.04379670074721187,
        "dp_exp": -0.03564857037712599,
        "eo_exp": -0.04533672538760625,
        "tpr_exp": -0.06156098497575968,
        "er_exp": -0.049256788108609784,
        "opt_shap": -0.2485479767676282,
        "opt_objBI": -0.2306516904270468
    },
    "eqopp": {
        "full": -0.16598230974141615,
        "partial": -0.1712406098030187,
        "mip": -0.14680559848116914,
        "adv_deb": -0.18805203215110933,
        "eo_cal": -0.18555008210180624,
        "re_weigh": -0.002716402910671989,
        "dp_exp": -0.01783743211620814,
        "eo_exp": -0.028158501689341975,
        "tpr_exp": -0.02276354049059237,
        "er_exp": 0.029237073433285188,
        "opt_shap": -0.1712406098030187,
        "opt_objBI": -0.15081292351812026
    },
    "eqodd": {
        "full": 0.245516912892492,
        "partial": 0.24537891544021997,
        "mip": 0.2224166349779999,
        "adv_deb": 0.2597016121897731,
        "eo_cal": 0.3206231423167259,
        "re_weigh": 0.0035660318939582936,
        "dp_exp": 0.04451636812513471,
        "eo_exp": 0.03878248928681253,
        "tpr_exp": 0.06323229297527536,
        "er_exp": 0.05901448954835917,
        "opt_shap": 0.24178751126006098,
        "opt_objBI": 0.22609824862982844
    }
}