{
    "error": {
        "full": 26.850000381469727,
        "partial": 27.450000762939453,
        "mip": 27.350000381469727,
        "adv_deb": 27.200000762939453,
        "eo_cal": 27.64999771118164,
        "re_weigh": 28.200000762939453,
        "dp_exp": 28.0,
        "eo_exp": 27.799999237060547,
        "tpr_exp": 27.64999771118164,
        "er_exp": 32.35000228881836,
        "opt_shap": 27.299999237060547,
        "opt_objBI": 27.299999237060547
    },
    "objBI": {
        "full": [
            0.016676636412739754,
            0.1751682609319687,
            0.005556498188525438
        ],
        "partial": [
            0.008282676339149475,
            0.1857854723930359,
            0.0033727106638252735
        ],
        "mip": [
            0.014176013879477978,
            0.2027294784784317,
            0.0140686659142375
        ],
        "adv_deb": [
            0.008706802502274513,
            0.19646187126636505,
            0.02889944799244404
        ],
        "eo_cal": [
            0.004126490093767643,
            0.0906624048948288,
            0.02428397722542286
        ],
        "re_weigh": [
            0.012257774360477924,
            0.20260939002037048,
            0.07723502069711685
        ],
        "dp_exp": [
            0.0854109525680542,
            0.08073018491268158,
            0.006661556661128998
        ],
        "eo_exp": [
            0.08720292896032333,
            0.10621605068445206,
            0.0012900514993816614
        ],
        "tpr_exp": [
            0.08018790930509567,
            0.11344873160123825,
            0.01973246969282627
        ],
        "er_exp": [
            0.10280071198940277,
            0.19410601258277893,
            0.0016697607934474945
        ],
        "opt_shap": [
            0.013303767889738083,
            0.1808040291070938,
            0.007719284854829311
        ],
        "opt_objBI": [
            0.011700977571308613,
            0.17705686390399933,
            0.0002251134137623012
        ]
    },
    "shap": {
        "full": [
            0.016880424693226814,
            0.16800782084465027,
            0.0
        ],
        "partial": [
            0.0078540975227952,
            0.18407046794891357
        ],
        "mip": [
            0.006292860954999924,
            0.20082607865333557
        ],
        "adv_deb": [
            0.014382201246917248,
            0.2006167322397232
        ],
        "eo_cal": [
            0.0033039452973753214,
            0.09786482155323029
        ],
        "re_weigh": [
            0.010592744685709476,
            0.204912468791008
        ],
        "dp_exp": [
            0.09050421416759491,
            0.0908539667725563
        ],
        "eo_exp": [
            0.09750185161828995,
            0.11270821839570999
        ],
        "tpr_exp": [
            0.08527158945798874,
            0.11596360802650452
        ],
        "er_exp": [
            0.10663115233182907,
            0.19466081261634827
        ],
        "opt_shap": [
            0.011802644468843937,
            0.1810949444770813
        ],
        "opt_objBI": [
            0.011724463663995266,
            0.1802361011505127
        ]
    },
    "di": {
        "full": 0.8028373374666323,
        "partial": 0.8102958665024609,
        "mip": 0.7822691328752746,
        "adv_deb": 0.866166976788881,
        "eo_cal": 0.7858649789029536,
        "re_weigh": 0.9936732327996884,
        "dp_exp": 0.9746493097457228,
        "eo_exp": 0.9647123682519838,
        "tpr_exp": 0.9505303235166609,
        "er_exp": 0.942079467188411,
        "opt_shap": 0.8231142534940002,
        "opt_objBI": 0.8231142534940002
    },
    "dd": {
        "full": -0.18366864000256689,
        "partial": -0.1797861417272305,
        "mip": -0.2055197253373121,
        "adv_deb": -0.12289230078131275,
        "eo_cal": -0.2141350210970464,
        "re_weigh": -0.005406619499125576,
        "dp_exp": -0.024815100030482373,
        "eo_exp": -0.03671928895734067,
        "tpr_exp": -0.049598113298358726,
        "er_exp": -0.043517671784505274,
        "opt_shap": -0.16797420224286475,
        "opt_objBI": -0.16797420224286475
    },
    "eqopp": {
        "full": -0.12583073375830733,
        "partial": -0.12003255120032552,
        "mip": -0.1398175776481757,
        "adv_deb": -0.0728333107283331,
        "eo_cal": -0.12671232876712324,
        "re_weigh": 0.017292825172928183,
        "dp_exp": -0.003017767530177684,
        "eo_exp": -0.012715312627153086,
        "tpr_exp": -0.009290655092906497,
        "er_exp": 0.012884850128848546,
        "opt_shap": -0.1075715448257154,
        "opt_objBI": -0.1075715448257154
    },
    "eqodd": {
        "full": 0.17125170267450585,
        "partial": 0.17645925884642472,
        "mip": 0.20285780701900769,
        "adv_deb": 0.10838566995613197,
        "eo_cal": 0.24055396658136383,
        "re_weigh": 0.028417624980627304,
        "dp_exp": 0.00828740448084285,
        "eo_exp": 0.012605588175956792,
        "tpr_exp": 0.02548668013698263,
        "er_exp": 0.026844650786709,
        "opt_shap": 0.16540980411885664,
        "opt_objBI": 0.16540980411885664
    }
}