{
    "error": {
        "full": 28.60000228881836,
        "partial": 28.25,
        "mip": 28.0,
        "adv_deb": 28.0,
        "eo_cal": 28.25,
        "re_weigh": 28.299999237060547,
        "dp_exp": 29.0,
        "eo_exp": 28.75,
        "tpr_exp": 28.700000762939453,
        "er_exp": 33.599998474121094,
        "opt_shap": 28.099998474121094,
        "opt_objBI": 28.099998474121094
    },
    "objBI": {
        "full": [
            0.005786531139165163,
            0.18628251552581787,
            0.011879591271281242
        ],
        "partial": [
            0.0035560494288802147,
            0.18449746072292328,
            0.003379416884854436
        ],
        "mip": [
            0.0050023081712424755,
            0.19033408164978027,
            0.001585623249411583
        ],
        "adv_deb": [
            0.015249627642333508,
            0.18976569175720215,
            0.008526804856956005
        ],
        "eo_cal": [
            0.0029838948976248503,
            0.1039530411362648,
            0.035531289875507355
        ],
        "re_weigh": [
            0.012717070989310741,
            0.19349351525306702,
            0.06494427472352982
        ],
        "dp_exp": [
            0.08610858023166656,
            0.09553354233503342,
            0.0021744563709944487
        ],
        "eo_exp": [
            0.1155669167637825,
            0.12021137773990631,
            0.005849174223840237
        ],
        "tpr_exp": [
            0.10673293471336365,
            0.13425423204898834,
            0.003879137337207794
        ],
        "er_exp": [
            0.21659208834171295,
            0.23719817399978638,
            0.00042348861461505294
        ],
        "opt_shap": [
            0.005462012253701687,
            0.18586765229701996,
            0.0014123358996585011
        ],
        "opt_objBI": [
            0.005572827998548746,
            0.18920134007930756,
            0.002490823855623603
        ]
    },
    "shap": {
        "full": [
            0.005041930358856916,
            0.18757638335227966,
            0.0
        ],
        "partial": [
            0.0016407399671152234,
            0.19341866672039032
        ],
        "mip": [
            0.004495480563491583,
            0.19184531271457672
        ],
        "adv_deb": [
            0.015446120873093605,
            0.1922229677438736
        ],
        "eo_cal": [
            4.742398232338019e-05,
            0.10659632831811905
        ],
        "re_weigh": [
            0.004132239613682032,
            0.19211100041866302
        ],
        "dp_exp": [
            0.08537836372852325,
            0.09460539370775223
        ],
        "eo_exp": [
            0.09849429130554199,
            0.1094013974070549
        ],
        "tpr_exp": [
            0.09998130798339844,
            0.1298464983701706
        ],
        "er_exp": [
            0.2208409458398819,
            0.24389709532260895
        ],
        "opt_shap": [
            0.005097594577819109,
            0.18932083249092102
        ],
        "opt_objBI": [
            0.005189817864447832,
            0.1888260841369629
        ]
    },
    "di": {
        "full": 0.7492891760236071,
        "partial": 0.7872382745542361,
        "mip": 0.7946921908751854,
        "adv_deb": 0.7648206579717304,
        "eo_cal": 0.7483124397299904,
        "re_weigh": 0.9844016204141899,
        "dp_exp": 0.9810148162248435,
        "eo_exp": 0.9783707731950614,
        "tpr_exp": 0.9479657914554687,
        "er_exp": 0.9469515259347793,
        "opt_shap": 0.8050873061530247,
        "opt_objBI": 0.8066875446997165
    },
    "dd": {
        "full": -0.24264017439875196,
        "partial": -0.20458707971212597,
        "mip": -0.19805914296672145,
        "adv_deb": -0.22980660524257712,
        "eo_cal": -0.2516875602700096,
        "re_weigh": -0.014027203241237296,
        "dp_exp": -0.018993001418942557,
        "eo_exp": -0.018622494194552308,
        "tpr_exp": -0.04584576284934072,
        "er_exp": -0.01826800890418978,
        "opt_shap": -0.18863824575844335,
        "opt_objBI": -0.18648730111522682
    },
    "eqopp": {
        "full": -0.17222222222222228,
        "partial": -0.13528528528528527,
        "mip": -0.13033033033033037,
        "adv_deb": -0.15915915915915924,
        "eo_cal": -0.17417417417417413,
        "re_weigh": 0.004354354354354273,
        "dp_exp": -0.0009009009009008917,
        "eo_exp": -0.002402402402402415,
        "tpr_exp": -0.023123123123123146,
        "er_exp": -0.00045045045045044585,
        "opt_shap": -0.12267267267267268,
        "opt_objBI": -0.12282282282282286
    },
    "eqodd": {
        "full": 0.2636158552881626,
        "partial": 0.22449057514841422,
        "mip": 0.21662226209142194,
        "adv_deb": 0.25078695753033686,
        "eo_cal": 0.28250487684449943,
        "re_weigh": 0.0028903146193102747,
        "dp_exp": 0.028734882671340944,
        "eo_exp": 0.01596691575116147,
        "tpr_exp": 0.039895169667146964,
        "er_exp": 0.05901699264927962,
        "opt_shap": 0.20784377593117756,
        "opt_objBI": 0.20343454607351724
    }
}