{
    "error": {
        "full": 25.5,
        "partial": 26.850000381469727,
        "mip": 25.450000762939453,
        "adv_deb": 25.850000381469727,
        "eo_cal": 25.899999618530273,
        "re_weigh": 26.499998092651367,
        "dp_exp": 27.450000762939453,
        "eo_exp": 27.100000381469727,
        "tpr_exp": 26.899999618530273,
        "er_exp": 33.70000076293945,
        "opt_shap": 26.55000114440918,
        "opt_objBI": 26.55000114440918
    },
    "objBI": {
        "full": [
            0.008642269298434258,
            0.1966063231229782,
            0.01819147728383541
        ],
        "partial": [
            0.04350181668996811,
            0.12015704065561295,
            0.007970668375492096
        ],
        "mip": [
            0.005384646821767092,
            0.19977439939975739,
            0.0053493427112698555
        ],
        "adv_deb": [
            0.00448377151042223,
            0.20666268467903137,
            0.005315207410603762
        ],
        "eo_cal": [
            0.0017936152871698141,
            0.09866881370544434,
            0.0413597971200943
        ],
        "re_weigh": [
            0.0076127368956804276,
            0.1984296590089798,
            0.07332956790924072
        ],
        "dp_exp": [
            0.10569869726896286,
            0.17300215363502502,
            0.0015048913192003965
        ],
        "eo_exp": [
            0.11842486262321472,
            0.18627086281776428,
            0.008231518790125847
        ],
        "tpr_exp": [
            0.10558028519153595,
            0.19803893566131592,
            0.0027713796589523554
        ],
        "er_exp": [
            0.19436877965927124,
            0.24834364652633667,
            0.007885562255978584
        ],
        "opt_shap": [
            0.03901415318250656,
            0.12337689101696014,
            0.007112435530871153
        ],
        "opt_objBI": [
            0.04035268723964691,
            0.12408395856618881,
            0.006106979679316282
        ]
    },
    "shap": {
        "full": [
            0.0021025878377258778,
            0.19113954901695251,
            0.0
        ],
        "partial": [
            0.04323400929570198,
            0.11781055480241776
        ],
        "mip": [
            0.0013435966102406383,
            0.19716838002204895
        ],
        "adv_deb": [
            0.01430564746260643,
            0.20074017345905304
        ],
        "eo_cal": [
            0.0016771736554801464,
            0.10768833756446838
        ],
        "re_weigh": [
            0.0002733290893957019,
            0.20161029696464539
        ],
        "dp_exp": [
            0.1004221960902214,
            0.14296546578407288
        ],
        "eo_exp": [
            0.11553005874156952,
            0.1729477196931839
        ],
        "tpr_exp": [
            0.09979380667209625,
            0.1693897396326065
        ],
        "er_exp": [
            0.22628507018089294,
            0.27039825916290283
        ],
        "opt_shap": [
            0.038906343281269073,
            0.123793825507164
        ],
        "opt_objBI": [
            0.03868883475661278,
            0.12333119660615921
        ]
    },
    "di": {
        "full": 0.7382310881870797,
        "partial": 0.8528508898028523,
        "mip": 0.7607481940144479,
        "adv_deb": 0.7379925391734591,
        "eo_cal": 0.7110423116615067,
        "re_weigh": 0.9487090040441106,
        "dp_exp": 0.9723172183853298,
        "eo_exp": 0.9546326671524346,
        "tpr_exp": 0.9414247377152481,
        "er_exp": 0.9611555537085904,
        "opt_shap": 0.8362098968310894,
        "opt_objBI": 0.8362098968310894
    },
    "dd": {
        "full": -0.2554214600230822,
        "partial": -0.14600731302781966,
        "mip": -0.23205800774544338,
        "adv_deb": -0.25463770683626963,
        "eo_cal": -0.28895768833849333,
        "re_weigh": -0.04591812732035494,
        "dp_exp": -0.03296868290427102,
        "eo_exp": -0.04275308571537251,
        "tpr_exp": -0.05792266367979626,
        "er_exp": 0.0005555338680471866,
        "opt_shap": -0.16251918093287643,
        "opt_objBI": -0.16251918093287643
    },
    "eqopp": {
        "full": -0.15149661528423453,
        "partial": -0.0798752140934671,
        "mip": -0.1387774243536416,
        "adv_deb": -0.16297202512030018,
        "eo_cal": -0.17377049180327864,
        "re_weigh": -0.009489438055623522,
        "dp_exp": -0.01152842345648808,
        "eo_exp": -0.02385205121931333,
        "tpr_exp": -0.029618301932958113,
        "er_exp": 0.04140771552075684,
        "opt_shap": -0.08807193540494251,
        "opt_objBI": -0.08807193540494251
    },
    "eqodd": {
        "full": 0.28087021995360417,
        "partial": 0.16541464188408153,
        "mip": 0.24956983202760552,
        "adv_deb": 0.2722263215437438,
        "eo_cal": 0.3292250787707201,
        "re_weigh": 0.022875110595185655,
        "dp_exp": 0.024079706855444458,
        "eo_exp": 0.02541156752554835,
        "tpr_exp": 0.04586703323857604,
        "er_exp": 0.043007922237291746,
        "opt_shap": 0.1848333368016577,
        "opt_objBI": 0.1848333368016577
    }
}