{
    "error": {
        "full": 29.19999885559082,
        "partial": 29.649999618530273,
        "mip": 29.499998092651367,
        "adv_deb": 29.399999618530273,
        "eo_cal": 29.600000381469727,
        "re_weigh": 29.899999618530273,
        "dp_exp": 30.89999771118164,
        "eo_exp": 31.0,
        "tpr_exp": 30.549999237060547,
        "er_exp": 37.20000076293945,
        "opt_shap": 29.44999885559082,
        "opt_objBI": 29.44999885559082
    },
    "objBI": {
        "full": [
            0.04586895555257797,
            0.17495180666446686,
            0.021486129611730576
        ],
        "partial": [
            0.0200438741594553,
            0.18900081515312195,
            0.0077824220061302185
        ],
        "mip": [
            0.022597700357437134,
            0.1985287368297577,
            0.011623661033809185
        ],
        "adv_deb": [
            0.02453315630555153,
            0.19533129036426544,
            0.012877142056822777
        ],
        "eo_cal": [
            0.0028364297468215227,
            0.09609229117631912,
            0.03264939412474632
        ],
        "re_weigh": [
            0.016122838482260704,
            0.20063401758670807,
            0.08063025027513504
        ],
        "dp_exp": [
            0.15350313484668732,
            0.2469990849494934,
            0.010430813767015934
        ],
        "eo_exp": [
            0.1618790179491043,
            0.27459919452667236,
            0.0073918490670621395
        ],
        "tpr_exp": [
            0.14226287603378296,
            0.2840987741947174,
            0.0059078289195895195
        ],
        "er_exp": [
            0.1532759815454483,
            0.2844632565975189,
            0.002005022019147873
        ],
        "opt_shap": [
            0.022118665277957916,
            0.17687010765075684,
            0.0032004148233681917
        ],
        "opt_objBI": [
            0.02261940762400627,
            0.17428554594516754,
            0.004441666882485151
        ]
    },
    "shap": {
        "full": [
            0.04310978576540947,
            0.16691836714744568,
            0.0
        ],
        "partial": [
            0.018325667828321457,
            0.18120001256465912
        ],
        "mip": [
            0.0191119983792305,
            0.19022031128406525
        ],
        "adv_deb": [
            0.024611791595816612,
            0.1880161613225937
        ],
        "eo_cal": [
            0.002563400659710169,
            0.10031858086585999
        ],
        "re_weigh": [
            0.01512783020734787,
            0.19629713892936707
        ],
        "dp_exp": [
            0.15793994069099426,
            0.2516310214996338
        ],
        "eo_exp": [
            0.16631872951984406,
            0.2774932086467743
        ],
        "tpr_exp": [
            0.14148353040218353,
            0.25029149651527405
        ],
        "er_exp": [
            0.19992977380752563,
            0.3237142264842987
        ],
        "opt_shap": [
            0.022338466718792915,
            0.17617474496364594
        ],
        "opt_objBI": [
            0.02233816497027874,
            0.17704711854457855
        ]
    },
    "di": {
        "full": 0.7378034714481903,
        "partial": 0.7408342655550998,
        "mip": 0.7272632748268731,
        "adv_deb": 0.7876848103956757,
        "eo_cal": 0.723963599595551,
        "re_weigh": 0.965453319851702,
        "dp_exp": 0.9750303825430976,
        "eo_exp": 0.9546124506227943,
        "tpr_exp": 0.9494600004942788,
        "er_exp": 0.9361163405191917,
        "opt_shap": 0.7431623766289578,
        "opt_objBI": 0.7431623766289578
    },
    "dd": {
        "full": -0.24326443499663453,
        "partial": -0.24583574612528125,
        "mip": -0.2570901079030563,
        "adv_deb": -0.19677480975198003,
        "eo_cal": -0.276036400404449,
        "re_weigh": -0.030138646776259992,
        "dp_exp": -0.028049393976671166,
        "eo_exp": -0.04040288874953868,
        "tpr_exp": -0.04407333287327764,
        "er_exp": -0.022558729606282357,
        "opt_shap": -0.24565972482670406,
        "opt_objBI": -0.24565972482670406
    },
    "eqopp": {
        "full": -0.18666519650447322,
        "partial": -0.18563175896258433,
        "mip": -0.1961866587104948,
        "adv_deb": -0.15075648492867555,
        "eo_cal": -0.19275123558484353,
        "re_weigh": -0.03295109116302797,
        "dp_exp": -0.01834675937336494,
        "eo_exp": -0.03353699403719501,
        "tpr_exp": -0.04202501870132791,
        "er_exp": 0.03732482368863699,
        "opt_shap": -0.18099642404666472,
        "opt_objBI": -0.18099642404666472
    },
    "eqodd": {
        "full": 0.23674393995412268,
        "partial": 0.24793373309469866,
        "mip": 0.25695915916663953,
        "adv_deb": 0.18737597160077885,
        "eo_cal": 0.3005640994678144,
        "re_weigh": 0.04054564798063928,
        "dp_exp": 0.014361972632756265,
        "eo_exp": 0.01872578405518846,
        "tpr_exp": 0.03682323709916707,
        "er_exp": 0.00969530524001222,
        "opt_shap": 0.25103039310367464,
        "opt_objBI": 0.25103039310367464
    }
}