{
    "error": {
        "full": 27.05000114440918,
        "partial": 27.450000762939453,
        "mip": 27.399999618530273,
        "adv_deb": 27.100000381469727,
        "eo_cal": 27.799999237060547,
        "re_weigh": 26.94999885559082,
        "dp_exp": 29.69999885559082,
        "eo_exp": 28.950000762939453,
        "tpr_exp": 29.30000114440918,
        "er_exp": 35.150001525878906,
        "opt_shap": 27.450000762939453,
        "opt_objBI": 27.450000762939453
    },
    "objBI": {
        "full": [
            0.05243014916777611,
            0.14059105515480042,
            0.03359275311231613
        ],
        "partial": [
            0.007784809451550245,
            0.2033531814813614,
            0.007097064983099699
        ],
        "mip": [
            0.007260726764798164,
            0.19295451045036316,
            0.0034386632032692432
        ],
        "adv_deb": [
            0.005046656355261803,
            0.19942480325698853,
            0.002879493637010455
        ],
        "eo_cal": [
            0.004190342966467142,
            0.10811201483011246,
            0.032414887100458145
        ],
        "re_weigh": [
            0.0027975551784038544,
            0.20469242334365845,
            0.07009780406951904
        ],
        "dp_exp": [
            0.09664592146873474,
            0.029348384588956833,
            0.019924452528357506
        ],
        "eo_exp": [
            0.12441938370466232,
            0.048864416778087616,
            0.0005121097201481462
        ],
        "tpr_exp": [
            0.07058845460414886,
            0.04622628539800644,
            0.009000000543892384
        ],
        "er_exp": [
            0.2024213671684265,
            0.1597030609846115,
            0.0022209417074918747
        ],
        "opt_shap": [
            0.008542396128177643,
            0.19057247042655945,
            0.0010985871776938438
        ],
        "opt_objBI": [
            0.010732152499258518,
            0.1938939094543457,
            0.0076601747423410416
        ]
    },
    "shap": {
        "full": [
            0.049395930022001266,
            0.1387285590171814,
            0.0
        ],
        "partial": [
            0.004422157071530819,
            0.1984771192073822
        ],
        "mip": [
            0.006298964377492666,
            0.19712524116039276
        ],
        "adv_deb": [
            0.0113859623670578,
            0.2005969136953354
        ],
        "eo_cal": [
            0.0012835027882829309,
            0.11467226594686508
        ],
        "re_weigh": [
            0.0003228303976356983,
            0.20769061148166656
        ],
        "dp_exp": [
            0.11178234219551086,
            0.050410520285367966
        ],
        "eo_exp": [
            0.1267436146736145,
            0.06876994669437408
        ],
        "tpr_exp": [
            0.09252743422985077,
            0.057491008192300797
        ],
        "er_exp": [
            0.2247113287448883,
            0.16307634115219116
        ],
        "opt_shap": [
            0.008506779558956623,
            0.19403423368930817
        ],
        "opt_objBI": [
            0.00848663691431284,
            0.19405251741409302
        ]
    },
    "di": {
        "full": 0.7736323131059973,
        "partial": 0.8141499812813859,
        "mip": 0.8219065571274476,
        "adv_deb": 0.8534270581054206,
        "eo_cal": 0.7563352826510721,
        "re_weigh": 0.9861736039445018,
        "dp_exp": 0.9999480181936321,
        "eo_exp": 0.9911520798229094,
        "tpr_exp": 0.9762634388007866,
        "er_exp": 1.0467188362685778,
        "opt_shap": 0.8207207323251839,
        "opt_objBI": 0.8207207323251839
    },
    "dd": {
        "full": -0.21474716908630231,
        "partial": -0.17287486340766356,
        "mip": -0.16620835684923008,
        "adv_deb": -0.1340826398645485,
        "eo_cal": -0.24366471734892792,
        "re_weigh": -0.012066156721943999,
        "dp_exp": 0.0008225560478883898,
        "eo_exp": -0.013016799356364905,
        "tpr_exp": -0.02232309040911651,
        "er_exp": 0.031451261052471424,
        "opt_shap": -0.16713098054284703,
        "opt_objBI": -0.16713098054284703
    },
    "eqopp": {
        "full": -0.14549614717681947,
        "partial": -0.12117257159273964,
        "mip": -0.11593765711412773,
        "adv_deb": -0.09422846061501522,
        "eo_cal": -0.16326530612244894,
        "re_weigh": -0.005027652086475598,
        "dp_exp": 0.004666481977406378,
        "eo_exp": -0.008417726064784858,
        "tpr_exp": -0.017299227383261062,
        "er_exp": 0.08952914499132991,
        "opt_shap": -0.11907737453955947,
        "opt_objBI": -0.11907737453955947
    },
    "eqodd": {
        "full": 0.21398864873508688,
        "partial": 0.1597302077653493,
        "mip": 0.15307835980514198,
        "adv_deb": 0.10819588981969072,
        "eo_cal": 0.26929332144168716,
        "re_weigh": 0.04676297427019688,
        "dp_exp": 0.029343597046310656,
        "eo_exp": 0.02529604082116846,
        "tpr_exp": 0.016984540795807995,
        "er_exp": 0.08231674966984434,
        "opt_shap": 0.1522558740202502,
        "opt_objBI": 0.1522558740202502
    }
}