{
    "error": {
        "full": 26.69999885559082,
        "partial": 27.000001907348633,
        "mip": 26.94999885559082,
        "adv_deb": 26.649999618530273,
        "eo_cal": 27.000001907348633,
        "re_weigh": 28.349998474121094,
        "dp_exp": 28.450000762939453,
        "eo_exp": 28.299999237060547,
        "tpr_exp": 28.0,
        "er_exp": 31.850000381469727,
        "opt_shap": 26.80000114440918,
        "opt_objBI": 26.94999885559082
    },
    "objBI": {
        "full": [
            0.034006789326667786,
            0.19416962563991547,
            0.027362186461687088
        ],
        "partial": [
            0.013907539658248425,
            0.18961934745311737,
            0.005798383615911007
        ],
        "mip": [
            0.017564337700605392,
            0.20960983633995056,
            0.017549866810441017
        ],
        "adv_deb": [
            0.012046126648783684,
            0.20819970965385437,
            0.02094075083732605
        ],
        "eo_cal": [
            0.006180474068969488,
            0.09438709914684296,
            0.04937309771776199
        ],
        "re_weigh": [
            0.0092592379078269,
            0.2108350545167923,
            0.0690639540553093
        ],
        "dp_exp": [
            0.16468669474124908,
            0.3026692569255829,
            0.006833785213530064
        ],
        "eo_exp": [
            0.15716177225112915,
            0.31218793988227844,
            0.015060441568493843
        ],
        "tpr_exp": [
            0.12280680239200592,
            0.30656254291534424,
            0.02519848570227623
        ],
        "er_exp": [
            0.12835200130939484,
            0.29782038927078247,
            0.0059167323634028435
        ],
        "opt_shap": [
            0.017921026796102524,
            0.18709829449653625,
            0.0037313324864953756
        ],
        "opt_objBI": [
            0.01893315650522709,
            0.19163255393505096,
            0.010612786747515202
        ]
    },
    "shap": {
        "full": [
            0.03103480488061905,
            0.1902424693107605,
            0.0
        ],
        "partial": [
            0.01310773752629757,
            0.18814153969287872
        ],
        "mip": [
            0.00022935074230190367,
            0.20673342049121857
        ],
        "adv_deb": [
            0.018038470298051834,
            0.21380110085010529
        ],
        "eo_cal": [
            0.0010282094590365887,
            0.10646039247512817
        ],
        "re_weigh": [
            0.007482677232474089,
            0.2140265852212906
        ],
        "dp_exp": [
            0.16365158557891846,
            0.2967599630355835
        ],
        "eo_exp": [
            0.1610143482685089,
            0.31173041462898254
        ],
        "tpr_exp": [
            0.13398779928684235,
            0.303829163312912
        ],
        "er_exp": [
            0.14531579613685608,
            0.33853036165237427
        ],
        "opt_shap": [
            0.01697744056582451,
            0.18405087292194366
        ],
        "opt_objBI": [
            0.016899796202778816,
            0.19149166345596313
        ]
    },
    "di": {
        "full": 0.7687791308779344,
        "partial": 0.747633073848096,
        "mip": 0.7567498699395884,
        "adv_deb": 0.8000129812529072,
        "eo_cal": 0.7175257731958763,
        "re_weigh": 0.933110099423185,
        "dp_exp": 0.9632966907786068,
        "eo_exp": 0.9458446827339699,
        "tpr_exp": 0.9116475774878566,
        "er_exp": 0.9107507235166242,
        "opt_shap": 0.7547609549205283,
        "opt_objBI": 0.73655357444651
    },
    "dd": {
        "full": -0.21797617856070461,
        "partial": -0.24011610449404464,
        "mip": -0.22931638474627158,
        "adv_deb": -0.18503653287959165,
        "eo_cal": -0.2824742268041237,
        "re_weigh": -0.058382544289860894,
        "dp_exp": -0.03218897007306576,
        "eo_exp": -0.04504053648283457,
        "tpr_exp": -0.06408767891101996,
        "er_exp": -0.048053247923130815,
        "opt_shap": -0.2338104293864478,
        "opt_objBI": -0.24963467120408367
    },
    "eqopp": {
        "full": -0.14148800107704218,
        "partial": -0.1588721348995321,
        "mip": -0.15518663121402843,
        "adv_deb": -0.10791036989667124,
        "eo_cal": -0.18150684931506844,
        "re_weigh": -0.006916630204301444,
        "dp_exp": 0.004547978863047364,
        "eo_exp": -0.00498132004981322,
        "tpr_exp": -0.027056477398943235,
        "er_exp": -0.024776177173437386,
        "opt_shap": -0.14982666352529372,
        "opt_objBI": -0.16962993504089396
    },
    "eqodd": {
        "full": 0.21040049641263356,
        "partial": 0.23945813615059125,
        "mip": 0.22113582184382097,
        "adv_deb": 0.1745414447833001,
        "eo_cal": 0.30837000496841505,
        "re_weigh": 0.03621354442473755,
        "dp_exp": 0.011679211586941032,
        "eo_exp": 0.020608024303283012,
        "tpr_exp": 0.05114324685443995,
        "er_exp": 0.0787124071335158,
        "opt_shap": 0.2346595417031573,
        "opt_objBI": 0.24566461250221633
    }
}