{
    "error": {
        "full": 26.0,
        "partial": 26.0,
        "mip": 26.0,
        "adv_deb": 25.94999885559082,
        "eo_cal": 26.649999618530273,
        "re_weigh": 26.44999885559082,
        "dp_exp": 29.19999885559082,
        "eo_exp": 29.149999618530273,
        "tpr_exp": 28.0,
        "er_exp": 38.10000228881836,
        "opt_shap": 25.94999885559082,
        "opt_objBI": 25.94999885559082
    },
    "objBI": {
        "full": [
            0.012335704639554024,
            0.18372255563735962,
            0.007751353085041046
        ],
        "partial": [
            0.017045432701706886,
            0.17703011631965637,
            0.008893197402358055
        ],
        "mip": [
            0.010143977589905262,
            0.18634222447872162,
            0.003972192294895649
        ],
        "adv_deb": [
            0.01940583437681198,
            0.18569116294384003,
            0.012527634389698505
        ],
        "eo_cal": [
            0.012008268386125565,
            0.09401906281709671,
            0.03329077363014221
        ],
        "re_weigh": [
            0.012974072247743607,
            0.1997949630022049,
            0.06994608789682388
        ],
        "dp_exp": [
            0.045721471309661865,
            0.041649382561445236,
            0.002725673373788595
        ],
        "eo_exp": [
            0.0650881975889206,
            0.05518089234828949,
            0.017257187515497208
        ],
        "tpr_exp": [
            0.036152634769678116,
            0.05085384100675583,
            0.009140582755208015
        ],
        "er_exp": [
            0.1696396768093109,
            0.15917953848838806,
            0.009784417226910591
        ],
        "opt_shap": [
            0.015700990334153175,
            0.18729758262634277,
            0.012296323664486408
        ],
        "opt_objBI": [
            0.012147697620093822,
            0.178814098238945,
            8.325236558448523e-05
        ]
    },
    "shap": {
        "full": [
            0.011438308283686638,
            0.18869873881340027,
            0.0
        ],
        "partial": [
            0.016103660687804222,
            0.17839910089969635
        ],
        "mip": [
            0.009655906818807125,
            0.19279745221138
        ],
        "adv_deb": [
            0.022733984515070915,
            0.18618518114089966
        ],
        "eo_cal": [
            0.005731523036956787,
            0.10299713909626007
        ],
        "re_weigh": [
            0.012287935242056847,
            0.19494427740573883
        ],
        "dp_exp": [
            0.03727838397026062,
            0.039983466267585754
        ],
        "eo_exp": [
            0.06658761948347092,
            0.06303217262029648
        ],
        "tpr_exp": [
            0.036965493112802505,
            0.0507882796227932
        ],
        "er_exp": [
            0.18468251824378967,
            0.16731853783130646
        ],
        "opt_shap": [
            0.01234984491020441,
            0.18425942957401276
        ],
        "opt_objBI": [
            0.012300808914005756,
            0.18404164910316467
        ]
    },
    "di": {
        "full": 0.8052542293745039,
        "partial": 0.8035783620917266,
        "mip": 0.784820688225539,
        "adv_deb": 0.8338904844860869,
        "eo_cal": 0.7572139303482587,
        "re_weigh": 0.9766253478370858,
        "dp_exp": 0.9839257321639227,
        "eo_exp": 0.9559101046491679,
        "tpr_exp": 0.9849093060140626,
        "er_exp": 1.0115725719229938,
        "opt_shap": 0.7879145936981758,
        "opt_objBI": 0.7879145936981758
    },
    "dd": {
        "full": -0.18769969249231233,
        "partial": -0.18970974274356855,
        "mip": -0.20761019025475635,
        "adv_deb": -0.15876396909922752,
        "eo_cal": -0.24278606965174132,
        "re_weigh": -0.020790519762994064,
        "dp_exp": -0.01661541538538458,
        "eo_exp": -0.030445761144028638,
        "tpr_exp": -0.03952098802470061,
        "er_exp": -0.015180379509487696,
        "opt_shap": -0.20462511562789065,
        "opt_objBI": -0.20462511562789065
    },
    "eqopp": {
        "full": -0.11044083242488456,
        "partial": -0.11175144841439955,
        "mip": -0.1273277724019385,
        "adv_deb": -0.08519616369226246,
        "eo_cal": -0.14174454828660432,
        "re_weigh": 0.0034725199348366598,
        "dp_exp": -0.014684206873180505,
        "eo_exp": -0.009613225381038037,
        "tpr_exp": -0.012062974894150313,
        "er_exp": 0.011515864169555412,
        "opt_shap": -0.1242125076044307,
        "opt_objBI": -0.1242125076044307
    },
    "eqodd": {
        "full": 0.20184338571942434,
        "partial": 0.20465386612797493,
        "mip": 0.22268354992282732,
        "adv_deb": 0.17035883989685793,
        "eo_cal": 0.28161607579619474,
        "re_weigh": 0.005102603655078641,
        "dp_exp": 0.013773367279968682,
        "eo_exp": 0.023687689742940547,
        "tpr_exp": 0.018503138699966566,
        "er_exp": 0.06556218150994667,
        "opt_shap": 0.21974850705575388,
        "opt_objBI": 0.21974850705575388
    }
}