{
    "error": {
        "full": 28.60000228881836,
        "partial": 28.200000762939453,
        "mip": 28.299999237060547,
        "adv_deb": 28.099998474121094,
        "eo_cal": 27.700000762939453,
        "re_weigh": 28.60000228881836,
        "dp_exp": 29.44999885559082,
        "eo_exp": 30.19999885559082,
        "tpr_exp": 29.0,
        "er_exp": 36.099998474121094,
        "opt_shap": 28.150001525878906,
        "opt_objBI": 28.150001525878906
    },
    "objBI": {
        "full": [
            0.03233093395829201,
            0.15839453041553497,
            0.034387633204460144
        ],
        "partial": [
            0.03474417328834534,
            0.12922537326812744,
            0.0012309440644457936
        ],
        "mip": [
            0.019311431795358658,
            0.18368211388587952,
            0.019840573891997337
        ],
        "adv_deb": [
            0.016234727576375008,
            0.18923743069171906,
            0.0045996555127203465
        ],
        "eo_cal": [
            0.011241847649216652,
            0.10125913470983505,
            0.0511971041560173
        ],
        "re_weigh": [
            0.013665897771716118,
            0.18697316944599152,
            0.06850595772266388
        ],
        "dp_exp": [
            0.09236740320920944,
            0.06932017207145691,
            0.008883364498615265
        ],
        "eo_exp": [
            0.11380281299352646,
            0.0901239812374115,
            0.014132974669337273
        ],
        "tpr_exp": [
            0.08060196787118912,
            0.08853098750114441,
            0.017882952466607094
        ],
        "er_exp": [
            0.20726974308490753,
            0.15322275459766388,
            0.004397437907755375
        ],
        "opt_shap": [
            0.030274126678705215,
            0.13083067536354065,
            0.0019182426622137427
        ],
        "opt_objBI": [
            0.03174023702740669,
            0.12860843539237976,
            0.0010149868903681636
        ]
    },
    "shap": {
        "full": [
            0.0316646471619606,
            0.1580468714237213,
            0.0
        ],
        "partial": [
            0.0348757766187191,
            0.12652987241744995
        ],
        "mip": [
            0.010073072277009487,
            0.18748019635677338
        ],
        "adv_deb": [
            0.018679507076740265,
            0.18726709485054016
        ],
        "eo_cal": [
            0.006866075098514557,
            0.10864237695932388
        ],
        "re_weigh": [
            0.010167982429265976,
            0.19079037010669708
        ],
        "dp_exp": [
            0.09969517588615417,
            0.08181904256343842
        ],
        "eo_exp": [
            0.12337104976177216,
            0.10175187140703201
        ],
        "tpr_exp": [
            0.09016572684049606,
            0.10967262089252472
        ],
        "er_exp": [
            0.21148864924907684,
            0.16814163327217102
        ],
        "opt_shap": [
            0.03063938021659851,
            0.13191574811935425
        ],
        "opt_objBI": [
            0.030673904344439507,
            0.1322876214981079
        ]
    },
    "di": {
        "full": 0.7552637060532877,
        "partial": 0.8908622486474816,
        "mip": 0.7877816426672527,
        "adv_deb": 0.7563208066342376,
        "eo_cal": 0.7172478793590952,
        "re_weigh": 0.966542712706709,
        "dp_exp": 0.9827832483197019,
        "eo_exp": 0.9718613193337268,
        "tpr_exp": 0.9494520270335475,
        "er_exp": 0.9677380110024416,
        "opt_shap": 0.882077143786543,
        "opt_objBI": 0.882077143786543
    },
    "dd": {
        "full": -0.238220418176033,
        "partial": -0.10553469459860132,
        "mip": -0.20159613923409014,
        "adv_deb": -0.23200127675078974,
        "eo_cal": -0.2827521206409048,
        "re_weigh": -0.029395380209760513,
        "dp_exp": -0.015480603324972142,
        "eo_exp": -0.025528993384383192,
        "tpr_exp": -0.046253107814176575,
        "er_exp": -0.031064591344392434,
        "opt_shap": -0.1135274355878223,
        "opt_objBI": -0.1135274355878223
    },
    "eqopp": {
        "full": -0.1714100785945446,
        "partial": -0.06206400575332616,
        "mip": -0.12986489957363745,
        "adv_deb": -0.15337956541840037,
        "eo_cal": -0.18518518518518523,
        "re_weigh": 0.004321158884265652,
        "dp_exp": 0.0006636872656290427,
        "eo_exp": -0.012227872810397167,
        "tpr_exp": -0.01673601479426723,
        "er_exp": 0.00038629475522677925,
        "opt_shap": -0.06244208147120767,
        "opt_objBI": -0.06244208147120767
    },
    "eqodd": {
        "full": 0.25437214962669186,
        "partial": 0.11121216164454822,
        "mip": 0.2175445142446787,
        "adv_deb": 0.25002723576809643,
        "eo_cal": 0.3192765304164268,
        "re_weigh": 0.020901369478735,
        "dp_exp": 0.011765907247414387,
        "eo_exp": 0.019864899622474258,
        "tpr_exp": 0.051851693132266286,
        "er_exp": 0.04167402447933144,
        "opt_shap": 0.12305923059157188,
        "opt_objBI": 0.12305923059157188
    }
}