{
    "error": {
        "full": 27.5,
        "partial": 27.350000381469727,
        "mip": 27.350000381469727,
        "adv_deb": 27.25,
        "eo_cal": 27.700000762939453,
        "re_weigh": 28.200000762939453,
        "dp_exp": 29.80000114440918,
        "eo_exp": 30.30000114440918,
        "tpr_exp": 29.55000114440918,
        "er_exp": 40.29999923706055,
        "opt_shap": 27.64999771118164,
        "opt_objBI": 27.64999771118164
    },
    "objBI": {
        "full": [
            0.0065917400643229485,
            0.16507111489772797,
            0.023734839633107185
        ],
        "partial": [
            0.017930109053850174,
            0.1916947364807129,
            0.015707582235336304
        ],
        "mip": [
            0.013602323830127716,
            0.19566252827644348,
            0.0059373886324465275
        ],
        "adv_deb": [
            0.010951472446322441,
            0.20251138508319855,
            0.010220758616924286
        ],
        "eo_cal": [
            0.008860212750732899,
            0.09963542968034744,
            0.036519963294267654
        ],
        "re_weigh": [
            0.012308202683925629,
            0.19146323204040527,
            0.07962343096733093
        ],
        "dp_exp": [
            0.030250532552599907,
            0.04038850963115692,
            0.002468558494001627
        ],
        "eo_exp": [
            0.07766389101743698,
            0.06186424568295479,
            0.011643853969871998
        ],
        "tpr_exp": [
            0.049604445695877075,
            0.12790492177009583,
            0.012756858952343464
        ],
        "er_exp": [
            0.26906144618988037,
            0.16171018779277802,
            0.031005341559648514
        ],
        "opt_shap": [
            0.014117231592535973,
            0.1913805902004242,
            0.013029960915446281
        ],
        "opt_objBI": [
            0.010182948783040047,
            0.1888742595911026,
            0.007296347990632057
        ]
    },
    "shap": {
        "full": [
            0.004796644672751427,
            0.16369624435901642,
            0.0
        ],
        "partial": [
            0.012533769942820072,
            0.1964566856622696
        ],
        "mip": [
            0.01307019591331482,
            0.19958260655403137
        ],
        "adv_deb": [
            0.015868423506617546,
            0.20430606603622437
        ],
        "eo_cal": [
            0.008293291553854942,
            0.11212876439094543
        ],
        "re_weigh": [
            0.01248826365917921,
            0.20192144811153412
        ],
        "dp_exp": [
            0.035858213901519775,
            0.043361347168684006
        ],
        "eo_exp": [
            0.0721413865685463,
            0.05167791247367859
        ],
        "tpr_exp": [
            0.04929434135556221,
            0.1240786537528038
        ],
        "er_exp": [
            0.2706754207611084,
            0.16140493750572205
        ],
        "opt_shap": [
            0.00839642621576786,
            0.1924026757478714
        ],
        "opt_objBI": [
            0.008351879194378853,
            0.191507488489151
        ]
    },
    "di": {
        "full": 0.7610062893081762,
        "partial": 0.7413103275818955,
        "mip": 0.7495815951839732,
        "adv_deb": 0.7353146647139527,
        "eo_cal": 0.7209302325581395,
        "re_weigh": 0.9667095808109859,
        "dp_exp": 0.9865180128189387,
        "eo_exp": 1.0109951812277393,
        "tpr_exp": 0.9197712049371567,
        "er_exp": 0.973785431090597,
        "opt_shap": 0.7675335500541802,
        "opt_objBI": 0.7675335500541802
    },
    "dd": {
        "full": -0.23553719008264462,
        "partial": -0.2485344993273111,
        "mip": -0.2408466269459928,
        "adv_deb": -0.25183387789096034,
        "eo_cal": -0.2790697674418605,
        "re_weigh": -0.02919789864821587,
        "dp_exp": -0.009313537061951482,
        "eo_exp": 0.008504708821833629,
        "tpr_exp": -0.07592574796591711,
        "er_exp": -0.02833301300531743,
        "opt_shap": -0.22334070087769875,
        "opt_objBI": -0.22334070087769875
    },
    "eqopp": {
        "full": -0.15448125105095,
        "partial": -0.16744577097696323,
        "mip": -0.16237178409281994,
        "adv_deb": -0.1659408104926854,
        "eo_cal": -0.1821086261980831,
        "re_weigh": 0.008848999495543963,
        "dp_exp": -0.0033798553892718797,
        "eo_exp": 0.013725407768622855,
        "tpr_exp": -0.03241129981503277,
        "er_exp": 0.02759374474524967,
        "opt_shap": -0.15438456364553554,
        "opt_objBI": -0.15438456364553554
    },
    "eqodd": {
        "full": 0.24778344477519082,
        "partial": 0.2512816198575608,
        "mip": 0.24258699094750885,
        "adv_deb": 0.25440134499624795,
        "eo_cal": 0.30534002738475585,
        "re_weigh": 0.00885326064205011,
        "dp_exp": 0.0012983187730090107,
        "eo_exp": 0.012298100506730789,
        "tpr_exp": 0.0817465971997306,
        "er_exp": 0.029994289506148575,
        "opt_shap": 0.22141120944686782,
        "opt_objBI": 0.22141120944686782
    }
}