{
    "error": {
        "full": 25.700000762939453,
        "partial": 26.399999618530273,
        "mip": 26.0,
        "adv_deb": 25.650001525878906,
        "eo_cal": 25.899999618530273,
        "re_weigh": 27.399999618530273,
        "dp_exp": 28.450000762939453,
        "eo_exp": 28.450000762939453,
        "tpr_exp": 27.299999237060547,
        "er_exp": 35.150001525878906,
        "opt_shap": 25.650001525878906,
        "opt_objBI": 25.650001525878906
    },
    "objBI": {
        "full": [
            0.004295642953366041,
            0.1739630401134491,
            0.01814429834485054
        ],
        "partial": [
            0.04140656441450119,
            0.1210034042596817,
            0.003445305163040757
        ],
        "mip": [
            0.006998666096478701,
            0.19937331974506378,
            0.006239575333893299
        ],
        "adv_deb": [
            0.006744297221302986,
            0.19920523464679718,
            0.0024775685742497444
        ],
        "eo_cal": [
            0.00616450235247612,
            0.10482466220855713,
            0.038283832371234894
        ],
        "re_weigh": [
            0.019841566681861877,
            0.19868707656860352,
            0.07672479748725891
        ],
        "dp_exp": [
            0.11421847343444824,
            0.1557520627975464,
            0.014655555598437786
        ],
        "eo_exp": [
            0.1234448179602623,
            0.19422581791877747,
            0.003999999724328518
        ],
        "tpr_exp": [
            0.10815595835447311,
            0.19867835938930511,
            0.009477498009800911
        ],
        "er_exp": [
            0.16355301439762115,
            0.2596680521965027,
            0.0014391784789040685
        ],
        "opt_shap": [
            0.0357462540268898,
            0.12010051310062408,
            0.007237559650093317
        ],
        "opt_objBI": [
            0.03712081164121628,
            0.12391243129968643,
            0.0038452742155641317
        ]
    },
    "shap": {
        "full": [
            0.0003651177103165537,
            0.1786176860332489,
            0.0
        ],
        "partial": [
            0.04063904657959938,
            0.12039758265018463
        ],
        "mip": [
            0.004153970628976822,
            0.20003652572631836
        ],
        "adv_deb": [
            0.013458024710416794,
            0.20040541887283325
        ],
        "eo_cal": [
            6.688587018288672e-05,
            0.10841283202171326
        ],
        "re_weigh": [
            0.0035761829931288958,
            0.20230633020401
        ],
        "dp_exp": [
            0.1014007106423378,
            0.1463804394006729
        ],
        "eo_exp": [
            0.11601492017507553,
            0.17491862177848816
        ],
        "tpr_exp": [
            0.10350824892520905,
            0.181071937084198
        ],
        "er_exp": [
            0.18603594601154327,
            0.2665115296840668
        ],
        "opt_shap": [
            0.03635633736848831,
            0.12538111209869385
        ],
        "opt_objBI": [
            0.036610960960388184,
            0.12573866546154022
        ]
    },
    "di": {
        "full": 0.7422179704172494,
        "partial": 0.8505387696548167,
        "mip": 0.7554330708661418,
        "adv_deb": 0.7643935182496286,
        "eo_cal": 0.7155511811023622,
        "re_weigh": 0.9696248906386702,
        "dp_exp": 0.9613069863082402,
        "eo_exp": 0.9488651165135841,
        "tpr_exp": 0.9343944066756863,
        "er_exp": 0.9373927770201909,
        "opt_shap": 0.8314233797698365,
        "opt_objBI": 0.8314233797698365
    },
    "dd": {
        "full": -0.2522805838294603,
        "partial": -0.14839798988541064,
        "mip": -0.23611644581012736,
        "adv_deb": -0.2272261698994943,
        "eo_cal": -0.28444881889763785,
        "re_weigh": -0.026670827731899327,
        "dp_exp": -0.047044043275078384,
        "eo_exp": -0.049708725433711076,
        "tpr_exp": -0.0713302605467,
        "er_exp": -0.06015940080660642,
        "opt_shap": -0.1670347608987901,
        "opt_objBI": -0.1670347608987901
    },
    "eqopp": {
        "full": -0.14996553471028395,
        "partial": -0.0693541287756102,
        "mip": -0.1368957155077194,
        "adv_deb": -0.1254578070109874,
        "eo_cal": -0.1683006535947712,
        "re_weigh": 0.028124506897210355,
        "dp_exp": -0.011805399838885178,
        "eo_exp": -0.008539502204948035,
        "tpr_exp": -0.020521380936957656,
        "er_exp": 0.0008616322429013668,
        "opt_shap": -0.07589007648802859,
        "opt_objBI": -0.07589007648802859
    },
    "eqodd": {
        "full": 0.2647601207249967,
        "partial": 0.16307581796874693,
        "mip": 0.2455976793350026,
        "adv_deb": 0.2361030302582705,
        "eo_cal": 0.31434834659936584,
        "re_weigh": 0.029548256363617506,
        "dp_exp": 0.03727845266782563,
        "eo_exp": 0.048931006568122104,
        "tpr_exp": 0.055241196282571695,
        "er_exp": 0.0807094997935,
        "opt_shap": 0.1823072536533725,
        "opt_objBI": 0.1823072536533725
    }
}