{
    "error": {
        "full": 28.349998474121094,
        "partial": 28.0,
        "mip": 28.299999237060547,
        "adv_deb": 27.900001525878906,
        "eo_cal": 28.349998474121094,
        "re_weigh": 29.44999885559082,
        "dp_exp": 30.30000114440918,
        "eo_exp": 29.350000381469727,
        "tpr_exp": 29.499998092651367,
        "er_exp": 35.75,
        "opt_shap": 28.299999237060547,
        "opt_objBI": 28.299999237060547
    },
    "objBI": {
        "full": [
            0.042638830840587616,
            0.1553381085395813,
            0.0037860218435525894
        ],
        "partial": [
            0.011319092474877834,
            0.18090243637561798,
            0.0064296298660337925
        ],
        "mip": [
            0.009510940872132778,
            0.18431292474269867,
            0.008485271595418453
        ],
        "adv_deb": [
            0.006241871975362301,
            0.19947487115859985,
            0.00857752189040184
        ],
        "eo_cal": [
            0.0038296477869153023,
            0.09053109586238861,
            0.05808123201131821
        ],
        "re_weigh": [
            0.003234811592847109,
            0.19009307026863098,
            0.07201042026281357
        ],
        "dp_exp": [
            0.14606162905693054,
            0.23788653314113617,
            0.003692713100463152
        ],
        "eo_exp": [
            0.15453946590423584,
            0.27888959646224976,
            0.005727546755224466
        ],
        "tpr_exp": [
            0.1297406554222107,
            0.2420533448457718,
            0.0030173819977790117
        ],
        "er_exp": [
            0.19666780531406403,
            0.28558170795440674,
            0.016752425581216812
        ],
        "opt_shap": [
            0.014524423517286777,
            0.18261519074440002,
            0.001394685241393745
        ],
        "opt_objBI": [
            0.014993108808994293,
            0.17838448286056519,
            0.00508680148050189
        ]
    },
    "shap": {
        "full": [
            0.04288285970687866,
            0.14940869808197021,
            0.0
        ],
        "partial": [
            0.010225256904959679,
            0.18654431402683258
        ],
        "mip": [
            0.006287599913775921,
            0.18917790055274963
        ],
        "adv_deb": [
            0.019872799515724182,
            0.1949394941329956
        ],
        "eo_cal": [
            0.0035124130081385374,
            0.10197020322084427
        ],
        "re_weigh": [
            0.0008121597929857671,
            0.1942140758037567
        ],
        "dp_exp": [
            0.14783920347690582,
            0.21727527678012848
        ],
        "eo_exp": [
            0.14840957522392273,
            0.2479023039340973
        ],
        "tpr_exp": [
            0.1349266618490219,
            0.2195860594511032
        ],
        "er_exp": [
            0.244914710521698,
            0.3282739818096161
        ],
        "opt_shap": [
            0.0142489243298769,
            0.1813357025384903
        ],
        "opt_objBI": [
            0.014267150312662125,
            0.18108777701854706
        ]
    },
    "di": {
        "full": 0.747741986387552,
        "partial": 0.7727752655379115,
        "mip": 0.7850415395940689,
        "adv_deb": 0.7896809682862161,
        "eo_cal": 0.7431906614785992,
        "re_weigh": 0.982819792898607,
        "dp_exp": 0.9912932927533998,
        "eo_exp": 0.9697155940669053,
        "tpr_exp": 0.9734260381450532,
        "er_exp": 1.097382384152812,
        "opt_shap": 0.7759197883535967,
        "opt_objBI": 0.7759197883535967
    },
    "dd": {
        "full": -0.24317464892475704,
        "partial": -0.2162375302236953,
        "mip": -0.20456437847272257,
        "adv_deb": -0.19560535459800477,
        "eo_cal": -0.25680933852140075,
        "re_weigh": -0.015235944980865002,
        "dp_exp": -0.012033434212422534,
        "eo_exp": -0.030984291684680754,
        "tpr_exp": -0.02798994411618716,
        "er_exp": 0.06268114201533992,
        "opt_shap": -0.21462826856255302,
        "opt_objBI": -0.21462826856255302
    },
    "eqopp": {
        "full": -0.15620060103878963,
        "partial": -0.13332508207827398,
        "mip": -0.1284785554223774,
        "adv_deb": -0.12284381677002454,
        "eo_cal": -0.15670436187399028,
        "re_weigh": 0.011992547813851728,
        "dp_exp": 0.014732833046710803,
        "eo_exp": -0.0027663418277833474,
        "tpr_exp": -0.0008663817812288865,
        "er_exp": 0.13385055674257829,
        "opt_shap": -0.12982264144388278,
        "opt_objBI": -0.12982264144388278
    },
    "eqodd": {
        "full": 0.2528150519456377,
        "partial": 0.2199139458347446,
        "mip": 0.20648823751902123,
        "adv_deb": 0.18835752370693565,
        "eo_cal": 0.2825086601545991,
        "re_weigh": 0.00975490642955272,
        "dp_exp": 0.00934302378802706,
        "eo_exp": 0.013702806365799305,
        "tpr_exp": 0.014227412029865286,
        "er_exp": 0.08694784300471581,
        "opt_shap": 0.22301516836059793,
        "opt_objBI": 0.22301516836059793
    }
}