{
    "error": {
        "full": 31.099477767944336,
        "partial": 31.623035430908203,
        "mip": 31.72774887084961,
        "adv_deb": 30.890052795410156,
        "eo_cal": 33.71727752685547,
        "re_weigh": 36.12565231323242,
        "dp_exp": 43.03664779663086,
        "eo_exp": 44.92146682739258,
        "tpr_exp": 39.4764404296875,
        "er_exp": 31.832460403442383,
        "opt_shap": 30.68062973022461,
        "opt_objBI": 30.575916290283203
    },
    "objBI": {
        "full": [
            0.029361872002482414,
            0.10502348095178604,
            0.009641560725867748,
            0.013517881743609905,
            0.014576694928109646,
            0.14702212810516357,
            0.012001990340650082,
            0.04304758459329605
        ],
        "partial": [
            0.037492018193006516,
            0.1081325113773346,
            0.018055031076073647,
            0.01680815778672695,
            0.019574766978621483,
            0.14917194843292236,
            0.02068399451673031,
            0.010308600962162018
        ],
        "mip": [
            0.02788524143397808,
            0.10696027427911758,
            0.006419663317501545,
            0.010968196205794811,
            0.01870204322040081,
            0.13719519972801208,
            0.018291430547833443,
            0.0008067200542427599
        ],
        "adv_deb": [
            0.02359895221889019,
            0.11064325273036957,
            0.01127700787037611,
            0.009583774022758007,
            0.014205706305801868,
            0.15916317701339722,
            0.0171954408288002,
            0.03464547544717789
        ],
        "eo_cal": [
            0.014935898594558239,
            0.061783380806446075,
            0.0066154045052826405,
            0.007290906738489866,
            0.014588812366127968,
            0.07406117767095566,
            0.014836282469332218,
            0.07630077749490738
        ],
        "re_weigh": [
            0.03126276284456253,
            0.11224924027919769,
            0.013545176945626736,
            0.02560332976281643,
            0.03235100209712982,
            0.14127084612846375,
            0.026532554998993874,
            0.06147341802716255
        ],
        "dp_exp": [
            0.009600235149264336,
            0.1905728280544281,
            0.015554916113615036,
            0.06168481335043907,
            0.08735048025846481,
            0.2946641445159912,
            0.06058921664953232,
            0.009161361493170261
        ],
        "eo_exp": [
            0.015042887069284916,
            0.13126423954963684,
            0.02325674146413803,
            0.06529221683740616,
            0.11613969504833221,
            0.22365503013134003,
            0.06121291592717171,
            0.020587962120771408
        ],
        "tpr_exp": [
            0.02242244780063629,
            0.09950560331344604,
            0.008175774477422237,
            0.056617651134729385,
            0.0881776511669159,
            0.28625521063804626,
            0.022083640098571777,
            0.003342356765642762
        ],
        "er_exp": [
            0.10123920440673828,
            0.2373242825269699,
            0.024474546313285828,
            0.03693659231066704,
            0.03481967747211456,
            0.3026595413684845,
            0.05098608508706093,
            0.014233389869332314
        ],
        "opt_shap": [
            0.044921111315488815,
            0.10072870552539825,
            0.037518616765737534,
            0.03869091346859932,
            0.0338534377515316,
            0.17215068638324738,
            0.030097588896751404,
            0.02800474315881729
        ],
        "opt_objBI": [
            0.03398040309548378,
            0.09761741757392883,
            0.012733488343656063,
            0.012621347792446613,
            0.014928555116057396,
            0.1555759608745575,
            0.015437781810760498,
            0.005386563949286938
        ]
    },
    "shap": {
        "full": [
            0.030672838911414146,
            0.09783659130334854,
            0.007061668671667576,
            0.008895432576537132,
            0.011906451545655727,
            0.15097443759441376,
            0.01126367598772049,
            0.04429388418793678
        ],
        "partial": [
            0.03227284550666809,
            0.11014474928379059,
            0.00769124086946249,
            0.009002689272165298,
            0.011281706392765045,
            0.15875695645809174,
            0.013886689208447933
        ],
        "mip": [
            0.027481162920594215,
            0.108821339905262,
            0.0037864060141146183,
            0.008834460750222206,
            0.014871296472847462,
            0.14105071127414703,
            0.01833155006170273
        ],
        "adv_deb": [
            0.025491049513220787,
            0.11005665361881256,
            0.007847852073609829,
            0.009860267862677574,
            0.013948365114629269,
            0.16036750376224518,
            0.01987300254404545,
            0.03372608497738838
        ],
        "eo_cal": [
            0.011251814663410187,
            0.05583875626325607,
            0.0019350731745362282,
            0.004582197871059179,
            0.00930983480066061,
            0.08061155676841736,
            0.011097167618572712,
            0.09386543184518814
        ],
        "re_weigh": [
            0.028568172827363014,
            0.11211889982223511,
            0.0031294128857553005,
            0.009155703708529472,
            0.01700832135975361,
            0.13672496378421783,
            0.0182509608566761,
            0.05364098772406578
        ],
        "dp_exp": [
            0.005045299418270588,
            0.21496477723121643,
            0.004193214233964682,
            0.03847530111670494,
            0.07328895479440689,
            0.2827775776386261,
            0.05589505657553673,
            0.0
        ],
        "eo_exp": [
            0.03711496666073799,
            0.13722290098667145,
            0.003006089013069868,
            0.03659246861934662,
            0.08378427475690842,
            0.23408322036266327,
            0.049266815185546875,
            0.0
        ],
        "tpr_exp": [
            0.05296139791607857,
            0.16428078711032867,
            0.0024037030525505543,
            0.03746935352683067,
            0.0825638696551323,
            0.2684316039085388,
            0.028000198304653168,
            0.0
        ],
        "er_exp": [
            0.08346842229366302,
            0.2547138035297394,
            0.009558604098856449,
            0.01892177015542984,
            0.020015327259898186,
            0.32156696915626526,
            0.04642948508262634,
            0.0
        ],
        "opt_shap": [
            0.03066577948629856,
            0.09864053130149841,
            0.010770977474749088,
            0.010458393022418022,
            0.014973829500377178,
            0.1501404494047165,
            0.012099807150661945
        ],
        "opt_objBI": [
            0.031043238937854767,
            0.09810726344585419,
            0.0068159885704517365,
            0.00940633937716484,
            0.011788660660386086,
            0.15081240236759186,
            0.011720655485987663
        ]
    },
    "di": {
        "full": 0.4092647256138468,
        "partial": 0.6242519790688313,
        "mip": 0.6119392309452965,
        "adv_deb": 0.4248766176452306,
        "eo_cal": 0.27626459143968873,
        "re_weigh": 1.0788419308856956,
        "dp_exp": 0.9622611088419287,
        "eo_exp": 0.9254158666508081,
        "tpr_exp": 0.8444118054167115,
        "er_exp": 0.599983673913635,
        "opt_shap": 0.5981668219433331,
        "opt_objBI": 0.5923397537975823
    },
    "dd": {
        "full": -0.4661584478149236,