{
    "error": {
        "full": 26.850000381469727,
        "partial": 28.349998474121094,
        "mip": 26.80000114440918,
        "adv_deb": 26.649999618530273,
        "eo_cal": 27.450000762939453,
        "re_weigh": 27.950000762939453,
        "dp_exp": 28.5,
        "eo_exp": 28.450000762939453,
        "tpr_exp": 27.799999237060547,
        "er_exp": 36.79999923706055,
        "opt_shap": 28.349998474121094,
        "opt_objBI": 28.349998474121094
    },
    "objBI": {
        "full": [
            0.009704526513814926,
            0.18917806446552277,
            0.014931424520909786
        ],
        "partial": [
            0.07062980532646179,
            0.10548190027475357,
            0.007246441673487425
        ],
        "mip": [
            0.005116942338645458,
            0.20102064311504364,
            0.0013861918123438954
        ],
        "adv_deb": [
            0.020319221541285515,
            0.19767075777053833,
            0.009383820928633213
        ],
        "eo_cal": [
            0.010057194158434868,
            0.10020973533391953,
            0.043375976383686066
        ],
        "re_weigh": [
            0.01943868026137352,
            0.20320677757263184,
            0.07441478967666626
        ],
        "dp_exp": [
            0.09209245443344116,
            0.035534247756004333,
            0.0006200872012414038
        ],
        "eo_exp": [
            0.09211231768131256,
            0.052744485437870026,
            0.02523379772901535
        ],
        "tpr_exp": [
            0.0679970532655716,
            0.05661393329501152,
            0.0017729118699207902
        ],
        "er_exp": [
            0.22677280008792877,
            0.13513845205307007,
            0.00603090226650238
        ],
        "opt_shap": [
            0.068326435983181,
            0.1077403575181961,
            0.006269089411944151
        ],
        "opt_objBI": [
            0.06304275989532471,
            0.11117515712976456,
            0.0005905203288421035
        ]
    },
    "shap": {
        "full": [
            0.00921597983688116,
            0.18924717605113983,
            0.0
        ],
        "partial": [
            0.06838555634021759,
            0.10250138491392136
        ],
        "mip": [
            0.004734973888844252,
            0.20529940724372864
        ],
        "adv_deb": [
            0.021538931876420975,
            0.20546407997608185
        ],
        "eo_cal": [
            0.005090800113976002,
            0.11097417026758194
        ],
        "re_weigh": [
            0.009621544741094112,
            0.2101520597934723
        ],
        "dp_exp": [
            0.09487859159708023,
            0.05444919690489769
        ],
        "eo_exp": [
            0.10850885510444641,
            0.06008954346179962
        ],
        "tpr_exp": [
            0.08280079066753387,
            0.06829637289047241
        ],
        "er_exp": [
            0.2678716480731964,
            0.15327438712120056
        ],
        "opt_shap": [
            0.06375114619731903,
            0.10769454389810562
        ],
        "opt_objBI": [
            0.06404753774404526,
            0.10728361457586288
        ]
    },
    "di": {
        "full": 0.7493575283849929,
        "partial": 0.9007468590979572,
        "mip": 0.7649425724821544,
        "adv_deb": 0.7756238328927537,
        "eo_cal": 0.7145708582834331,
        "re_weigh": 0.9553084523348309,
        "dp_exp": 0.9696306539463447,
        "eo_exp": 0.9501040790872703,
        "tpr_exp": 0.9488782686991947,
        "er_exp": 0.9508011794858308,
        "opt_shap": 0.8921688537817981,
        "opt_objBI": 0.8921688537817981
    },
    "dd": {
        "full": -0.23934095736382943,
        "partial": -0.09358437433749733,
        "mip": -0.22233888935555735,
        "adv_deb": -0.20931283725134897,
        "eo_cal": -0.28542914171656686,
        "re_weigh": -0.039452157808631316,
        "dp_exp": -0.029724118896475527,
        "eo_exp": -0.03867815471261882,
        "tpr_exp": -0.058694234776939136,
        "er_exp": -0.037610150440601786,
        "opt_shap": -0.10156440625762508,
        "opt_objBI": -0.10156440625762508
    },
    "eqopp": {
        "full": -0.17191688311688313,
        "partial": -0.07222857142857142,
        "mip": -0.1545246753246754,
        "adv_deb": -0.13643636363636358,
        "eo_cal": -0.18400000000000005,
        "re_weigh": -0.02876883116883122,
        "dp_exp": -0.021122077922077986,
        "eo_exp": -0.02093506493506503,
        "tpr_exp": -0.035823376623376646,
        "er_exp": -0.0017766233766233208,
        "opt_shap": -0.07443116883116885,
        "opt_objBI": -0.07443116883116885
    },
    "eqodd": {
        "full": 0.2372684141025339,
        "partial": 0.07607077508093842,
        "mip": 0.21934084294410977,
        "adv_deb": 0.20682979706319088,
        "eo_cal": 0.318790450928382,
        "re_weigh": 0.027414337870236255,
        "dp_exp": 0.008254482843230604,
        "eo_exp": 0.0251520218438549,
        "tpr_exp": 0.03903081419487957,
        "er_exp": 0.03813422838504507,
        "opt_shap": 0.08732261592007509,
        "opt_objBI": 0.08732261592007509
    }
}