{
    "error": {
        "full": 26.149999618530273,
        "partial": 26.30000114440918,
        "mip": 26.249998092651367,
        "adv_deb": 25.94999885559082,
        "eo_cal": 25.94999885559082,
        "re_weigh": 27.200000762939453,
        "dp_exp": 27.849998474121094,
        "eo_exp": 27.849998474121094,
        "tpr_exp": 27.25,
        "er_exp": 30.5,
        "opt_shap": 26.249998092651367,
        "opt_objBI": 26.30000114440918
    },
    "objBI": {
        "full": [
            0.0060035414062440395,
            0.1997447907924652,
            0.005259457044303417
        ],
        "partial": [
            0.014242163859307766,
            0.19280041754245758,
            0.005839126650243998
        ],
        "mip": [
            0.004145795479416847,
            0.20722422003746033,
            0.0006962840561755002
        ],
        "adv_deb": [
            0.0060498518869280815,
            0.2080327421426773,
            0.0013902634382247925
        ],
        "eo_cal": [
            0.004481445532292128,
            0.10027662664651871,
            0.044454507529735565
        ],
        "re_weigh": [
            0.01801910251379013,
            0.19505575299263,
            0.07734020054340363
        ],
        "dp_exp": [
            0.15269464254379272,
            0.2763924300670624,
            0.008112616837024689
        ],
        "eo_exp": [
            0.1589502990245819,
            0.29426300525665283,
            0.0032776149455457926
        ],
        "tpr_exp": [
            0.13078124821186066,
            0.27693313360214233,
            0.02426040545105934
        ],
        "er_exp": [
            0.20661577582359314,
            0.3707579970359802,
            0.010013301856815815
        ],
        "opt_shap": [
            0.011696673929691315,
            0.2070917934179306,
            0.008918868377804756
        ],
        "opt_objBI": [
            0.009594189934432507,
            0.20161636173725128,
            0.0040626563131809235
        ]
    },
    "shap": {
        "full": [
            0.00555645115673542,
            0.19602705538272858,
            0.0
        ],
        "partial": [
            0.012714230455458164,
            0.1920243799686432
        ],
        "mip": [
            0.003945086617022753,
            0.20226413011550903
        ],
        "adv_deb": [
            0.017146596685051918,
            0.20735867321491241
        ],
        "eo_cal": [
            0.0006557399174198508,
            0.1097559854388237
        ],
        "re_weigh": [
            0.0019052610732614994,
            0.2041042596101761
        ],
        "dp_exp": [
            0.15428073704242706,
            0.2695169448852539
        ],
        "eo_exp": [
            0.15184985101222992,
            0.2842217981815338
        ],
        "tpr_exp": [
            0.13301719725131989,
            0.281053751707077
        ],
        "er_exp": [
            0.23421356081962585,
            0.4441884160041809
        ],
        "opt_shap": [
            0.008697353303432465,
            0.19571268558502197
        ],
        "opt_objBI": [
            0.008652976714074612,
            0.1945650279521942
        ]
    },
    "di": {
        "full": 0.7603973729419736,
        "partial": 0.7423744929006086,
        "mip": 0.765418562578806,
        "adv_deb": 0.7132778148740756,
        "eo_cal": 0.716024340770791,
        "re_weigh": 0.9498156921148572,
        "dp_exp": 0.9775985643131168,
        "eo_exp": 0.9580991656062493,
        "tpr_exp": 0.9314630174556466,
        "er_exp": 0.9521153288901767,
        "opt_shap": 0.7401020139696334,
        "opt_objBI": 0.743627080061297
    },
    "dd": {
        "full": -0.22849678536993245,
        "partial": -0.24390580553788532,
        "mip": -0.22255162011754304,
        "adv_deb": -0.2731495373093126,
        "eo_cal": -0.283975659229209,
        "re_weigh": -0.04469075938884026,
        "dp_exp": -0.022126336762005372,
        "eo_exp": -0.03238034654792343,
        "tpr_exp": -0.04054994778976684,
        "er_exp": -0.03347656140603561,
        "opt_shap": -0.24503202627715037,
        "opt_objBI": -0.2419614244391901
    },
    "eqopp": {
        "full": -0.12826272284302986,
        "partial": -0.14049244861968957,
        "mip": -0.12452673280566995,
        "adv_deb": -0.1605744398104424,
        "eo_cal": -0.16610738255033553,
        "re_weigh": -0.006197397343853273,
        "dp_exp": 0.015614683193059586,
        "eo_exp": 0.0009465343886598809,
        "tpr_exp": 0.0022441013982800184,
        "er_exp": -0.007712270261686527,
        "opt_shap": -0.14135749329276948,
        "opt_objBI": -0.13800178859478296
    },
    "eqodd": {
        "full": 0.23763968564073962,
        "partial": 0.2531177761387426,
        "mip": 0.2297503028471174,
        "adv_deb": 0.28584682617572793,
        "eo_cal": 0.3151049733264498,
        "re_weigh": 0.011034049261305662,
        "dp_exp": 0.010341063798498445,
        "eo_exp": 0.02389642490910568,
        "tpr_exp": 0.023353653574744906,
        "er_exp": 0.03183711188639854,
        "opt_shap": 0.2526571158285454,
        "opt_objBI": 0.25078482916189504
    }
}