{
    "error": {
        "full": 25.5,
        "partial": 25.850000381469727,
        "mip": 25.700000762939453,
        "adv_deb": 26.100000381469727,
        "eo_cal": 26.100000381469727,
        "re_weigh": 26.94999885559082,
        "dp_exp": 29.0,
        "eo_exp": 27.64999771118164,
        "tpr_exp": 28.650001525878906,
        "er_exp": 37.14999771118164,
        "opt_shap": 25.799999237060547,
        "opt_objBI": 25.799999237060547
    },
    "objBI": {
        "full": [
            0.018294822424650192,
            0.20180170238018036,
            0.007113914471119642
        ],
        "partial": [
            0.015963058918714523,
            0.20689906179904938,
            0.0070176017470657825
        ],
        "mip": [
            0.018371764570474625,
            0.20664168894290924,
            0.015883315354585648
        ],
        "adv_deb": [
            0.012464653700590134,
            0.20876021683216095,
            0.013556995429098606
        ],
        "eo_cal": [
            0.009650034829974174,
            0.09898218512535095,
            0.04556052386760712
        ],
        "re_weigh": [
            0.014159283600747585,
            0.20039603114128113,
            0.06846990436315536
        ],
        "dp_exp": [
            0.0912446603178978,
            0.07332562655210495,
            0.005354610271751881
        ],
        "eo_exp": [
            0.0777820572257042,
            0.08455438911914825,
            0.009631876833736897
        ],
        "tpr_exp": [
            0.07406294345855713,
            0.15335914492607117,
            0.0113960737362504
        ],
        "er_exp": [
            0.18921807408332825,
            0.18001341819763184,
            0.015592758543789387
        ],
        "opt_shap": [
            0.01830831728875637,
            0.20018231868743896,
            0.0045156655833125114
        ],
        "opt_objBI": [
            0.019808532670140266,
            0.18856574594974518,
            0.006286821328103542
        ]
    },
    "shap": {
        "full": [
            0.01765040121972561,
            0.19436638057231903,
            0.0
        ],
        "partial": [
            0.014864861033856869,
            0.1974305510520935
        ],
        "mip": [
            0.013652064837515354,
            0.2025185376405716
        ],
        "adv_deb": [
            0.014538202434778214,
            0.2000737488269806
        ],
        "eo_cal": [
            0.008339792490005493,
            0.10546525567770004
        ],
        "re_weigh": [
            0.013764972798526287,
            0.20355816185474396
        ],
        "dp_exp": [
            0.08589968085289001,
            0.08401276171207428
        ],
        "eo_exp": [
            0.08200447261333466,
            0.08928047120571136
        ],
        "tpr_exp": [
            0.07608795911073685,
            0.1711089313030243
        ],
        "er_exp": [
            0.19024072587490082,
            0.1716519147157669
        ],
        "opt_shap": [
            0.018192395567893982,
            0.194730743765831
        ],
        "opt_objBI": [
            0.018275268375873566,
            0.19425037503242493
        ]
    },
    "di": {
        "full": 0.7774949083503054,
        "partial": 0.7623769517990495,
        "mip": 0.782587084585623,
        "adv_deb": 0.7473346183937025,
        "eo_cal": 0.7423625254582484,
        "re_weigh": 0.9730466580262914,
        "dp_exp": 0.973435616062843,
        "eo_exp": 0.9488436484826042,
        "tpr_exp": 0.8990988536761495,
        "er_exp": 0.92364581306039,
        "opt_shap": 0.7726456677576841,
        "opt_objBI": 0.7726456677576841
    },
    "dd": {
        "full": -0.2124508340702388,
        "partial": -0.22408460341150538,
        "mip": -0.20652091277573925,
        "adv_deb": -0.24100008402722484,
        "eo_cal": -0.25763747454175157,
        "re_weigh": -0.02329954905389342,
        "dp_exp": -0.03801831793501098,
        "eo_exp": -0.05282511533736933,
        "tpr_exp": -0.10853516539358754,
        "er_exp": -0.020554659709746015,
        "opt_shap": -0.2148476106258428,
        "opt_objBI": -0.2148476106258428
    },
    "eqopp": {
        "full": -0.11856242118537197,
        "partial": -0.13014081546868428,
        "mip": -0.11351828499369487,
        "adv_deb": -0.14770701975620004,
        "eo_cal": -0.14,
        "re_weigh": 0.028316519546027763,
        "dp_exp": -0.009964270701975586,
        "eo_exp": -0.018474148802017698,
        "tpr_exp": -0.023526691887347684,
        "er_exp": 0.0073392181588902705,
        "opt_shap": -0.1214018495166036,
        "opt_objBI": -0.1214018495166036
    },
    "eqodd": {
        "full": 0.21604095462991693,
        "partial": 0.2260302681182863,
        "mip": 0.20998776378829598,
        "adv_deb": 0.2459244813731553,
        "eo_cal": 0.2912041884816754,
        "re_weigh": 0.02507739880733617,
        "dp_exp": 0.03554695426165687,
        "eo_exp": 0.0408021907807334,
        "tpr_exp": 0.08970448411676632,
        "er_exp": 0.051085004625258695,
        "opt_shap": 0.2173385047466671,
        "opt_objBI": 0.2173385047466671
    }
}