{
    "error": {
        "full": 28.299999237060547,
        "partial": 28.950000762939453,
        "mip": 27.799999237060547,
        "adv_deb": 28.0,
        "eo_cal": 28.0,
        "re_weigh": 29.69999885559082,
        "dp_exp": 29.399999618530273,
        "eo_exp": 28.950000762939453,
        "tpr_exp": 28.5,
        "er_exp": 34.650001525878906,
        "opt_shap": 28.400001525878906,
        "opt_objBI": 28.400001525878906
    },
    "objBI": {
        "full": [
            0.015471195802092552,
            0.18244534730911255,
            0.014646985568106174
        ],
        "partial": [
            0.03446771577000618,
            0.11965062469244003,
            0.0013877854216843843
        ],
        "mip": [
            0.004224269650876522,
            0.18996833264827728,
            0.00410784687846899
        ],
        "adv_deb": [
            0.014998642727732658,
            0.20379935204982758,
            0.011038430966436863
        ],
        "eo_cal": [
            0.005239209625869989,
            0.10202661156654358,
            0.04740104824304581
        ],
        "re_weigh": [
            0.014145496301352978,
            0.20250290632247925,
            0.07085374742746353
        ],
        "dp_exp": [
            0.10251941531896591,
            0.1042712852358818,
            0.006541431415826082
        ],
        "eo_exp": [
            0.11082783341407776,
            0.11404111981391907,
            0.01157225389033556
        ],
        "tpr_exp": [
            0.08310043066740036,
            0.13504493236541748,
            0.007530516479164362
        ],
        "er_exp": [
            0.138185515999794,
            0.2045302838087082,
            0.0039433687925338745
        ],
        "opt_shap": [
            0.028767498210072517,
            0.11968700587749481,
            0.001881969626992941
        ],
        "opt_objBI": [
            0.030108043923974037,
            0.1258569061756134,
            0.0025861633475869894
        ]
    },
    "shap": {
        "full": [
            0.01125806663185358,
            0.18251924216747284,
            0.0
        ],
        "partial": [
            0.03335977718234062,
            0.11829744279384613
        ],
        "mip": [
            0.0011456012725830078,
            0.19591288268566132
        ],
        "adv_deb": [
            0.01351938582956791,
            0.19613268971443176
        ],
        "eo_cal": [
            0.0007303489255718887,
            0.10513894259929657
        ],
        "re_weigh": [
            0.0014443106483668089,
            0.20087994635105133
        ],
        "dp_exp": [
            0.10384361445903778,
            0.10931307822465897
        ],
        "eo_exp": [
            0.11486554145812988,
            0.12641654908657074
        ],
        "tpr_exp": [
            0.09279023855924606,
            0.1464807391166687
        ],
        "er_exp": [
            0.14239764213562012,
            0.1877908557653427
        ],
        "opt_shap": [
            0.029212774708867073,
            0.12309905886650085
        ],
        "opt_objBI": [
            0.02896834909915924,
            0.12273373454809189
        ]
    },
    "di": {
        "full": 0.8044354838709677,
        "partial": 0.9315386400556973,
        "mip": 0.8071455167044647,
        "adv_deb": 0.827679390869846,
        "eo_cal": 0.7580645161290323,
        "re_weigh": 0.9882898806893504,
        "dp_exp": 0.9783712321523004,
        "eo_exp": 0.97039764880847,
        "tpr_exp": 0.9250505120880653,
        "er_exp": 1.001065124771759,
        "opt_shap": 0.9093883924122121,
        "opt_objBI": 0.9093883924122121
    },
    "dd": {
        "full": -0.18625192012288783,
        "partial": -0.06608422939068104,
        "mip": -0.18233166922683053,
        "adv_deb": -0.16223438300051207,
        "eo_cal": -0.24193548387096775,
        "re_weigh": -0.01017665130568357,
        "dp_exp": -0.023601510496671807,
        "eo_exp": -0.02475358422939067,
        "tpr_exp": -0.058771761392729105,
        "er_exp": 0.0008160522273424897,
        "opt_shap": -0.08728558627752181,
        "opt_objBI": -0.08728558627752181
    },
    "eqopp": {
        "full": -0.11366347932841103,
        "partial": -0.01919751698857053,
        "mip": -0.10774125499282416,
        "adv_deb": -0.09519651410094587,
        "eo_cal": -0.14072847682119205,
        "re_weigh": 0.017835837670534205,
        "dp_exp": -0.0011109574118582932,
        "eo_exp": 0.0027103902616153475,
        "tpr_exp": -0.0295116974737607,
        "er_exp": 0.03513132640533945,
        "opt_shap": -0.027825808794286977,
        "opt_objBI": -0.027825808794286977
    },
    "eqodd": {
        "full": 0.19125706129664993,
        "partial": 0.06905816038573964,
        "mip": 0.18440866958553198,
        "adv_deb": 0.1611174697964898,
        "eo_cal": 0.27010650645183315,
        "re_weigh": 0.011750840365470736,
        "dp_exp": 0.00647059918174113,
        "eo_exp": 0.017414405461718477,
        "tpr_exp": 0.060818728111186035,
        "er_exp": 0.03952824048776929,
        "opt_shap": 0.09321340708096387,
        "opt_objBI": 0.09321340708096387
    }
}