{
    "error": {
        "full": 26.94999885559082,
        "partial": 27.350000381469727,
        "mip": 27.299999237060547,
        "adv_deb": 26.899999618530273,
        "eo_cal": 27.399999618530273,
        "re_weigh": 28.60000228881836,
        "dp_exp": 28.950000762939453,
        "eo_exp": 28.60000228881836,
        "tpr_exp": 28.400001525878906,
        "er_exp": 38.25,
        "opt_shap": 27.399999618530273,
        "opt_objBI": 27.350000381469727
    },
    "objBI": {
        "full": [
            0.01595982164144516,
            0.19814758002758026,
            0.010976064950227737
        ],
        "partial": [
            0.011458583176136017,
            0.1906171590089798,
            0.004714973736554384
        ],
        "mip": [
            0.014812611043453217,
            0.20467038452625275,
            0.006292150355875492
        ],
        "adv_deb": [
            0.01865713857114315,
            0.20754602551460266,
            0.008592603728175163
        ],
        "eo_cal": [
            0.012689076364040375,
            0.20159918069839478,
            0.009772110730409622
        ],
        "re_weigh": [
            0.015136201865971088,
            0.20210184156894684,
            0.06934478878974915
        ],
        "dp_exp": [
            0.11474475264549255,
            0.11868655681610107,
            0.004134261514991522
        ],
        "eo_exp": [
            0.13250699639320374,
            0.1520327627658844,
            0.011686740443110466
        ],
        "tpr_exp": [
            0.12262506037950516,
            0.14534881711006165,
            0.015411796048283577
        ],
        "er_exp": [
            0.24822823703289032,
            0.22672462463378906,
            0.012758683413267136
        ],
        "opt_shap": [
            0.01498934905976057,
            0.18342910706996918,
            0.0012461243895813823
        ],
        "opt_objBI": [
            0.014516416005790234,
            0.19634611904621124,
            0.003507225541397929
        ]
    },
    "shap": {
        "full": [
            0.01575445383787155,
            0.19723199307918549,
            0.0
        ],
        "partial": [
            0.010533974505960941,
            0.19775888323783875
        ],
        "mip": [
            0.013579483143985271,
            0.20243437588214874
        ],
        "adv_deb": [
            0.0209505595266819,
            0.20320338010787964
        ],
        "eo_cal": [
            0.010149165987968445,
            0.20110253989696503
        ],
        "re_weigh": [
            0.012219201773405075,
            0.20286917686462402
        ],
        "dp_exp": [
            0.10896208882331848,
            0.12185882031917572
        ],
        "eo_exp": [
            0.12747140228748322,
            0.15601104497909546
        ],
        "tpr_exp": [
            0.11477262526750565,
            0.15124276280403137
        ],
        "er_exp": [
            0.24691011011600494,
            0.24240882694721222
        ],
        "opt_shap": [
            0.014529583044350147,
            0.19454674422740936
        ],
        "opt_objBI": [
            0.014378637075424194,
            0.19672684371471405
        ]
    },
    "di": {
        "full": 0.7812323490026591,
        "partial": 0.7916629343233487,
        "mip": 0.8011424132141555,
        "adv_deb": 0.8252138626654884,
        "eo_cal": 0.8028451601072779,
        "re_weigh": 0.9750604409941188,
        "dp_exp": 0.9984993698652682,
        "eo_exp": 0.99683479874549,
        "tpr_exp": 0.9762001177626841,
        "er_exp": 0.9715522679797722,
        "opt_shap": 0.7956437360552006,
        "opt_objBI": 0.7960187138794607
    },
    "dd": {
        "full": -0.20684275426309529,
        "partial": -0.19305763766865114,
        "mip": -0.18585005385436215,
        "adv_deb": -0.16179410532253113,
        "eo_cal": -0.18386789329935727,
        "re_weigh": -0.02160274982273558,
        "dp_exp": 0.004632375222393015,
        "eo_exp": -0.0028452304636675807,
        "tpr_exp": -0.017765439000559047,
        "er_exp": -0.008679703055947563,
        "opt_shap": -0.189976388087435,
        "opt_objBI": -0.1890213107261688
    },
    "eqopp": {
        "full": -0.13364495754381567,
        "partial": -0.1189588823357175,
        "mip": -0.11394988915380433,
        "adv_deb": -0.09379052160455104,
        "eo_cal": -0.11138578658970177,
        "re_weigh": 0.02006525285481242,
        "dp_exp": 0.025415150374367368,
        "eo_exp": 0.03287739992470817,
        "tpr_exp": 0.016210733258041565,
        "er_exp": 0.05087212950181952,
        "opt_shap": -0.11826034215920034,
        "opt_objBI": -0.11569623959509767
    },
    "eqodd": {
        "full": 0.20727094345618038,
        "partial": 0.19297912925269967,
        "mip": 0.18644284042034384,
        "adv_deb": 0.1566489633507379,
        "eo_cal": 0.18516078913829256,
        "re_weigh": 0.024467366844679386,
        "dp_exp": 0.017374750160035507,
        "eo_exp": 0.02466441812257006,
        "tpr_exp": 0.025970358139801836,
        "er_exp": 0.05580428079697905,
        "opt_shap": 0.18952225998697292,
        "opt_objBI": 0.1887023052368871
    }
}