{
    "error": {
        "full": 27.950000762939453,
        "partial": 28.049999237060547,
        "mip": 28.049999237060547,
        "adv_deb": 28.0,
        "eo_cal": 27.950000762939453,
        "re_weigh": 27.700000762939453,
        "dp_exp": 30.350000381469727,
        "eo_exp": 30.350000381469727,
        "tpr_exp": 29.499998092651367,
        "er_exp": 34.75,
        "opt_shap": 28.0,
        "opt_objBI": 27.950000762939453
    },
    "objBI": {
        "full": [
            0.006675137672573328,
            0.18594765663146973,
            0.004111725836992264
        ],
        "partial": [
            0.009710552170872688,
            0.1982249617576599,
            0.007287224754691124
        ],
        "mip": [
            0.014435967430472374,
            0.21268616616725922,
            0.013405579142272472
        ],
        "adv_deb": [
            0.021750979125499725,
            0.19384489953517914,
            0.014965352602303028
        ],
        "eo_cal": [
            0.017060227692127228,
            0.21529918909072876,
            0.009824084118008614
        ],
        "re_weigh": [
            0.008802223019301891,
            0.21531054377555847,
            0.07243645936250687
        ],
        "dp_exp": [
            0.1972140222787857,
            0.28958258032798767,
            0.02129499986767769
        ],
        "eo_exp": [
            0.19382162392139435,
            0.3211654722690582,
            0.003586223116144538
        ],
        "tpr_exp": [
            0.15978974103927612,
            0.3120908737182617,
            0.007752144243568182
        ],
        "er_exp": [
            0.16410303115844727,
            0.3248918354511261,
            0.005192483775317669
        ],
        "opt_shap": [
            0.008418621495366096,
            0.21630431711673737,
            0.007897766306996346
        ],
        "opt_objBI": [
            0.011914541013538837,
            0.20507173240184784,
            0.011852906085550785
        ]
    },
    "shap": {
        "full": [
            0.006476054433733225,
            0.19753313064575195,
            0.0
        ],
        "partial": [
            0.007682966999709606,
            0.2107473760843277
        ],
        "mip": [
            0.0074283648282289505,
            0.21061086654663086
        ],
        "adv_deb": [
            0.022046850994229317,
            0.1973305493593216
        ],
        "eo_cal": [
            0.014919574372470379,
            0.22120849788188934
        ],
        "re_weigh": [
            0.007647251710295677,
            0.2142612785100937
        ],
        "dp_exp": [
            0.2080145925283432,
            0.3011464774608612
        ],
        "eo_exp": [
            0.21838422119617462,
            0.31882622838020325
        ],
        "tpr_exp": [
            0.1753934919834137,
            0.32208022475242615
        ],
        "er_exp": [
            0.1969446837902069,
            0.375834196805954
        ],
        "opt_shap": [
            0.00502496724948287,
            0.20703670382499695
        ],
        "opt_objBI": [
            0.0036347811110317707,
            0.20571546256542206
        ]
    },
    "di": {
        "full": 0.7697721579386854,
        "partial": 0.7811621773531064,
        "mip": 0.7813792284353844,
        "adv_deb": 0.7755528229482477,
        "eo_cal": 0.7724739361353353,
        "re_weigh": 0.9697332722596103,
        "dp_exp": 0.9989419639376761,
        "eo_exp": 1.0084947293805593,
        "tpr_exp": 0.9578190695781906,
        "er_exp": 0.9492592013864228,
        "opt_shap": 0.7856467859367281,
        "opt_objBI": 0.7867099074332595
    },
    "dd": {
        "full": -0.2123212321232124,
        "partial": -0.20248024802480247,
        "mip": -0.2025002500250025,
        "adv_deb": -0.21175117511751174,
        "eo_cal": -0.20822082208220827,
        "re_weigh": -0.02577257725772586,
        "dp_exp": 0.00208020802080211,
        "eo_exp": 0.009370937093709397,
        "tpr_exp": -0.03738373837383746,
        "er_exp": -0.04394439443944387,
        "opt_shap": -0.19962996299629965,
        "opt_objBI": -0.19863986398639866
    },
    "eqopp": {
        "full": -0.14764146546098633,
        "partial": -0.13654796308380723,
        "mip": -0.13788486147952916,
        "adv_deb": -0.1435778028254956,
        "eo_cal": -0.1438786579319813,
        "re_weigh": 0.004586981024941372,
        "dp_exp": 0.0197441460376111,
        "eo_exp": 0.023604413671534097,
        "tpr_exp": -0.0061082061408340715,
        "er_exp": -0.002326330330432169,
        "opt_shap": -0.12971304355195468,
        "opt_objBI": -0.12812825749807188
    },
    "eqodd": {
        "full": 0.20982457058129672,
        "partial": 0.2025605992178233,
        "mip": 0.20190978720196393,
        "adv_deb": 0.2160081386399006,
        "eo_cal": 0.20438334213679682,
        "re_weigh": 0.0023261994681827713,
        "dp_exp": 0.015001283679895172,
        "eo_exp": 0.03053016837516595,
        "tpr_exp": 0.022134533820276553,
        "er_exp": 0.029129023221626554,
        "opt_shap": 0.20344981862065342,
        "opt_objBI": 0.20265742559371203
    }
}