{
    "error": {
        "full": 30.19999885559082,
        "partial": 30.399999618530273,
        "mip": 29.649999618530273,
        "adv_deb": 30.149999618530273,
        "eo_cal": 30.5,
        "re_weigh": 30.100000381469727,
        "dp_exp": 32.20000076293945,
        "eo_exp": 31.75,
        "tpr_exp": 32.45000076293945,
        "er_exp": 38.04999923706055,
        "opt_shap": 30.450000762939453,
        "opt_objBI": 30.450000762939453
    },
    "objBI": {
        "full": [
            0.03495104983448982,
            0.15178453922271729,
            0.034014035016298294
        ],
        "partial": [
            0.06300348043441772,
            0.10278719663619995,
            0.0014141587307676673
        ],
        "mip": [
            0.007217928767204285,
            0.19198867678642273,
            0.0070624458603560925
        ],
        "adv_deb": [
            0.010960751213133335,
            0.18631313741207123,
            0.008296611718833447
        ],
        "eo_cal": [
            0.009520791471004486,
            0.10526163876056671,
            0.04952092841267586
        ],
        "re_weigh": [
            0.007767548784613609,
            0.1938936412334442,
            0.07190346717834473
        ],
        "dp_exp": [
            0.07007083296775818,
            0.021808864548802376,
            0.005614474881440401
        ],
        "eo_exp": [
            0.10140356421470642,
            0.04041530191898346,
            0.008315054699778557
        ],
        "tpr_exp": [
            0.07495762407779694,
            0.07651475816965103,
            0.013957885093986988
        ],
        "er_exp": [
            0.1719616949558258,
            0.16899307072162628,
            0.0014415885088965297
        ],
        "opt_shap": [
            0.061001840978860855,
            0.10722904652357101,
            0.0027456411626189947
        ],
        "opt_objBI": [
            0.06161508336663246,
            0.11171332001686096,
            0.00023537574452348053
        ]
    },
    "shap": {
        "full": [
            0.0342496819794178,
            0.14470773935317993,
            0.0
        ],
        "partial": [
            0.06292419135570526,
            0.10307188332080841
        ],
        "mip": [
            0.0014584779273718596,
            0.19080545008182526
        ],
        "adv_deb": [
            0.020700355991721153,
            0.1840921938419342
        ],
        "eo_cal": [
            0.0009740875102579594,
            0.10497213155031204
        ],
        "re_weigh": [
            0.005650626961141825,
            0.20121873915195465
        ],
        "dp_exp": [
            0.07798058539628983,
            0.03607688099145889
        ],
        "eo_exp": [
            0.11383285373449326,
            0.054918110370635986
        ],
        "tpr_exp": [
            0.09165019541978836,
            0.10121762752532959
        ],
        "er_exp": [
            0.2097128927707672,
            0.1806790977716446
        ],
        "opt_shap": [
            0.05850648507475853,
            0.10780702531337738
        ],
        "opt_objBI": [
            0.058636389672756195,
            0.10763826221227646
        ]
    },
    "di": {
        "full": 0.75862590567027,
        "partial": 0.9063701286050365,
        "mip": 0.7840632533548271,
        "adv_deb": 0.8265033947623667,
        "eo_cal": 0.7390882638215325,
        "re_weigh": 0.9585079569517649,
        "dp_exp": 0.9845229840390654,
        "eo_exp": 0.9544680928938748,
        "tpr_exp": 0.947085998162346,
        "er_exp": 0.9786905087584039,
        "opt_shap": 0.8971892940467141,
        "opt_objBI": 0.8971892940467141
    },
    "dd": {
        "full": -0.23639217287813596,
        "partial": -0.08947498546102806,
        "mip": -0.20702294905404095,
        "adv_deb": -0.16329092257659605,
        "eo_cal": -0.2609117361784675,
        "re_weigh": -0.0366962651107714,
        "dp_exp": -0.011756297802187898,
        "eo_exp": -0.03779732322762175,
        "tpr_exp": -0.044338609403636986,
        "er_exp": 0.000848815711899098,
        "opt_shap": -0.09814231476448865,
        "opt_objBI": -0.09814231476448865
    },
    "eqopp": {
        "full": -0.15560165975103735,
        "partial": -0.048827081878312306,
        "mip": -0.14043520534626075,
        "adv_deb": -0.104035714774797,
        "eo_cal": -0.17161716171617158,
        "re_weigh": -0.022451830245265203,
        "dp_exp": -0.00534078304095964,
        "eo_exp": -0.017378086356353517,
        "tpr_exp": -0.009298440217465731,
        "er_exp": 0.04336989715569073,
        "opt_shap": -0.05569478109636683,
        "opt_objBI": -0.05569478109636683
    },
    "eqodd": {
        "full": 0.24635176244366788,
        "partial": 0.08130019804102129,
        "mip": 0.20357484801028963,
        "adv_deb": 0.15756544227501207,
        "eo_cal": 0.27992622791690935,
        "re_weigh": 0.020986795084373386,
        "dp_exp": 0.006558095697173388,
        "eo_exp": 0.02140920518526908,
        "tpr_exp": 0.04635706373521075,
        "er_exp": 0.028044917197625974,
        "opt_shap": 0.09061640059122503,
        "opt_objBI": 0.09061640059122503
    }
}