{
    "error": {
        "full": 25.549999237060547,
        "partial": 24.950000762939453,
        "mip": 24.850000381469727,
        "adv_deb": 24.950000762939453,
        "eo_cal": 25.850000381469727,
        "re_weigh": 25.400001525878906,
        "dp_exp": 27.200000762939453,
        "eo_exp": 26.399999618530273,
        "tpr_exp": 26.69999885559082,
        "er_exp": 34.20000076293945,
        "opt_shap": 24.799999237060547,
        "opt_objBI": 24.799999237060547
    },
    "objBI": {
        "full": [
            0.022084122523665428,
            0.1504182368516922,
            0.0297258161008358
        ],
        "partial": [
            0.005463453009724617,
            0.18810726702213287,
            0.002440596232190728
        ],
        "mip": [
            0.0063109928742051125,
            0.18355950713157654,
            0.0042723012156784534
        ],
        "adv_deb": [
            0.011542068794369698,
            0.1815112978219986,
            0.0037807158660143614
        ],
        "eo_cal": [
            0.004324313253164291,
            0.09451219439506531,
            0.03519700467586517
        ],
        "re_weigh": [
            0.007638328708708286,
            0.18957453966140747,
            0.0642017275094986
        ],
        "dp_exp": [
            0.035079799592494965,
            0.03963029757142067,
            0.013677475973963737
        ],
        "eo_exp": [
            0.04963737353682518,
            0.06131067872047424,
            0.0035013104788959026
        ],
        "tpr_exp": [
            0.027166467159986496,
            0.048126980662345886,
            0.003935269080102444
        ],
        "er_exp": [
            0.15593978762626648,
            0.1566586047410965,
            0.017374735325574875
        ],
        "opt_shap": [
            0.012671700678765774,
            0.18780939280986786,
            0.010573669336736202
        ],
        "opt_objBI": [
            0.009730873629450798,
            0.18039804697036743,
            0.0049415468238294125
        ]
    },
    "shap": {
        "full": [
            0.02220558375120163,
            0.150522381067276,
            0.0
        ],
        "partial": [
            0.004986616317182779,
            0.18442395329475403
        ],
        "mip": [
            0.005411929916590452,
            0.18573997914791107
        ],
        "adv_deb": [
            0.0156777985394001,
            0.1811572164297104
        ],
        "eo_cal": [
            0.004070739261806011,
            0.10028500109910965
        ],
        "re_weigh": [
            0.007469788659363985,
            0.18824853003025055
        ],
        "dp_exp": [
            0.03624653071165085,
            0.045641012489795685
        ],
        "eo_exp": [
            0.060465384274721146,
            0.06848037242889404
        ],
        "tpr_exp": [
            0.030765574425458908,
            0.0576476976275444
        ],
        "er_exp": [
            0.16558346152305603,
            0.16688324511051178
        ],
        "opt_shap": [
            0.008961171843111515,
            0.18134744465351105
        ],
        "opt_objBI": [
            0.008955562487244606,
            0.18071499466896057
        ]
    },
    "di": {
        "full": 0.8050305627766458,
        "partial": 0.8091003108886549,
        "mip": 0.8264731926973101,
        "adv_deb": 0.8467292138602673,
        "eo_cal": 0.782608695652174,
        "re_weigh": 0.9680261886273874,
        "dp_exp": 0.963742736365076,
        "eo_exp": 0.9738668564081439,
        "tpr_exp": 0.9582253270827589,
        "er_exp": 0.9998085941238395,
        "opt_shap": 0.8230923579058765,
        "opt_objBI": 0.8230923579058765
    },
    "dd": {
        "full": -0.19149817127872482,
        "partial": -0.18202502502802842,
        "mip": -0.16580306217052265,
        "adv_deb": -0.14569062856605652,
        "eo_cal": -0.21739130434782605,
        "re_weigh": -0.028621463197046837,
        "dp_exp": -0.03475220501680709,
        "eo_exp": -0.0361813779467316,
        "tpr_exp": -0.04185206409975617,
        "er_exp": 0.0036644433976511515,
        "opt_shap": -0.1688584318702563,
        "opt_objBI": -0.1688584318702563
    },
    "eqopp": {
        "full": -0.11419274775108912,
        "partial": -0.11715186739294736,
        "mip": -0.09966379108134171,
        "adv_deb": -0.08760277227008184,
        "eo_cal": -0.1224165341812401,
        "re_weigh": 0.00044507084044209666,
        "dp_exp": -0.012443940119928554,
        "eo_exp": -0.013484443571232352,
        "tpr_exp": -0.019735483573477874,
        "er_exp": 0.028261998368073526,
        "opt_shap": -0.10284344131981549,
        "opt_objBI": -0.10284344131981549
    },
    "eqodd": {
        "full": 0.2083196154657586,
        "partial": 0.1778165045425491,
        "mip": 0.16393740012782682,
        "adv_deb": 0.13852615677724273,
        "eo_cal": 0.25287493375728676,
        "re_weigh": 0.003599191893207787,
        "dp_exp": 0.03008792316903665,
        "eo_exp": 0.02598350586659308,
        "tpr_exp": 0.04606929936015247,
        "er_exp": 0.05046460072945702,
        "opt_shap": 0.1660114250431901,
        "opt_objBI": 0.1660114250431901
    }
}