{
    "error": {
        "full": 28.75,
        "partial": 28.099998474121094,
        "mip": 28.25,
        "adv_deb": 28.349998474121094,
        "eo_cal": 29.249998092651367,
        "re_weigh": 28.549999237060547,
        "dp_exp": 31.0,
        "eo_exp": 31.349998474121094,
        "tpr_exp": 29.600000381469727,
        "er_exp": 35.20000076293945,
        "opt_shap": 28.25,
        "opt_objBI": 28.25
    },
    "objBI": {
        "full": [
            0.022852035239338875,
            0.15860147774219513,
            0.04552493989467621
        ],
        "partial": [
            0.011368448846042156,
            0.21401093900203705,
            0.001805787906050682
        ],
        "mip": [
            0.00794464722275734,
            0.21486634016036987,
            0.005389903672039509
        ],
        "adv_deb": [
            0.011814543046057224,
            0.21237924695014954,
            0.008021482266485691
        ],
        "eo_cal": [
            0.012958114966750145,
            0.10608456283807755,
            0.0538654699921608
        ],
        "re_weigh": [
            0.017355892807245255,
            0.21480801701545715,
            0.08480900526046753
        ],
        "dp_exp": [
            0.08324737846851349,
            0.06337277591228485,
            0.006514725740998983
        ],
        "eo_exp": [
            0.10853543132543564,
            0.07653553038835526,
            0.018204424530267715
        ],
        "tpr_exp": [
            0.09648288041353226,
            0.13499762117862701,
            0.009999999776482582
        ],
        "er_exp": [
            0.25108373165130615,
            0.19820602238178253,
            0.025228193029761314
        ],
        "opt_shap": [
            0.016617318615317345,
            0.20491895079612732,
            0.001997879007831216
        ],
        "opt_objBI": [
            0.00817367248237133,
            0.21513205766677856,
            0.0030922582373023033
        ]
    },
    "shap": {
        "full": [
            0.02298947237432003,
            0.16001936793327332,
            0.0
        ],
        "partial": [
            0.011681375093758106,
            0.21530792117118835
        ],
        "mip": [
            0.006448145490139723,
            0.21025705337524414
        ],
        "adv_deb": [
            0.009911373257637024,
            0.21443788707256317
        ],
        "eo_cal": [
            0.005062825977802277,
            0.1130688264966011
        ],
        "re_weigh": [
            0.008483524434268475,
            0.21446728706359863
        ],
        "dp_exp": [
            0.09530121088027954,
            0.07286368310451508
        ],
        "eo_exp": [
            0.12005648016929626,
            0.08606209605932236
        ],
        "tpr_exp": [
            0.1069299504160881,
            0.1311144381761551
        ],
        "er_exp": [
            0.23886126279830933,
            0.19621607661247253
        ],
        "opt_shap": [
            0.015780111774802208,
            0.21111398935317993
        ],
        "opt_objBI": [
            0.007625635247677565,
            0.20962652564048767
        ]
    },
    "di": {
        "full": 0.6759620747350809,
        "partial": 0.7227763528703968,
        "mip": 0.7408990637830764,
        "adv_deb": 0.7129760743467909,
        "eo_cal": 0.6909090909090909,
        "re_weigh": 0.957384563998019,
        "dp_exp": 0.9898453182193884,
        "eo_exp": 1.0056596668438773,
        "tpr_exp": 0.9367612879063261,
        "er_exp": 0.8908806373595107,
        "opt_shap": 0.7317457317457319,
        "opt_objBI": 0.7366348965095048
    },
    "dd": {
        "full": -0.31377137713771375,
        "partial": -0.26267626762676266,
        "mip": -0.2455045504550455,
        "adv_deb": -0.2736673667366736,
        "eo_cal": -0.3090909090909091,
        "re_weigh": -0.037003700370036974,
        "dp_exp": -0.009460946094609457,
        "eo_exp": -0.001920192019201905,
        "tpr_exp": -0.0502650265026503,
        "er_exp": -0.08187818781878187,
        "opt_shap": -0.2555055505550554,
        "opt_objBI": -0.24954495449544944
    },
    "eqopp": {
        "full": -0.22828087277365272,
        "partial": -0.18190907848585613,
        "mip": -0.16679497107456842,
        "adv_deb": -0.19144763813601784,
        "eo_cal": -0.19655172413793098,
        "re_weigh": -0.014872682549082028,
        "dp_exp": 0.004341092333621899,
        "eo_exp": 0.02771602969981324,
        "tpr_exp": -0.029918462169179705,
        "er_exp": -0.019475698082266568,
        "opt_shap": -0.17288525486266115,
        "opt_objBI": -0.1702432469366374
    },
    "eqodd": {
        "full": 0.31275703717734016,
        "partial": 0.2536606030624595,
        "mip": 0.23710422418569838,
        "adv_deb": 0.2675545334225833,
        "eo_cal": 0.33242220353238017,
        "re_weigh": 0.020879896658711455,
        "dp_exp": 0.011608242676179284,
        "eo_exp": 0.027021051595072842,
        "tpr_exp": 0.025198379056377743,
        "er_exp": 0.0518773271965042,
        "opt_shap": 0.2497367564200513,
        "opt_objBI": 0.24126738650697677
    }
}