{
    "error": {
        "full": 28.200000762939453,
        "partial": 27.849998474121094,
        "mip": 28.299999237060547,
        "adv_deb": 28.549999237060547,
        "eo_cal": 28.150001525878906,
        "re_weigh": 28.299999237060547,
        "dp_exp": 31.049999237060547,
        "eo_exp": 30.89999771118164,
        "tpr_exp": 29.80000114440918,
        "er_exp": 41.0,
        "opt_shap": 28.099998474121094,
        "opt_objBI": 28.25
    },
    "objBI": {
        "full": [
            0.023387886583805084,
            0.19990549981594086,
            0.004741194657981396
        ],
        "partial": [
            0.030366014689207077,
            0.19836007058620453,
            0.02331733889877796
        ],
        "mip": [
            0.0234944149851799,
            0.2181272655725479,
            0.005719127133488655
        ],
        "adv_deb": [
            0.01324180606752634,
            0.2150026112794876,
            0.012540839612483978
        ],
        "eo_cal": [
            0.01225024089217186,
            0.11096663773059845,
            0.0432288832962513
        ],
        "re_weigh": [
            0.025736862793564796,
            0.20382095873355865,
            0.08392700552940369
        ],
        "dp_exp": [
            0.031889744102954865,
            0.04557351395487785,
            0.003968250006437302
        ],
        "eo_exp": [
            0.07174788415431976,
            0.07220250368118286,
            0.00938166119158268
        ],
        "tpr_exp": [
            0.03607460856437683,
            0.08715663850307465,
            0.01534106396138668
        ],
        "er_exp": [
            0.19836215674877167,
            0.17851780354976654,
            0.015736311674118042
        ],
        "opt_shap": [
            0.02379489876329899,
            0.2023002952337265,
            0.004561706446111202
        ],
        "opt_objBI": [
            0.023181483149528503,
            0.20466554164886475,
            0.0053476071916520596
        ]
    },
    "shap": {
        "full": [
            0.0232548750936985,
            0.2084963619709015,
            0.0
        ],
        "partial": [
            0.022732051089406013,
            0.2011709362268448
        ],
        "mip": [
            0.023566346615552902,
            0.21311630308628082
        ],
        "adv_deb": [
            0.016800491139292717,
            0.2175767421722412
        ],
        "eo_cal": [
            0.011340982280671597,
            0.11409355700016022
        ],
        "re_weigh": [
            0.022092467173933983,
            0.21536199748516083
        ],
        "dp_exp": [
            0.03470511734485626,
            0.040014319121837616
        ],
        "eo_exp": [
            0.07121972739696503,
            0.06287237256765366
        ],
        "tpr_exp": [
            0.035961732268333435,
            0.07023068517446518
        ],
        "er_exp": [
            0.19750340282917023,
            0.167817622423172
        ],
        "opt_shap": [
            0.02283509634435177,
            0.20548321306705475
        ],
        "opt_objBI": [
            0.023123467341065407,
            0.20503784716129303
        ]
    },
    "di": {
        "full": 0.714058268795111,
        "partial": 0.7202217957726877,
        "mip": 0.7056203571993046,
        "adv_deb": 0.7396752976152118,
        "eo_cal": 0.6736736736736737,
        "re_weigh": 0.9324660268915104,
        "dp_exp": 0.9767499354192902,
        "eo_exp": 0.9721682668294578,
        "tpr_exp": 0.9472367103946051,
        "er_exp": 0.9150064793475646,
        "opt_shap": 0.7014014014014014,
        "opt_objBI": 0.7045656182498289
    },
    "dd": {
        "full": -0.2713732713732713,
        "partial": -0.26636226636226634,
        "mip": -0.2793812793812793,
        "adv_deb": -0.24238024238024236,
        "eo_cal": -0.3263263263263263,
        "re_weigh": -0.05930305930305935,
        "dp_exp": -0.028042028042028044,
        "eo_exp": -0.027085027085027025,
        "tpr_exp": -0.04707904707904709,
        "er_exp": -0.051761051761051835,
        "opt_shap": -0.28338528338528335,
        "opt_objBI": -0.2803822803822803
    },
    "eqopp": {
        "full": -0.17395527523934806,
        "partial": -0.16789861574513687,
        "mip": -0.1822747427934246,
        "adv_deb": -0.15884738350567562,
        "eo_cal": -0.21131447587354413,
        "re_weigh": -0.01928069273723554,
        "dp_exp": -0.0071216384559764645,
        "eo_exp": -0.013888283924697875,
        "tpr_exp": -0.010205503915812209,
        "er_exp": 3.70238084866914e-05,
        "opt_shap": -0.1822747427934246,
        "opt_objBI": -0.1822747427934246
    },
    "eqodd": {
        "full": 0.2817224587718484,
        "partial": 0.27618156621067247,
        "mip": 0.28965103676999215,
        "adv_deb": 0.24387463846954371,
        "eo_cal": 0.35565723793677206,
        "re_weigh": 0.03125156702888113,
        "dp_exp": 0.02949216371413203,
        "eo_exp": 0.027810641051922897,
        "tpr_exp": 0.05959996452516148,
        "er_exp": 0.013764365770443099,
        "opt_shap": 0.2946761623981329,
        "opt_objBI": 0.2909073181770274
    }
}