{
    "error": {
        "full": 26.850000381469727,
        "partial": 26.899999618530273,
        "mip": 27.100000381469727,
        "adv_deb": 26.80000114440918,
        "eo_cal": 27.25,
        "re_weigh": 28.049999237060547,
        "dp_exp": 29.100000381469727,
        "eo_exp": 28.850000381469727,
        "tpr_exp": 28.450000762939453,
        "er_exp": 33.849998474121094,
        "opt_shap": 27.299999237060547,
        "opt_objBI": 27.299999237060547
    },
    "objBI": {
        "full": [
            0.013246530666947365,
            0.15407969057559967,
            0.023185092955827713
        ],
        "partial": [
            0.004409883636981249,
            0.18044668436050415,
            0.0004286357725504786
        ],
        "mip": [
            0.006359053775668144,
            0.1815655380487442,
            0.005647932179272175
        ],
        "adv_deb": [
            0.016185306012630463,
            0.18282288312911987,
            0.016020767390727997
        ],
        "eo_cal": [
            0.002346408786252141,
            0.09209225326776505,
            0.019667385146021843
        ],
        "re_weigh": [
            0.008962786756455898,
            0.18315823376178741,
            0.06524767726659775
        ],
        "dp_exp": [
            0.08245955407619476,
            0.09492035955190659,
            0.006672992371022701
        ],
        "eo_exp": [
            0.10931729525327682,
            0.1293034851551056,
            0.014561394229531288
        ],
        "tpr_exp": [
            0.07985011488199234,
            0.12018421292304993,
            0.012598712928593159
        ],
        "er_exp": [
            0.18555431067943573,
            0.16441693902015686,
            0.013529601506888866
        ],
        "opt_shap": [
            0.009059366770088673,
            0.17113687098026276,
            0.004358448553830385
        ],
        "opt_objBI": [
            0.009992046281695366,
            0.16649863123893738,
            0.005946255289018154
        ]
    },
    "shap": {
        "full": [
            0.01312653161585331,
            0.15217795968055725,
            0.0
        ],
        "partial": [
            0.004495819564908743,
            0.18014490604400635
        ],
        "mip": [
            0.004654455464333296,
            0.18254324793815613
        ],
        "adv_deb": [
            0.021089686080813408,
            0.18302087485790253
        ],
        "eo_cal": [
            0.001883048447780311,
            0.09732480347156525
        ],
        "re_weigh": [
            0.006587041076272726,
            0.18593496084213257
        ],
        "dp_exp": [
            0.08117122203111649,
            0.09848608076572418
        ],
        "eo_exp": [
            0.09766579419374466,
            0.1239599883556366
        ],
        "tpr_exp": [
            0.07704310119152069,
            0.11216630041599274
        ],
        "er_exp": [
            0.1870705634355545,
            0.16816720366477966
        ],
        "opt_shap": [
            0.008612270466983318,
            0.17551162838935852
        ],
        "opt_objBI": [
            0.008564910851418972,
            0.1756678968667984
        ]
    },
    "di": {
        "full": 0.8203232349669567,
        "partial": 0.7983870967741935,
        "mip": 0.8179366823129931,
        "adv_deb": 0.7676021172475781,
        "eo_cal": 0.7883064516129032,
        "re_weigh": 0.9693336162988117,
        "dp_exp": 0.9686956230758934,
        "eo_exp": 0.9586122945830797,
        "tpr_exp": 0.9500649156097074,
        "er_exp": 0.9795483870967743,
        "opt_shap": 0.82422850294617,
        "opt_objBI": 0.82422850294617
    },
    "dd": {
        "full": -0.1757552483358935,
        "partial": -0.19321236559139787,
        "mip": -0.1750192012288787,
        "adv_deb": -0.2234062980030722,
        "eo_cal": -0.21169354838709675,
        "re_weigh": -0.02774577572964665,
        "dp_exp": -0.030929979518689255,
        "eo_exp": -0.04213069636456723,
        "tpr_exp": -0.04902713773681522,
        "er_exp": -0.028177803379416222,
        "opt_shap": -0.16897081413210446,
        "opt_objBI": -0.16897081413210446
    },
    "eqopp": {
        "full": -0.09719557754442654,
        "partial": -0.10611663637587498,
        "mip": -0.09579673196015082,
        "adv_deb": -0.12388723411416258,
        "eo_cal": -0.11470113085621969,
        "re_weigh": 0.014709965670436143,
        "dp_exp": -0.0017354099353796837,
        "eo_exp": -0.013309016558966102,
        "tpr_exp": -0.017938879913839467,
        "er_exp": 0.04020050821217025,
        "opt_shap": -0.094181223074852,
        "opt_objBI": -0.094181223074852
    },
    "eqodd": {
        "full": 0.1908676725970569,
        "partial": 0.20889500272770514,
        "mip": 0.18839211039473136,
        "adv_deb": 0.24547802277647363,
        "eo_cal": 0.24367764317609913,
        "re_weigh": 0.03424841447060681,
        "dp_exp": 0.019924872949213246,
        "eo_exp": 0.03136347598699075,
        "tpr_exp": 0.03659911569746964,
        "er_exp": 0.06593508754192168,
        "opt_shap": 0.18088194308344924,
        "opt_objBI": 0.18088194308344924
    }
}