{
    "error": {
        "full": 25.94999885559082,
        "partial": 26.100000381469727,
        "mip": 26.100000381469727,
        "adv_deb": 26.600000381469727,
        "eo_cal": 26.80000114440918,
        "re_weigh": 27.849998474121094,
        "dp_exp": 27.75,
        "eo_exp": 27.549999237060547,
        "tpr_exp": 28.099998474121094,
        "er_exp": 34.099998474121094,
        "opt_shap": 26.249998092651367,
        "opt_objBI": 26.249998092651367
    },
    "objBI": {
        "full": [
            0.013204739429056644,
            0.17460967600345612,
            0.014788584783673286
        ],
        "partial": [
            0.016733095049858093,
            0.19703300297260284,
            0.01660323329269886
        ],
        "mip": [
            0.006059647537767887,
            0.20492024719715118,
            0.005984261631965637
        ],
        "adv_deb": [
            0.010003685019910336,
            0.20883654057979584,
            0.012835619039833546
        ],
        "eo_cal": [
            0.002388804219663143,
            0.09896823763847351,
            0.03760244697332382
        ],
        "re_weigh": [
            0.01780019886791706,
            0.20523691177368164,
            0.08077225089073181
        ],
        "dp_exp": [
            0.1044120192527771,
            0.15387555956840515,
            0.008754013106226921
        ],
        "eo_exp": [
            0.1255953311920166,
            0.18130919337272644,
            0.005715504288673401
        ],
        "tpr_exp": [
            0.09087362140417099,
            0.1877417266368866,
            0.0017271616961807013
        ],
        "er_exp": [
            0.20305605232715607,
            0.26949116587638855,
            0.012977126985788345
        ],
        "opt_shap": [
            0.00786155927926302,
            0.18443931639194489,
            0.00781292375177145
        ],
        "opt_objBI": [
            0.0013652362395077944,
            0.19310952723026276,
            0.0008962434949353337
        ]
    },
    "shap": {
        "full": [
            0.003164142370223999,
            0.17346376180648804,
            0.0
        ],
        "partial": [
            0.0027000675909221172,
            0.199112206697464
        ],
        "mip": [
            0.0025345361791551113,
            0.20196199417114258
        ],
        "adv_deb": [
            0.019807277247309685,
            0.20437505841255188
        ],
        "eo_cal": [
            0.002307312097400427,
            0.10716363042593002
        ],
        "re_weigh": [
            0.001215504016727209,
            0.2064267247915268
        ],
        "dp_exp": [
            0.10343721508979797,
            0.1451575607061386
        ],
        "eo_exp": [
            0.11627073585987091,
            0.1802259087562561
        ],
        "tpr_exp": [
            0.09202374517917633,
            0.1738557070493698
        ],
        "er_exp": [
            0.21962569653987885,
            0.25475674867630005
        ],
        "opt_shap": [
            0.0025720882695168257,
            0.1944638192653656
        ],
        "opt_objBI": [
            0.0011290083639323711,
            0.19470907747745514
        ]
    },
    "di": {
        "full": 0.7828502445992239,
        "partial": 0.8050614342682072,
        "mip": 0.8050614342682072,
        "adv_deb": 0.8335502032350118,
        "eo_cal": 0.7633434038267876,
        "re_weigh": 0.990839546550625,
        "dp_exp": 0.999043142933728,
        "eo_exp": 0.9718896738213385,
        "tpr_exp": 0.9491878617267355,
        "er_exp": 1.042664851141086,
        "opt_shap": 0.8136249223004777,
        "opt_objBI": 0.8053136662519993
    },
    "dd": {
        "full": -0.20615210145297114,
        "partial": -0.18312997336869508,
        "mip": -0.18312997336869508,
        "adv_deb": -0.1550445971852621,
        "eo_cal": -0.23665659617321244,
        "re_weigh": -0.00793238868704571,
        "dp_exp": -0.00983348184061028,
        "eo_exp": -0.03019847972550649,
        "tpr_exp": -0.04215706569621902,
        "er_exp": 0.005045247217113635,
        "opt_shap": -0.17601062452060157,
        "opt_objBI": -0.18405301859791134
    },
    "eqopp": {
        "full": -0.13353721930282325,
        "partial": -0.12495095005198287,
        "mip": -0.12495095005198287,
        "adv_deb": -0.10332649668078497,
        "eo_cal": -0.14785373608903019,
        "re_weigh": 0.014656326735356884,
        "dp_exp": -0.002214832704280356,
        "eo_exp": -0.008889670991152787,
        "tpr_exp": -0.024470361695328013,
        "er_exp": 0.010246888109483487,
        "opt_shap": -0.11954635371788491,
        "opt_objBI": -0.12431582907559557
    },
    "eqodd": {
        "full": 0.2095449509571647,
        "partial": 0.17567844852308256,
        "mip": 0.17567844852308256,
        "adv_deb": 0.14612026191505312,
        "eo_cal": 0.2689818130994601,
        "re_weigh": 0.020337213141434107,
        "dp_exp": 0.008696149580747742,
        "eo_exp": 0.016189450181367568,
        "tpr_exp": 0.020196875944518508,
        "er_exp": 0.016442690611976646,
        "opt_shap": 0.17014809605739106,
        "opt_objBI": 0.18028978266966592
    }
}