{
    "error": {
        "full": 27.450000762939453,
        "partial": 27.25,
        "mip": 27.450000762939453,
        "adv_deb": 27.599998474121094,
        "eo_cal": 28.549999237060547,
        "re_weigh": 27.100000381469727,
        "dp_exp": 29.30000114440918,
        "eo_exp": 29.30000114440918,
        "tpr_exp": 28.0,
        "er_exp": 32.5,
        "opt_shap": 27.25,
        "opt_objBI": 27.25
    },
    "objBI": {
        "full": [
            0.030456719920039177,
            0.18575331568717957,
            0.013980746269226074
        ],
        "partial": [
            0.024039452895522118,
            0.17475175857543945,
            0.006028522737324238
        ],
        "mip": [
            0.006946304347366095,
            0.20730985701084137,
            0.005534443538635969
        ],
        "adv_deb": [
            0.009689598344266415,
            0.2046833038330078,
            0.013121011666953564
        ],
        "eo_cal": [
            0.005858194548636675,
            0.10728234797716141,
            0.04940108209848404
        ],
        "re_weigh": [
            0.013798128813505173,
            0.20046167075634003,
            0.0653412789106369
        ],
        "dp_exp": [
            0.16905975341796875,
            0.2738024890422821,
            0.0018744744593277574
        ],
        "eo_exp": [
            0.19584134221076965,
            0.3209676146507263,
            0.023486759513616562
        ],
        "tpr_exp": [
            0.12837153673171997,
            0.28296229243278503,
            0.007121177390217781
        ],
        "er_exp": [
            0.11372897028923035,
            0.2839583456516266,
            0.006815833505243063
        ],
        "opt_shap": [
            0.027906272560358047,
            0.1742975115776062,
            0.009678909555077553
        ],
        "opt_objBI": [
            0.0281714778393507,
            0.18422727286815643,
            0.00019505168893374503
        ]
    },
    "shap": {
        "full": [
            0.029118776321411133,
            0.18252217769622803,
            0.0
        ],
        "partial": [
            0.023044805973768234,
            0.1775868535041809
        ],
        "mip": [
            0.004864619113504887,
            0.20696471631526947
        ],
        "adv_deb": [
            0.0159734059125185,
            0.2038712501525879
        ],
        "eo_cal": [
            0.005267908796668053,
            0.1144241914153099
        ],
        "re_weigh": [
            0.011221417225897312,
            0.21364407241344452
        ],
        "dp_exp": [
            0.1761162281036377,
            0.2813325524330139
        ],
        "eo_exp": [
            0.19161581993103027,
            0.3080804944038391
        ],
        "tpr_exp": [
            0.13469180464744568,
            0.28686320781707764
        ],
        "er_exp": [
            0.14424064755439758,
            0.2918189764022827
        ],
        "opt_shap": [
            0.026944968849420547,
            0.18326348066329956
        ],
        "opt_objBI": [
            0.026885531842708588,
            0.18267618119716644
        ]
    },
    "di": {
        "full": 0.7810893935373096,
        "partial": 0.7710411741714062,
        "mip": 0.7884321449298162,
        "adv_deb": 0.7627779818439417,
        "eo_cal": 0.7168494516450648,
        "re_weigh": 0.9407467449419132,
        "dp_exp": 0.9710790704808652,
        "eo_exp": 0.9850527335693033,
        "tpr_exp": 0.923170014793632,
        "er_exp": 0.9616921592944743,
        "opt_shap": 0.7523433926550159,
        "opt_objBI": 0.7523433926550159
    },
    "dd": {
        "full": -0.2070538634847714,
        "partial": -0.2190839717557458,
        "mip": -0.19904779143012286,
        "adv_deb": -0.22603903435130923,
        "eo_cal": -0.28315054835493525,
        "re_weigh": -0.052121469093221795,
        "dp_exp": -0.016397147574328197,
        "eo_exp": -0.014301128710158317,
        "tpr_exp": -0.07135264217377957,
        "er_exp": -0.059419534775812965,
        "opt_shap": -0.23498811489303406,
        "opt_objBI": -0.23498811489303406
    },
    "eqopp": {
        "full": -0.1276538010680328,
        "partial": -0.13707506620935173,
        "mip": -0.12039030955585461,
        "adv_deb": -0.14594060695523814,
        "eo_cal": -0.1758064516129032,
        "re_weigh": -0.011737507055094798,
        "dp_exp": -0.0015369252811184841,
        "eo_exp": 0.008696218469152917,
        "tpr_exp": -0.0300568749185951,
        "er_exp": 0.029891894238700978,
        "opt_shap": -0.15104632483827551,
        "opt_objBI": -0.15104632483827551
    },
    "eqodd": {
        "full": 0.21294492853508545,
        "partial": 0.22683505988249705,
        "mip": 0.20407069187625998,
        "adv_deb": 0.23321577540459426,
        "eo_cal": 0.31636275583256124,
        "re_weigh": 0.02995337349835392,
        "dp_exp": 0.008511201249777917,
        "eo_exp": 0.011512141217409594,
        "tpr_exp": 0.06992672712068995,
        "er_exp": 0.033659704685566616,
        "opt_shap": 0.24161246979357498,
        "opt_objBI": 0.24161246979357498
    }
}