{
    "error": {
        "full": 27.75,
        "partial": 28.5,
        "mip": 27.350000381469727,
        "adv_deb": 27.700000762939453,
        "eo_cal": 27.450000762939453,
        "re_weigh": 27.200000762939453,
        "dp_exp": 28.850000381469727,
        "eo_exp": 28.049999237060547,
        "tpr_exp": 28.25,
        "er_exp": 35.95000076293945,
        "opt_shap": 28.650001525878906,
        "opt_objBI": 28.650001525878906
    },
    "objBI": {
        "full": [
            0.02850661240518093,
            0.16883249580860138,
            0.0027551110833883286
        ],
        "partial": [
            0.09480695426464081,
            0.08849718421697617,
            0.008652114309370518
        ],
        "mip": [
            0.005100236274302006,
            0.20188723504543304,
            0.004374316893517971
        ],
        "adv_deb": [
            0.005632017273455858,
            0.1848655492067337,
            0.014035142958164215
        ],
        "eo_cal": [
            0.0032664744649082422,
            0.18896423280239105,
            0.0036152582615613937
        ],
        "re_weigh": [
            0.0038151380140334368,
            0.19532307982444763,
            0.06499458849430084
        ],
        "dp_exp": [
            0.1412804126739502,
            0.24628880620002747,
            0.007870121859014034
        ],
        "eo_exp": [
            0.14453290402889252,
            0.27278706431388855,
            0.011812690645456314
        ],
        "tpr_exp": [
            0.1359952688217163,
            0.26193079352378845,
            0.01305395644158125
        ],
        "er_exp": [
            0.11952878534793854,
            0.2723712623119354,
            0.0005991364014334977
        ],
        "opt_shap": [
            0.09279640018939972,
            0.0888989269733429,
            0.016244245693087578
        ],
        "opt_objBI": [
            0.09433326870203018,
            0.09262844175100327,
            0.009486247785389423
        ]
    },
    "shap": {
        "full": [
            0.027589984238147736,
            0.1666978895664215,
            0.0
        ],
        "partial": [
            0.09444234520196915,
            0.0851888582110405
        ],
        "mip": [
            0.003188794245943427,
            0.19351044297218323
        ],
        "adv_deb": [
            0.012316281907260418,
            0.1877027004957199
        ],
        "eo_cal": [
            0.002428896026685834,
            0.19446006417274475
        ],
        "re_weigh": [
            0.0016647258307784796,
            0.1974894255399704
        ],
        "dp_exp": [
            0.15105175971984863,
            0.23213954269886017
        ],
        "eo_exp": [
            0.15848705172538757,
            0.26093462109565735
        ],
        "tpr_exp": [
            0.12398072332143784,
            0.23956476151943207
        ],
        "er_exp": [
            0.15191000699996948,
            0.2595357596874237
        ],
        "opt_shap": [
            0.0903807282447815,
            0.09116455167531967
        ],
        "opt_objBI": [
            0.08975595235824585,
            0.09092278778553009
        ]
    },
    "di": {
        "full": 0.763797023563456,
        "partial": 0.7797844816759187,
        "mip": 0.765864104037186,
        "adv_deb": 0.7781785158277115,
        "eo_cal": 0.7599582626842311,
        "re_weigh": 0.9678105501985252,
        "dp_exp": 0.9892260631818306,
        "eo_exp": 0.9725952315702933,
        "tpr_exp": 0.9480801738710457,
        "er_exp": 0.9659153192655521,
        "opt_shap": 0.7723745212658738,
        "opt_objBI": 0.7723745212658738
    },
    "dd": {
        "full": -0.22869293308317695,
        "partial": -0.21931207004377729,
        "mip": -0.2242901813633521,
        "adv_deb": -0.21385866166353973,
        "eo_cal": -0.23019387116948098,
        "re_weigh": -0.02839274546591619,
        "dp_exp": -0.015034396497811131,
        "eo_exp": -0.025015634771732298,
        "tpr_exp": -0.053483427141963746,
        "er_exp": -0.02669168230143848,
        "opt_shap": -0.22599124452782993,
        "opt_objBI": -0.22599124452782993
    },
    "eqopp": {
        "full": -0.14570402823414863,
        "partial": -0.13177819503120702,
        "mip": -0.13738721118239183,
        "adv_deb": -0.13032432761348423,
        "eo_cal": -0.14225734105252175,
        "re_weigh": 0.026265234096559453,
        "dp_exp": 0.01256323997287856,
        "eo_exp": 0.005984978876545144,
        "tpr_exp": -0.01685747318277442,
        "er_exp": 0.03576426919800413,
        "opt_shap": -0.13884107860011474,
        "opt_objBI": -0.13884107860011474
    },
    "eqodd": {
        "full": 0.233400849530792,
        "partial": 0.23901675161417513,
        "mip": 0.22683498593692575,
        "adv_deb": 0.2186280412141972,
        "eo_cal": 0.2339080211031922,
        "re_weigh": 0.030445918639666503,
        "dp_exp": 0.013966048775244377,
        "eo_exp": 0.0050076491204534,
        "tpr_exp": 0.03261120006137001,
        "er_exp": 0.06520903040148207,
        "opt_shap": 0.24524518649261087,
        "opt_objBI": 0.24524518649261087
    }
}