{
    "error": {
        "full": 31.72774887084961,
        "partial": 29.94764518737793,
        "mip": 30.78533935546875,
        "adv_deb": 30.05235481262207,
        "eo_cal": 34.869110107421875,
        "re_weigh": 35.392669677734375,
        "dp_exp": 43.35078430175781,
        "eo_exp": 42.93193817138672,
        "tpr_exp": 37.277488708496094,
        "er_exp": 32.04188537597656,
        "opt_shap": 30.471202850341797,
        "opt_objBI": 30.26177978515625
    },
    "objBI": {
        "full": [
            0.015118688344955444,
            0.09986384212970734,
            0.007675012573599815,
            0.008573451079428196,
            0.008997270837426186,
            0.17229820787906647,
            0.01823536492884159,
            0.05341188609600067
        ],
        "partial": [
            0.017292801290750504,
            0.11675569415092468,
            0.015789976343512535,
            0.01589912548661232,
            0.01615384966135025,
            0.17481040954589844,
            0.025806650519371033,
            0.015835657715797424
        ],
        "mip": [
            0.015546884387731552,
            0.11184599995613098,
            0.004739856347441673,
            0.006103520281612873,
            0.011661922559142113,
            0.16511698067188263,
            0.021975098177790642,
            0.004726550076156855
        ],
        "adv_deb": [
            0.015553235076367855,
            0.1240772157907486,
            0.010514804162085056,
            0.008798027411103249,
            0.010440324433147907,
            0.16677351295948029,
            0.02323942258954048,
            0.05393177643418312
        ],
        "eo_cal": [
            0.012895193882286549,
            0.06425392627716064,
            0.011796031147241592,
            0.01165225263684988,
            0.014665023423731327,
            0.09242133796215057,
            0.014882099814713001,
            0.09978010505437851
        ],
        "re_weigh": [
            0.022972308099269867,
            0.11704401671886444,
            0.015430345200002193,
            0.016540734097361565,
            0.021095803007483482,
            0.15236982703208923,
            0.02549084834754467,
            0.058209434151649475
        ],
        "dp_exp": [
            0.018561434000730515,
            0.16690374910831451,
            0.028686819598078728,
            0.031505171209573746,
            0.08207082003355026,
            0.2778104841709137,
            0.0678422749042511,
            0.003797524608671665
        ],
        "eo_exp": [
            0.03364909067749977,
            0.03347379341721535,
            0.03579632565379143,
            0.048107873648405075,
            0.04544016718864441,
            0.20467841625213623,
            0.05814596638083458,
            0.031053246930241585
        ],
        "tpr_exp": [
            0.052956003695726395,
            0.10523395240306854,
            0.038899410516023636,
            0.05445518344640732,
            0.10396415740251541,
            0.38548779487609863,
            0.057735152542591095,
            0.03852027654647827
        ],
        "er_exp": [
            0.02813844010233879,
            0.23543690145015717,
            0.010029179975390434,
            0.009686417877674103,
            0.012928648851811886,
            0.35224440693855286,
            0.039287447929382324,
            0.008010786958038807
        ],
        "opt_shap": [
            0.018098514527082443,
            0.10602354258298874,
            0.016588976606726646,
            0.017007334157824516,
            0.017310092225670815,
            0.16936463117599487,
            0.023380549624562263,
            0.015717914327979088
        ],
        "opt_objBI": [
            0.013329524546861649,
            0.10927882790565491,
            0.00471856351941824,
            0.006003643851727247,
            0.00685392739251256,
            0.17073141038417816,
            0.015848221257328987,
            0.004635810386389494
        ]
    },
    "shap": {
        "full": [
            0.010669820941984653,
            0.10448728501796722,
            0.00025678606471046805,
            0.001583100645802915,
            0.0026157894171774387,
            0.16201703250408173,
            0.01224377192556858,
            0.04760720580816269
        ],
        "partial": [
            0.00824599526822567,
            0.11897782981395721,
            0.0005415985360741615,
            0.0014145184541121125,
            0.0021799069363623857,
            0.17300306260585785,
            0.015113495290279388
        ],
        "mip": [
            0.012644837610423565,
            0.11128385365009308,
            6.657566700596362e-05,
            0.0017339703626930714,
            0.0061036027036607265,
            0.16224253177642822,
            0.016420729458332062
        ],
        "adv_deb": [
            0.015747155994176865,
            0.12097708880901337,
            0.0051405467092990875,
            0.0058036004193127155,
            0.006505531724542379,
            0.16797418892383575,
            0.023638160899281502,
            0.047038398683071136
        ],
        "eo_cal": [
            0.006314816884696484,
            0.05616927146911621,
            0.00023260556918103248,
            0.00019358890131115913,
            0.005630484316498041,
            0.09660331159830093,
            0.006233519408851862,
            0.1036493107676506
        ],
        "re_weigh": [
            0.01272273063659668,
            0.11286018043756485,
            7.275652751559392e-05,
            0.00240298337303102,
            0.006740675773471594,
            0.16148163378238678,
            0.016886303201317787,
            0.05237851291894913
        ],
        "dp_exp": [
            0.012118631042540073,
            0.19669441878795624,
            0.022491702809929848,
            0.021811960265040398,
            0.07343791425228119,
            0.2782100737094879,
            0.07469983398914337,
            0.0
        ],
        "eo_exp": [
            0.03289684280753136,
            0.14393208920955658,
            0.009185327216982841,
            0.013530281372368336,
            0.03686842322349548,
            0.2386576235294342,
            0.051656343042850494,
            0.0
        ],
        "tpr_exp": [
            0.027629747986793518,
            0.15942606329917908,
            0.004359323997050524,
            0.02314811758697033,
            0.07187343388795853,
            0.3352263569831848,
            0.026130029931664467,
            0.0
        ],
        "er_exp": [
            0.028427088633179665,
            0.254228800535202,
            0.0026877333875745535,
            0.004235570318996906,
            0.01235936675220728,
            0.36409032344818115,
            0.04467177763581276,
            0.0
        ],
        "opt_shap": [
            0.010473433881998062,
            0.10635413974523544,
            0.0016792668029665947,
            0.0024481911677867174,
            0.002806014148518443,
            0.16530495882034302,
            0.012222315184772015
        ],
        "opt_objBI": [
            0.010760718956589699,
            0.10599595308303833,
            0.0001922173541970551,
            0.001812532776966691,
            0.0027102315798401833,
            0.1639014482498169,
            0.012499119155108929
        ]
    },
    "di": {
        "full": 0.2636436708334488,
        "partial": 0.5062964384135068,
        "mip": 0.520361170540668,
        "adv_deb": 0.3140415559175741,
        "eo_cal": 0.22568807339449543,
        "re_weigh": 0.9843841499121608,
        "dp_exp": 0.8321459689405977,
        "eo_exp": 0.9644789461303224,
        "tpr_exp": 0.7362873316416163,
        "er_exp": 0.5454128440366972,
        "opt_shap": 0.5035271757008662,
        "opt_objBI": 0.5054937085252204
    },