{
    "error": {
        "full": 30.000001907348633,
        "partial": 31.5,
        "mip": 32.0,
        "adv_deb": 32.0,
        "eo_cal": 30.5,
        "re_weigh": 29.499998092651367,
        "dp_exp": 30.000001907348633,
        "eo_exp": 31.5,
        "tpr_exp": 31.5,
        "er_exp": 33.5,
        "opt_shap": 31.5,
        "opt_objBI": 31.5
    },
    "objBI": {
        "full": [
            0.010546082630753517,
            0.07660636305809021,
            0.0627441257238388,
            0.061930395662784576,
            0.00822473131120205,
            0.021661927923560143,
            0.04434727132320404,
            0.042566437274217606,
            0.03872896358370781
        ],
        "partial": [
            0.008888480253517628,
            0.08831416815519333,
            0.054400086402893066,
            0.05380990356206894,
            0.0050855171866714954,
            0.026937920600175858,
            0.04592134431004524,
            0.04172861576080322,
            0.003024356672540307
        ],
        "mip": [
            0.019385050982236862,
            0.0767505094408989,
            0.06212615594267845,
            0.06538978964090347,
            0.015026153065264225,
            0.026918062940239906,
            0.047548502683639526,
            0.05020587891340256,
            0.012494956143200397
        ],
        "adv_deb": [
            0.01223137229681015,
            0.06815006583929062,
            0.04433400556445122,
            0.037638645619153976,
            0.01007923111319542,
            0.016526930034160614,
            0.03631739318370819,
            0.024563442915678024,
            0.02631521038711071
        ],
        "eo_cal": [
            0.01420047041028738,
            0.06954527646303177,
            0.07279851287603378,
            0.07035955041646957,
            0.008098081685602665,
            0.010275631211698055,
            0.05557519942522049,
            0.04714639484882355,
            0.02314876951277256
        ],
        "re_weigh": [
            0.008429997600615025,
            0.09062299877405167,
            0.06222579628229141,
            0.05241328105330467,
            0.00921927485615015,
            0.01993349753320217,
            0.03967038542032242,
            0.03618030622601509,
            0.021199975162744522
        ],
        "dp_exp": [
            0.020685527473688126,
            0.09629198908805847,
            0.041286077350378036,
            0.028834233060479164,
            0.022860316559672356,
            0.05521263927221298,
            0.062104083597660065,
            0.0340721495449543,
            0.01834907755255699
        ],
        "eo_exp": [
            0.031337495893239975,
            0.11273960024118423,
            0.028524337336421013,
            0.05014700070023537,
            0.04244999960064888,
            0.04575303941965103,
            0.06607421487569809,
            0.04490949958562851,
            0.029999999329447746
        ],
        "tpr_exp": [
            0.030248742550611496,
            0.06928329169750214,
            0.062491483986377716,
            0.045150138437747955,
            0.0261498112231493,
            0.040532130748033524,
            0.06158924102783203,
            0.058387044817209244,
            0.028319699689745903
        ],
        "er_exp": [
            0.009366312995553017,
            0.14079922437667847,
            0.01954018510878086,
            0.083814337849617,
            0.022231942042708397,
            0.04531947150826454,
            0.04556718468666077,
            0.09821821004152298,
            0.0009287477005273104
        ],
        "opt_shap": [
            0.008263519033789635,
            0.08181894570589066,
            0.05665097385644913,
            0.05743216350674629,
            0.008808284997940063,
            0.021680893376469612,
            0.04599940776824951,
            0.03923391178250313,
            0.0028758381959050894
        ],
        "opt_objBI": [
            0.009476292878389359,
            0.08185216784477234,
            0.05609438940882683,
            0.05623367801308632,
            0.005290566477924585,
            0.020068882033228874,
            0.0425625704228878,
            0.0414559468626976,
            0.0018735338235273957
        ]
    },
    "shap": {
        "full": [
            0.006959110498428345,
            0.0813179686665535,
            0.060877054929733276,
            0.05996190011501312,
            0.007409880869090557,
            0.021863572299480438,
            0.04192151129245758,
            0.040037836879491806,
            0.03814292326569557
        ],
        "partial": [
            0.007883362472057343,
            0.08421138674020767,
            0.04999614134430885,
            0.053150516003370285,
            0.004588888958096504,
            0.02738197334110737,
            0.04668234661221504,
            0.03510120138525963
        ],
        "mip": [
            0.006971064023673534,
            0.08160851150751114,
            0.06175839528441429,
            0.058328777551651,
            0.00838693417608738,
            0.021662242710590363,
            0.04172078147530556,
            0.03929737210273743
        ],
        "adv_deb": [
            0.00563575467094779,
            0.06814064830541611,
            0.0408739373087883,
            0.036432843655347824,
            0.016201937571167946,
            0.01826714724302292,
            0.03574766591191292,
            0.02083216980099678,
            0.02642684057354927
        ],
        "eo_cal": [
            0.01056596264243126,
            0.06198403239250183,
            0.06474381685256958,
            0.06774009019136429,
            0.007092856336385012,
            0.0094607537612319,
            0.05319672450423241,
            0.0404304563999176,
            0.03828822076320648
        ],
        "re_weigh": [
            0.006887685041874647,
            0.08135897666215897,
            0.057905759662389755,
            0.05545816570520401,
            0.00874091126024723,
            0.019982604309916496,
            0.03814006969332695,
            0.0381794348359108,
            0.019464904442429543
        ],
        "dp_exp": [
            0.004032987169921398,
            0.10483966767787933,
            0.041306182742118835,
            0.030987197533249855,
            0.0217239148914814,
            0.045690909028053284,
            0.052618928253650665,
            0.026158349588513374,
            0.0
        ],
        "eo_exp": [
            0.004274800885468721,
            0.12250061333179474,
            0.0051381345838308334,
            0.0382695309817791,
            0.032342031598091125,
            0.0505034402012825,
            0.06214336305856705,
            0.0222298726439476,
            0.0
        ],
        "tpr_exp": [
            0.004095496144145727,
            0.09424849599599838,
            0.0571601502597332,
            0.048355866223573685,
            0.009971949271857738,
            0.03453924134373665,
            0.04926378279924393,
            0.038553863763809204,
            0.0
        ],
        "er_exp": [
            0.0038739971350878477,
            0.1526619791984558,
            0.029753703624010086,
            0.07385542243719101,
            0.018077941611409187,
            0.03631609305739403,
            0.046159759163856506,
            0.08938150107860565,
            0.0
        ],
        "opt_shap": [
            0.006705916952341795,
            0.07780339568853378,
            0.057370081543922424,
            0.06019725278019905,
            0.0075950948521494865,
            0.021156448870897293,
            0.043347619473934174,
            0.041037384420633316
        ],