{
    "error": {
        "full": 27.700000762939453,
        "partial": 27.700000762939453,
        "mip": 27.700000762939453,
        "opt_shap": 27.75,
        "opt_objBI": 27.64999771118164
    },
    "objBI": {
        "full": [
            0.002035086741670966,
            0.20119717717170715,
            0.0016250238986685872
        ],
        "partial": [
            0.008703300729393959,
            0.20163697004318237,
            0.008693592622876167
        ],
        "mip": [
            0.010358615778386593,
            0.1968429982662201,
            0.008125639520585537
        ],
        "opt_shap": [
            0.0009999708272516727,
            0.1981571614742279,
            0.0009981011971831322
        ],
        "opt_objBI": [
            0.00278512598015368,
            0.19983243942260742,
            0.002704067388549447
        ]
    },
    "shap": {
        "full": [
            -2.7359305931895506e-08,
            -7.93347453509341e-07,
            0.0
        ],
        "partial": [
            2.526095999044742e-09,
            1.1906921599802445e-06
        ],
        "mip": [
            8.197441275115125e-06,
            -7.925688805698883e-06
        ],
        "opt_shap": [
            -1.2533905646705534e-07,
            -6.848573974593819e-08
        ],
        "opt_objBI": [
            8.919034257814928e-07,
            -3.972113063355209e-06
        ]
    },
    "di": {
        "full": 0.7755102040816326,
        "partial": 0.7771141548656691,
        "mip": 0.7760566636541332,
        "opt_shap": 0.7781904902602199,
        "opt_objBI": 0.774436090225564
    },
    "dd": {
        "full": -0.21326530612244898,
        "partial": -0.2113045218087235,
        "mip": -0.21318527410964383,
        "opt_shap": -0.21028411364545818,
        "opt_objBI": -0.2142857142857142
    },
    "eqopp": {
        "full": -0.1589015196650858,
        "partial": -0.15763248413209086,
        "mip": -0.1614395907310756,
        "opt_shap": -0.15763248413209086,
        "opt_objBI": -0.1589015196650858
    },
    "eqodd": {
        "full": 0.22214087005602354,
        "partial": 0.21935117987573294,
        "mip": 0.22047735426937035,
        "opt_shap": 0.2178849042159089,
        "opt_objBI": 0.22360714571584758
    }
}