{
    "error": {
        "full": 26.350000381469727,
        "partial": 26.30000114440918,
        "mip": 26.149999618530273,
        "opt_shap": 26.30000114440918,
        "opt_objBI": 26.0
    },
    "objBI": {
        "full": [
            0.01100260391831398,
            0.20054370164871216,
            0.011242220178246498
        ],
        "partial": [
            0.006810319609940052,
            0.20878374576568604,
            0.006831950508058071
        ],
        "mip": [
            0.023458559066057205,
            0.2062131017446518,
            0.0027516051195561886
        ],
        "opt_shap": [
            0.005557244643568993,
            0.20636039972305298,
            0.005589288659393787
        ],
        "opt_objBI": [
            0.013263643719255924,
            0.19872045516967773,
            0.011284363456070423
        ]
    },
    "shap": {
        "full": [
            -1.1859509868372697e-05,
            7.865868610679172e-06,
            0.0
        ],
        "partial": [
            -5.734036800930653e-09,
            8.214711897380766e-07
        ],
        "mip": [
            4.6633928718620155e-07,
            -1.8182993244408863e-06
        ],
        "opt_shap": [
            -4.2945541167682677e-07,
            -1.4895200592945912e-06
        ],
        "opt_objBI": [
            -1.6182395484065637e-05,
            4.1556359064998105e-06
        ]
    },
    "di": {
        "full": 0.7855946398659966,
        "partial": 0.7793922689568803,
        "mip": 0.7226631600369449,
        "opt_shap": 0.7793922689568803,
        "opt_objBI": 0.7525452444323596
    },
    "dd": {
        "full": -0.20352508812720316,
        "partial": -0.21051026275656892,
        "mip": -0.2657466436660917,
        "opt_shap": -0.21051026275656892,
        "opt_objBI": -0.236620915522888
    },
    "eqopp": {
        "full": -0.12295336897940057,
        "partial": -0.12255501352704345,
        "mip": -0.16523656349189442,
        "opt_shap": -0.12255501352704345,
        "opt_objBI": -0.14182519225443624
    },
    "eqodd": {
        "full": 0.1965579759941656,
        "partial": 0.20922804489038227,
        "mip": 0.26911931220163765,
        "opt_shap": 0.20922804489038227,
        "opt_objBI": 0.23649537606768067
    }
}