{
    "error": {
        "full": 28.049999237060547,
        "partial": 28.0,
        "mip": 27.5,
        "opt_shap": 28.049999237060547,
        "opt_objBI": 27.900001525878906
    },
    "objBI": {
        "full": [
            0.011911144480109215,
            0.19063635170459747,
            0.025884974747896194
        ],
        "partial": [
            0.009913817048072815,
            0.19010503590106964,
            0.001791453338228166
        ],
        "mip": [
            0.009321455843746662,
            0.19961540400981903,
            7.38682720111683e-05
        ],
        "opt_shap": [
            0.005006409715861082,
            0.17269080877304077,
            0.0013096050824970007
        ],
        "opt_objBI": [
            0.004771243315190077,
            0.18798835575580597,
            0.00198457227088511
        ]
    },
    "shap": {
        "full": [
            -8.754950613365509e-07,
            -9.917353054333944e-07,
            0.0
        ],
        "partial": [
            2.2827587599749677e-05,
            3.607024336815812e-05
        ],
        "mip": [
            2.619883707666304e-05,
            1.5678704130550614e-06
        ],
        "opt_shap": [
            3.721777375176316e-06,
            3.6510377867671195e-06
        ],
        "opt_objBI": [
            6.603147085115779e-06,
            -3.0409992177737877e-06
        ]
    },
    "di": {
        "full": 0.843635402804462,
        "partial": 0.8050810609354617,
        "mip": 0.7840880736881225,
        "opt_shap": 0.8042318193100024,
        "opt_objBI": 0.7962662277717114
    },
    "dd": {
        "full": -0.14617031553283988,
        "partial": -0.18514366629299672,
        "mip": -0.2050838457546118,
        "opt_shap": -0.1861466753200779,
        "opt_objBI": -0.19310773796964165
    },
    "eqopp": {
        "full": -0.10364696970677922,
        "partial": -0.12806800598224743,
        "mip": -0.13934838390835846,
        "opt_shap": -0.13102891635428193,
        "opt_objBI": -0.13638747353632397
    },
    "eqodd": {
        "full": 0.12405084363470428,
        "partial": 0.17358580152060024,
        "mip": 0.19442653642650784,
        "opt_shap": 0.1738224756120901,
        "opt_objBI": 0.17953966200921337
    }
}