{
    "error": {
        "full": 26.0,
        "partial": 26.19999885559082,
        "mip": 26.100000381469727,
        "opt_shap": 26.0,
        "opt_objBI": 26.350000381469727
    },
    "objBI": {
        "full": [
            0.013835339806973934,
            0.2170705646276474,
            0.006475717294961214
        ],
        "partial": [
            0.009389299899339676,
            0.21882416307926178,
            0.004292524419724941
        ],
        "mip": [
            0.015701264142990112,
            0.20638592541217804,
            0.009967184625566006
        ],
        "opt_shap": [
            0.010638783685863018,
            0.20827673375606537,
            0.01018940843641758
        ],
        "opt_objBI": [
            0.015245422720909119,
            0.22434400022029877,
            0.00684428121894598
        ]
    },
    "shap": {
        "full": [
            -3.7945642361592036e-06,
            6.400530310202157e-07,
            0.0
        ],
        "partial": [
            -1.0064884918392636e-05,
            2.1519661004276713e-06
        ],
        "mip": [
            -2.5972276489483193e-06,
            1.1673450899252202e-05
        ],
        "opt_shap": [
            -3.0995272481959546e-06,
            2.565383852015657e-07
        ],
        "opt_objBI": [
            5.738115942222066e-05,
            8.162498488673009e-06
        ]
    },
    "di": {
        "full": 0.7569449749191557,
        "partial": 0.7559228487148496,
        "mip": 0.7716540696824223,
        "opt_shap": 0.7631132881036233,
        "opt_objBI": 0.7423176132357846
    },
    "dd": {
        "full": -0.22912499399913588,
        "partial": -0.23105327167112066,
        "mip": -0.2186434846617913,
        "opt_shap": -0.22307612296170654,
        "opt_objBI": -0.24418716295146503
    },
    "eqopp": {
        "full": -0.1532467532467532,
        "partial": -0.15454545454545454,
        "mip": -0.13816861104996703,
        "opt_shap": -0.14732555580013207,
        "opt_objBI": -0.16533127889060095
    },
    "eqodd": {
        "full": 0.24560604319252746,
        "partial": 0.24950388844194155,
        "mip": 0.2425039403283673,
        "opt_shap": 0.23969559196184229,
        "opt_objBI": 0.26433754758543065
    }
}