{
    "error": {
        "full": 27.700000762939453,
        "partial": 27.700000762939453,
        "mip": 27.700000762939453,
        "opt_shap": 27.64999771118164,
        "opt_objBI": 27.549999237060547
    },
    "objBI": {
        "full": [
            0.008564562536776066,
            0.20234164595603943,
            0.008117570541799068
        ],
        "partial": [
            0.022465631365776062,
            0.2106054127216339,
            0.02208792045712471
        ],
        "mip": [
            0.011386280879378319,
            0.19925709068775177,
            0.004982173442840576
        ],
        "opt_shap": [
            0.009050131775438786,
            0.20005546510219574,
            0.009061362594366074
        ],
        "opt_objBI": [
            0.007652382832020521,
            0.20471645891666412,
            0.00047457314212806523
        ]
    },
    "shap": {
        "full": [
            -8.91179843165446e-06,
            -7.072593689372297e-06,
            0.0
        ],
        "partial": [
            4.401328169478802e-06,
            7.661581093998393e-07
        ],
        "mip": [
            4.745468686451204e-06,
            2.261042482132325e-06
        ],
        "opt_shap": [
            2.2158212686917977e-06,
            2.2999047359917313e-06
        ],
        "opt_objBI": [
            -3.177236749252188e-06,
            6.199598374223569e-06
        ]
    },
    "di": {
        "full": 0.7581284988692396,
        "partial": 0.763734010018511,
        "mip": 0.7916134586336071,
        "opt_shap": 0.7629241118106442,
        "opt_objBI": 0.7844062282621604
    },
    "dd": {
        "full": -0.22834022834022838,
        "partial": -0.22234022234022233,
        "mip": -0.19631219631219632,
        "opt_shap": -0.2233392233392233,
        "opt_objBI": -0.20331720331720338
    },
    "eqopp": {
        "full": -0.16053700974897323,
        "partial": -0.15459054965577135,
        "mip": -0.13419149255713025,
        "opt_shap": -0.15589433062056934,
        "opt_objBI": -0.13883417168553414
    },
    "eqodd": {
        "full": 0.21745867581465755,
        "partial": 0.21109869363130446,
        "mip": 0.18339916508198395,
        "opt_shap": 0.21175058411370346,
        "opt_objBI": 0.1907205046461859
    }
}