{
    "error": {
        "full": 27.900001525878906,
        "partial": 27.799999237060547,
        "mip": 27.75,
        "opt_shap": 27.64999771118164,
        "opt_objBI": 27.599998474121094
    },
    "objBI": {
        "full": [
            0.009794284589588642,
            0.20953238010406494,
            0.006309384945780039
        ],
        "partial": [
            0.006315192207694054,
            0.20231054723262787,
            8.921527478378266e-05
        ],
        "mip": [
            0.00848131813108921,
            0.2108888179063797,
            0.008431561291217804
        ],
        "opt_shap": [
            0.002979583339765668,
            0.20759594440460205,
            0.0019481105264276266
        ],
        "opt_objBI": [
            0.009592662565410137,
            0.2114129662513733,
            0.0013629196910187602
        ]
    },
    "shap": {
        "full": [
            4.956722477800213e-06,
            3.1514114198216703e-06,
            0.0
        ],
        "partial": [
            -1.8049699065159075e-05,
            1.6445815163024236e-06
        ],
        "mip": [
            -1.5380201148218475e-06,
            -3.5828352906719374e-07
        ],
        "opt_shap": [
            3.4436172882124083e-06,
            1.102030296351586e-06
        ],
        "opt_objBI": [
            -7.245078904816182e-06,
            -5.538106051972136e-06
        ]
    },
    "di": {
        "full": 0.7402627988737798,
        "partial": 0.7355527492521013,
        "mip": 0.7525186434137788,
        "opt_shap": 0.736333590811817,
        "opt_objBI": 0.7305422782454211
    },
    "dd": {
        "full": -0.24484281434131627,
        "partial": -0.25087903164513925,
        "mip": -0.236028497025893,
        "opt_shap": -0.24987299542783536,
        "opt_objBI": -0.25481917349024563
    },
    "eqopp": {
        "full": -0.15869069590706764,
        "partial": -0.16398870915210073,
        "mip": -0.15453262403647816,
        "opt_shap": -0.16234936488980567,
        "opt_objBI": -0.16594289436543264
    },
    "eqodd": {
        "full": 0.24851085237008425,
        "partial": 0.25534395941101085,
        "mip": 0.2388190781735157,
        "opt_shap": 0.25369486333328456,
        "opt_objBI": 0.25845008291239807
    }
}