{
    "error": {
        "full": 28.0,
        "partial": 27.450000762939453,
        "mip": 28.349998474121094,
        "adv_deb": 28.299999237060547,
        "eo_cal": 28.200000762939453,
        "re_weigh": 28.549999237060547,
        "dp_exp": 30.30000114440918,
        "eo_exp": 29.80000114440918,
        "tpr_exp": 30.000001907348633,
        "er_exp": 36.95000076293945,
        "opt_shap": 27.64999771118164,
        "opt_objBI": 27.64999771118164
    },
    "objBI": {
        "full": [
            0.04956231266260147,
            0.1520078033208847,
            0.05749337002635002
        ],
        "partial": [
            0.07523414492607117,
            0.10861430317163467,
            0.0038178598042577505
        ],
        "mip": [
            0.010907439514994621,
            0.1972997635602951,
            0.004287490155547857
        ],
        "adv_deb": [
            0.021716194227337837,
            0.20244352519512177,
            0.02694033458828926
        ],
        "eo_cal": [
            0.00891062617301941,
            0.10662912577390671,
            0.05625106394290924
        ],
        "re_weigh": [
            0.007206771057099104,
            0.2074328511953354,
            0.0664757788181305
        ],
        "dp_exp": [
            0.10952494293451309,
            0.03550313040614128,
            0.01689949259161949
        ],
        "eo_exp": [
            0.13456954061985016,
            0.06874221563339233,
            0.011999999172985554
        ],
        "tpr_exp": [
            0.10512585192918777,
            0.12280014902353287,
            0.016359442844986916
        ],
        "er_exp": [
            0.2126004844903946,
            0.16684111952781677,
            0.014247595332562923
        ],
        "opt_shap": [
            0.07339272648096085,
            0.11489605903625488,
            0.014000565744936466
        ],
        "opt_objBI": [
            0.07339056581258774,
            0.11347846686840057,
            0.002028461778536439
        ]
    },
    "shap": {
        "full": [
            0.0479438453912735,
            0.15158212184906006,
            0.0
        ],
        "partial": [
            0.07597655057907104,
            0.11153053492307663
        ],
        "mip": [
            0.010148702189326286,
            0.2014477252960205
        ],
        "adv_deb": [
            0.020918257534503937,
            0.19649922847747803
        ],
        "eo_cal": [
            0.007233242969959974,
            0.1076439842581749
        ],
        "re_weigh": [
            0.0063420734368264675,
            0.20783421397209167
        ],
        "dp_exp": [
            0.12036079168319702,
            0.03461544215679169
        ],
        "eo_exp": [
            0.1556529849767685,
            0.08736694604158401
        ],
        "tpr_exp": [
            0.1190958097577095,
            0.15001599490642548
        ],
        "er_exp": [
            0.22715339064598083,
            0.1786816418170929
        ],
        "opt_shap": [
            0.07159457355737686,
            0.11668231338262558
        ],
        "opt_objBI": [
            0.07183677703142166,
            0.1161307543516159
        ]
    },
    "di": {
        "full": 0.7086834210498998,
        "partial": 0.8798175239893031,
        "mip": 0.7695322192845103,
        "adv_deb": 0.7672771562612776,
        "eo_cal": 0.6820040899795501,
        "re_weigh": 0.9661676891615542,
        "dp_exp": 0.9748856391986385,
        "eo_exp": 0.956005929577339,
        "tpr_exp": 0.9146494018072209,
        "er_exp": 0.9566152688524391,
        "opt_shap": 0.8691765636860564,
        "opt_objBI": 0.8691765636860564
    },
    "dd": {
        "full": -0.280769892628032,
        "partial": -0.11159801343850428,
        "mip": -0.21558434282192573,
        "adv_deb": -0.21678292293470036,
        "eo_cal": -0.3179959100204499,
        "re_weigh": -0.028966019553463895,
        "dp_exp": -0.0134825255423624,
        "eo_exp": -0.03449469543258932,
        "tpr_exp": -0.0709523409330115,
        "er_exp": -0.02616066176029197,
        "opt_shap": -0.12173491970113537,
        "opt_objBI": -0.12173491970113537
    },
    "eqopp": {
        "full": -0.21185520170748717,
        "partial": -0.07641005050611782,
        "mip": -0.1678261237082902,
        "adv_deb": -0.1656981044356628,
        "eo_cal": -0.22036727879799667,
        "re_weigh": -0.013173855159442915,
        "dp_exp": -0.017007248367532313,
        "eo_exp": -0.007871769404704021,
        "tpr_exp": -0.013173855159442915,
        "er_exp": 0.007497728281312677,
        "opt_shap": -0.08475729591513281,
        "opt_objBI": -0.08475729591513281
    },
    "eqodd": {
        "full": 0.28159974169625107,
        "partial": 0.08897952256904472,
        "mip": 0.2017083034154225,
        "adv_deb": 0.20376616622019697,
        "eo_cal": 0.346331396654935,
        "re_weigh": 0.02539208634598475,
        "dp_exp": 0.013715878241004203,
        "eo_exp": 0.009782103112230323,
        "tpr_exp": 0.04545427594827077,
        "er_exp": 0.019857234805177648,
        "opt_shap": 0.10142127374229937,
        "opt_objBI": 0.10142127374229937
    }
}