{
    "error": {
        "full": 27.000001907348633,
        "partial": 27.849998474121094,
        "mip": 27.700000762939453,
        "adv_deb": 27.75,
        "eo_cal": 27.64999771118164,
        "re_weigh": 28.899999618530273,
        "dp_exp": 30.25,
        "eo_exp": 30.100000381469727,
        "tpr_exp": 29.649999618530273,
        "er_exp": 38.04999923706055,
        "opt_shap": 27.75,
        "opt_objBI": 27.75
    },
    "objBI": {
        "full": [
            0.03132888302206993,
            0.16143769025802612,
            0.031165270134806633
        ],
        "partial": [
            0.01369356270879507,
            0.2044518142938614,
            0.005607880186289549
        ],
        "mip": [
            0.01585296541452408,
            0.1968684047460556,
            0.0035397305618971586
        ],
        "adv_deb": [
            0.015644758939743042,
            0.20283670723438263,
            0.014983238652348518
        ],
        "eo_cal": [
            0.013464932329952717,
            0.2069384753704071,
            0.004457666538655758
        ],
        "re_weigh": [
            0.01737307757139206,
            0.1929580718278885,
            0.06702692061662674
        ],
        "dp_exp": [
            0.0450349897146225,
            0.044215839356184006,
            0.0022593424655497074
        ],
        "eo_exp": [
            0.06308905780315399,
            0.06537026166915894,
            0.014831094071269035
        ],
        "tpr_exp": [
            0.04432722553610802,
            0.06693800538778305,
            0.0023106338921934366
        ],
        "er_exp": [
            0.19914650917053223,
            0.1650341898202896,
            0.0123586505651474
        ],
        "opt_shap": [
            0.023277126252651215,
            0.2030285745859146,
            0.019594881683588028
        ],
        "opt_objBI": [
            0.02125186286866665,
            0.1987435221672058,
            0.014224868267774582
        ]
    },
    "shap": {
        "full": [
            0.03134423494338989,
            0.16153426468372345,
            0.0
        ],
        "partial": [
            0.013743042945861816,
            0.2017822563648224
        ],
        "mip": [
            0.01514974795281887,
            0.20100894570350647
        ],
        "adv_deb": [
            0.01873483695089817,
            0.20080877840518951
        ],
        "eo_cal": [
            0.01278606802225113,
            0.2021828591823578
        ],
        "re_weigh": [
            0.016802875325083733,
            0.2009280025959015
        ],
        "dp_exp": [
            0.04851377382874489,
            0.04809940978884697
        ],
        "eo_exp": [
            0.07190650701522827,
            0.06780949234962463
        ],
        "tpr_exp": [
            0.04565310850739479,
            0.0674719363451004
        ],
        "er_exp": [
            0.21343490481376648,
            0.16069896519184113
        ],
        "opt_shap": [
            0.0177502129226923,
            0.19643621146678925
        ],
        "opt_objBI": [
            0.017800185829401016,
            0.19592566788196564
        ]
    },
    "di": {
        "full": 0.777842791244853,
        "partial": 0.782679675383538,
        "mip": 0.7903264198380971,
        "adv_deb": 0.7379249600291046,
        "eo_cal": 0.782880545088613,
        "re_weigh": 0.9822866848329811,
        "dp_exp": 0.9874952511974229,
        "eo_exp": 0.981961961961962,
        "tpr_exp": 0.9655086928760186,
        "er_exp": 0.9719569644607126,
        "opt_shap": 0.7926284493448673,
        "opt_objBI": 0.7926284493448673
    },
    "dd": {
        "full": -0.21527721527721533,
        "partial": -0.20234020234020234,
        "mip": -0.1973151973151973,
        "adv_deb": -0.24636624636624638,
        "eo_cal": -0.20432220432220427,
        "re_weigh": -0.015289015289015273,
        "dp_exp": -0.011079011079011103,
        "eo_exp": -0.018136018136018173,
        "tpr_exp": -0.0231110231110232,
        "er_exp": -0.044698044698044614,
        "opt_shap": -0.19432019432019432,
        "opt_objBI": -0.19432019432019432
    },
    "eqopp": {
        "full": -0.13120426327247225,
        "partial": -0.11289032594702553,
        "mip": -0.11107903392055973,
        "adv_deb": -0.1526125802464383,
        "eo_cal": -0.11587136618893035,
        "re_weigh": 0.019708225874744967,
        "dp_exp": -0.008156160317521421,
        "eo_exp": -0.0059064800201872325,
        "tpr_exp": -0.027584245394784657,
        "er_exp": 0.028345544050536575,
        "opt_shap": -0.10706296966353168,
        "opt_objBI": -0.10706296966353168
    },
    "eqodd": {
        "full": 0.23015428379684072,
        "partial": 0.21873854922248365,
        "mip": 0.21301455443046205,
        "adv_deb": 0.26398440542583046,
        "eo_cal": 0.22077265085955353,
        "re_weigh": 0.02131154469942101,
        "dp_exp": 0.011383209653371584,
        "eo_exp": 0.022356804397460378,
        "tpr_exp": 0.02539180823248194,
        "er_exp": 0.07513712648987905,
        "opt_shap": 0.2103785009386667,
        "opt_objBI": 0.2103785009386667
    }
}