{
    "error": {
        "full": 26.94999885559082,
        "partial": 27.700000762939453,
        "mip": 26.149999618530273,
        "adv_deb": 26.350000381469727,
        "eo_cal": 26.850000381469727,
        "re_weigh": 27.25,
        "dp_exp": 27.849998474121094,
        "eo_exp": 28.049999237060547,
        "tpr_exp": 27.350000381469727,
        "er_exp": 32.55000305175781,
        "opt_shap": 27.299999237060547,
        "opt_objBI": 27.299999237060547
    },
    "objBI": {
        "full": [
            0.03238676115870476,
            0.1595003604888916,
            0.025083953514695168
        ],
        "partial": [
            0.03318949416279793,
            0.12217911332845688,
            0.0018663464579731226
        ],
        "mip": [
            0.010871375910937786,
            0.19719062745571136,
            0.010736669413745403
        ],
        "adv_deb": [
            0.008314717561006546,
            0.1994045227766037,
            0.005025445017963648
        ],
        "eo_cal": [
            0.010625284165143967,
            0.09429708123207092,
            0.02970539778470993
        ],
        "re_weigh": [
            0.004423969425261021,
            0.19478902220726013,
            0.06638798117637634
        ],
        "dp_exp": [
            0.08641988039016724,
            0.07834412902593613,
            0.006906762253493071
        ],
        "eo_exp": [
            0.08579835295677185,
            0.0860123410820961,
            0.003340730909258127
        ],
        "tpr_exp": [
            0.08608588576316833,
            0.11179602146148682,
            0.009105934761464596
        ],
        "er_exp": [
            0.20947220921516418,
            0.17256957292556763,
            0.03162765875458717
        ],
        "opt_shap": [
            0.030812419950962067,
            0.12623362243175507,
            0.0070157176814973354
        ],
        "opt_objBI": [
            0.030134763568639755,
            0.13067875802516937,
            0.0009699708316475153
        ]
    },
    "shap": {
        "full": [
            0.032206252217292786,
            0.15987645089626312,
            0.0
        ],
        "partial": [
            0.03374670073390007,
            0.1267484426498413
        ],
        "mip": [
            0.004716412629932165,
            0.19725482165813446
        ],
        "adv_deb": [
            0.01053034607321024,
            0.200624018907547
        ],
        "eo_cal": [
            0.002669427776709199,
            0.10152567923069
        ],
        "re_weigh": [
            0.0017415187321603298,
            0.20207229256629944
        ],
        "dp_exp": [
            0.0966801568865776,
            0.08535119146108627
        ],
        "eo_exp": [
            0.10894948989152908,
            0.09798425436019897
        ],
        "tpr_exp": [
            0.08478324115276337,
            0.1174728274345398
        ],
        "er_exp": [
            0.20680196583271027,
            0.15453685820102692
        ],
        "opt_shap": [
            0.03007090650498867,
            0.13068558275699615
        ],
        "opt_objBI": [
            0.030110105872154236,
            0.13118420541286469
        ]
    },
    "di": {
        "full": 0.7747701968560864,
        "partial": 0.9110708028700019,
        "mip": 0.7644699788796139,
        "adv_deb": 0.7482642833699412,
        "eo_cal": 0.7341513292433538,
        "re_weigh": 0.9601989380403976,
        "dp_exp": 0.9706599584156891,
        "eo_exp": 0.9706645999678707,
        "tpr_exp": 0.9284000067602968,
        "er_exp": 0.9496243842688241,
        "opt_shap": 0.8919357170890913,
        "opt_objBI": 0.8919357170890913
    },
    "dd": {
        "full": -0.21817759795741143,
        "partial": -0.08623173616030155,
        "mip": -0.22492886557093628,
        "adv_deb": -0.23941987922154317,
        "eo_cal": -0.2658486707566462,
        "re_weigh": -0.03551719032011491,
        "dp_exp": -0.03962717955490458,
        "eo_exp": -0.029974507661708283,
        "tpr_exp": -0.07088430800507439,
        "er_exp": -0.05555488856606594,
        "opt_shap": -0.104680665442074,
        "opt_objBI": -0.104680665442074
    },
    "eqopp": {
        "full": -0.1360971524288107,
        "partial": -0.03894472361809043,
        "mip": -0.14530988274706869,
        "adv_deb": -0.15829145728643212,
        "eo_cal": -0.1591289782244556,
        "re_weigh": -0.007956448911222824,
        "dp_exp": -0.005025125628140725,
        "eo_exp": -0.007956448911222824,
        "tpr_exp": -0.030988274706867713,
        "er_exp": 0.005025125628140725,
        "opt_shap": -0.048994974874371766,
        "opt_objBI": -0.048994974874371766
    },
    "eqodd": {
        "full": 0.22680057955912,
        "partial": 0.08594856555791289,
        "mip": 0.22191863960594557,
        "adv_deb": 0.2366957251591383,
        "eo_cal": 0.29609992218309394,
        "re_weigh": 0.007212609980429663,
        "dp_exp": 0.007089996121410258,
        "eo_exp": 0.00282411640111227,
        "tpr_exp": 0.05296562715092197,
        "er_exp": 0.02390882711235784,
        "opt_shap": 0.10582166925959083,
        "opt_objBI": 0.10582166925959083
    }
}