{
    "error": {
        "full": 27.200000762939453,
        "partial": 27.64999771118164,
        "mip": 27.299999237060547,
        "adv_deb": 28.0,
        "eo_cal": 27.849998474121094,
        "re_weigh": 28.5,
        "dp_exp": 29.55000114440918,
        "eo_exp": 28.950000762939453,
        "tpr_exp": 29.100000381469727,
        "er_exp": 34.75,
        "opt_shap": 27.149999618530273,
        "opt_objBI": 27.149999618530273
    },
    "objBI": {
        "full": [
            0.012665899470448494,
            0.1551528424024582,
            0.0263117253780365
        ],
        "partial": [
            0.004346403293311596,
            0.20110072195529938,
            0.004172477871179581
        ],
        "mip": [
            0.004012357443571091,
            0.18849273025989532,
            0.002321351785212755
        ],
        "adv_deb": [
            0.007059434894472361,
            0.19147339463233948,
            0.0014822384109720588
        ],
        "eo_cal": [
            0.0009457343840040267,
            0.09952077269554138,
            0.045802924782037735
        ],
        "re_weigh": [
            0.00334823876619339,
            0.19078245759010315,
            0.0682024359703064
        ],
        "dp_exp": [
            0.09750521928071976,
            0.11849518865346909,
            0.00478593772277236
        ],
        "eo_exp": [
            0.11445777863264084,
            0.1440875232219696,
            0.00500833336263895
        ],
        "tpr_exp": [
            0.09841935336589813,
            0.14116159081459045,
            0.019573479890823364
        ],
        "er_exp": [
            0.16717012226581573,
            0.2075151801109314,
            0.01162033062428236
        ],
        "opt_shap": [
            0.009410289116203785,
            0.17933271825313568,
            0.008015898987650871
        ],
        "opt_objBI": [
            0.006995195522904396,
            0.1867932379245758,
            0.0027102837339043617
        ]
    },
    "shap": {
        "full": [
            0.012302551418542862,
            0.15777291357517242,
            0.0
        ],
        "partial": [
            0.002369634108617902,
            0.1909848004579544
        ],
        "mip": [
            0.0035301558673381805,
            0.1921418160200119
        ],
        "adv_deb": [
            0.0101050129160285,
            0.19690538942813873
        ],
        "eo_cal": [
            0.0006393645307980478,
            0.10224821418523788
        ],
        "re_weigh": [
            0.0033195065334439278,
            0.19369491934776306
        ],
        "dp_exp": [
            0.09442669153213501,
            0.10884962230920792
        ],
        "eo_exp": [
            0.10913531482219696,
            0.12485864013433456
        ],
        "tpr_exp": [
            0.09756796061992645,
            0.13439162075519562
        ],
        "er_exp": [
            0.1754663735628128,
            0.21290136873722076
        ],
        "opt_shap": [
            0.006514868699014187,
            0.1867571324110031
        ],
        "opt_objBI": [
            0.0064916592091321945,
            0.18548312783241272
        ]
    },
    "di": {
        "full": 0.8010684074404526,
        "partial": 0.7716181581996278,
        "mip": 0.7886753077431043,
        "adv_deb": 0.7388349870025263,
        "eo_cal": 0.7372627372627373,
        "re_weigh": 1.0140433619193665,
        "dp_exp": 0.9884262858676505,
        "eo_exp": 0.981956949802609,
        "tpr_exp": 0.9692442029688562,
        "er_exp": 0.957377764704766,
        "opt_shap": 0.7981901573003267,
        "opt_objBI": 0.7981901573003267
    },
    "dd": {
        "full": -0.19375419375419378,
        "partial": -0.2146652146652147,
        "mip": -0.19969019969019974,
        "adv_deb": -0.2496622496622497,
        "eo_cal": -0.2627372627372627,
        "re_weigh": 0.012244012244012281,
        "dp_exp": -0.016869016869016873,
        "eo_exp": -0.014853014853014934,
        "tpr_exp": -0.029846029846029798,
        "er_exp": -0.04343604343604346,
        "opt_shap": -0.19069919069919072,
        "opt_objBI": -0.19069919069919072
    },
    "eqopp": {
        "full": -0.11566967476303691,
        "partial": -0.144263606756861,
        "mip": -0.12752772817532665,
        "adv_deb": -0.172515820114309,
        "eo_cal": -0.16852146263910972,
        "re_weigh": 0.02767712589623006,
        "dp_exp": -0.012308121860199583,
        "eo_exp": 0.0003250494346015431,
        "tpr_exp": -0.008655483021376198,
        "er_exp": 0.00014377186530445396,
        "opt_shap": -0.11798877745990533,
        "opt_objBI": -0.11798877745990533
    },
    "eqodd": {
        "full": 0.21076448928602,
        "partial": 0.21995848462501333,
        "mip": 0.20641923131930173,
        "adv_deb": 0.26256099006444444,
        "eo_cal": 0.2952822366958989,
        "re_weigh": 0.03901169945258014,
        "dp_exp": 0.011996225064146174,
        "eo_exp": 0.005157568217721897,
        "tpr_exp": 0.014488120588508402,
        "er_exp": 0.05267768840014517,
        "opt_shap": 0.19761749789707495,
        "opt_objBI": 0.19761749789707495
    }
}