{
    "error": {
        "full": 26.399999618530273,
        "partial": 26.0,
        "mip": 25.94999885559082,
        "adv_deb": 25.650001525878906,
        "eo_cal": 26.69999885559082,
        "re_weigh": 27.05000114440918,
        "dp_exp": 28.25,
        "eo_exp": 28.850000381469727,
        "tpr_exp": 27.950000762939453,
        "er_exp": 33.75,
        "opt_shap": 26.0,
        "opt_objBI": 26.149999618530273
    },
    "objBI": {
        "full": [
            0.0069300150498747826,
            0.18218140304088593,
            0.010678447782993317
        ],
        "partial": [
            0.013413740321993828,
            0.20941077172756195,
            0.013413984328508377
        ],
        "mip": [
            0.0011562672443687916,
            0.2231503278017044,
            0.0011770987184718251
        ],
        "adv_deb": [
            0.013707393780350685,
            0.20878170430660248,
            0.017545295879244804
        ],
        "eo_cal": [
            0.009073222056031227,
            0.0991189256310463,
            0.043629731982946396
        ],
        "re_weigh": [
            0.003077506786212325,
            0.20683737099170685,
            0.06900105625391006
        ],
        "dp_exp": [
            0.12161362171173096,
            0.17930087447166443,
            4.7770972742000595e-05
        ],
        "eo_exp": [
            0.14091715216636658,
            0.21439635753631592,
            0.006305950693786144
        ],
        "tpr_exp": [
            0.10134875774383545,
            0.20012734830379486,
            0.0004067020781803876
        ],
        "er_exp": [
            0.14291046559810638,
            0.24857355654239655,
            0.010969803668558598
        ],
        "opt_shap": [
            0.014958683401346207,
            0.20293191075325012,
            0.014854950830340385
        ],
        "opt_objBI": [
            0.004952200222760439,
            0.20667840540409088,
            0.0036198862362653017
        ]
    },
    "shap": {
        "full": [
            0.006474214140325785,
            0.17997750639915466,
            0.0
        ],
        "partial": [
            4.145857474213699e-06,
            0.21008901298046112
        ],
        "mip": [
            0.0004018968902528286,
            0.21344678103923798
        ],
        "adv_deb": [
            0.01267149206250906,
            0.2118416130542755
        ],
        "eo_cal": [
            0.000584982568398118,
            0.10894154012203217
        ],
        "re_weigh": [
            0.002409442327916622,
            0.21572983264923096
        ],
        "dp_exp": [
            0.11231172829866409,
            0.16073310375213623
        ],
        "eo_exp": [
            0.13547742366790771,
            0.2009977251291275
        ],
        "tpr_exp": [
            0.10358737409114838,
            0.184962660074234
        ],
        "er_exp": [
            0.15511281788349152,
            0.25004762411117554
        ],
        "opt_shap": [
            0.0038773317355662584,
            0.20418430864810944
        ],
        "opt_objBI": [
            0.0038753505796194077,
            0.2040693163871765
        ]
    },
    "di": {
        "full": 0.7243878207001344,
        "partial": 0.75699282212663,
        "mip": 0.7562219536723259,
        "adv_deb": 0.7790129957663711,
        "eo_cal": 0.7261410788381742,
        "re_weigh": 0.95142270975612,
        "dp_exp": 0.9684249707090317,
        "eo_exp": 0.9427290901161912,
        "tpr_exp": 0.9277415530527564,
        "er_exp": 0.9003778424296381,
        "opt_shap": 0.7695033371769082,
        "opt_objBI": 0.7575139084106958
    },
    "dd": {
        "full": -0.26443871257149265,
        "partial": -0.23010621765808492,
        "mip": -0.23107146862333583,
        "adv_deb": -0.21010830035726302,
        "eo_cal": -0.27385892116182575,
        "re_weigh": -0.04210657011486896,
        "dp_exp": -0.03190134414200807,
        "eo_exp": -0.0551995386020282,
        "tpr_exp": -0.05908857879812246,
        "er_exp": -0.06738332879411724,
        "opt_shap": -0.219372306509236,
        "opt_objBI": -0.2307830948909787
    },
    "eqopp": {
        "full": -0.1662457912457913,
        "partial": -0.13804713804713797,
        "mip": -0.13930976430976427,
        "adv_deb": -0.12415824915824913,
        "eo_cal": -0.15488215488215484,
        "re_weigh": 0.0063131313131313815,
        "dp_exp": -0.0016835016835017313,
        "eo_exp": -0.023569023569023573,
        "tpr_exp": -0.02020202020202022,
        "er_exp": -0.00042087542087543284,
        "opt_shap": -0.13005050505050497,
        "opt_objBI": -0.13888888888888895
    },
    "eqodd": {
        "full": 0.2764436754190853,
        "partial": 0.235140095385997,
        "mip": 0.23577140851731015,
        "adv_deb": 0.21128160574881885,
        "eo_cal": 0.30987350987350987,
        "re_weigh": 0.02527663654712839,
        "dp_exp": 0.023781437920782175,
        "eo_exp": 0.04344163463015921,
        "tpr_exp": 0.055349369488713746,
        "er_exp": 0.06855212142097392,
        "opt_shap": 0.2244293287326074,
        "opt_objBI": 0.23765445773642496
    }
}