{
    "error": {
        "full": 27.64999771118164,
        "partial": 28.450000762939453,
        "mip": 27.700000762939453,
        "adv_deb": 27.299999237060547,
        "eo_cal": 27.900001525878906,
        "re_weigh": 28.700000762939453,
        "dp_exp": 29.69999885559082,
        "eo_exp": 29.499998092651367,
        "tpr_exp": 28.700000762939453,
        "er_exp": 35.5,
        "opt_shap": 28.200000762939453,
        "opt_objBI": 28.200000762939453
    },
    "objBI": {
        "full": [
            0.02301504835486412,
            0.15823863446712494,
            0.0064517175778746605
        ],
        "partial": [
            0.08737411350011826,
            0.08239489793777466,
            0.0025882641784846783
        ],
        "mip": [
            0.005340001080185175,
            0.19278843700885773,
            0.00496815936639905
        ],
        "adv_deb": [
            0.003713745390996337,
            0.2063947170972824,
            0.003730917349457741
        ],
        "eo_cal": [
            0.0067711384035646915,
            0.10878338664770126,
            0.05702386051416397
        ],
        "re_weigh": [
            0.019494350999593735,
            0.19188806414604187,
            0.07590857148170471
        ],
        "dp_exp": [
            0.15198196470737457,
            0.2522961497306824,
            0.004568114876747131
        ],
        "eo_exp": [
            0.1511518359184265,
            0.2646348476409912,
            0.006845847703516483
        ],
        "tpr_exp": [
            0.11303640156984329,
            0.2705596387386322,
            0.0030884905718266964
        ],
        "er_exp": [
            0.20215962827205658,
            0.30608102679252625,
            0.0012996135046705604
        ],
        "opt_shap": [
            0.08654511719942093,
            0.09009452909231186,
            0.002265630755573511
        ],
        "opt_objBI": [
            0.08413691818714142,
            0.09064334630966187,
            0.004130046349018812
        ]
    },
    "shap": {
        "full": [
            0.02167428471148014,
            0.16359159350395203,
            0.0
        ],
        "partial": [
            0.08703982830047607,
            0.0827457383275032
        ],
        "mip": [
            0.003600174328312278,
            0.19399549067020416
        ],
        "adv_deb": [
            0.01372517179697752,
            0.2003307044506073
        ],
        "eo_cal": [
            0.005712185520678759,
            0.10712486505508423
        ],
        "re_weigh": [
            0.009972200728952885,
            0.1990787386894226
        ],
        "dp_exp": [
            0.1503593474626541,
            0.21613942086696625
        ],
        "eo_exp": [
            0.16113610565662384,
            0.24152912199497223
        ],
        "tpr_exp": [
            0.12446122616529465,
            0.2195121794939041
        ],
        "er_exp": [
            0.23995816707611084,
            0.3220515847206116
        ],
        "opt_shap": [
            0.08331290632486343,
            0.08805372565984726
        ],
        "opt_objBI": [
            0.08284411579370499,
            0.08769052475690842
        ]
    },
    "di": {
        "full": 0.8084671005506674,
        "partial": 0.8418117865648971,
        "mip": 0.8086053722461806,
        "adv_deb": 0.8019575406672181,
        "eo_cal": 0.7465483234714004,
        "re_weigh": 0.9911075073545672,
        "dp_exp": 0.989316060463629,
        "eo_exp": 0.9808883284293121,
        "tpr_exp": 0.9577799222896615,
        "er_exp": 1.0411411949873488,
        "opt_shap": 0.8309305531310384,
        "opt_objBI": 0.8309305531310384
    },
    "dd": {
        "full": -0.18667658861136782,
        "partial": -0.15770691055446873,
        "mip": -0.18324191541542145,
        "adv_deb": -0.18679461174390177,
        "eo_cal": -0.25345167652859957,
        "re_weigh": -0.007963560857928154,
        "dp_exp": -0.0067753279642809305,
        "eo_exp": -0.015735084076478945,
        "tpr_exp": -0.038893623150137446,
        "er_exp": 0.02119415405419467,
        "opt_shap": -0.1685550367872103,
        "opt_objBI": -0.1685550367872103
    },
    "eqopp": {
        "full": -0.114050601611842,
        "partial": -0.0995184590690209,
        "mip": -0.11353720940953604,
        "adv_deb": -0.12115636878743041,
        "eo_cal": -0.1637239165329053,
        "re_weigh": 0.015621791298735532,
        "dp_exp": 0.0136960466704944,
        "eo_exp": -0.0001508744431265585,
        "tpr_exp": -0.008390295420541594,
        "er_exp": 0.06197377299263651,
        "opt_shap": -0.1043338683788122,
        "opt_objBI": -0.1043338683788122
    },
    "eqodd": {
        "full": 0.19784139008748342,
        "partial": 0.17209705794650765,
        "mip": 0.1883542824541286,
        "adv_deb": 0.18222431320096932,
        "eo_cal": 0.28007167693652935,
        "re_weigh": 0.01587878683746355,
        "dp_exp": 0.02285314693432309,
        "eo_exp": 0.006031684009180624,
        "tpr_exp": 0.03191093365455388,
        "er_exp": 0.03312418040961304,
        "opt_shap": 0.18473494162953633,
        "opt_objBI": 0.18473494162953633
    }
}