{
    "error": {
        "full": 27.000001907348633,
        "partial": 26.55000114440918,
        "mip": 26.55000114440918,
        "opt_shap": 26.499998092651367,
        "opt_objBI": 26.499998092651367
    },
    "objBI": {
        "full": [
            0.002750404877588153,
            0.19739143550395966,
            0.020727571099996567
        ],
        "partial": [
            0.011772113852202892,
            0.20599237084388733,
            0.01117060985416174
        ],
        "mip": [
            0.010853820480406284,
            0.1949976235628128,
            0.007004944607615471
        ],
        "opt_shap": [
            0.008156192488968372,
            0.1946374773979187,
            0.008084982633590698
        ],
        "opt_objBI": [
            0.002092742593958974,
            0.19067884981632233,
            0.0008919695974327624
        ]
    },
    "shap": {
        "full": [
            -4.828667670153663e-07,
            -4.1930502447939944e-07,
            0.0
        ],
        "partial": [
            -8.88082377059618e-06,
            -6.184578182910627e-07
        ],
        "mip": [
            -8.563891242374666e-06,
            -8.454322596662678e-06
        ],
        "opt_shap": [
            -5.170609711058205e-06,
            1.152992240349704e-06
        ],
        "opt_objBI": [
            -5.577599495154573e-06,
            -6.942987511138199e-06
        ]
    },
    "di": {
        "full": 0.7741556580098005,
        "partial": 0.8124551450288906,
        "mip": 0.8122299366531023,
        "opt_shap": 0.8132944581952427,
        "opt_objBI": 0.8254223610568788
    },
    "dd": {
        "full": -0.21827911280038004,
        "partial": -0.1790452851891675,
        "mip": -0.17907529194068672,
        "opt_shap": -0.1780600635142907,
        "opt_objBI": -0.16769773198969773
    },
    "eqopp": {
        "full": -0.16192289176842367,
        "partial": -0.1289997822704202,
        "mip": -0.1277193725393062,
        "opt_shap": -0.12615931013681003,
        "opt_objBI": -0.11595997770768707
    },
    "eqodd": {
        "full": 0.2273538132068117,
        "partial": 0.1814001097796148,
        "mip": 0.18221339328615083,
        "opt_shap": 0.18143336208490274,
        "opt_objBI": 0.17325279744060562
    }
}