{
    "error": {
        "full": 28.049999237060547,
        "partial": 28.25,
        "mip": 28.349998474121094,
        "opt_shap": 28.200000762939453,
        "opt_objBI": 28.150001525878906
    },
    "objBI": {
        "full": [
            0.0072568063624203205,
            0.19552481174468994,
            0.010532555170357227
        ],
        "partial": [
            0.003691930789500475,
            0.19954442977905273,
            0.0004022112407255918
        ],
        "mip": [
            0.009133840911090374,
            0.21683372557163239,
            0.00919125322252512
        ],
        "opt_shap": [
            0.006292732432484627,
            0.1895022988319397,
            0.006327448878437281
        ],
        "opt_objBI": [
            0.013403995893895626,
            0.19638094305992126,
            0.013120772317051888
        ]
    },
    "shap": {
        "full": [
            -4.200072908133734e-06,
            -1.1434935913712252e-06,
            0.0
        ],
        "partial": [
            -2.153175046260003e-06,
            7.149457815103233e-06
        ],
        "mip": [
            -6.809927526774118e-06,
            4.217624791635899e-07
        ],
        "opt_shap": [
            5.550587502511917e-06,
            1.6143321772688068e-06
        ],
        "opt_objBI": [
            1.98454586097796e-06,
            5.431651970866369e-06
        ]
    },
    "di": {
        "full": 0.7641365257259297,
        "partial": 0.7799642218246868,
        "mip": 0.7753846153846153,
        "opt_shap": 0.7809864554050601,
        "opt_objBI": 0.7820086889854332
    },
    "dd": {
        "full": -0.22259615384615383,
        "partial": -0.20697115384615394,
        "mip": -0.2105769230769231,
        "opt_shap": -0.20600961538461537,
        "opt_objBI": -0.20504807692307692
    },
    "eqopp": {
        "full": -0.14065106894812396,
        "partial": -0.12712916618166303,
        "mip": -0.1306341261526921,
        "opt_shap": -0.12556422095474595,
        "opt_objBI": -0.12399927572782887
    },
    "eqodd": {
        "full": 0.22941499032162257,
        "partial": 0.2139258593872699,
        "mip": 0.2172822356150847,
        "opt_shap": 0.21314338677381137,
        "opt_objBI": 0.21236091416035283
    }
}