{
    "error": {
        "full": 27.64999771118164,
        "partial": 27.599998474121094,
        "mip": 27.75,
        "opt_shap": 27.900001525878906,
        "opt_objBI": 27.700000762939453
    },
    "objBI": {
        "full": [
            0.00413279514759779,
            0.2146206647157669,
            0.0032362467609345913
        ],
        "partial": [
            0.009578905999660492,
            0.21849294006824493,
            0.006393124349415302
        ],
        "mip": [
            0.011534436605870724,
            0.21585215628147125,
            0.011280824430286884
        ],
        "opt_shap": [
            0.004233863204717636,
            0.2177974432706833,
            0.0019384219776839018
        ],
        "opt_objBI": [
            0.008270042017102242,
            0.22223418951034546,
            0.00779796252027154
        ]
    },
    "shap": {
        "full": [
            3.1011645660328213e-06,
            2.1367370663938345e-06,
            0.0
        ],
        "partial": [
            -6.655901643171092e-07,
            3.7254690141708124e-06
        ],
        "mip": [
            1.2745115782308858e-05,
            -6.030797976563917e-07
        ],
        "opt_shap": [
            3.571167553673149e-06,
            1.4960766065996722e-06
        ],
        "opt_objBI": [
            -5.585726285062265e-06,
            -1.5383958498205175e-06
        ]
    },
    "di": {
        "full": 0.7594799566630551,
        "partial": 0.765151515151515,
        "mip": 0.7481323372465314,
        "opt_shap": 0.7613390928725701,
        "opt_objBI": 0.7540628385698808
    },
    "dd": {
        "full": -0.2220000000000001,
        "partial": -0.21700000000000008,
        "mip": -0.2360000000000001,
        "opt_shap": -0.22100000000000009,
        "opt_objBI": -0.2270000000000001
    },
    "eqopp": {
        "full": -0.1620645265791706,
        "partial": -0.15560249103797508,
        "mip": -0.18171917425756923,
        "opt_shap": -0.16338378779289098,
        "opt_objBI": -0.16691105323506716
    },
    "eqodd": {
        "full": 0.21151750222149565,
        "partial": 0.20772792823736674,
        "mip": 0.22435994503859133,
        "opt_shap": 0.2110600204012935,
        "opt_objBI": 0.21656543746545445
    }
}