{
    "error": {
        "full": 28.299999237060547,
        "partial": 28.349998474121094,
        "mip": 28.850000381469727,
        "opt_shap": 28.650001525878906,
        "opt_objBI": 28.450000762939453
    },
    "objBI": {
        "full": [
            0.004881283733993769,
            0.1966286599636078,
            0.005784975830465555
        ],
        "partial": [
            0.014519662596285343,
            0.1990813910961151,
            0.009687374345958233
        ],
        "mip": [
            0.004211942665278912,
            0.1963609904050827,
            0.00022952439030632377
        ],
        "opt_shap": [
            0.009092527441680431,
            0.20114904642105103,
            0.008459013886749744
        ],
        "opt_objBI": [
            0.005261658225208521,
            0.202924907207489,
            0.0020271376706659794
        ]
    },
    "shap": {
        "full": [
            4.369178441265831e-06,
            5.892802050766477e-07,
            0.0
        ],
        "partial": [
            2.933561745521729e-06,
            -1.9207000150345266e-06
        ],
        "mip": [
            6.913507149874931e-06,
            1.0359286761740805e-06
        ],
        "opt_shap": [
            2.809733132380643e-06,
            3.2116174679686083e-06
        ],
        "opt_objBI": [
            1.5564226032438455e-06,
            6.3714983298268635e-06
        ]
    },
    "di": {
        "full": 0.796212630971835,
        "partial": 0.7892229481290433,
        "mip": 0.7444006536575987,
        "opt_shap": 0.7763421816319562,
        "opt_objBI": 0.7767805812839348
    },
    "dd": {
        "full": -0.19081908190819086,
        "partial": -0.19778977897789785,
        "mip": -0.23933393339333942,
        "opt_shap": -0.2096509650965097,
        "opt_objBI": -0.20969096909690976
    },
    "eqopp": {
        "full": -0.10083959346000881,
        "partial": -0.10704816615112678,
        "mip": -0.15220945647370743,
        "opt_shap": -0.12019443216968617,
        "opt_objBI": -0.11970835174547068
    },
    "eqodd": {
        "full": 0.20362492493513262,
        "partial": 0.21121639076787108,
        "mip": 0.25046370259582806,
        "opt_shap": 0.2229177289053559,
        "opt_objBI": 0.22267468869324816
    }
}