{
    "error": {
        "full": 27.450000762939453,
        "partial": 27.5,
        "mip": 26.899999618530273,
        "opt_shap": 27.200000762939453,
        "opt_objBI": 27.200000762939453
    },
    "objBI": {
        "full": [
            0.015748728066682816,
            0.18878273665905,
            0.025894684717059135
        ],
        "partial": [
            0.023964790627360344,
            0.1831900179386139,
            0.0007993167964741588
        ],
        "mip": [
            0.00013529413263313472,
            0.20485883951187134,
            6.019234933773987e-05
        ],
        "opt_shap": [
            0.013494424521923065,
            0.18456733226776123,
            0.0002611014642752707
        ],
        "opt_objBI": [
            0.017727471888065338,
            0.19299915432929993,
            0.007502296008169651
        ]
    },
    "shap": {
        "full": [
            1.461068222852191e-06,
            -1.987959331017919e-05,
            0.0
        ],
        "partial": [
            -3.1422936444869265e-05,
            2.9049515433143824e-06
        ],
        "mip": [
            3.258974246023172e-08,
            7.1525572131747595e-09
        ],
        "opt_shap": [
            1.106888021240593e-06,
            -1.2059569598932285e-05
        ],
        "opt_objBI": [
            2.9676780286536086e-06,
            4.39488903793972e-05
        ]
    },
    "di": {
        "full": 0.8806754732398202,
        "partial": 0.8449656168149046,
        "mip": 0.7622815728533474,
        "opt_shap": 0.8215860343183985,
        "opt_objBI": 0.8212181050598591
    },
    "dd": {
        "full": -0.11418014653182296,
        "partial": -0.15112184354635483,
        "mip": -0.2277197551320721,
        "opt_shap": -0.17409901172715692,
        "opt_objBI": -0.17370606826991597
    },
    "eqopp": {
        "full": -0.07190144941785681,
        "partial": -0.10089595162598619,
        "mip": -0.1605912379454153,
        "opt_shap": -0.11628935919180006,
        "opt_objBI": -0.11392760284803638
    },
    "eqodd": {
        "full": 0.10128266679840278,
        "partial": 0.14814590199011585,
        "mip": 0.21978303256342108,
        "opt_shap": 0.17291577650473008,
        "opt_objBI": 0.17271963812677024
    }
}