{
    "error": {
        "full": 33.50785446166992,
        "partial": 31.623035430908203,
        "mip": 31.72774887084961,
        "adv_deb": 32.356021881103516,
        "eo_cal": 34.345550537109375,
        "re_weigh": 33.82198715209961,
        "dp_exp": 41.46596908569336,
        "eo_exp": 43.664920806884766,
        "tpr_exp": 39.26701354980469,
        "er_exp": 32.77486801147461,
        "opt_shap": 31.308900833129883,
        "opt_objBI": 31.308900833129883
    },
    "objBI": {
        "full": [
            0.03108474425971508,
            0.1065150797367096,
            0.036276090890169144,
            0.03141681104898453,
            0.04077418893575668,
            0.1714322715997696,
            0.030656863003969193,
            0.06292480230331421
        ],
        "partial": [
            0.018178997561335564,
            0.11480177938938141,
            0.011088337749242783,
            0.005975314881652594,
            0.021302327513694763,
            0.1797594279050827,
            0.01040318701416254,
            0.0034884882625192404
        ],
        "mip": [
            0.01664843037724495,
            0.10565999150276184,
            0.015487057156860828,
            0.016525965183973312,
            0.0297319907695055,
            0.16718076169490814,
            0.021877935156226158,
            0.013305083848536015
        ],
        "adv_deb": [
            0.012822624295949936,
            0.1106211468577385,
            0.006895657628774643,
            0.0052033839747309685,
            0.014815541915595531,
            0.1755887269973755,
            0.011247486807405949,
            0.04533074423670769
        ],
        "eo_cal": [
            0.013081444427371025,
            0.056938234716653824,
            0.012872312217950821,
            0.01589559018611908,
            0.01772494614124298,
            0.09001050144433975,
            0.014931713230907917,
            0.08417019993066788
        ],
        "re_weigh": [
            0.011507755145430565,
            0.11034271121025085,
            0.005248602479696274,
            0.006994558498263359,
            0.017369000241160393,
            0.16622652113437653,
            0.013229846023023129,
            0.04723609983921051
        ],
        "dp_exp": [
            0.06760431081056595,
            0.1265026032924652,
            0.008839493617415428,
            0.03720058128237724,
            0.0781915932893753,
            0.33487236499786377,
            0.0472426600754261,
            0.003009623382240534
        ],
        "eo_exp": [
            0.07862664014101028,
            0.04182502254843712,
            0.07170073688030243,
            0.10953786969184875,
            0.05683636665344238,
            0.2155333310365677,
            0.05668649822473526,
            0.02809116430580616
        ],
        "tpr_exp": [
            0.024271810427308083,
            0.058257922530174255,
            0.05263432860374451,
            0.03429458662867546,
            0.10984854400157928,
            0.3673780858516693,
            0.03729045018553734,
            0.029890308156609535
        ],
        "er_exp": [
            0.037262722849845886,
            0.22274357080459595,
            0.0266114454716444,
            0.02925758995115757,
            0.03923003375530243,
            0.3650060296058655,
            0.043363284319639206,
            0.02373584918677807
        ],
        "opt_shap": [
            0.01622789353132248,
            0.10671411454677582,
            0.01377419475466013,
            0.008336488157510757,
            0.02498219907283783,
            0.18291673064231873,
            0.008521027863025665,
            0.005544505547732115
        ],
        "opt_objBI": [
            0.026230309158563614,
            0.10981655865907669,
            0.0229756161570549,
            0.02168216183781624,
            0.0388125516474247,
            0.1585702896118164,
            0.02102152816951275,
            0.020523397251963615
        ]
    },
    "shap": {
        "full": [
            0.014151200652122498,
            0.10648483783006668,
            0.005217567086219788,
            0.0028225905261933804,
            0.018070532009005547,
            0.1615748256444931,
            0.0062216841615736485,
            0.04807165637612343
        ],
        "partial": [
            0.015599697828292847,
            0.11909638345241547,
            0.005613045766949654,
            0.0026705556083470583,
            0.017415644600987434,
            0.1734640896320343,
            0.008661665953695774
        ],
        "mip": [
            0.01022440567612648,
            0.10746046155691147,
            0.004133773967623711,
            0.004533041268587112,
            0.017182039096951485,
            0.16738398373126984,
            0.012266173958778381
        ],
        "adv_deb": [
            0.017947331070899963,
            0.1128566563129425,
            0.005133820232003927,
            0.005865864921361208,
            0.014722561463713646,
            0.17278540134429932,
            0.013953734189271927,
            0.045176684856414795
        ],
        "eo_cal": [
            0.0067331502214074135,
            0.05760541185736656,
            0.002960661193355918,
            0.005764824338257313,
            0.009068021550774574,
            0.10019651800394058,
            0.006333664525300264,
            0.0960012897849083
        ],
        "re_weigh": [
            0.010975521989166737,
            0.1088143140077591,
            0.004401681944727898,
            0.0045182411558926105,
            0.017923753708600998,
            0.1673092395067215,
            0.01288270391523838,
            0.04523540660738945
        ],
        "dp_exp": [
            0.07064631581306458,
            0.12653128802776337,
            0.002790949773043394,
            0.025591865181922913,
            0.06507253646850586,
            0.3662715554237366,
            0.05189840868115425,
            0.0
        ],
        "eo_exp": [
            0.06559961289167404,
            0.08448526263237,
            0.03719398379325867,
            0.07412391901016235,
            0.03732052445411682,
            0.2271145135164261,
            0.04609209671616554,
            0.0
        ],
        "tpr_exp": [
            0.03320454806089401,
            0.12145564705133438,
            0.018200522288680077,
            0.00817102286964655,
            0.06971782445907593,
            0.3674357235431671,
            0.021158799529075623,
            0.0
        ],
        "er_exp": [
            0.02017727866768837,
            0.20283378660678864,
            0.004296882078051567,
            0.004427732899785042,
            0.026264546439051628,
            0.395891010761261,
            0.027285901829600334,
            0.0
        ],
        "opt_shap": [
            0.013363621197640896,
            0.1053648442029953,
            0.00667632557451725,
            0.0028985580429434776,
            0.01665365882217884,
            0.1804078221321106,
            0.006210289429873228
        ],
        "opt_objBI": [
            0.015524925664067268,
            0.10694840550422668,
            0.005370659753680229,
            0.0029970931354910135,
            0.018038317561149597,
            0.16433703899383545,
            0.00574836041778326
        ]
    },
    "di": {
        "full": 0.2891092129347163,
        "partial": 0.49892393320964745,
        "mip": 0.5199628942486085,
        "adv_deb": 0.3480074719800747,
        "eo_cal": 0.20727272727272728,
        "re_weigh": 0.9568789499270782,
        "dp_exp": 0.9647295742232451,
        "eo_exp": 0.8519909842223891,
        "tpr_exp": 0.7394064613072877,
        "er_exp": 0.6175953079178886,
        "opt_shap": 0.5664335664335665,
        "opt_objBI": 0.486748844375963
    },
    "dd": {
        "full": -0.5230751964085297,