{
    "error": {
        "full": 29.899999618530273,
        "partial": 29.69999885559082,
        "mip": 29.350000381469727,
        "opt_shap": 29.850000381469727,
        "opt_objBI": 29.649999618530273
    },
    "objBI": {
        "full": [
            0.007948307320475578,
            0.21515102684497833,
            0.003361289855092764
        ],
        "partial": [
            0.013586816377937794,
            0.2113376408815384,
            0.011877165175974369
        ],
        "mip": [
            0.011446751654148102,
            0.2037842869758606,
            0.006757549941539764
        ],
        "opt_shap": [
            0.0038504800759255886,
            0.21192091703414917,
            0.0009977902518585324
        ],
        "opt_objBI": [
            0.013381652534008026,
            0.2055804580450058,
            0.012952436693012714
        ]
    },
    "shap": {
        "full": [
            5.071904979558894e-06,
            3.998652118752943e-06,
            0.0
        ],
        "partial": [
            -1.7093527276301757e-05,
            -5.018114848098776e-07
        ],
        "mip": [
            3.0030905691091903e-06,
            -8.121132850646973e-06
        ],
        "opt_shap": [
            6.14688906352967e-06,
            -4.712939244200243e-06
        ],
        "opt_objBI": [
            -4.132423327973811e-06,
            -1.1890291716554202e-05
        ]
    },
    "di": {
        "full": 0.7750791974656811,
        "partial": 0.7811839323467231,
        "mip": 0.7985309548793285,
        "opt_shap": 0.7872340425531915,
        "opt_objBI": 0.782010582010582
    },
    "dd": {
        "full": -0.21299999999999997,
        "partial": -0.20699999999999996,
        "mip": -0.19199999999999995,
        "opt_shap": -0.19999999999999996,
        "opt_objBI": -0.20599999999999996
    },
    "eqopp": {
        "full": -0.17035749491847751,
        "partial": -0.16383220943723775,
        "mip": -0.14634130383578614,
        "opt_shap": -0.15551639608831813,
        "opt_objBI": -0.16383220943723775
    },
    "eqodd": {
        "full": 0.20634892095499363,
        "partial": 0.1998101615661641,
        "mip": 0.18668117240515775,
        "opt_shap": 0.19366812790757731,
        "opt_objBI": 0.19782603458203712
    }
}