{
    "error": {
        "full": 26.100000381469727,
        "partial": 26.30000114440918,
        "mip": 26.649999618530273,
        "opt_shap": 26.249998092651367,
        "opt_objBI": 26.149999618530273
    },
    "objBI": {
        "full": [
            0.01505334209650755,
            0.1882389485836029,
            0.0017787923570722342
        ],
        "partial": [
            0.009674899280071259,
            0.18723730742931366,
            5.2304985729278997e-05
        ],
        "mip": [
            0.006542964838445187,
            0.19394563138484955,
            0.0052238767966628075
        ],
        "opt_shap": [
            0.008768145926296711,
            0.19066306948661804,
            0.007662184536457062
        ],
        "opt_objBI": [
            0.01977456361055374,
            0.18661300837993622,
            0.014600816182792187
        ]
    },
    "shap": {
        "full": [
            2.0284245692892e-05,
            -1.1860471204272471e-05,
            0.0
        ],
        "partial": [
            4.286952389520593e-06,
            -1.1721849659807049e-05
        ],
        "mip": [
            1.3940411008661613e-05,
            -3.3873320717248134e-06
        ],
        "opt_shap": [
            -2.999797516167746e-06,
            7.694601663388312e-06
        ],
        "opt_objBI": [
            5.655698259943165e-06,
            4.448783511179499e-05
        ]
    },
    "di": {
        "full": 0.8366223158451291,
        "partial": 0.824197231946439,
        "mip": 0.8037992753752972,
        "opt_shap": 0.8148784190224216,
        "opt_objBI": 0.835586892186905
    },
    "dd": {
        "full": -0.1557633240017563,
        "partial": -0.16760932597609002,
        "mip": -0.1862614781898141,
        "opt_shap": -0.17649382745684017,
        "opt_objBI": -0.15675049083295078
    },
    "eqopp": {
        "full": -0.07548622621320522,
        "partial": -0.08841029729559624,
        "mip": -0.10713131779367646,
        "opt_shap": -0.09487233283679164,
        "opt_objBI": -0.07710173509850415
    },
    "eqodd": {
        "full": 0.15700321275805643,
        "partial": 0.16854139043123165,
        "mip": 0.1870190730117883,
        "opt_shap": 0.17811758586680396,
        "opt_objBI": 0.1578109672007059
    }
}