{
    "error": {
        "full": 27.64999771118164,
        "partial": 27.399999618530273,
        "mip": 27.700000762939453,
        "opt_shap": 27.5,
        "opt_objBI": 27.25
    },
    "objBI": {
        "full": [
            0.015202663838863373,
            0.2004881054162979,
            0.010310569778084755
        ],
        "partial": [
            0.01853436976671219,
            0.20225530862808228,
            0.005132223013788462
        ],
        "mip": [
            0.013531604781746864,
            0.20748376846313477,
            0.006342602893710136
        ],
        "opt_shap": [
            0.00948233250528574,
            0.18539464473724365,
            0.0008847069111652672
        ],
        "opt_objBI": [
            0.015537557192146778,
            0.18602941930294037,
            0.004082683473825455
        ]
    },
    "shap": {
        "full": [
            1.8016185094893444e-06,
            6.677342753391713e-06,
            0.0
        ],
        "partial": [
            -2.327068432350643e-05,
            -1.8002212527790107e-05
        ],
        "mip": [
            1.210328900924651e-05,
            -2.349042915739119e-05
        ],
        "opt_shap": [
            -1.416461691405857e-05,
            2.6012958187493496e-06
        ],
        "opt_objBI": [
            -2.9476850613718852e-05,
            -9.731471436680295e-06
        ]
    },
    "di": {
        "full": 0.7264931609926789,
        "partial": 0.7392468594909124,
        "mip": 0.7369194872605372,
        "opt_shap": 0.7413117948526189,
        "opt_objBI": 0.7469779860980105
    },
    "dd": {
        "full": -0.26607757879283656,
        "partial": -0.251047037693357,
        "mip": -0.2530231088319179,
        "opt_shap": -0.24905896612278045,
        "opt_objBI": -0.24411278806037018
    },
    "eqopp": {
        "full": -0.1826661859944121,
        "partial": -0.16791341032672835,
        "mip": -0.17321368027569983,
        "opt_shap": -0.16791341032672835,
        "opt_objBI": -0.15931281034475364
    },
    "eqodd": {
        "full": 0.2716108707749838,
        "partial": 0.25312337183003086,
        "mip": 0.2545235068045166,
        "opt_shap": 0.2506233718300308,
        "opt_objBI": 0.2472952940612657
    }
}