{
    "error": {
        "full": 27.05000114440918,
        "partial": 27.5,
        "mip": 27.5,
        "opt_shap": 27.350000381469727,
        "opt_objBI": 27.599998474121094
    },
    "objBI": {
        "full": [
            0.0075204623863101006,
            0.2231711596250534,
            0.010332884266972542
        ],
        "partial": [
            0.007140789180994034,
            0.2237694412469864,
            0.006665545515716076
        ],
        "mip": [
            0.011641365475952625,
            0.2226136177778244,
            0.006678998004645109
        ],
        "opt_shap": [
            0.006916674319654703,
            0.22695687413215637,
            0.006961002480238676
        ],
        "opt_objBI": [
            0.007567017804831266,
            0.22393633425235748,
            0.00032076003844849765
        ]
    },
    "shap": {
        "full": [
            7.065934823913267e-06,
            1.0457921234774403e-05,
            0.0
        ],
        "partial": [
            -3.668701310743927e-06,
            8.83561369846575e-06
        ],
        "mip": [
            -2.478836540831253e-05,
            1.3439327631203923e-05
        ],
        "opt_shap": [
            2.9750465273536975e-06,
            2.0788311303476803e-06
        ],
        "opt_objBI": [
            -1.166957645182265e-05,
            6.645262146776076e-06
        ]
    },
    "di": {
        "full": 0.7789719877992262,
        "partial": 0.7578273732956007,
        "mip": 0.7552517186572452,
        "opt_shap": 0.7626561472715319,
        "opt_objBI": 0.7557134894091416
    },
    "dd": {
        "full": -0.2051122019915903,
        "partial": -0.22596228860856737,
        "mip": -0.2301031002076407,
        "opt_shap": -0.22097531116098756,
        "opt_objBI": -0.22793467519633848
    },
    "eqopp": {
        "full": -0.13364289573433508,
        "partial": -0.15547534065335678,
        "mip": -0.15627512624275197,
        "opt_shap": -0.14935145046221643,
        "opt_objBI": -0.155741226820044
    },
    "eqodd": {
        "full": 0.19955889028875123,
        "partial": 0.22201273064692406,
        "mip": 0.22963460194567956,
        "opt_shap": 0.2168231259768858,
        "opt_objBI": 0.22556199309855018
    }
}