{
    "error": {
        "full": 25.5,
        "partial": 24.799999237060547,
        "mip": 24.950000762939453,
        "opt_shap": 24.899999618530273,
        "opt_objBI": 24.850000381469727
    },
    "objBI": {
        "full": [
            0.0029872609302401543,
            0.2013421356678009,
            0.023166093975305557
        ],
        "partial": [
            0.0020403701346367598,
            0.21095319092273712,
            0.0005007219151593745
        ],
        "mip": [
            0.000223798822844401,
            0.2078811675310135,
            0.00013492463040165603
        ],
        "opt_shap": [
            0.006835099775344133,
            0.204411581158638,
            0.00685775326564908
        ],
        "opt_objBI": [
            0.0028141404036432505,
            0.20179764926433563,
            0.0007252735085785389
        ]
    },
    "shap": {
        "full": [
            1.8412131339573534e-06,
            4.967463610228151e-06,
            0.0
        ],
        "partial": [
            1.3081049701213487e-06,
            -4.293203346605878e-06
        ],
        "mip": [
            1.7383229078404838e-07,
            -3.54111193701101e-07
        ],
        "opt_shap": [
            1.41753025673097e-06,
            -3.695487862387381e-07
        ],
        "opt_objBI": [
            -1.7284937712247483e-06,
            2.4423898139502853e-06
        ]
    },
    "di": {
        "full": 0.6922491288688472,
        "partial": 0.7344998259599792,
        "mip": 0.7741243700447198,
        "opt_shap": 0.7344998259599792,
        "opt_objBI": 0.748933601609658
    },
    "dd": {
        "full": -0.2942905944614006,
        "partial": -0.2501930069482502,
        "mip": -0.2148737354544763,
        "opt_shap": -0.2501930069482502,
        "opt_objBI": -0.23709053525926926
    },
    "eqopp": {
        "full": -0.20345953122983018,
        "partial": -0.16250207461227795,
        "mip": -0.13451478660691785,
        "opt_shap": -0.16408185344324167,
        "opt_objBI": -0.14986384396456864
    },
    "eqodd": {
        "full": 0.3050126087810611,
        "partial": 0.25504722991532147,
        "mip": 0.21983592810631153,
        "opt_shap": 0.2544520777795568,
        "opt_objBI": 0.24328814288167727
    }
}