{
    "error": {
        "full": 27.64999771118164,
        "partial": 27.900001525878906,
        "mip": 28.099998474121094,
        "opt_shap": 28.299999237060547,
        "opt_objBI": 28.349998474121094
    },
    "objBI": {
        "full": [
            0.021890468895435333,
            0.21691347658634186,
            0.017200056463479996
        ],
        "partial": [
            0.027475014328956604,
            0.2178587019443512,
            0.0015325823333114386
        ],
        "mip": [
            0.024088842794299126,
            0.2300177663564682,
            0.009646706283092499
        ],
        "opt_shap": [
            0.0176731888204813,
            0.21948778629302979,
            0.010673096403479576
        ],
        "opt_objBI": [
            0.020986972376704216,
            0.2195446640253067,
            0.006840468384325504
        ]
    },
    "shap": {
        "full": [
            -4.145986167714e-06,
            4.748630090034567e-06,
            0.0
        ],
        "partial": [
            3.8751102692913264e-05,
            1.4187336091708858e-05
        ],
        "mip": [
            -6.451673925766954e-06,
            2.7124642656417564e-05
        ],
        "opt_shap": [
            -2.815236985043157e-05,
            3.5364628274692222e-06
        ],
        "opt_objBI": [
            2.973726441268809e-05,
            -8.457577496301383e-05
        ]
    },
    "di": {
        "full": 0.8225716719692623,
        "partial": 0.7958715202691107,
        "mip": 0.7712973104539369,
        "opt_shap": 0.7824660526474205,
        "opt_objBI": 0.7900208972936715
    },
    "dd": {
        "full": -0.16329061264980238,
        "partial": -0.19030304484871752,
        "mip": -0.21047936766988273,
        "opt_shap": -0.20236723787580602,
        "opt_objBI": -0.19533912542600673
    },
    "eqopp": {
        "full": -0.07903558308151781,
        "partial": -0.10054709318203847,
        "mip": -0.12516408390524103,
        "opt_shap": -0.11136341611678369,
        "opt_objBI": -0.10642107674281343
    },
    "eqodd": {
        "full": 0.16633033170785402,
        "partial": 0.19847004402032514,
        "mip": 0.2138161759500498,
        "opt_shap": 0.21225806570620676,
        "opt_objBI": 0.20464550784441443
    }
}