{
    "error": {
        "full": 27.950000762939453,
        "partial": 28.150001525878906,
        "mip": 28.450000762939453,
        "opt_shap": 28.150001525878906,
        "opt_objBI": 27.950000762939453
    },
    "objBI": {
        "full": [
            0.008481703698635101,
            0.21400441229343414,
            0.006509923841804266
        ],
        "partial": [
            0.009628531523048878,
            0.2132807821035385,
            0.009524621069431305
        ],
        "mip": [
            0.017272407189011574,
            0.20897811651229858,
            0.01735629141330719
        ],
        "opt_shap": [
            0.015447319485247135,
            0.21476928889751434,
            0.015516725368797779
        ],
        "opt_objBI": [
            0.007617282681167126,
            0.2243238091468811,
            0.0011645869817584753
        ]
    },
    "shap": {
        "full": [
            1.2536958820419386e-05,
            -2.9274883672769647e-06,
            0.0
        ],
        "partial": [
            -6.951866566851095e-07,
            4.2169094740529545e-06
        ],
        "mip": [
            -1.1699507012963295e-05,
            1.7309189388470259e-06
        ],
        "opt_shap": [
            -9.821616231420194e-07,
            3.9339064983323624e-07
        ],
        "opt_objBI": [
            -1.4565126548404805e-05,
            1.0736584954429418e-05
        ]
    },
    "di": {
        "full": 0.7235638956113343,
        "partial": 0.7222850214394423,
        "mip": 0.7692475020968373,
        "opt_shap": 0.7305871481226542,
        "opt_objBI": 0.7214816973505823
    },
    "dd": {
        "full": -0.261857324035511,
        "partial": -0.26391372709050975,
        "mip": -0.2206892550939984,
        "opt_shap": -0.2560241807394249,
        "opt_objBI": -0.2638297106232821
    },
    "eqopp": {
        "full": -0.1874782702833243,
        "partial": -0.1874782702833243,
        "mip": -0.15605631926184538,
        "opt_shap": -0.1810577245369358,
        "opt_objBI": -0.1890834067199214
    },
    "eqodd": {
        "full": 0.2636850103572691,
        "partial": 0.269382982164799,
        "mip": 0.2248431242416406,
        "opt_shap": 0.2610576197775383,
        "opt_objBI": 0.2657663509540843
    }
}