{
    "error": {
        "full": 27.100000381469727,
        "partial": 27.350000381469727,
        "mip": 27.05000114440918,
        "opt_shap": 27.450000762939453,
        "opt_objBI": 27.25
    },
    "objBI": {
        "full": [
            0.009822443127632141,
            0.19794093072414398,
            0.012565464712679386
        ],
        "partial": [
            0.004424172919243574,
            0.20435316860675812,
            0.0025159758515655994
        ],
        "mip": [
            0.018969815224409103,
            0.20231075584888458,
            0.013740907423198223
        ],
        "opt_shap": [
            0.0024840389378368855,
            0.19581641256809235,
            0.0019061880884692073
        ],
        "opt_objBI": [
            0.004505694843828678,
            0.1959126740694046,
            0.004437534604221582
        ]
    },
    "shap": {
        "full": [
            -1.0951373496936867e-06,
            -1.8646761645868537e-07,
            0.0
        ],
        "partial": [
            -3.964640200138092e-06,
            -3.934383585146861e-06
        ],
        "mip": [
            -1.4140076928015333e-05,
            2.469551509420853e-05
        ],
        "opt_shap": [
            -1.9313804386911215e-06,
            -2.168476612496306e-06
        ],
        "opt_objBI": [
            -9.69962229646626e-07,
            3.068387513849302e-06
        ]
    },
    "di": {
        "full": 0.7813941487457085,
        "partial": 0.7701758257926874,
        "mip": 0.7225042301184433,
        "opt_shap": 0.7621974241725049,
        "opt_objBI": 0.7558102949196628
    },
    "dd": {
        "full": -0.20762171488584935,
        "partial": -0.21872921407316648,
        "mip": -0.2616388687454677,
        "opt_shap": -0.2267910279812958,
        "opt_objBI": -0.2328823985396714
    },
    "eqopp": {
        "full": -0.11543437562921166,
        "partial": -0.1254846268854931,
        "mip": -0.1529878720113783,
        "opt_shap": -0.13346356676819737,
        "opt_objBI": -0.13513860864424432
    },
    "eqodd": {
        "full": 0.2158407221714927,
        "partial": 0.22902367267463897,
        "mip": 0.27499732081167116,
        "opt_shap": 0.23773638495040106,
        "opt_objBI": 0.2450172048574967
    }
}