{
    "error": {
        "full": 28.650001525878906,
        "partial": 28.60000228881836,
        "mip": 28.099998474121094,
        "opt_shap": 28.549999237060547,
        "opt_objBI": 28.25
    },
    "objBI": {
        "full": [
            0.006106432061642408,
            0.1918076127767563,
            0.014716148376464844
        ],
        "partial": [
            0.010537850670516491,
            0.20330429077148438,
            0.0029203889425843954
        ],
        "mip": [
            0.0031028760131448507,
            0.193529412150383,
            8.89249931788072e-05
        ],
        "opt_shap": [
            0.004992703441530466,
            0.2010330706834793,
            0.0025984656531363726
        ],
        "opt_objBI": [
            0.005629539489746094,
            0.19529931247234344,
            0.000621379935182631
        ]
    },
    "shap": {
        "full": [
            -2.1100127014506143e-06,
            8.75692603585776e-06,
            0.0
        ],
        "partial": [
            1.8011331803791109e-06,
            -1.7636491975281388e-05
        ],
        "mip": [
            4.268038992449874e-06,
            -3.0755995084064125e-08
        ],
        "opt_shap": [
            8.469968975077791e-07,
            -5.297154075378785e-06
        ],
        "opt_objBI": [
            1.2828916624130215e-05,
            -3.4984946069016587e-06
        ]
    },
    "di": {
        "full": 0.7387131117543335,
        "partial": 0.7638310229023053,
        "mip": 0.7741932771696177,
        "opt_shap": 0.7628125815384356,
        "opt_objBI": 0.7835168434578851
    },
    "dd": {
        "full": -0.2515696072778525,
        "partial": -0.22470209494522397,
        "mip": -0.21507623806778142,
        "opt_shap": -0.225671087193286,
        "opt_objBI": -0.2064193734384009
    },
    "eqopp": {
        "full": -0.17942353575001924,
        "partial": -0.16007337284178658,
        "mip": -0.14579004079119529,
        "opt_shap": -0.16007337284178658,
        "opt_objBI": -0.14246132532902334
    },
    "eqodd": {
        "full": 0.2598124708551278,
        "partial": 0.22724740794588574,
        "mip": 0.21883347728954683,
        "opt_shap": 0.22851967257692898,
        "opt_objBI": 0.20826326714115806
    }
}