{
    "error": {
        "full": 25.5,
        "partial": 25.450000762939453,
        "mip": 25.150001525878906,
        "opt_shap": 25.200000762939453,
        "opt_objBI": 25.75
    },
    "objBI": {
        "full": [
            0.022462522611021996,
            0.21470102667808533,
            0.01975860632956028
        ],
        "partial": [
            0.01027027890086174,
            0.20473195612430573,
            0.007749431300908327
        ],
        "mip": [
            0.005194633733481169,
            0.20919844508171082,
            0.00012245516700204462
        ],
        "opt_shap": [
            0.005002412013709545,
            0.21487870812416077,
            0.0041767917573452
        ],
        "opt_objBI": [
            0.012556729838252068,
            0.2122732698917389,
            0.0005887456354685128
        ]
    },
    "shap": {
        "full": [
            -8.315950253745541e-06,
            -9.87924613582436e-06,
            0.0
        ],
        "partial": [
            -5.647843863698654e-06,
            -1.1400818948459346e-05
        ],
        "mip": [
            -5.429128123068949e-06,
            4.93466870921111e-07
        ],
        "opt_shap": [
            -8.201524792639248e-07,
            5.863428214070154e-06
        ],
        "opt_objBI": [
            9.806081834540237e-06,
            -8.167266969394404e-06
        ]
    },
    "di": {
        "full": 0.7157709228488995,
        "partial": 0.71592920165517,
        "mip": 0.7392379696101063,
        "opt_shap": 0.7249386952819377,
        "opt_objBI": 0.7052596159375074
    },
    "dd": {
        "full": -0.2657910631642526,
        "partial": -0.26677706710826843,
        "mip": -0.24670898683594733,
        "opt_shap": -0.25776703106812426,
        "opt_objBI": -0.27679710718842865
    },
    "eqopp": {
        "full": -0.16088676706074745,
        "partial": -0.1600988893053048,
        "mip": -0.14143470409866787,
        "opt_shap": -0.1517516438962898,
        "opt_objBI": -0.1734544819597288
    },
    "eqodd": {
        "full": 0.2602047134607042,
        "partial": 0.26314479771420535,
        "mip": 0.24336226708922723,
        "opt_shap": 0.2518777533822347,
        "opt_objBI": 0.27232885970557774
    }
}