{
    "error": {
        "full": 28.799999237060547,
        "partial": 28.950000762939453,
        "mip": 28.450000762939453,
        "opt_shap": 29.0,
        "opt_objBI": 28.650001525878906
    },
    "objBI": {
        "full": [
            0.007436622399836779,
            0.19393427670001984,
            0.01158640906214714
        ],
        "partial": [
            0.008339832536876202,
            0.20674963295459747,
            0.002376493299379945
        ],
        "mip": [
            0.006931665353477001,
            0.2001929134130478,
            0.004009735304862261
        ],
        "opt_shap": [
            0.006014757789671421,
            0.21064139902591705,
            0.005166477523744106
        ],
        "opt_objBI": [
            0.011882428079843521,
            0.19577114284038544,
            0.010700956918299198
        ]
    },
    "shap": {
        "full": [
            6.020528871886199e-06,
            1.9491053535602987e-06,
            0.0
        ],
        "partial": [
            -2.2032170818420127e-05,
            8.51798085932387e-06
        ],
        "mip": [
            5.572691406996455e-06,
            7.49421133150463e-06
        ],
        "opt_shap": [
            -1.0174862836720422e-05,
            -9.46664840739686e-06
        ],
        "opt_objBI": [
            -6.0143397604406346e-06,
            1.9198536392650567e-05
        ]
    },
    "di": {
        "full": 0.7353074587248054,
        "partial": 0.7487152840372848,
        "mip": 0.7641386335320065,
        "opt_shap": 0.7558265553917773,
        "opt_objBI": 0.7592281825934775
    },
    "dd": {
        "full": -0.25253547257361986,
        "partial": -0.23738274315893237,
        "mip": -0.22453608164802719,
        "opt_shap": -0.23066489287102454,
        "opt_objBI": -0.22795411105189556
    },
    "eqopp": {
        "full": -0.169843450200593,
        "partial": -0.15384179312750745,
        "mip": -0.1417669631955346,
        "opt_shap": -0.14913221698935986,
        "opt_objBI": -0.1440607012035584
    },
    "eqodd": {
        "full": 0.26203034632656474,
        "partial": 0.24735870131528398,
        "mip": 0.23354558347555546,
        "opt_shap": 0.2400656416412719,
        "opt_objBI": 0.23752988374837117
    }
}