{
    "error": {
        "full": 27.950000762939453,
        "partial": 28.349998474121094,
        "mip": 28.25,
        "opt_shap": 28.299999237060547,
        "opt_objBI": 28.25
    },
    "objBI": {
        "full": [
            0.008348674513399601,
            0.1924150437116623,
            0.009930052794516087
        ],
        "partial": [
            0.01479233056306839,
            0.18640923500061035,
            0.00332740624435246
        ],
        "mip": [
            0.01376895047724247,
            0.19010034203529358,
            0.0085229417309165
        ],
        "opt_shap": [
            0.00789121724665165,
            0.19313178956508636,
            0.002941969083622098
        ],
        "opt_objBI": [
            0.01167953759431839,
            0.18456724286079407,
            0.009554566815495491
        ]
    },
    "shap": {
        "full": [
            3.6910269045620225e-06,
            6.401721293514129e-06,
            0.0
        ],
        "partial": [
            -7.1335621214529965e-06,
            -2.8826118068536744e-05
        ],
        "mip": [
            -8.281320333480835e-06,
            -1.2624263945326675e-07
        ],
        "opt_shap": [
            -1.4484136954706628e-05,
            -4.72283363706083e-06
        ],
        "opt_objBI": [
            -1.604372482688632e-05,
            9.604573278920725e-06
        ]
    },
    "di": {
        "full": 0.7435334337159516,
        "partial": 0.7474758750195608,
        "mip": 0.7379195704270035,
        "opt_shap": 0.7554288424119961,
        "opt_objBI": 0.7615079747269351
    },
    "dd": {
        "full": -0.2481851029933425,
        "partial": -0.24207660820526455,
        "mip": -0.24991524313469393,
        "opt_shap": -0.2351930506371016,
        "opt_objBI": -0.2303096550820617
    },
    "eqopp": {
        "full": -0.1897728045921555,
        "partial": -0.19100991544347334,
        "mip": -0.20064700897523924,
        "opt_shap": -0.18293776713862442,
        "opt_objBI": -0.17774808711734613
    },
    "eqodd": {
        "full": 0.25262172382450276,
        "partial": 0.24191688689228652,
        "mip": 0.24622285211110517,
        "opt_shap": 0.23678575216204287,
        "opt_objBI": 0.23309585157358453
    }
}